as_of,property_id,stay_date,recommended_price,expected_book_prob,listed_as_of,listed_source,booked_at,booked_by_censor,resolved,lead_time_days,season
2026-09-20,summit_haus,2026-09-28,335.0,0.8254042103760567,365.0,pacing,,False,True,8,shoulder_fall
2026-09-20,summit_haus,2026-09-29,335.0,0.7278789278488682,322.0,pacing,,False,True,9,shoulder_fall
2026-09-20,summit_haus,2026-09-30,340.0,0.6434159164847765,339.0,pacing,,False,False,10,shoulder_fall
2026-09-20,summit_haus,2026-10-01,360.0,0.48416340805382546,389.0,pacing,,False,False,11,shoulder_fall
2026-09-20,summit_haus,2026-10-12,405.0,0.014833148661751854,396.0,pacing,,False,False,22,shoulder_fall
2026-09-20,summit_haus,2026-10-13,405.0,0.014807973168562144,389.0,pacing,,False,False,23,shoulder_fall
2026-09-20,summit_haus,2026-10-14,425.0,0.013595663333571793,426.0,pacing,,False,False,24,shoulder_fall
2026-09-20,summit_haus,2026-10-15,435.0,0.012970468163573872,439.0,pacing,,False,False,25,shoulder_fall
2026-09-20,summit_haus,2026-10-20,335.0,0.025273952426945252,375.0,pacing,,False,False,30,shoulder_fall
2026-09-20,summit_haus,2026-10-21,335.0,0.026825198858888157,348.0,pacing,,False,False,31,shoulder_fall
2026-09-20,summit_haus,2026-10-26,405.0,0.024633167996370428,384.0,pacing,,False,False,36,shoulder_fall
2026-09-20,summit_haus,2026-10-27,405.0,0.024579756794813296,388.0,pacing,,False,False,37,shoulder_fall
2026-09-20,summit_haus,2026-10-28,410.0,0.0240404686524651,391.0,pacing,,False,False,38,shoulder_fall
2026-09-20,summit_haus,2026-10-29,420.0,0.023021519263479062,406.0,pacing,,False,False,39,shoulder_fall
2026-09-20,summit_haus,2026-11-02,365.0,0.02824238761961103,335.0,pacing,,False,False,43,shoulder_fall
2026-09-20,summit_haus,2026-11-03,365.0,0.02816452497055662,338.0,pacing,,False,False,44,shoulder_fall
2026-09-20,summit_haus,2026-11-04,370.0,0.027609270210032337,344.0,pacing,,False,False,45,shoulder_fall
2026-09-20,summit_haus,2026-11-05,395.0,0.02515265680107541,376.0,pacing,,False,False,46,shoulder_fall
2026-09-20,summit_haus,2026-11-08,390.0,0.025566715151578264,370.0,pacing,,False,False,49,shoulder_fall
2026-09-20,summit_haus,2026-11-09,360.0,0.028342502891044546,334.0,pacing,,False,False,50,shoulder_fall
2026-09-20,summit_haus,2026-11-10,390.0,0.02543404423274151,366.0,pacing,,False,False,51,shoulder_fall
2026-09-20,summit_haus,2026-11-11,395.0,0.02490040824196573,374.0,pacing,,False,False,52,shoulder_fall
2026-09-20,summit_haus,2026-11-12,410.0,0.023434051216025886,405.0,pacing,,False,False,53,shoulder_fall
2026-09-20,summit_haus,2026-11-13,485.0,0.8562308103562568,500.0,pacing,,False,False,54,shoulder_fall
2026-09-20,summit_haus,2026-11-14,485.0,0.8038083959694473,500.0,pacing,,False,False,55,shoulder_fall
2026-09-20,summit_haus,2026-11-15,395.0,0.02478371740631205,374.0,pacing,,False,False,56,shoulder_fall
2026-09-20,summit_haus,2026-11-16,365.0,0.027517387576028198,334.0,pacing,,False,False,57,shoulder_fall
2026-09-20,summit_haus,2026-11-17,410.0,0.03657564103819159,348.0,pacing,,False,False,58,shoulder_fall
2026-09-20,summit_haus,2026-11-23,680.0,0.0021376982105634013,703.0,pacing,,False,False,64,early_winter
2026-09-20,summit_haus,2026-11-24,780.0,0.001,818.0,pacing,,False,False,65,early_winter
2026-09-20,summit_haus,2026-11-25,980.0,0.001,1035.0,pacing,,False,False,66,early_winter
2026-09-20,summit_haus,2026-11-26,1025.0,0.001,1081.0,pacing,,False,False,67,early_winter
2026-09-20,summit_haus,2026-11-27,1070.0,0.001,1119.0,pacing,,False,False,68,early_winter
2026-09-20,summit_haus,2026-11-28,910.0,0.023312373485698604,1062.0,pacing,,False,False,69,early_winter
2026-09-20,summit_haus,2026-12-03,570.0,0.049421306547378155,617.0,pacing,,False,False,74,early_winter
2026-09-20,summit_haus,2026-12-04,720.0,0.12508580387685292,790.0,pacing,,False,False,75,early_winter
2026-09-20,summit_haus,2026-12-05,710.0,0.07414748890304416,754.0,pacing,,False,False,76,early_winter
2026-09-20,summit_haus,2026-12-06,610.0,0.040456752607156206,644.0,pacing,,False,False,77,early_winter
2026-09-20,summit_haus,2026-12-07,575.0,0.04842914920696507,609.0,pacing,,False,False,78,early_winter
2026-09-20,summit_haus,2026-12-08,550.0,0.053894043578253024,593.0,pacing,,False,False,79,early_winter
2026-09-20,summit_haus,2026-12-09,555.0,0.052689767318467494,599.0,pacing,,False,False,80,early_winter
2026-09-20,summit_haus,2026-12-10,650.0,0.03231780221116426,770.0,pacing,,False,False,81,early_winter
2026-09-20,summit_haus,2026-12-11,895.0,0.07124408810526912,1036.0,pacing,,False,False,82,early_winter
2026-09-20,summit_haus,2026-12-12,1000.0,0.04479508383598032,1136.0,pacing,,False,False,83,early_winter
2026-09-20,summit_haus,2026-12-13,705.0,0.021186631477040647,795.0,pacing,,False,False,84,early_winter
2026-09-20,summit_haus,2026-12-14,645.0,0.034397639216342764,734.0,pacing,,False,False,85,early_winter
2026-09-20,summit_haus,2026-12-15,680.0,0.0056097765363128495,772.0,pacing,,False,False,86,peak_ski
2026-09-20,summit_haus,2026-12-16,740.0,0.004541314521984799,853.0,pacing,,False,False,87,peak_ski
2026-09-20,summit_haus,2026-12-17,945.0,0.001,1075.0,pacing,,False,False,88,peak_ski
2026-09-20,summit_haus,2026-12-18,1455.0,0.001,1603.0,pacing,,False,False,89,peak_ski
2026-09-20,summit_haus,2026-12-19,2075.0,0.001,2232.0,pacing,,False,False,90,peak_ski
2026-09-20,summit_haus,2026-12-20,2325.0,0.001,2529.0,pacing,,False,False,91,peak_ski
2026-09-20,summit_haus,2026-12-21,2645.0,0.001,2693.0,pacing,,False,False,92,peak_ski
2026-09-20,summit_haus,2026-12-22,2675.0,0.001,2734.0,pacing,,False,False,93,peak_ski
2026-09-20,summit_haus,2026-12-23,2695.0,0.001,2879.0,pacing,,False,False,94,peak_ski
2026-09-20,summit_haus,2026-12-24,2805.0,0.001,2980.0,pacing,,False,False,95,peak_ski
2026-09-20,summit_haus,2026-12-25,2875.0,0.001,2956.0,pacing,,False,False,96,peak_ski
2026-09-20,summit_haus,2026-12-26,2890.0,0.001,2982.0,pacing,,False,False,97,peak_ski
2026-09-20,summit_haus,2027-01-02,3435.0,0.001,3443.0,pacing,,False,False,104,peak_ski
2026-09-20,summit_haus,2027-01-03,1790.0,0.0873566836049055,1899.0,pacing,,False,False,105,peak_ski
2026-09-20,summit_haus,2027-01-04,1865.0,0.0821441911531247,1710.0,pacing,,False,False,106,peak_ski
2026-09-20,summit_haus,2027-01-05,1780.0,0.09930558957726962,1262.0,pacing,,False,False,107,peak_ski
2026-09-20,summit_haus,2027-01-06,1435.0,0.14704707434225922,1222.0,pacing,,False,False,108,peak_ski
2026-09-20,summit_haus,2027-01-07,1135.0,0.001,1260.0,pacing,,False,False,109,peak_ski
2026-09-20,summit_haus,2027-01-08,1505.0,0.001,1657.0,pacing,,False,False,110,peak_ski
2026-09-20,summit_haus,2027-01-09,1350.0,0.001943555052080559,1531.0,pacing,,False,False,111,peak_ski
2026-09-20,summit_haus,2027-01-10,1240.0,0.001,1404.0,pacing,,False,False,112,peak_ski
2026-09-20,summit_haus,2027-01-11,925.0,0.0013967855084049518,1067.0,pacing,,False,False,113,peak_ski
2026-09-20,summit_haus,2027-01-12,1150.0,0.18292733958750146,1002.0,pacing,,False,False,114,peak_ski
2026-09-20,summit_haus,2027-01-13,1460.0,0.13511658205178376,1290.0,pacing,,False,False,115,peak_ski
2026-09-20,summit_haus,2027-01-14,1420.0,0.001,1651.0,pacing,,False,False,116,peak_ski
2026-09-20,summit_haus,2027-01-15,1855.0,0.001,2432.0,pacing,,False,False,117,peak_ski
2026-09-20,summit_haus,2027-01-16,1855.0,0.001,2352.0,pacing,,False,False,118,peak_ski
2026-09-20,summit_haus,2027-01-17,1855.0,0.001,2289.0,pacing,,False,False,119,peak_ski
2026-09-20,summit_haus,2027-01-18,1075.0,0.001,1244.0,pacing,,False,False,120,peak_ski
2026-09-20,summit_haus,2027-01-19,1330.0,0.14894412266122525,1134.0,pacing,,False,False,121,peak_ski
2026-09-20,summit_haus,2027-01-20,1305.0,0.14817533899417432,1155.0,pacing,,False,False,122,peak_ski
2026-09-20,summit_haus,2027-01-21,1285.0,0.001,1466.0,pacing,,False,False,123,peak_ski
2026-09-20,summit_haus,2027-01-22,1855.0,0.001,2167.0,pacing,,False,False,124,peak_ski
2026-09-20,summit_haus,2027-01-23,1855.0,0.021816444174757265,2243.0,pacing,,False,False,125,peak_ski
2026-09-20,summit_haus,2027-01-24,1420.0,0.001,1641.0,pacing,,False,False,126,peak_ski
2026-09-20,summit_haus,2027-01-25,1375.0,0.001,1589.0,pacing,,False,False,127,peak_ski
2026-09-20,summit_haus,2027-01-26,1410.0,0.001,1643.0,pacing,,False,False,128,peak_ski
2026-09-20,summit_haus,2027-01-27,1445.0,0.001,1662.0,pacing,,False,False,129,peak_ski
2026-09-20,summit_haus,2027-02-02,1115.0,0.001,1287.0,pacing,,False,False,135,peak_ski
2026-09-20,summit_haus,2027-02-03,1160.0,0.001,1342.0,pacing,,False,False,136,peak_ski
2026-09-20,summit_haus,2027-02-04,1795.0,0.001,2006.0,pacing,,False,False,137,peak_ski
2026-09-20,summit_haus,2027-02-05,1855.0,0.001,2714.0,pacing,,False,False,138,peak_ski
2026-09-20,summit_haus,2027-02-06,1855.0,0.001,2829.0,pacing,,False,False,139,peak_ski
2026-09-20,summit_haus,2027-02-07,1800.0,0.001,2038.0,pacing,,False,False,140,peak_ski
2026-09-20,summit_haus,2027-02-08,1785.0,0.001,2020.0,pacing,,False,False,141,peak_ski
2026-09-20,summit_haus,2027-02-09,1785.0,0.001,2007.0,pacing,,False,False,142,peak_ski
2026-09-20,summit_haus,2027-02-10,1795.0,0.001,2043.0,pacing,,False,False,143,peak_ski
2026-09-20,summit_haus,2027-02-11,1855.0,0.001,2483.0,pacing,,False,False,144,peak_ski
2026-09-20,summit_haus,2027-02-12,1855.0,0.001,3800.0,pacing,,False,False,145,peak_ski
2026-09-20,summit_haus,2027-02-13,1855.0,0.001,3742.0,pacing,,False,False,146,peak_ski
2026-09-20,summit_haus,2027-02-14,1855.0,0.001,3732.0,pacing,,False,False,147,peak_ski
2026-09-20,summit_haus,2027-02-15,1855.0,0.001,2228.0,pacing,,False,False,148,peak_ski
2026-09-20,summit_haus,2027-02-16,1855.0,0.001,2066.0,pacing,,False,False,149,peak_ski
2026-09-20,summit_haus,2027-02-17,1855.0,0.001,2080.0,pacing,,False,False,150,peak_ski
2026-09-20,summit_haus,2027-02-18,1855.0,0.001,2464.0,pacing,,False,False,151,peak_ski
2026-09-20,summit_haus,2027-02-19,1855.0,0.0010627122524596068,3293.0,pacing,,False,False,152,peak_ski
2026-09-20,summit_haus,2027-02-20,1855.0,0.0014725333627614017,3110.0,pacing,,False,False,153,peak_ski
2026-09-20,summit_haus,2027-02-21,1855.0,0.001,2180.0,pacing,,False,False,154,peak_ski
2026-09-20,summit_haus,2027-02-22,1550.0,0.001,1777.0,pacing,,False,False,155,peak_ski
2026-09-20,summit_haus,2027-02-23,1380.0,0.001,1613.0,pacing,,False,False,156,peak_ski
2026-09-20,summit_haus,2027-02-24,1475.0,0.001,1697.0,pacing,,False,False,157,peak_ski
2026-09-20,summit_haus,2027-02-25,1855.0,0.001,2424.0,pacing,,False,False,158,peak_ski
2026-09-20,summit_haus,2027-02-26,1855.0,0.0018299064941398788,2958.0,pacing,,False,False,159,peak_ski
2026-09-20,summit_haus,2027-02-27,1855.0,0.00215589436075987,2965.0,pacing,,False,False,160,peak_ski
2026-09-20,summit_haus,2027-02-28,1810.0,0.001,2007.0,pacing,,False,False,161,peak_ski
2026-09-20,summit_haus,2027-03-01,1385.0,0.001,1617.0,pacing,,False,False,162,peak_ski
2026-09-20,summit_haus,2027-03-02,1385.0,0.001,1623.0,pacing,,False,False,163,peak_ski
2026-09-20,summit_haus,2027-03-03,1400.0,0.001,1641.0,pacing,,False,False,164,peak_ski
2026-09-20,summit_haus,2027-03-04,1780.0,0.001,2009.0,pacing,,False,False,165,peak_ski
2026-09-20,summit_haus,2027-03-05,1855.0,0.002451165045549243,2625.0,pacing,,False,False,166,peak_ski
2026-09-20,summit_haus,2027-03-06,1855.0,0.0026803988274805104,2839.0,pacing,,False,False,167,peak_ski
2026-09-20,summit_haus,2027-03-07,1855.0,0.001,2442.0,pacing,,False,False,168,peak_ski
2026-09-20,summit_haus,2027-03-08,1855.0,0.001,2314.0,pacing,,False,False,169,peak_ski
2026-09-20,summit_haus,2027-03-09,1855.0,0.001,2247.0,pacing,,False,False,170,peak_ski
2026-09-20,summit_haus,2027-03-10,1855.0,0.001,2280.0,pacing,,False,False,171,peak_ski
2026-09-20,summit_haus,2027-03-11,1855.0,0.001,2464.0,pacing,,False,False,172,peak_ski
2026-09-20,summit_haus,2027-03-12,1855.0,0.002929874514560713,2895.0,pacing,,False,False,173,peak_ski
2026-09-20,summit_haus,2027-03-13,1855.0,0.0031745855513412346,2932.0,pacing,,False,False,174,peak_ski
2026-09-20,summit_haus,2027-03-14,1855.0,0.001,2984.0,pacing,,False,False,175,peak_ski
2026-09-20,summit_haus,2027-03-15,1855.0,0.001,2858.0,pacing,,False,False,176,peak_ski
2026-09-20,summit_haus,2027-03-16,1855.0,0.001,2852.0,pacing,,False,False,177,peak_ski
2026-09-20,summit_haus,2027-03-17,1855.0,0.001,2856.0,pacing,,False,False,178,peak_ski
2026-09-20,summit_haus,2027-03-18,1855.0,0.001,2877.0,pacing,,False,False,179,peak_ski
2026-09-20,summit_haus,2027-03-19,1855.0,0.0034129611644877563,2719.0,pacing,,False,False,180,peak_ski
2026-09-20,summit_haus,2027-03-20,1855.0,0.0036018507936730927,2603.0,pacing,,False,False,181,peak_ski
2026-09-20,summit_haus,2027-03-21,1580.0,0.001,1848.0,pacing,,False,False,182,peak_ski
2026-09-20,summit_haus,2027-03-22,1855.0,0.001,2138.0,pacing,,False,False,183,peak_ski
2026-09-20,summit_haus,2027-03-23,1850.0,0.001,2164.0,pacing,,False,False,184,peak_ski
2026-09-20,summit_haus,2027-03-24,1275.0,0.0026926402166005327,1360.0,pacing,,False,False,185,peak_ski
2026-09-20,summit_haus,2027-03-25,1355.0,0.0018644375704786975,1615.0,pacing,,False,False,186,peak_ski
2026-09-20,summit_haus,2027-03-26,1535.0,0.007375858866882059,1779.0,pacing,,False,False,187,peak_ski
2026-09-20,summit_haus,2027-03-27,1380.0,0.009133444912155245,1591.0,pacing,,False,False,188,peak_ski
2026-09-20,summit_haus,2027-03-28,1120.0,0.0044377743694817414,1311.0,pacing,,False,False,189,peak_ski
2026-09-20,summit_haus,2027-03-29,905.0,0.006772925846600928,1022.0,pacing,,False,False,190,peak_ski
2026-09-20,summit_haus,2027-03-30,905.0,0.006784640685491921,915.0,pacing,,False,False,191,peak_ski
2026-09-20,summit_haus,2027-03-31,905.0,0.006793989756143215,911.0,pacing,,False,False,192,peak_ski
2026-09-20,summit_haus,2027-04-01,890.0,0.001,1022.0,pacing,,False,False,193,shoulder_spring
2026-09-20,summit_haus,2027-04-02,910.0,0.007532053398745226,1062.0,pacing,,False,False,194,shoulder_spring
2026-09-20,summit_haus,2027-04-03,850.0,0.010614737132283503,980.0,pacing,,False,False,195,shoulder_spring
2026-09-20,summit_haus,2027-04-04,680.0,0.0017000461126463345,786.0,pacing,,False,False,196,shoulder_spring
2026-09-20,summit_haus,2027-04-05,575.0,0.005775691701789601,629.0,pacing,,False,False,197,shoulder_spring
2026-09-20,summit_haus,2027-04-06,535.0,0.007302865799362722,585.0,pacing,,False,False,198,shoulder_spring
2026-09-20,summit_haus,2027-04-07,545.0,0.006922227913929672,595.0,pacing,,False,False,199,shoulder_spring
2026-09-20,summit_haus,2027-04-08,595.0,0.00505012286625929,658.0,pacing,,False,False,200,shoulder_spring
2026-09-20,summit_haus,2027-04-09,620.0,0.021652015105553153,691.0,pacing,,False,False,201,shoulder_spring
2026-09-20,summit_haus,2027-04-10,620.0,0.02142762631880834,666.0,pacing,,False,False,202,shoulder_spring
2026-09-20,summit_haus,2027-04-11,545.0,0.00692885355345074,588.0,pacing,,False,False,203,shoulder_spring
2026-09-20,summit_haus,2027-04-12,520.0,0.007850858566691207,554.0,pacing,,False,False,204,shoulder_spring
2026-09-20,summit_haus,2027-04-13,495.0,0.008778522207644985,522.0,pacing,,False,False,205,shoulder_spring
2026-09-20,summit_haus,2027-04-14,505.0,0.00843177340026238,532.0,pacing,,False,False,206,shoulder_spring
2026-09-20,summit_haus,2027-04-15,525.0,0.007719513761075203,574.0,pacing,,False,False,207,shoulder_spring
2026-09-20,summit_haus,2027-04-16,615.0,0.02143130913390812,637.0,pacing,,False,False,208,shoulder_spring
2026-09-20,summit_haus,2027-04-17,600.0,0.021887163569861628,615.0,pacing,,False,False,209,shoulder_spring
2026-09-20,summit_haus,2027-04-18,525.0,0.007745300420215388,561.0,pacing,,False,False,210,shoulder_spring
2026-09-20,summit_haus,2027-04-19,480.0,0.009418299840518304,502.0,pacing,,False,False,211,shoulder_spring
2026-09-20,summit_haus,2027-04-20,470.0,0.009801687346141001,489.0,pacing,,False,False,212,shoulder_spring
2026-09-20,summit_haus,2027-04-21,480.0,0.009451699260848597,500.0,pacing,,False,False,213,shoulder_spring
2026-09-20,summit_haus,2027-04-22,515.0,0.008190287422981115,552.0,pacing,,False,False,214,shoulder_spring
2026-09-20,summit_haus,2027-04-23,620.0,0.020731135918432952,639.0,pacing,,False,False,215,shoulder_spring
2026-09-20,summit_haus,2027-04-24,615.0,0.02073962783768491,624.0,pacing,,False,False,216,shoulder_spring
2026-09-20,summit_haus,2027-04-25,535.0,0.007482927588841255,575.0,pacing,,False,False,217,shoulder_spring
2026-09-20,summit_haus,2027-04-26,500.0,0.008783746389887331,530.0,pacing,,False,False,218,shoulder_spring
2026-09-20,summit_haus,2027-04-27,495.0,0.008984932419592667,526.0,pacing,,False,False,219,shoulder_spring
2026-09-20,summit_haus,2027-04-28,490.0,0.00918544123627491,527.0,pacing,,False,False,220,shoulder_spring
2026-09-20,summit_haus,2027-04-29,500.0,0.00883998344114827,527.0,pacing,,False,False,221,shoulder_spring
2026-09-20,summit_haus,2027-04-30,580.0,0.022077937135817436,580.0,pacing,,False,False,222,shoulder_spring
2026-09-20,summit_haus,2027-05-01,575.0,0.02205320340234924,567.0,pacing,,False,False,223,shoulder_spring
2026-09-20,summit_haus,2027-05-02,505.0,0.008677164571817978,531.0,pacing,,False,False,224,shoulder_spring
2026-09-20,summit_haus,2027-05-03,480.0,0.009602384801654816,498.0,pacing,,False,False,225,shoulder_spring
2026-09-20,summit_haus,2027-05-04,485.0,0.009436627004655973,512.0,pacing,,False,False,226,shoulder_spring
2026-09-20,summit_haus,2027-05-05,500.0,0.008909882387457766,527.0,pacing,,False,False,227,shoulder_spring
2026-09-20,summit_haus,2027-05-06,510.0,0.008566393140776665,546.0,pacing,,False,False,228,shoulder_spring
2026-09-20,summit_haus,2027-05-07,585.0,0.02137307433845998,593.0,pacing,,False,False,229,shoulder_spring
2026-09-20,summit_haus,2027-05-08,570.0,0.021789401752828008,578.0,pacing,,False,False,230,shoulder_spring
2026-09-20,summit_haus,2027-05-09,505.0,0.008766189668835118,536.0,pacing,,False,False,231,shoulder_spring
2026-09-20,summit_haus,2027-05-10,490.0,0.009325450308530945,522.0,pacing,,False,False,232,shoulder_spring
2026-09-20,summit_haus,2027-05-11,485.0,0.009521705830998824,518.0,pacing,,False,False,233,shoulder_spring
2026-09-20,summit_haus,2027-05-12,500.0,0.00899675265774101,538.0,pacing,,False,False,234,shoulder_spring
2026-09-20,summit_haus,2027-05-13,510.0,0.008654022373968773,556.0,pacing,,False,False,235,shoulder_spring
2026-09-20,summit_haus,2027-05-14,585.0,0.02091200928936662,594.0,pacing,,False,False,236,shoulder_spring
2026-09-20,summit_haus,2027-05-15,590.0,0.020479802513536302,599.0,pacing,,False,False,237,shoulder_spring
2026-09-20,summit_haus,2027-05-16,520.0,0.008312669570544712,554.0,pacing,,False,False,238,shoulder_spring
2026-09-20,summit_haus,2027-05-17,505.0,0.008870679128782892,538.0,pacing,,False,False,239,shoulder_spring
2026-09-20,summit_haus,2027-05-18,500.0,0.009066953003202411,529.0,pacing,,False,False,240,shoulder_spring
2026-09-20,summit_haus,2027-05-19,500.0,0.009082923649701159,537.0,pacing,,False,False,241,shoulder_spring
2026-09-20,summit_haus,2027-05-20,510.0,0.008741189194892899,543.0,pacing,,False,False,242,shoulder_spring
2026-09-20,summit_haus,2027-05-21,590.0,0.020268821346976988,597.0,pacing,,False,False,243,shoulder_spring
2026-09-20,summit_haus,2027-05-22,585.0,0.020267444202047326,591.0,pacing,,False,False,244,shoulder_spring
2026-09-20,summit_haus,2027-05-23,525.0,0.008222073743906252,560.0,pacing,,False,False,245,shoulder_spring
2026-09-20,summit_haus,2027-05-24,505.0,0.008955848660033376,536.0,pacing,,False,False,246,shoulder_spring
2026-09-20,summit_haus,2027-05-25,515.0,0.008615026909538057,554.0,pacing,,False,False,247,shoulder_spring
2026-09-20,summit_haus,2027-05-26,510.0,0.008810901509048695,546.0,pacing,,False,False,248,shoulder_spring
2026-09-20,summit_haus,2027-05-27,555.0,0.007224110587226749,603.0,pacing,,False,False,249,shoulder_spring
2026-09-20,summit_haus,2027-05-28,645.0,0.017592703191970753,749.0,pacing,,False,False,250,shoulder_spring
2026-09-20,summit_haus,2027-05-29,645.0,0.017459111415957417,750.0,pacing,,False,False,251,shoulder_spring
2026-09-20,summit_haus,2027-05-30,620.0,0.004933713389076736,719.0,pacing,,False,False,252,shoulder_spring
2026-09-20,summit_haus,2027-05-31,510.0,0.008882528971439716,556.0,pacing,,False,False,253,shoulder_spring
2026-09-20,summit_haus,2027-06-01,555.0,0.02078123578447656,595.0,pacing,,False,False,254,summer
2026-09-20,summit_haus,2027-06-02,545.0,0.0214252066784606,585.0,pacing,,False,False,255,summer
2026-09-20,summit_haus,2027-06-03,600.0,0.01773161563249019,646.0,pacing,,False,False,256,summer
2026-09-20,summit_haus,2027-06-04,725.0,0.02748779259811213,762.0,pacing,,False,False,257,summer
2026-09-20,summit_haus,2027-06-05,695.0,0.02889944962944542,765.0,pacing,,False,False,258,summer
2026-09-20,summit_haus,2027-06-06,620.0,0.01639959373621356,677.0,pacing,,False,False,259,summer
2026-09-20,summit_haus,2027-06-07,585.0,0.018714460204515875,726.0,pacing,,False,False,260,summer
2026-09-20,summit_haus,2027-06-08,570.0,0.019688069453184184,620.0,pacing,,False,False,261,summer
2026-09-20,summit_haus,2027-06-09,610.0,0.017047226505465807,665.0,pacing,,False,False,262,summer
2026-09-20,summit_haus,2027-06-10,745.0,0.0025841258205815463,866.0,pacing,,False,False,263,summer
2026-09-20,summit_haus,2027-06-11,840.0,0.01842183222425902,991.0,pacing,,False,False,264,summer
2026-09-20,summit_haus,2027-06-12,855.0,0.01749323124388875,996.0,pacing,,False,False,265,summer
2026-09-20,summit_haus,2027-06-20,940.0,0.001,1062.0,pacing,,False,False,273,summer
2026-09-20,summit_haus,2027-06-21,910.0,0.001,1009.0,pacing,,False,False,274,summer
2026-09-20,summit_haus,2027-06-22,810.0,0.005835687365882859,1021.0,pacing,,False,False,275,summer
2026-09-20,summit_haus,2027-06-23,875.0,0.0013963169226686083,972.0,pacing,,False,False,276,summer
2026-09-20,summit_haus,2027-06-24,1080.0,0.001,1195.0,pacing,,False,False,277,summer
2026-09-20,summit_haus,2027-06-25,1315.0,0.001,1470.0,pacing,,False,False,278,summer
2026-09-20,summit_haus,2027-06-26,1250.0,0.001847911061123918,1390.0,pacing,,False,False,279,summer
2026-09-20,summit_haus,2027-06-27,1080.0,0.001,1189.0,pacing,,False,False,280,summer
2026-09-20,summit_haus,2027-06-28,965.0,0.001,1037.0,pacing,,False,False,281,summer
2026-09-20,summit_haus,2027-06-29,930.0,0.001,1014.0,pacing,,False,False,282,summer
2026-09-20,summit_haus,2027-06-30,1110.0,0.001,1203.0,pacing,,False,False,283,summer
2026-09-20,summit_haus,2027-07-01,1175.0,0.001,1281.0,pacing,,False,False,284,summer
2026-09-20,summit_haus,2027-07-02,1855.0,0.001,2058.0,pacing,,False,False,285,summer
2026-09-20,summit_haus,2027-07-03,1855.0,0.001,2103.0,pacing,,False,False,286,summer
2026-09-20,summit_haus,2027-07-04,1855.0,0.001,2013.0,pacing,,False,False,287,summer
2026-09-20,summit_haus,2027-07-05,970.0,0.001,1082.0,pacing,,False,False,288,summer
2026-09-20,summit_haus,2027-07-06,960.0,0.001,1061.0,pacing,,False,False,289,summer
2026-09-20,summit_haus,2027-07-07,1035.0,0.001,1146.0,pacing,,False,False,290,summer
2026-09-20,summit_haus,2027-07-08,1355.0,0.001,1490.0,pacing,,False,False,291,summer
2026-09-20,summit_haus,2027-07-09,1855.0,0.001,2064.0,pacing,,False,False,292,summer
2026-09-20,summit_haus,2027-07-10,1855.0,0.001,2137.0,pacing,,False,False,293,summer
2026-09-20,summit_haus,2027-07-11,1370.0,0.001,1465.0,pacing,,False,False,294,summer
2026-09-20,summit_haus,2027-07-12,1380.0,0.001,1458.0,pacing,,False,False,295,summer
2026-09-20,summit_haus,2027-07-13,1360.0,0.001,1436.0,pacing,,False,False,296,summer
2026-09-20,summit_haus,2027-07-14,1355.0,0.001,1451.0,pacing,,False,False,297,summer
2026-09-20,summit_haus,2027-07-15,1425.0,0.001,1531.0,pacing,,False,False,298,summer
2026-09-20,summit_haus,2027-07-16,1820.0,0.001,1916.0,pacing,,False,False,299,summer
2026-09-20,summit_haus,2027-07-17,1825.0,0.001,1972.0,pacing,,False,False,300,summer
2026-09-20,summit_haus,2027-07-18,1505.0,0.001,1641.0,pacing,,False,False,301,summer
2026-09-20,summit_haus,2027-07-19,1310.0,0.001,1448.0,pacing,,False,False,302,summer
2026-09-20,summit_haus,2027-07-20,1295.0,0.001,1429.0,pacing,,False,False,303,summer
2026-09-20,summit_haus,2027-07-21,1275.0,0.001,1233.0,pacing,,False,False,304,summer
2026-09-20,summit_haus,2027-07-22,1300.0,0.001,1442.0,pacing,,False,False,305,summer
2026-09-20,summit_haus,2027-07-23,1630.0,0.001,1785.0,pacing,,False,False,306,summer
2026-09-20,summit_haus,2027-07-24,1630.0,0.001,1817.0,pacing,,False,False,307,summer
2026-09-20,summit_haus,2027-07-25,1310.0,0.001,1482.0,pacing,,False,False,308,summer
2026-09-20,summit_haus,2027-07-26,1150.0,0.001,1281.0,pacing,,False,False,309,summer
2026-09-20,summit_haus,2027-07-27,1150.0,0.001,1281.0,pacing,,False,False,310,summer
2026-09-20,summit_haus,2027-07-28,1120.0,0.001,1265.0,pacing,,False,False,311,summer
2026-09-20,summit_haus,2027-07-29,1245.0,0.001,1399.0,pacing,,False,False,312,summer
2026-09-20,summit_haus,2027-07-30,1500.0,0.001,1673.0,pacing,,False,False,313,summer
2026-09-20,summit_haus,2027-07-31,1375.0,0.001921322837119745,1521.0,pacing,,False,False,314,summer
2026-09-20,summit_haus,2027-08-01,1050.0,0.001,1190.0,pacing,,False,False,315,summer
2026-09-20,summit_haus,2027-08-02,895.0,0.006061907395180804,1012.0,pacing,,False,False,316,summer
2026-09-20,summit_haus,2027-08-03,870.0,0.00760233215447936,987.0,pacing,,False,False,317,summer
2026-09-20,summit_haus,2027-08-04,865.0,0.007963678953209378,985.0,pacing,,False,False,318,summer
2026-09-20,summit_haus,2027-08-05,990.0,0.001,1134.0,pacing,,False,False,319,summer
2026-09-20,summit_haus,2027-08-06,1115.0,0.013424988740368638,1297.0,pacing,,False,False,320,summer
2026-09-20,summit_haus,2027-08-07,1085.0,0.014797727249844402,1258.0,pacing,,False,False,321,summer
2026-09-20,summit_haus,2027-08-08,845.0,0.00927402499786635,978.0,pacing,,False,False,322,summer
2026-09-20,summit_haus,2027-08-09,745.0,0.015031567449914896,870.0,pacing,,False,False,323,summer
2026-09-20,summit_haus,2027-08-10,730.0,0.015900204137845132,848.0,pacing,,False,False,324,summer
2026-09-20,summit_haus,2027-08-11,735.0,0.015627673041998896,849.0,pacing,,False,False,325,summer
2026-09-20,summit_haus,2027-08-12,810.0,0.011415032655557263,939.0,pacing,,False,False,326,summer
2026-09-20,summit_haus,2027-08-13,1025.0,0.017386457794461338,1202.0,pacing,,False,False,327,summer
2026-09-20,summit_haus,2027-08-14,1025.0,0.01738675826016315,1202.0,pacing,,False,False,328,summer
2026-09-20,summit_haus,2027-08-15,720.0,0.01650633237242536,840.0,pacing,,False,False,329,summer
2026-09-20,summit_haus,2027-08-16,720.0,0.016511287077569402,838.0,pacing,,False,False,330,summer
2026-09-20,summit_haus,2027-08-17,685.0,0.01845740536614172,800.0,pacing,,False,False,331,summer
2026-09-20,summit_haus,2027-08-18,680.0,0.0187277767240709,793.0,pacing,,False,False,332,summer
2026-09-20,summit_haus,2027-08-19,690.0,0.018165931635002294,802.0,pacing,,False,False,333,summer
2026-09-20,summit_haus,2027-08-20,1445.0,0.001,1694.0,pacing,,False,False,334,summer
2026-09-20,summit_haus,2027-08-21,1450.0,0.001,1698.0,pacing,,False,False,335,summer
2026-09-20,summit_haus,2027-08-22,685.0,0.018436710987963924,809.0,pacing,,False,False,336,summer
2026-09-20,summit_haus,2027-08-23,670.0,0.019252306648308445,783.0,pacing,,False,False,337,summer
2026-09-20,summit_haus,2027-08-24,665.0,0.01951192731747542,625.0,pacing,,False,False,338,summer
2026-09-20,summit_haus,2027-08-25,670.0,0.019221720207286106,734.0,pacing,,False,False,339,summer
2026-09-20,summit_haus,2027-08-26,665.0,0.01947553274856759,721.0,pacing,,False,False,340,summer
2026-09-20,summit_haus,2027-08-27,850.0,0.024517787899319972,995.0,pacing,,False,False,341,summer
2026-09-20,summit_haus,2027-08-28,860.0,0.024007115581131142,1008.0,pacing,,False,False,342,summer
2026-09-20,summit_haus,2027-08-29,655.0,0.01999727535678993,681.0,pacing,,False,False,343,summer
2026-09-20,summit_haus,2027-08-30,575.0,0.024286489880811224,588.0,pacing,,False,False,344,summer
2026-09-20,summit_haus,2027-08-31,555.0,0.025310279317353784,562.0,pacing,,False,False,345,summer
2026-09-20,summit_haus,2027-09-01,565.0,0.024718029600762075,568.0,pacing,,False,False,346,summer
2026-09-20,summit_haus,2027-09-02,645.0,0.020386721552215967,669.0,pacing,,False,False,347,summer
2026-09-20,summit_haus,2027-09-03,915.0,0.021704954538545793,1033.0,pacing,,False,False,348,summer
2026-09-20,summit_haus,2027-09-04,915.0,0.02165741235014903,1033.0,pacing,,False,False,349,summer
2026-09-20,summit_haus,2027-09-05,875.0,0.008097047086665117,990.0,pacing,,False,False,350,summer
2026-09-20,summit_haus,2027-09-06,560.0,0.0248852107063813,555.0,pacing,,False,False,351,summer
2026-09-20,summit_haus,2027-09-07,620.0,0.021655816095180868,620.0,pacing,,False,False,352,summer
2026-09-20,summit_haus,2027-09-08,620.0,0.0216169427357391,561.0,pacing,,False,False,353,summer
2026-09-20,summit_haus,2027-09-09,665.0,0.019211131559870954,669.0,pacing,,False,False,354,summer
2026-09-20,summit_haus,2027-09-10,715.0,0.029449839420752418,773.0,pacing,,False,False,355,summer
2026-09-20,summit_haus,2027-09-11,695.0,0.030061979170717595,752.0,pacing,,False,False,356,summer
2026-09-20,summit_haus,2027-09-12,630.0,0.021023960250846546,616.0,pacing,,False,False,357,summer
2026-09-20,summit_haus,2027-09-13,600.0,0.022562228476945827,602.0,pacing,,False,False,358,summer
2026-09-20,summit_haus,2027-09-14,595.0,0.022779499899665476,600.0,pacing,,False,False,359,summer
2026-09-20,summit_haus,2027-09-15,600.0,0.022475177884444128,600.0,pacing,,False,False,360,summer
2026-09-20,summit_haus,2027-09-16,610.0,0.00802477764648225,662.0,pacing,,False,False,361,shoulder_fall
2026-09-20,summit_haus,2027-09-17,690.0,0.017649582862769433,747.0,pacing,,False,False,362,shoulder_fall
2026-09-20,summit_haus,2027-09-18,645.0,0.019791572460738552,722.0,pacing,,False,False,363,shoulder_fall
2026-09-20,summit_haus,2027-09-19,560.0,0.01162019144901036,595.0,pacing,,False,False,364,shoulder_fall
2026-09-20,summit_haus,2027-09-20,505.0,0.015501170587090095,526.0,pacing,,False,False,365,shoulder_fall
2026-09-20,overlook_ridge,2026-09-28,336.0,0.8234220139891196,365.0,pacing,,False,True,8,shoulder_fall
2026-09-20,overlook_ridge,2026-09-29,336.0,0.7260819779533212,322.0,pacing,,False,True,9,shoulder_fall
2026-09-20,overlook_ridge,2026-09-30,336.0,0.6499776267652213,339.0,pacing,,False,False,10,shoulder_fall
2026-09-20,overlook_ridge,2026-10-05,355.0,0.014568156424581005,469.0,pacing,,False,False,15,shoulder_fall
2026-09-20,overlook_ridge,2026-10-06,350.0,0.014828085208411978,442.0,pacing,,False,False,16,shoulder_fall
2026-09-20,overlook_ridge,2026-10-07,340.0,0.015334018384528731,427.0,pacing,,False,False,17,shoulder_fall
2026-09-20,overlook_ridge,2026-10-12,425.0,0.01363614845057465,417.0,pacing,,False,False,22,shoulder_fall
2026-09-20,overlook_ridge,2026-10-13,430.0,0.01331773751261048,410.0,pacing,,False,False,23,shoulder_fall
2026-09-20,overlook_ridge,2026-10-14,370.0,0.016861017532113796,449.0,pacing,,False,False,24,shoulder_fall
2026-09-20,overlook_ridge,2026-10-15,380.0,0.016229587388553367,462.0,pacing,,False,False,25,shoulder_fall
2026-09-20,overlook_ridge,2026-10-16,495.0,0.9389185769041443,533.0,pacing,,False,False,26,shoulder_fall
2026-09-20,overlook_ridge,2026-10-17,495.0,0.943386860189082,527.0,pacing,,False,False,27,shoulder_fall
2026-09-20,overlook_ridge,2026-10-25,350.0,0.030053198279414557,376.0,pacing,,False,False,35,shoulder_fall
2026-09-20,overlook_ridge,2026-10-26,336.0,0.03138535621734972,345.0,pacing,,False,False,36,shoulder_fall
2026-09-20,overlook_ridge,2026-10-27,336.0,0.03130759577069281,349.0,pacing,,False,False,37,shoulder_fall
2026-09-20,overlook_ridge,2026-10-28,336.0,0.03122995544192114,351.0,pacing,,False,False,38,shoulder_fall
2026-09-20,overlook_ridge,2026-10-29,370.0,0.027861833868222014,365.0,pacing,,False,False,39,shoulder_fall
2026-09-20,overlook_ridge,2026-10-30,495.0,0.9486977502230723,500.0,pacing,,False,False,40,shoulder_fall
2026-09-20,overlook_ridge,2026-10-31,490.0,0.8996182336673342,500.0,pacing,,False,False,41,shoulder_fall
2026-09-20,overlook_ridge,2026-11-01,336.0,0.03108169513728823,312.0,pacing,,False,False,42,shoulder_fall
2026-09-20,overlook_ridge,2026-11-02,336.0,0.031032515676883338,302.0,pacing,,False,False,43,shoulder_fall
2026-09-20,overlook_ridge,2026-11-03,336.0,0.030945676592800238,304.0,pacing,,False,False,44,shoulder_fall
2026-09-20,overlook_ridge,2026-11-04,336.0,0.030859459664476084,309.0,pacing,,False,False,45,shoulder_fall
2026-09-20,overlook_ridge,2026-11-05,350.0,0.02944050314595403,338.0,pacing,,False,False,46,shoulder_fall
2026-09-20,overlook_ridge,2026-11-06,495.0,0.026586142388825545,500.0,pacing,,False,False,47,shoulder_fall
2026-09-20,overlook_ridge,2026-11-07,495.0,0.026356080399620126,500.0,pacing,,False,False,48,shoulder_fall
2026-09-20,overlook_ridge,2026-11-08,345.0,0.029840130911930027,333.0,pacing,,False,False,49,shoulder_fall
2026-09-20,overlook_ridge,2026-11-09,336.0,0.030614113809419356,301.0,pacing,,False,False,50,shoulder_fall
2026-09-20,overlook_ridge,2026-11-10,345.0,0.02967989920657149,329.0,pacing,,False,False,51,shoulder_fall
2026-09-20,overlook_ridge,2026-11-11,350.0,0.029132336866336202,336.0,pacing,,False,False,52,shoulder_fall
2026-09-20,overlook_ridge,2026-11-12,365.0,0.0276520060955102,364.0,pacing,,False,False,53,shoulder_fall
2026-09-20,overlook_ridge,2026-11-13,485.0,0.8562308103562568,500.0,pacing,,False,False,54,shoulder_fall
2026-09-20,overlook_ridge,2026-11-14,485.0,0.8038083959694473,500.0,pacing,,False,False,55,shoulder_fall
2026-09-20,overlook_ridge,2026-11-15,350.0,0.028987359429271286,336.0,pacing,,False,False,56,shoulder_fall
2026-09-20,overlook_ridge,2026-11-16,336.0,0.030217492459012632,301.0,pacing,,False,False,57,shoulder_fall
2026-09-20,overlook_ridge,2026-11-17,360.0,0.043796258295677376,313.0,pacing,,False,False,58,shoulder_fall
2026-09-20,overlook_ridge,2026-11-18,370.0,0.04224305785527978,322.0,pacing,,False,False,59,shoulder_fall
2026-09-20,overlook_ridge,2026-11-19,375.0,0.026514972006736495,361.0,pacing,,False,False,60,shoulder_fall
2026-09-20,overlook_ridge,2026-11-23,600.0,0.009187147889063675,703.0,pacing,,False,False,64,early_winter
2026-09-20,overlook_ridge,2026-12-03,555.0,0.05283210231563992,617.0,pacing,,False,False,74,early_winter
2026-09-20,overlook_ridge,2026-12-04,695.0,0.1350915051311289,790.0,pacing,,False,False,75,early_winter
2026-09-20,overlook_ridge,2026-12-05,685.0,0.07917596640645812,754.0,pacing,,False,False,76,early_winter
2026-09-20,overlook_ridge,2026-12-06,590.0,0.044945158259380606,644.0,pacing,,False,False,77,early_winter
2026-09-20,overlook_ridge,2026-12-07,555.0,0.052856166012042495,609.0,pacing,,False,False,78,early_winter
2026-09-20,overlook_ridge,2026-12-08,530.0,0.058264767704687984,593.0,pacing,,False,False,79,early_winter
2026-09-20,overlook_ridge,2026-12-09,535.0,0.057007307946877285,599.0,pacing,,False,False,80,early_winter
2026-09-20,overlook_ridge,2026-12-10,655.0,0.031251456296755215,770.0,pacing,,False,False,81,early_winter
2026-09-20,overlook_ridge,2026-12-11,865.0,0.08378862241577834,1036.0,pacing,,False,False,82,early_winter
2026-09-20,overlook_ridge,2026-12-12,965.0,0.057883855901721015,1136.0,pacing,,False,False,83,early_winter
2026-09-20,overlook_ridge,2026-12-13,680.0,0.026442848101915356,795.0,pacing,,False,False,84,early_winter
2026-09-20,overlook_ridge,2026-12-14,650.0,0.03336267297752628,734.0,pacing,,False,False,85,early_winter
2026-09-20,overlook_ridge,2026-12-15,655.0,0.0060818435754189945,772.0,pacing,,False,False,86,peak_ski
2026-09-20,overlook_ridge,2026-12-16,710.0,0.005105180149471902,853.0,pacing,,False,False,87,peak_ski
2026-09-20,overlook_ridge,2026-12-17,915.0,0.0013374704410598426,1075.0,pacing,,False,False,88,peak_ski
2026-09-20,overlook_ridge,2026-12-18,1400.0,0.001,1603.0,pacing,,False,False,89,peak_ski
2026-09-20,overlook_ridge,2026-12-19,1990.0,0.001,2232.0,pacing,,False,False,90,peak_ski
2026-09-20,overlook_ridge,2026-12-20,2235.0,0.001,2529.0,pacing,,False,False,91,peak_ski
2026-09-20,overlook_ridge,2026-12-21,2545.0,0.001,2693.0,pacing,,False,False,92,peak_ski
2026-09-20,overlook_ridge,2026-12-22,2570.0,0.001,2734.0,pacing,,False,False,93,peak_ski
2026-09-20,overlook_ridge,2026-12-23,2595.0,0.001,2879.0,pacing,,False,False,94,peak_ski
2026-09-20,overlook_ridge,2026-12-24,2695.0,0.001,2980.0,pacing,,False,False,95,peak_ski
2026-09-20,overlook_ridge,2026-12-25,2765.0,0.001,2956.0,pacing,,False,False,96,peak_ski
2026-09-20,overlook_ridge,2026-12-26,2780.0,0.001,2982.0,pacing,,False,False,97,peak_ski
2026-09-20,overlook_ridge,2027-01-02,3305.0,0.001,3443.0,pacing,,False,False,104,peak_ski
2026-09-20,overlook_ridge,2027-01-03,1740.0,0.0947788975390155,1899.0,pacing,,False,False,105,peak_ski
2026-09-20,overlook_ridge,2027-01-04,1805.0,0.09095771536582532,1710.0,pacing,,False,False,106,peak_ski
2026-09-20,overlook_ridge,2027-01-05,1720.0,0.10805795791759099,1262.0,pacing,,False,False,107,peak_ski
2026-09-20,overlook_ridge,2027-01-06,1385.0,0.15418062575890526,1222.0,pacing,,False,False,108,peak_ski
2026-09-20,overlook_ridge,2027-01-07,1095.0,0.001,1260.0,pacing,,False,False,109,peak_ski
2026-09-20,overlook_ridge,2027-01-08,1445.0,0.001,1657.0,pacing,,False,False,110,peak_ski
2026-09-20,overlook_ridge,2027-01-09,1300.0,0.0027875033364538246,1531.0,pacing,,False,False,111,peak_ski
2026-09-20,overlook_ridge,2027-01-10,1195.0,0.001,1404.0,pacing,,False,False,112,peak_ski
2026-09-20,overlook_ridge,2027-01-11,905.0,0.0017655036595745743,1067.0,pacing,,False,False,113,peak_ski
2026-09-20,overlook_ridge,2027-01-12,1105.0,0.1891770772309719,1002.0,pacing,,False,False,114,peak_ski
2026-09-20,overlook_ridge,2027-01-13,1410.0,0.1419265742565302,1290.0,pacing,,False,False,115,peak_ski
2026-09-20,overlook_ridge,2027-01-14,1370.0,0.001,1651.0,pacing,,False,False,116,peak_ski
2026-09-20,overlook_ridge,2027-01-15,1855.0,0.001,2432.0,pacing,,False,False,117,peak_ski
2026-09-20,overlook_ridge,2027-01-16,1855.0,0.001,2352.0,pacing,,False,False,118,peak_ski
2026-09-20,overlook_ridge,2027-01-17,1855.0,0.001,2289.0,pacing,,False,False,119,peak_ski
2026-09-20,overlook_ridge,2027-01-18,1035.0,0.001,1244.0,pacing,,False,False,120,peak_ski
2026-09-20,overlook_ridge,2027-01-19,1285.0,0.15492533655614618,1134.0,pacing,,False,False,121,peak_ski
2026-09-20,overlook_ridge,2027-01-20,1260.0,0.1540269995107857,1155.0,pacing,,False,False,122,peak_ski
2026-09-20,overlook_ridge,2027-01-21,1240.0,0.001,1466.0,pacing,,False,False,123,peak_ski
2026-09-20,overlook_ridge,2027-01-22,1855.0,0.001,2167.0,pacing,,False,False,124,peak_ski
2026-09-20,overlook_ridge,2027-01-23,1855.0,0.021816444174757265,2243.0,pacing,,False,False,125,peak_ski
2026-09-20,overlook_ridge,2027-01-24,1370.0,0.001,1641.0,pacing,,False,False,126,peak_ski
2026-09-20,overlook_ridge,2027-01-25,1325.0,0.001,1589.0,pacing,,False,False,127,peak_ski
2026-09-20,overlook_ridge,2027-01-26,1360.0,0.001,1643.0,pacing,,False,False,128,peak_ski
2026-09-20,overlook_ridge,2027-01-27,1390.0,0.001,1662.0,pacing,,False,False,129,peak_ski
2026-09-20,overlook_ridge,2027-01-28,1505.0,0.001,1796.0,pacing,,False,False,130,peak_ski
2026-09-20,overlook_ridge,2027-01-29,1855.0,0.001,2569.0,pacing,,False,False,131,peak_ski
2026-09-20,overlook_ridge,2027-01-30,1855.0,0.001,2490.0,pacing,,False,False,132,peak_ski
2026-09-20,overlook_ridge,2027-01-31,1400.0,0.001,1647.0,pacing,,False,False,133,peak_ski
2026-09-20,overlook_ridge,2027-02-01,1080.0,0.001,1298.0,pacing,,False,False,134,peak_ski
2026-09-20,overlook_ridge,2027-02-02,1075.0,0.001,1287.0,pacing,,False,False,135,peak_ski
2026-09-20,overlook_ridge,2027-02-03,1115.0,0.001,1342.0,pacing,,False,False,136,peak_ski
2026-09-20,overlook_ridge,2027-02-04,1720.0,0.001,2006.0,pacing,,False,False,137,peak_ski
2026-09-20,overlook_ridge,2027-02-05,1855.0,0.001,2714.0,pacing,,False,False,138,peak_ski
2026-09-20,overlook_ridge,2027-02-06,1855.0,0.001,2829.0,pacing,,False,False,139,peak_ski
2026-09-20,overlook_ridge,2027-02-07,1730.0,0.001,2038.0,pacing,,False,False,140,peak_ski
2026-09-20,overlook_ridge,2027-02-08,1710.0,0.001,2020.0,pacing,,False,False,141,peak_ski
2026-09-20,overlook_ridge,2027-02-09,1710.0,0.001,2007.0,pacing,,False,False,142,peak_ski
2026-09-20,overlook_ridge,2027-02-10,1720.0,0.001,2043.0,pacing,,False,False,143,peak_ski
2026-09-20,overlook_ridge,2027-02-11,1855.0,0.001,2483.0,pacing,,False,False,144,peak_ski
2026-09-20,overlook_ridge,2027-02-12,1855.0,0.001,3800.0,pacing,,False,False,145,peak_ski
2026-09-20,overlook_ridge,2027-02-13,1855.0,0.001,3742.0,pacing,,False,False,146,peak_ski
2026-09-20,overlook_ridge,2027-02-14,1855.0,0.001,3732.0,pacing,,False,False,147,peak_ski
2026-09-20,overlook_ridge,2027-02-15,1855.0,0.001,2228.0,pacing,,False,False,148,peak_ski
2026-09-20,overlook_ridge,2027-02-16,1800.0,0.001,2066.0,pacing,,False,False,149,peak_ski
2026-09-20,overlook_ridge,2027-02-17,1780.0,0.001,2080.0,pacing,,False,False,150,peak_ski
2026-09-20,overlook_ridge,2027-02-18,1855.0,0.001,2464.0,pacing,,False,False,151,peak_ski
2026-09-20,overlook_ridge,2027-02-19,1855.0,0.0010627122524596068,3293.0,pacing,,False,False,152,peak_ski
2026-09-20,overlook_ridge,2027-02-20,1855.0,0.0014725333627614017,3110.0,pacing,,False,False,153,peak_ski
2026-09-20,overlook_ridge,2027-02-21,1855.0,0.001,2180.0,pacing,,False,False,154,peak_ski
2026-09-20,overlook_ridge,2027-02-22,1485.0,0.001,1777.0,pacing,,False,False,155,peak_ski
2026-09-20,overlook_ridge,2027-02-23,1330.0,0.001,1613.0,pacing,,False,False,156,peak_ski
2026-09-20,overlook_ridge,2027-02-24,1415.0,0.001,1697.0,pacing,,False,False,157,peak_ski
2026-09-20,overlook_ridge,2027-02-25,1855.0,0.001,2424.0,pacing,,False,False,158,peak_ski
2026-09-20,overlook_ridge,2027-02-26,1855.0,0.0018299064941398788,2958.0,pacing,,False,False,159,peak_ski
2026-09-20,overlook_ridge,2027-02-27,1855.0,0.00215589436075987,2965.0,pacing,,False,False,160,peak_ski
2026-09-20,overlook_ridge,2027-02-28,1740.0,0.001,2007.0,pacing,,False,False,161,peak_ski
2026-09-20,overlook_ridge,2027-03-01,1335.0,0.001,1617.0,pacing,,False,False,162,peak_ski
2026-09-20,overlook_ridge,2027-03-02,1335.0,0.001,1623.0,pacing,,False,False,163,peak_ski
2026-09-20,overlook_ridge,2027-03-03,1350.0,0.001,1641.0,pacing,,False,False,164,peak_ski
2026-09-20,overlook_ridge,2027-03-04,1705.0,0.001,2009.0,pacing,,False,False,165,peak_ski
2026-09-20,overlook_ridge,2027-03-05,1855.0,0.002451165045549243,2625.0,pacing,,False,False,166,peak_ski
2026-09-20,overlook_ridge,2027-03-06,1855.0,0.0026803988274805104,2839.0,pacing,,False,False,167,peak_ski
2026-09-20,overlook_ridge,2027-03-07,1855.0,0.001,2442.0,pacing,,False,False,168,peak_ski
2026-09-20,overlook_ridge,2027-03-08,1855.0,0.001,2314.0,pacing,,False,False,169,peak_ski
2026-09-20,overlook_ridge,2027-03-09,1855.0,0.001,2247.0,pacing,,False,False,170,peak_ski
2026-09-20,overlook_ridge,2027-03-10,1855.0,0.001,2280.0,pacing,,False,False,171,peak_ski
2026-09-20,overlook_ridge,2027-03-11,1855.0,0.001,2464.0,pacing,,False,False,172,peak_ski
2026-09-20,overlook_ridge,2027-03-12,1855.0,0.002929874514560713,2895.0,pacing,,False,False,173,peak_ski
2026-09-20,overlook_ridge,2027-03-13,1855.0,0.0031745855513412346,2932.0,pacing,,False,False,174,peak_ski
2026-09-20,overlook_ridge,2027-03-14,1855.0,0.001,2984.0,pacing,,False,False,175,peak_ski
2026-09-20,overlook_ridge,2027-03-15,1855.0,0.001,2858.0,pacing,,False,False,176,peak_ski
2026-09-20,overlook_ridge,2027-03-16,1855.0,0.001,2852.0,pacing,,False,False,177,peak_ski
2026-09-20,overlook_ridge,2027-03-17,1855.0,0.001,2856.0,pacing,,False,False,178,peak_ski
2026-09-20,overlook_ridge,2027-03-18,1855.0,0.001,2877.0,pacing,,False,False,179,peak_ski
2026-09-20,overlook_ridge,2027-03-19,1855.0,0.0034129611644877563,2719.0,pacing,,False,False,180,peak_ski
2026-09-20,overlook_ridge,2027-03-20,1855.0,0.0036018507936730927,2603.0,pacing,,False,False,181,peak_ski
2026-09-20,overlook_ridge,2027-03-21,1515.0,0.001,1848.0,pacing,,False,False,182,peak_ski
2026-09-20,overlook_ridge,2027-03-22,1835.0,0.001,2138.0,pacing,,False,False,183,peak_ski
2026-09-20,overlook_ridge,2027-03-23,1775.0,0.001,2164.0,pacing,,False,False,184,peak_ski
2026-09-20,overlook_ridge,2027-03-24,1230.0,0.0031799587971911036,1360.0,pacing,,False,False,185,peak_ski
2026-09-20,overlook_ridge,2027-03-25,1310.0,0.002350489459281988,1615.0,pacing,,False,False,186,peak_ski
2026-09-20,overlook_ridge,2027-03-26,1475.0,0.008050464735054656,1779.0,pacing,,False,False,187,peak_ski
2026-09-20,overlook_ridge,2027-03-27,1330.0,0.009689560156529251,1591.0,pacing,,False,False,188,peak_ski
2026-09-20,overlook_ridge,2027-03-28,1085.0,0.004814718920435438,1311.0,pacing,,False,False,189,peak_ski
2026-09-20,overlook_ridge,2027-03-29,905.0,0.006772925846600928,1022.0,pacing,,False,False,190,peak_ski
2026-09-20,overlook_ridge,2027-03-30,885.0,0.006999344758740718,915.0,pacing,,False,False,191,peak_ski
2026-09-20,overlook_ridge,2027-03-31,880.0,0.007062111586084011,911.0,pacing,,False,False,192,peak_ski
2026-09-20,overlook_ridge,2027-04-01,860.0,0.001,1022.0,pacing,,False,False,193,shoulder_spring
2026-09-20,overlook_ridge,2027-04-02,875.0,0.009258196141327418,1062.0,pacing,,False,False,194,shoulder_spring
2026-09-20,overlook_ridge,2027-04-03,820.0,0.012068416724605102,980.0,pacing,,False,False,195,shoulder_spring
2026-09-20,overlook_ridge,2027-04-04,655.0,0.002661137307722021,786.0,pacing,,False,False,196,shoulder_spring
2026-09-20,overlook_ridge,2027-04-05,555.0,0.006538583487776951,629.0,pacing,,False,False,197,shoulder_spring
2026-09-20,overlook_ridge,2027-04-06,520.0,0.007871304996099575,585.0,pacing,,False,False,198,shoulder_spring
2026-09-20,overlook_ridge,2027-04-07,530.0,0.007487124627600552,595.0,pacing,,False,False,199,shoulder_spring
2026-09-20,overlook_ridge,2027-04-08,575.0,0.005798611074412708,658.0,pacing,,False,False,200,shoulder_spring
2026-09-20,overlook_ridge,2027-04-09,620.0,0.021652015105553153,691.0,pacing,,False,False,201,shoulder_spring
2026-09-20,overlook_ridge,2027-04-10,620.0,0.02142762631880834,666.0,pacing,,False,False,202,shoulder_spring
2026-09-20,overlook_ridge,2027-04-11,530.0,0.0074864914065764405,588.0,pacing,,False,False,203,shoulder_spring
2026-09-20,overlook_ridge,2027-04-12,505.0,0.008405053138698299,554.0,pacing,,False,False,204,shoulder_spring
2026-09-20,overlook_ridge,2027-04-13,480.0,0.009330688201352712,522.0,pacing,,False,False,205,shoulder_spring
2026-09-20,overlook_ridge,2027-04-14,490.0,0.008983304883422905,532.0,pacing,,False,False,206,shoulder_spring
2026-09-20,overlook_ridge,2027-04-15,510.0,0.008270384796473056,574.0,pacing,,False,False,207,shoulder_spring
2026-09-20,overlook_ridge,2027-04-16,600.0,0.022129476710526966,637.0,pacing,,False,False,208,shoulder_spring
2026-09-20,overlook_ridge,2027-04-17,585.0,0.022577484480615088,615.0,pacing,,False,False,209,shoulder_spring
2026-09-20,overlook_ridge,2027-04-18,505.0,0.008478812785159565,561.0,pacing,,False,False,210,shoulder_spring
2026-09-20,overlook_ridge,2027-04-19,465.0,0.009967727970502107,502.0,pacing,,False,False,211,shoulder_spring
2026-09-20,overlook_ridge,2027-04-20,455.0,0.01035056966488118,489.0,pacing,,False,False,212,shoulder_spring
2026-09-20,overlook_ridge,2027-04-21,465.0,0.010000083658947079,500.0,pacing,,False,False,213,shoulder_spring
2026-09-20,overlook_ridge,2027-04-22,500.0,0.00873814312910788,552.0,pacing,,False,False,214,shoulder_spring
2026-09-20,overlook_ridge,2027-04-23,605.0,0.02141399659676225,639.0,pacing,,False,False,215,shoulder_spring
2026-09-20,overlook_ridge,2027-04-24,600.0,0.021414854306118895,624.0,pacing,,False,False,216,shoulder_spring
2026-09-20,overlook_ridge,2027-04-25,520.0,0.008030135226537297,575.0,pacing,,False,False,217,shoulder_spring
2026-09-20,overlook_ridge,2027-04-26,485.0,0.009330233998190713,530.0,pacing,,False,False,218,shoulder_spring
2026-09-20,overlook_ridge,2027-04-27,485.0,0.009348873178792814,526.0,pacing,,False,False,219,shoulder_spring
2026-09-20,overlook_ridge,2027-04-28,480.0,0.0095490036600244,527.0,pacing,,False,False,220,shoulder_spring
2026-09-20,overlook_ridge,2027-04-29,485.0,0.009384783937913822,527.0,pacing,,False,False,221,shoulder_spring
2026-09-20,overlook_ridge,2027-04-30,565.0,0.02274583253247177,580.0,pacing,,False,False,222,shoulder_spring
2026-09-20,overlook_ridge,2027-05-01,560.0,0.022714257670669084,567.0,pacing,,False,False,223,shoulder_spring
2026-09-20,overlook_ridge,2027-05-02,490.0,0.009221407208298631,531.0,pacing,,False,False,224,shoulder_spring
2026-09-20,overlook_ridge,2027-05-03,465.0,0.010146060276603107,498.0,pacing,,False,False,225,shoulder_spring
2026-09-20,overlook_ridge,2027-05-04,470.0,0.00997982410760476,512.0,pacing,,False,False,226,shoulder_spring
2026-09-20,overlook_ridge,2027-05-05,485.0,0.009452585915834033,527.0,pacing,,False,False,227,shoulder_spring
2026-09-20,overlook_ridge,2027-05-06,495.0,0.009108558048400881,546.0,pacing,,False,False,228,shoulder_spring
2026-09-20,overlook_ridge,2027-05-07,570.0,0.022027475941117553,593.0,pacing,,False,False,229,shoulder_spring
2026-09-20,overlook_ridge,2027-05-08,555.0,0.022437213548806217,578.0,pacing,,False,False,230,shoulder_spring
2026-09-20,overlook_ridge,2027-05-09,490.0,0.009307787995503383,536.0,pacing,,False,False,231,shoulder_spring
2026-09-20,overlook_ridge,2027-05-10,475.0,0.009866507952147345,522.0,pacing,,False,False,232,shoulder_spring
2026-09-20,overlook_ridge,2027-05-11,470.0,0.010062271630040096,518.0,pacing,,False,False,233,shoulder_spring
2026-09-20,overlook_ridge,2027-05-12,485.0,0.009536850078008781,538.0,pacing,,False,False,234,shoulder_spring
2026-09-20,overlook_ridge,2027-05-13,490.0,0.00937347247695039,556.0,pacing,,False,False,235,shoulder_spring
2026-09-20,overlook_ridge,2027-05-14,570.0,0.0215534407191661,594.0,pacing,,False,False,236,shoulder_spring
2026-09-20,overlook_ridge,2027-05-15,575.0,0.021114871526076974,599.0,pacing,,False,False,237,shoulder_spring
2026-09-20,overlook_ridge,2027-05-16,505.0,0.008851727179086692,554.0,pacing,,False,False,238,shoulder_spring
2026-09-20,overlook_ridge,2027-05-17,490.0,0.009409173808125972,538.0,pacing,,False,False,239,shoulder_spring
2026-09-20,overlook_ridge,2027-05-18,485.0,0.009604944413106338,529.0,pacing,,False,False,240,shoulder_spring
2026-09-20,overlook_ridge,2027-05-19,490.0,0.00944126517670714,537.0,pacing,,False,False,241,shoulder_spring
2026-09-20,overlook_ridge,2027-05-20,495.0,0.009278213042101932,543.0,pacing,,False,False,242,shoulder_spring
2026-09-20,overlook_ridge,2027-05-21,575.0,0.020897580126291133,597.0,pacing,,False,False,243,shoulder_spring
2026-09-20,overlook_ridge,2027-05-22,570.0,0.020890073837892265,591.0,pacing,,False,False,244,shoulder_spring
2026-09-20,overlook_ridge,2027-05-23,510.0,0.008758585922651791,560.0,pacing,,False,False,245,shoulder_spring
2026-09-20,overlook_ridge,2027-05-24,490.0,0.009491813551319514,536.0,pacing,,False,False,246,shoulder_spring
2026-09-20,overlook_ridge,2027-05-25,500.0,0.009150511562658307,554.0,pacing,,False,False,247,shoulder_spring
2026-09-20,overlook_ridge,2027-05-26,495.0,0.009345874994076672,546.0,pacing,,False,False,248,shoulder_spring
2026-09-20,overlook_ridge,2027-05-27,540.0,0.0077585940848692685,603.0,pacing,,False,False,249,shoulder_spring
2026-09-20,overlook_ridge,2027-05-28,625.0,0.01841491118264109,749.0,pacing,,False,False,250,shoulder_spring
2026-09-20,overlook_ridge,2027-05-29,625.0,0.01827205278564045,750.0,pacing,,False,False,251,shoulder_spring
2026-09-20,overlook_ridge,2027-05-30,620.0,0.004933713389076736,719.0,pacing,,False,False,252,shoulder_spring
2026-09-20,overlook_ridge,2027-05-31,495.0,0.00941539576639737,556.0,pacing,,False,False,253,shoulder_spring
2026-09-20,overlook_ridge,2027-06-01,540.0,0.021788536425885744,595.0,pacing,,False,False,254,summer
2026-09-20,overlook_ridge,2027-06-02,530.0,0.0224284534494414,585.0,pacing,,False,False,255,summer
2026-09-20,overlook_ridge,2027-06-03,585.0,0.018730892809245506,646.0,pacing,,False,False,256,summer
2026-09-20,overlook_ridge,2027-06-04,695.0,0.029061800454306404,762.0,pacing,,False,False,257,summer
2026-09-20,overlook_ridge,2027-06-05,695.0,0.02889944962944542,765.0,pacing,,False,False,258,summer
2026-09-20,overlook_ridge,2027-06-06,600.0,0.01772637910342475,677.0,pacing,,False,False,259,summer
2026-09-20,overlook_ridge,2027-06-07,570.0,0.01970532555709813,726.0,pacing,,False,False,260,summer
2026-09-20,overlook_ridge,2027-06-08,555.0,0.020674896572837234,620.0,pacing,,False,False,261,summer
2026-09-20,overlook_ridge,2027-06-09,590.0,0.01835773724805062,665.0,pacing,,False,False,262,summer
2026-09-20,overlook_ridge,2027-06-10,715.0,0.005129028581311072,866.0,pacing,,False,False,263,summer
2026-09-20,overlook_ridge,2027-06-11,810.0,0.020431766787678333,991.0,pacing,,False,False,264,summer
2026-09-20,overlook_ridge,2027-06-12,825.0,0.019481213842142395,996.0,pacing,,False,False,265,summer
2026-09-20,overlook_ridge,2027-06-13,725.0,0.004405527736159095,908.0,pacing,,False,False,266,summer
2026-09-20,overlook_ridge,2027-06-14,735.0,0.0038173006630991897,883.0,pacing,,False,False,267,summer
2026-09-20,overlook_ridge,2027-06-15,795.0,0.001,959.0,pacing,,False,False,268,summer
2026-09-20,overlook_ridge,2027-06-16,850.0,0.001,1025.0,pacing,,False,False,269,summer
2026-09-20,overlook_ridge,2027-06-17,1170.0,0.001,1381.0,pacing,,False,False,270,summer
2026-09-20,overlook_ridge,2027-06-18,1230.0,0.001,1442.0,pacing,,False,False,271,summer
2026-09-20,overlook_ridge,2027-06-19,1205.0,0.001,1386.0,pacing,,False,False,272,summer
2026-09-20,overlook_ridge,2027-06-20,910.0,0.001,1062.0,pacing,,False,False,273,summer
2026-09-20,overlook_ridge,2027-06-21,875.0,0.001,1009.0,pacing,,False,False,274,summer
2026-09-20,overlook_ridge,2027-06-22,780.0,0.007957379955414493,1021.0,pacing,,False,False,275,summer
2026-09-20,overlook_ridge,2027-06-23,845.0,0.0035063682716517963,972.0,pacing,,False,False,276,summer
2026-09-20,overlook_ridge,2027-06-24,1040.0,0.001,1195.0,pacing,,False,False,277,summer
2026-09-20,overlook_ridge,2027-06-25,1265.0,0.001,1470.0,pacing,,False,False,278,summer
2026-09-20,overlook_ridge,2027-06-26,1205.0,0.004161636710150653,1390.0,pacing,,False,False,279,summer
2026-09-20,overlook_ridge,2027-06-27,1040.0,0.001,1189.0,pacing,,False,False,280,summer
2026-09-20,overlook_ridge,2027-06-28,930.0,0.001,1037.0,pacing,,False,False,281,summer
2026-09-20,overlook_ridge,2027-06-29,900.0,0.001,1014.0,pacing,,False,False,282,summer
2026-09-20,overlook_ridge,2027-06-30,1070.0,0.001,1203.0,pacing,,False,False,283,summer
2026-09-20,overlook_ridge,2027-07-01,1135.0,0.001,1281.0,pacing,,False,False,284,summer
2026-09-20,overlook_ridge,2027-07-02,1855.0,0.001,2058.0,pacing,,False,False,285,summer
2026-09-20,overlook_ridge,2027-07-03,1855.0,0.001,2103.0,pacing,,False,False,286,summer
2026-09-20,overlook_ridge,2027-07-04,1855.0,0.001,2013.0,pacing,,False,False,287,summer
2026-09-20,overlook_ridge,2027-07-05,935.0,0.001,1082.0,pacing,,False,False,288,summer
2026-09-20,overlook_ridge,2027-07-06,925.0,0.001,1061.0,pacing,,False,False,289,summer
2026-09-20,overlook_ridge,2027-07-07,1000.0,0.001,1146.0,pacing,,False,False,290,summer
2026-09-20,overlook_ridge,2027-07-08,1305.0,0.001,1490.0,pacing,,False,False,291,summer
2026-09-20,overlook_ridge,2027-07-09,1855.0,0.001,2064.0,pacing,,False,False,292,summer
2026-09-20,overlook_ridge,2027-07-10,1855.0,0.001,2137.0,pacing,,False,False,293,summer
2026-09-20,overlook_ridge,2027-07-11,1320.0,0.001,1465.0,pacing,,False,False,294,summer
2026-09-20,overlook_ridge,2027-07-12,1330.0,0.001,1458.0,pacing,,False,False,295,summer
2026-09-20,overlook_ridge,2027-07-13,1310.0,0.001,1436.0,pacing,,False,False,296,summer
2026-09-20,overlook_ridge,2027-07-14,1310.0,0.001,1451.0,pacing,,False,False,297,summer
2026-09-20,overlook_ridge,2027-07-15,1375.0,0.001,1531.0,pacing,,False,False,298,summer
2026-09-20,overlook_ridge,2027-07-16,1745.0,0.001,1916.0,pacing,,False,False,299,summer
2026-09-20,overlook_ridge,2027-07-17,1755.0,0.001,1972.0,pacing,,False,False,300,summer
2026-09-20,overlook_ridge,2027-07-18,1445.0,0.001,1641.0,pacing,,False,False,301,summer
2026-09-20,overlook_ridge,2027-07-19,1265.0,0.001,1448.0,pacing,,False,False,302,summer
2026-09-20,overlook_ridge,2027-07-20,1250.0,0.001,1429.0,pacing,,False,False,303,summer
2026-09-20,overlook_ridge,2027-07-21,1230.0,0.001,1233.0,pacing,,False,False,304,summer
2026-09-20,overlook_ridge,2027-07-22,1255.0,0.001,1442.0,pacing,,False,False,305,summer
2026-09-20,overlook_ridge,2027-07-23,1565.0,0.001,1785.0,pacing,,False,False,306,summer
2026-09-20,overlook_ridge,2027-07-24,1565.0,0.001,1817.0,pacing,,False,False,307,summer
2026-09-20,overlook_ridge,2027-07-25,1265.0,0.001,1482.0,pacing,,False,False,308,summer
2026-09-20,overlook_ridge,2027-07-26,1110.0,0.001,1281.0,pacing,,False,False,309,summer
2026-09-20,overlook_ridge,2027-07-27,1105.0,0.001,1281.0,pacing,,False,False,310,summer
2026-09-20,overlook_ridge,2027-07-28,1080.0,0.001,1265.0,pacing,,False,False,311,summer
2026-09-20,overlook_ridge,2027-07-29,1200.0,0.001,1399.0,pacing,,False,False,312,summer
2026-09-20,overlook_ridge,2027-07-30,1440.0,0.001,1673.0,pacing,,False,False,313,summer
2026-09-20,overlook_ridge,2027-07-31,1325.0,0.004095196118076807,1521.0,pacing,,False,False,314,summer
2026-09-20,overlook_ridge,2027-08-01,1015.0,0.001,1190.0,pacing,,False,False,315,summer
2026-09-20,overlook_ridge,2027-08-02,865.0,0.0078108937394764134,1012.0,pacing,,False,False,316,summer
2026-09-20,overlook_ridge,2027-08-03,840.0,0.009343117472703479,987.0,pacing,,False,False,317,summer
2026-09-20,overlook_ridge,2027-08-04,835.0,0.009696650821286231,985.0,pacing,,False,False,318,summer
2026-09-20,overlook_ridge,2027-08-05,955.0,0.0028559204876210807,1134.0,pacing,,False,False,319,summer
2026-09-20,overlook_ridge,2027-08-06,1075.0,0.015142245909801455,1297.0,pacing,,False,False,320,summer
2026-09-20,overlook_ridge,2027-08-07,1045.0,0.016496967575649762,1258.0,pacing,,False,False,321,summer
2026-09-20,overlook_ridge,2027-08-08,815.0,0.010990639370083048,978.0,pacing,,False,False,322,summer
2026-09-20,overlook_ridge,2027-08-09,720.0,0.01645579955597568,870.0,pacing,,False,False,323,summer
2026-09-20,overlook_ridge,2027-08-10,705.0,0.01731878737441445,848.0,pacing,,False,False,324,summer
2026-09-20,overlook_ridge,2027-08-11,705.0,0.01732339148392179,849.0,pacing,,False,False,325,summer
2026-09-20,overlook_ridge,2027-08-12,785.0,0.012822701360463422,939.0,pacing,,False,False,326,summer
2026-09-20,overlook_ridge,2027-08-13,905.0,0.022432843031793333,1094.0,pacing,,False,False,327,summer
2026-09-20,overlook_ridge,2027-08-14,860.0,0.02426215577045456,1034.0,pacing,,False,False,328,summer
2026-09-20,overlook_ridge,2027-08-15,695.0,0.017908022220605037,840.0,pacing,,False,False,329,summer
2026-09-20,overlook_ridge,2027-08-16,695.0,0.017907675468184104,838.0,pacing,,False,False,330,summer
2026-09-20,overlook_ridge,2027-08-17,695.0,0.017900866599503944,800.0,pacing,,False,False,331,summer
2026-09-20,overlook_ridge,2027-08-18,695.0,0.01789601940488573,793.0,pacing,,False,False,332,summer
2026-09-20,overlook_ridge,2027-08-19,695.0,0.017889679981677568,802.0,pacing,,False,False,333,summer
2026-09-20,overlook_ridge,2027-08-20,815.0,0.026046919188393153,997.0,pacing,,False,False,334,summer
2026-09-20,overlook_ridge,2027-08-21,810.0,0.026197297252653507,974.0,pacing,,False,False,335,summer
2026-09-20,overlook_ridge,2027-08-22,695.0,0.017886240215979538,809.0,pacing,,False,False,336,summer
2026-09-20,overlook_ridge,2027-08-23,695.0,0.017881124060558765,783.0,pacing,,False,False,337,summer
2026-09-20,overlook_ridge,2027-08-24,675.0,0.018965388217082477,625.0,pacing,,False,False,338,summer
2026-09-20,overlook_ridge,2027-08-25,670.0,0.019221720207286106,734.0,pacing,,False,False,339,summer
2026-09-20,overlook_ridge,2027-08-26,660.0,0.019746938660863845,721.0,pacing,,False,False,340,summer
2026-09-20,overlook_ridge,2027-08-27,735.0,0.029175907616966156,882.0,pacing,,False,False,341,summer
2026-09-20,overlook_ridge,2027-08-28,710.0,0.030036169703870866,842.0,pacing,,False,False,342,summer
2026-09-20,overlook_ridge,2027-08-29,695.0,0.017833354946137813,768.0,pacing,,False,False,343,summer
2026-09-20,overlook_ridge,2027-08-30,560.0,0.02509530682062936,588.0,pacing,,False,False,344,summer
2026-09-20,overlook_ridge,2027-08-31,540.0,0.026116799204763556,562.0,pacing,,False,False,345,summer
2026-09-20,overlook_ridge,2027-09-01,550.0,0.025522310083709233,568.0,pacing,,False,False,346,summer
2026-09-20,overlook_ridge,2027-09-02,625.0,0.021456106057861874,669.0,pacing,,False,False,347,summer
2026-09-20,overlook_ridge,2027-09-03,880.0,0.02310112059918143,1033.0,pacing,,False,False,348,summer
2026-09-20,overlook_ridge,2027-09-04,880.0,0.02304146012423066,1033.0,pacing,,False,False,349,summer
2026-09-20,overlook_ridge,2027-09-05,845.0,0.00969612577301705,990.0,pacing,,False,False,350,summer
2026-09-20,overlook_ridge,2027-09-06,545.0,0.02568114256246037,555.0,pacing,,False,False,351,summer
2026-09-20,overlook_ridge,2027-09-07,605.0,0.022449558618660426,620.0,pacing,,False,False,352,summer
2026-09-20,overlook_ridge,2027-09-08,605.0,0.022408347948800787,561.0,pacing,,False,False,353,summer
2026-09-20,overlook_ridge,2027-09-09,650.0,0.020000208631161764,669.0,pacing,,False,False,354,summer
2026-09-20,overlook_ridge,2027-09-10,695.0,0.030233915517391043,773.0,pacing,,False,False,355,summer
2026-09-20,overlook_ridge,2027-09-11,695.0,0.030061979170717595,752.0,pacing,,False,False,356,summer
2026-09-20,overlook_ridge,2027-09-12,695.0,0.01761554125111069,768.0,pacing,,False,False,357,summer
2026-09-20,overlook_ridge,2027-09-13,585.0,0.023346320913170335,602.0,pacing,,False,False,358,summer
2026-09-20,overlook_ridge,2027-09-14,580.0,0.023561355451311116,600.0,pacing,,False,False,359,summer
2026-09-20,overlook_ridge,2027-09-15,585.0,0.023254821778856363,600.0,pacing,,False,False,360,summer
2026-09-20,overlook_ridge,2027-09-16,610.0,0.00802477764648225,662.0,pacing,,False,False,361,shoulder_fall
2026-09-20,overlook_ridge,2027-09-17,665.0,0.018901907413321824,747.0,pacing,,False,False,362,shoulder_fall
2026-09-20,overlook_ridge,2027-09-18,620.0,0.021027854823916538,722.0,pacing,,False,False,363,shoulder_fall
2026-09-20,overlook_ridge,2027-09-19,545.0,0.012681153165055142,595.0,pacing,,False,False,364,shoulder_fall
2026-09-20,overlook_ridge,2027-09-20,490.0,0.016556536487426776,526.0,pacing,,False,False,365,shoulder_fall
2026-09-20,cloud_9,2026-09-21,675.0,0.001,750.0,pacing,,False,True,1,shoulder_fall
2026-09-20,cloud_9,2026-09-22,675.0,0.001,750.0,pacing,,False,True,2,shoulder_fall
2026-09-20,cloud_9,2026-09-23,675.0,0.11673275171700565,750.0,pacing,,False,True,3,shoulder_fall
2026-09-20,cloud_9,2026-09-24,675.0,0.10353475931627104,750.0,pacing,,False,True,4,shoulder_fall
2026-09-20,cloud_9,2026-09-28,710.0,0.08208056527462756,800.0,pacing,,False,True,8,shoulder_fall
2026-09-20,cloud_9,2026-10-05,750.0,0.001,850.0,pacing,,False,False,15,shoulder_fall
2026-09-20,cloud_9,2026-10-06,750.0,0.001,850.0,pacing,,False,False,16,shoulder_fall
2026-09-20,cloud_9,2026-10-07,750.0,0.001,850.0,pacing,,False,False,17,shoulder_fall
2026-09-20,cloud_9,2026-10-08,750.0,0.001,850.0,pacing,,False,False,18,shoulder_fall
2026-09-20,cloud_9,2026-10-09,760.0,0.24297217311050356,850.0,pacing,,False,False,19,shoulder_fall
2026-09-20,cloud_9,2026-10-10,760.0,0.25428473098396637,850.0,pacing,,False,False,20,shoulder_fall
2026-09-20,cloud_9,2026-10-11,750.0,0.001,850.0,pacing,,False,False,21,shoulder_fall
2026-09-20,cloud_9,2026-10-12,750.0,0.001,850.0,pacing,,False,False,22,shoulder_fall
2026-09-20,cloud_9,2026-10-13,750.0,0.001,850.0,pacing,,False,False,23,shoulder_fall
2026-09-20,cloud_9,2026-10-19,750.0,0.001,850.0,pacing,,False,False,29,shoulder_fall
2026-09-20,cloud_9,2026-10-20,750.0,0.001,850.0,pacing,,False,False,30,shoulder_fall
2026-09-20,cloud_9,2026-10-21,750.0,0.001,850.0,pacing,,False,False,31,shoulder_fall
2026-09-20,cloud_9,2026-10-22,750.0,0.001,850.0,pacing,,False,False,32,shoulder_fall
2026-09-20,cloud_9,2026-10-23,760.0,0.27884349746721854,850.0,pacing,,False,False,33,shoulder_fall
2026-09-20,cloud_9,2026-10-24,760.0,0.28306413421287957,850.0,pacing,,False,False,34,shoulder_fall
2026-09-20,cloud_9,2026-10-25,750.0,0.001,850.0,pacing,,False,False,35,shoulder_fall
2026-09-20,cloud_9,2026-10-26,750.0,0.001,850.0,pacing,,False,False,36,shoulder_fall
2026-09-20,cloud_9,2026-10-27,750.0,0.001,850.0,pacing,,False,False,37,shoulder_fall
2026-09-20,cloud_9,2026-10-28,750.0,0.001,850.0,pacing,,False,False,38,shoulder_fall
2026-09-20,cloud_9,2026-10-29,750.0,0.001,850.0,pacing,,False,False,39,shoulder_fall
2026-09-20,cloud_9,2026-10-30,760.0,0.28638009558058986,850.0,pacing,,False,False,40,shoulder_fall
2026-09-20,cloud_9,2026-10-31,755.0,0.2828090471132736,850.0,pacing,,False,False,41,shoulder_fall
2026-09-20,cloud_9,2026-11-01,685.0,0.001,765.0,pacing,,False,False,42,shoulder_fall
2026-09-20,cloud_9,2026-11-02,685.0,0.001,765.0,pacing,,False,False,43,shoulder_fall
2026-09-20,cloud_9,2026-11-03,685.0,0.001,765.0,pacing,,False,False,44,shoulder_fall
2026-09-20,cloud_9,2026-11-04,685.0,0.001,765.0,pacing,,False,False,45,shoulder_fall
2026-09-20,cloud_9,2026-11-05,685.0,0.001,765.0,pacing,,False,False,46,shoulder_fall
2026-09-20,cloud_9,2026-11-06,695.0,0.01503635143481566,765.0,pacing,,False,False,47,shoulder_fall
2026-09-20,cloud_9,2026-11-07,695.0,0.014886138724108407,765.0,pacing,,False,False,48,shoulder_fall
2026-09-20,cloud_9,2026-11-08,685.0,0.001,765.0,pacing,,False,False,49,shoulder_fall
2026-09-20,cloud_9,2026-11-09,685.0,0.001,765.0,pacing,,False,False,50,shoulder_fall
2026-09-20,cloud_9,2026-11-10,685.0,0.001,765.0,pacing,,False,False,51,shoulder_fall
2026-09-20,cloud_9,2026-11-11,685.0,0.001,765.0,pacing,,False,False,52,shoulder_fall
2026-09-20,cloud_9,2026-11-12,685.0,0.001,765.0,pacing,,False,False,53,shoulder_fall
2026-09-20,cloud_9,2026-11-13,685.0,0.42060434040007405,765.0,pacing,,False,False,54,shoulder_fall
2026-09-20,cloud_9,2026-11-14,685.0,0.392959220262488,765.0,pacing,,False,False,55,shoulder_fall
2026-09-20,cloud_9,2026-11-15,685.0,0.001,765.0,pacing,,False,False,56,shoulder_fall
2026-09-20,cloud_9,2026-11-16,685.0,0.001,765.0,pacing,,False,False,57,shoulder_fall
2026-09-20,cloud_9,2026-11-17,685.0,0.001,765.0,pacing,,False,False,58,shoulder_fall
2026-09-20,cloud_9,2026-11-18,685.0,0.001,765.0,pacing,,False,False,59,shoulder_fall
2026-09-20,cloud_9,2026-11-19,685.0,0.001,765.0,pacing,,False,False,60,shoulder_fall
2026-09-20,cloud_9,2026-11-20,695.0,0.014738711881761606,765.0,pacing,,False,False,61,shoulder_fall
2026-09-20,cloud_9,2026-11-21,705.0,0.049723498997365626,765.0,pacing,,False,False,62,early_winter
2026-09-20,cloud_9,2026-11-22,685.0,0.0015499923471339974,765.0,pacing,,False,False,63,early_winter
2026-09-20,cloud_9,2026-11-23,770.0,0.001,931.0,pacing,,False,False,64,early_winter
2026-09-20,cloud_9,2026-11-29,750.0,0.001,850.0,pacing,,False,False,70,early_winter
2026-09-20,cloud_9,2026-11-30,750.0,0.0014680050193047768,850.0,pacing,,False,False,71,early_winter
2026-09-20,cloud_9,2026-12-01,750.0,0.003507356489477119,850.0,pacing,,False,False,72,early_winter
2026-09-20,cloud_9,2026-12-02,750.0,0.0058591081772605665,850.0,pacing,,False,False,73,early_winter
2026-09-20,cloud_9,2026-12-03,750.0,0.00849175732823708,850.0,pacing,,False,False,74,early_winter
2026-09-20,cloud_9,2026-12-06,770.0,0.004549507389361124,850.0,pacing,,False,False,77,early_winter
2026-09-20,cloud_9,2026-12-07,750.0,0.009692752162537547,850.0,pacing,,False,False,78,early_winter
2026-09-20,cloud_9,2026-12-08,750.0,0.010186802313903308,850.0,pacing,,False,False,79,early_winter
2026-09-20,cloud_9,2026-12-09,750.0,0.010593746191472143,850.0,pacing,,False,False,80,early_winter
2026-09-20,cloud_9,2026-12-10,790.0,0.0024601166077115834,939.0,pacing,,False,False,81,early_winter
2026-09-20,cloud_9,2026-12-11,1095.0,0.001,1315.0,pacing,,False,False,82,early_winter
2026-09-20,cloud_9,2026-12-12,1240.0,0.001,1446.0,pacing,,False,False,83,early_winter
2026-09-20,cloud_9,2026-12-13,885.0,0.001,1017.0,pacing,,False,False,84,early_winter
2026-09-20,cloud_9,2026-12-14,800.0,0.002313685813031914,912.0,pacing,,False,False,85,early_winter
2026-09-20,cloud_9,2027-01-06,1795.0,0.0956855041424079,1328.0,pacing,,False,False,108,peak_ski
2026-09-20,cloud_9,2027-01-07,1215.0,0.001,1410.0,pacing,,False,False,109,peak_ski
2026-09-20,cloud_9,2027-01-08,1535.0,0.001,1763.0,pacing,,False,False,110,peak_ski
2026-09-20,cloud_9,2027-01-09,1385.0,0.0013527912530192714,1632.0,pacing,,False,False,111,peak_ski
2026-09-20,cloud_9,2027-01-10,1300.0,0.001,1521.0,pacing,,False,False,112,peak_ski
2026-09-20,cloud_9,2027-01-11,980.0,0.001,1156.0,pacing,,False,False,113,peak_ski
2026-09-20,cloud_9,2027-01-12,1225.0,0.1725111101817174,1095.0,pacing,,False,False,114,peak_ski
2026-09-20,cloud_9,2027-01-13,1575.0,0.11945359998086699,1448.0,pacing,,False,False,115,peak_ski
2026-09-20,cloud_9,2027-01-14,1590.0,0.001,1899.0,pacing,,False,False,116,peak_ski
2026-09-20,cloud_9,2027-01-15,2385.0,0.001,2714.0,pacing,,False,False,117,peak_ski
2026-09-20,cloud_9,2027-01-16,2275.0,0.001,2647.0,pacing,,False,False,118,peak_ski
2026-09-20,cloud_9,2027-01-17,2260.0,0.001,2593.0,pacing,,False,False,119,peak_ski
2026-09-20,cloud_9,2027-01-18,1165.0,0.001,1379.0,pacing,,False,False,120,peak_ski
2026-09-20,cloud_9,2027-01-19,1475.0,0.12967132233314665,1321.0,pacing,,False,False,121,peak_ski
2026-09-20,cloud_9,2027-01-20,1420.0,0.1332210954517231,1290.0,pacing,,False,False,122,peak_ski
2026-09-20,cloud_9,2027-01-21,1475.0,0.001,1729.0,pacing,,False,False,123,peak_ski
2026-09-20,cloud_9,2027-01-22,2240.0,0.001,2467.0,pacing,,False,False,124,peak_ski
2026-09-20,cloud_9,2027-01-23,2385.0,0.001,2646.0,pacing,,False,False,125,peak_ski
2026-09-20,cloud_9,2027-01-24,1615.0,0.001,1884.0,pacing,,False,False,126,peak_ski
2026-09-20,cloud_9,2027-01-25,1610.0,0.001,1895.0,pacing,,False,False,127,peak_ski
2026-09-20,cloud_9,2027-01-26,1605.0,0.001,1910.0,pacing,,False,False,128,peak_ski
2026-09-20,cloud_9,2027-01-27,1670.0,0.001,1945.0,pacing,,False,False,129,peak_ski
2026-09-20,cloud_9,2027-01-28,1860.0,0.001,2149.0,pacing,,False,False,130,peak_ski
2026-09-20,cloud_9,2027-01-29,2385.0,0.001,2945.0,pacing,,False,False,131,peak_ski
2026-09-20,cloud_9,2027-01-30,2385.0,0.001,2973.0,pacing,,False,False,132,peak_ski
2026-09-20,cloud_9,2027-01-31,1670.0,0.001,1915.0,pacing,,False,False,133,peak_ski
2026-09-20,cloud_9,2027-02-01,1190.0,0.001,1420.0,pacing,,False,False,134,peak_ski
2026-09-20,cloud_9,2027-02-02,1185.0,0.001,1401.0,pacing,,False,False,135,peak_ski
2026-09-20,cloud_9,2027-02-03,1230.0,0.001,1458.0,pacing,,False,False,136,peak_ski
2026-09-20,cloud_9,2027-02-04,2030.0,0.001,2288.0,pacing,,False,False,137,peak_ski
2026-09-20,cloud_9,2027-02-05,2385.0,0.001,2907.0,pacing,,False,False,138,peak_ski
2026-09-20,cloud_9,2027-02-06,2385.0,0.001,3114.0,pacing,,False,False,139,peak_ski
2026-09-20,cloud_9,2027-02-07,1980.0,0.001,2285.0,pacing,,False,False,140,peak_ski
2026-09-20,cloud_9,2027-02-08,1895.0,0.001,2200.0,pacing,,False,False,141,peak_ski
2026-09-20,cloud_9,2027-02-09,1880.0,0.001,2175.0,pacing,,False,False,142,peak_ski
2026-09-20,cloud_9,2027-02-10,1940.0,0.001,2216.0,pacing,,False,False,143,peak_ski
2026-09-20,cloud_9,2027-02-11,2345.0,0.001,2667.0,pacing,,False,False,144,peak_ski
2026-09-20,cloud_9,2027-02-12,2385.0,0.001,3976.0,pacing,,False,False,145,peak_ski
2026-09-20,cloud_9,2027-02-13,2385.0,0.001,3903.0,pacing,,False,False,146,peak_ski
2026-09-20,cloud_9,2027-02-14,2385.0,0.001,3945.0,pacing,,False,False,147,peak_ski
2026-09-20,cloud_9,2027-02-15,2150.0,0.001,2399.0,pacing,,False,False,148,peak_ski
2026-09-20,cloud_9,2027-02-16,1945.0,0.001,2210.0,pacing,,False,False,149,peak_ski
2026-09-20,cloud_9,2027-02-17,1980.0,0.001,2228.0,pacing,,False,False,150,peak_ski
2026-09-20,cloud_9,2027-02-18,2260.0,0.001,2564.0,pacing,,False,False,151,peak_ski
2026-09-20,cloud_9,2027-02-19,2385.0,0.001,3605.0,pacing,,False,False,152,peak_ski
2026-09-20,cloud_9,2027-02-20,2385.0,0.001,3319.0,pacing,,False,False,153,peak_ski
2026-09-20,cloud_9,2027-02-21,2060.0,0.001,2343.0,pacing,,False,False,154,peak_ski
2026-09-20,cloud_9,2027-02-22,1590.0,0.001,1870.0,pacing,,False,False,155,peak_ski
2026-09-20,cloud_9,2027-02-23,1385.0,0.001,1681.0,pacing,,False,False,156,peak_ski
2026-09-20,cloud_9,2027-02-24,1505.0,0.001,1792.0,pacing,,False,False,157,peak_ski
2026-09-20,cloud_9,2027-02-25,2305.0,0.001,2521.0,pacing,,False,False,158,peak_ski
2026-09-20,cloud_9,2027-02-26,2385.0,0.001,3155.0,pacing,,False,False,159,peak_ski
2026-09-20,cloud_9,2027-02-27,2385.0,0.001,3038.0,pacing,,False,False,160,peak_ski
2026-09-20,cloud_9,2027-02-28,1810.0,0.001,2086.0,pacing,,False,False,161,peak_ski
2026-09-20,cloud_9,2027-03-01,1365.0,0.001,1638.0,pacing,,False,False,162,peak_ski
2026-09-20,cloud_9,2027-03-02,1370.0,0.001,1641.0,pacing,,False,False,163,peak_ski
2026-09-20,cloud_9,2027-03-03,1375.0,0.001,1654.0,pacing,,False,False,164,peak_ski
2026-09-20,cloud_9,2027-03-04,1765.0,0.001,2042.0,pacing,,False,False,165,peak_ski
2026-09-20,cloud_9,2027-03-05,2385.0,0.001,2795.0,pacing,,False,False,166,peak_ski
2026-09-20,cloud_9,2027-03-06,2385.0,0.001,2928.0,pacing,,False,False,167,peak_ski
2026-09-20,cloud_9,2027-03-07,2195.0,0.001,2522.0,pacing,,False,False,168,peak_ski
2026-09-20,cloud_9,2027-03-08,2025.0,0.001,2360.0,pacing,,False,False,169,peak_ski
2026-09-20,cloud_9,2027-03-09,1985.0,0.001,2311.0,pacing,,False,False,170,peak_ski
2026-09-20,cloud_9,2027-03-10,1985.0,0.001,2304.0,pacing,,False,False,171,peak_ski
2026-09-20,cloud_9,2027-03-11,2235.0,0.001,2562.0,pacing,,False,False,172,peak_ski
2026-09-20,cloud_9,2027-03-12,2385.0,0.001,3012.0,pacing,,False,False,173,peak_ski
2026-09-20,cloud_9,2027-03-13,2385.0,0.001,3061.0,pacing,,False,False,174,peak_ski
2026-09-20,cloud_9,2027-03-14,2385.0,0.001,3107.0,pacing,,False,False,175,peak_ski
2026-09-20,cloud_9,2027-03-15,2385.0,0.001,2982.0,pacing,,False,False,176,peak_ski
2026-09-20,cloud_9,2027-03-16,2385.0,0.001,2952.0,pacing,,False,False,177,peak_ski
2026-09-20,cloud_9,2027-03-17,2385.0,0.001,2972.0,pacing,,False,False,178,peak_ski
2026-09-20,cloud_9,2027-03-18,2385.0,0.001,2993.0,pacing,,False,False,179,peak_ski
2026-09-20,cloud_9,2027-03-19,2385.0,0.001,2765.0,pacing,,False,False,180,peak_ski
2026-09-20,cloud_9,2027-03-20,2385.0,0.001,2656.0,pacing,,False,False,181,peak_ski
2026-09-20,cloud_9,2027-03-21,1580.0,0.001,1902.0,pacing,,False,False,182,peak_ski
2026-09-20,cloud_9,2027-03-22,1945.0,0.001,2237.0,pacing,,False,False,183,peak_ski
2026-09-20,cloud_9,2027-03-23,1925.0,0.001,2276.0,pacing,,False,False,184,peak_ski
2026-09-20,cloud_9,2027-03-24,1350.0,0.0018804425822829185,1491.0,pacing,,False,False,185,peak_ski
2026-09-20,cloud_9,2027-03-25,1460.0,0.001,1743.0,pacing,,False,False,186,peak_ski
2026-09-20,cloud_9,2027-03-26,1645.0,0.006139081441898973,1937.0,pacing,,False,False,187,peak_ski
2026-09-20,cloud_9,2027-03-27,1460.0,0.008243660521156826,1727.0,pacing,,False,False,188,peak_ski
2026-09-20,cloud_9,2027-03-28,1195.0,0.003630036046009537,1425.0,pacing,,False,False,189,peak_ski
2026-09-20,cloud_9,2027-03-29,1035.0,0.005375666575946918,1147.0,pacing,,False,False,190,peak_ski
2026-09-20,cloud_9,2027-03-30,1020.0,0.005550092264311336,1079.0,pacing,,False,False,191,peak_ski
2026-09-20,cloud_9,2027-03-31,1035.0,0.0053997562404510795,1093.0,pacing,,False,False,192,peak_ski
2026-09-20,cloud_9,2027-04-01,1055.0,0.001,1240.0,pacing,,False,False,193,shoulder_spring
2026-09-20,cloud_9,2027-04-02,1110.0,0.001,1337.0,pacing,,False,False,194,shoulder_spring
2026-09-20,cloud_9,2027-04-03,1040.0,0.0014080997142467376,1241.0,pacing,,False,False,195,shoulder_spring
2026-09-20,cloud_9,2027-04-04,855.0,0.001,1018.0,pacing,,False,False,196,shoulder_spring
2026-09-20,cloud_9,2027-04-05,750.0,0.001,850.0,pacing,,False,False,197,shoulder_spring
2026-09-20,cloud_9,2027-04-06,750.0,0.001,850.0,pacing,,False,False,198,shoulder_spring
2026-09-20,cloud_9,2027-04-07,750.0,0.001,850.0,pacing,,False,False,199,shoulder_spring
2026-09-20,cloud_9,2027-04-08,780.0,0.001,889.0,pacing,,False,False,200,shoulder_spring
2026-09-20,cloud_9,2027-04-09,795.0,0.013309911471553273,930.0,pacing,,False,False,201,shoulder_spring
2026-09-20,cloud_9,2027-04-10,780.0,0.013892820207533074,850.0,pacing,,False,False,202,shoulder_spring
2026-09-20,cloud_9,2027-04-11,750.0,0.001,850.0,pacing,,False,False,203,shoulder_spring
2026-09-20,cloud_9,2027-04-12,750.0,0.001,850.0,pacing,,False,False,204,shoulder_spring
2026-09-20,cloud_9,2027-04-13,750.0,0.001,850.0,pacing,,False,False,205,shoulder_spring
2026-09-20,cloud_9,2027-04-14,750.0,0.001,850.0,pacing,,False,False,206,shoulder_spring
2026-09-20,cloud_9,2027-04-15,750.0,0.001,850.0,pacing,,False,False,207,shoulder_spring
2026-09-20,cloud_9,2027-04-16,795.0,0.013053298214481937,890.0,pacing,,False,False,208,shoulder_spring
2026-09-20,cloud_9,2027-04-17,775.0,0.013833419611071273,850.0,pacing,,False,False,209,shoulder_spring
2026-09-20,cloud_9,2027-04-18,750.0,0.001,850.0,pacing,,False,False,210,shoulder_spring
2026-09-20,cloud_9,2027-04-19,750.0,0.001,850.0,pacing,,False,False,211,shoulder_spring
2026-09-20,cloud_9,2027-04-20,750.0,0.001,850.0,pacing,,False,False,212,shoulder_spring
2026-09-20,cloud_9,2027-04-21,750.0,0.001,850.0,pacing,,False,False,213,shoulder_spring
2026-09-20,cloud_9,2027-04-22,750.0,0.001,850.0,pacing,,False,False,214,shoulder_spring
2026-09-20,cloud_9,2027-04-23,795.0,0.01276442800459113,907.0,pacing,,False,False,215,shoulder_spring
2026-09-20,cloud_9,2027-04-24,795.0,0.012636910216477101,887.0,pacing,,False,False,216,shoulder_spring
2026-09-20,cloud_9,2027-04-25,750.0,0.001,850.0,pacing,,False,False,217,shoulder_spring
2026-09-20,cloud_9,2027-04-26,750.0,0.001,850.0,pacing,,False,False,218,shoulder_spring
2026-09-20,cloud_9,2027-04-27,750.0,0.001,850.0,pacing,,False,False,219,shoulder_spring
2026-09-20,cloud_9,2027-04-28,750.0,0.001,850.0,pacing,,False,False,220,shoulder_spring
2026-09-20,cloud_9,2027-04-29,750.0,0.001,850.0,pacing,,False,False,221,shoulder_spring
2026-09-20,cloud_9,2027-04-30,775.0,0.01339529697931112,850.0,pacing,,False,False,222,shoulder_spring
2026-09-20,cloud_9,2027-05-01,775.0,0.01323914649141799,850.0,pacing,,False,False,223,shoulder_spring
2026-09-20,cloud_9,2027-05-02,750.0,0.001,850.0,pacing,,False,False,224,shoulder_spring
2026-09-20,cloud_9,2027-05-03,750.0,0.001,850.0,pacing,,False,False,225,shoulder_spring
2026-09-20,cloud_9,2027-05-04,750.0,0.001,850.0,pacing,,False,False,226,shoulder_spring
2026-09-20,cloud_9,2027-05-05,750.0,0.001,850.0,pacing,,False,False,227,shoulder_spring
2026-09-20,cloud_9,2027-05-06,750.0,0.001,850.0,pacing,,False,False,228,shoulder_spring
2026-09-20,cloud_9,2027-05-07,775.0,0.013083987371464078,850.0,pacing,,False,False,229,shoulder_spring
2026-09-20,cloud_9,2027-05-08,775.0,0.012935973874459128,850.0,pacing,,False,False,230,shoulder_spring
2026-09-20,cloud_9,2027-05-09,750.0,0.001,850.0,pacing,,False,False,231,shoulder_spring
2026-09-20,cloud_9,2027-05-10,750.0,0.001,850.0,pacing,,False,False,232,shoulder_spring
2026-09-20,cloud_9,2027-05-11,750.0,0.001,850.0,pacing,,False,False,233,shoulder_spring
2026-09-20,cloud_9,2027-05-12,750.0,0.001,850.0,pacing,,False,False,234,shoulder_spring
2026-09-20,cloud_9,2027-05-13,750.0,0.001,850.0,pacing,,False,False,235,shoulder_spring
2026-09-20,cloud_9,2027-05-14,780.0,0.012573400701973362,874.0,pacing,,False,False,236,shoulder_spring
2026-09-20,cloud_9,2027-05-15,795.0,0.011800526008813787,891.0,pacing,,False,False,237,shoulder_spring
2026-09-20,cloud_9,2027-05-16,750.0,0.001,850.0,pacing,,False,False,238,shoulder_spring
2026-09-20,cloud_9,2027-05-17,750.0,0.001,850.0,pacing,,False,False,239,shoulder_spring
2026-09-20,cloud_9,2027-05-18,750.0,0.001,850.0,pacing,,False,False,240,shoulder_spring
2026-09-20,cloud_9,2027-05-19,750.0,0.001,850.0,pacing,,False,False,241,shoulder_spring
2026-09-20,cloud_9,2027-05-20,750.0,0.001,850.0,pacing,,False,False,242,shoulder_spring
2026-09-20,cloud_9,2027-05-21,775.0,0.012514129735435874,850.0,pacing,,False,False,243,shoulder_spring
2026-09-20,cloud_9,2027-05-22,775.0,0.01238080214801141,850.0,pacing,,False,False,244,shoulder_spring
2026-09-20,cloud_9,2027-05-23,750.0,0.001,850.0,pacing,,False,False,245,shoulder_spring
2026-09-20,cloud_9,2027-05-24,750.0,0.001,850.0,pacing,,False,False,246,shoulder_spring
2026-09-20,cloud_9,2027-05-25,750.0,0.001,850.0,pacing,,False,False,247,shoulder_spring
2026-09-20,cloud_9,2027-05-26,750.0,0.001,850.0,pacing,,False,False,248,shoulder_spring
2026-09-20,cloud_9,2027-05-27,750.0,0.001,850.0,pacing,,False,False,249,shoulder_spring
2026-09-20,cloud_9,2027-05-28,860.0,0.008753967292264634,1015.0,pacing,,False,False,250,shoulder_spring
2026-09-20,cloud_9,2027-05-29,860.0,0.00871999169186479,1015.0,pacing,,False,False,251,shoulder_spring
2026-09-20,cloud_9,2027-05-30,825.0,0.001,973.0,pacing,,False,False,252,shoulder_spring
2026-09-20,cloud_9,2027-05-31,750.0,0.001,850.0,pacing,,False,False,253,shoulder_spring
2026-09-20,cloud_9,2027-06-01,750.0,0.00768632744615719,850.0,pacing,,False,False,254,summer
2026-09-20,cloud_9,2027-06-02,750.0,0.0077141674750563155,850.0,pacing,,False,False,255,summer
2026-09-20,cloud_9,2027-06-03,750.0,0.007738843864937059,850.0,pacing,,False,False,256,summer
2026-09-20,cloud_9,2027-06-04,870.0,0.019880087959839813,1021.0,pacing,,False,False,257,summer
2026-09-20,cloud_9,2027-06-05,850.0,0.020839926047394326,1000.0,pacing,,False,False,258,summer
2026-09-20,cloud_9,2027-06-06,750.0,0.007775488849340811,858.0,pacing,,False,False,259,summer
2026-09-20,cloud_9,2027-06-07,750.0,0.00781494132611105,850.0,pacing,,False,False,260,summer
2026-09-20,cloud_9,2027-06-08,750.0,0.007846144017347609,850.0,pacing,,False,False,261,summer
2026-09-20,cloud_9,2027-06-09,750.0,0.007873651307372097,850.0,pacing,,False,False,262,summer
2026-09-20,cloud_9,2027-06-10,930.0,0.001,1117.0,pacing,,False,False,263,summer
2026-09-20,cloud_9,2027-06-11,1145.0,0.001,1379.0,pacing,,False,False,264,summer
2026-09-20,cloud_9,2027-06-12,1135.0,0.001,1364.0,pacing,,False,False,265,summer
2026-09-20,cloud_9,2027-06-13,970.0,0.001,1200.0,pacing,,False,False,266,summer
2026-09-20,cloud_9,2027-06-14,1010.0,0.001,1211.0,pacing,,False,False,267,summer
2026-09-20,cloud_9,2027-06-15,1070.0,0.001,1283.0,pacing,,False,False,268,summer
2026-09-20,cloud_9,2027-06-16,1115.0,0.001,1349.0,pacing,,False,False,269,summer
2026-09-20,cloud_9,2027-06-17,1550.0,0.001,1813.0,pacing,,False,False,270,summer
2026-09-20,cloud_9,2027-06-18,1550.0,0.001,1802.0,pacing,,False,False,271,summer
2026-09-20,cloud_9,2027-06-19,1545.0,0.001,1758.0,pacing,,False,False,272,summer
2026-09-20,cloud_9,2027-06-20,1135.0,0.001,1354.0,pacing,,False,False,273,summer
2026-09-20,cloud_9,2027-06-21,1000.0,0.001,1302.0,pacing,,False,False,274,summer
2026-09-20,cloud_9,2027-06-22,1095.0,0.001,1305.0,pacing,,False,False,275,summer
2026-09-20,cloud_9,2027-06-23,1050.0,0.001,1281.0,pacing,,False,False,276,summer
2026-09-20,cloud_9,2027-06-24,1335.0,0.001,1539.0,pacing,,False,False,277,summer
2026-09-20,cloud_9,2027-06-25,1605.0,0.001,1820.0,pacing,,False,False,278,summer
2026-09-20,cloud_9,2027-06-26,1470.0,0.001,1701.0,pacing,,False,False,279,summer
2026-09-20,cloud_9,2027-06-27,1245.0,0.001,1435.0,pacing,,False,False,280,summer
2026-09-20,cloud_9,2027-06-28,1105.0,0.001,1254.0,pacing,,False,False,281,summer
2026-09-20,cloud_9,2027-06-29,1075.0,0.001,1230.0,pacing,,False,False,282,summer
2026-09-20,cloud_9,2027-06-30,1290.0,0.001,1467.0,pacing,,False,False,283,summer
2026-09-20,cloud_9,2027-07-01,1330.0,0.001,1523.0,pacing,,False,False,284,summer
2026-09-20,cloud_9,2027-07-02,2385.0,0.001,2610.0,pacing,,False,False,285,summer
2026-09-20,cloud_9,2027-07-03,2385.0,0.001,2677.0,pacing,,False,False,286,summer
2026-09-20,cloud_9,2027-07-04,2380.0,0.001,2574.0,pacing,,False,False,287,summer
2026-09-20,cloud_9,2027-07-05,1085.0,0.001,1265.0,pacing,,False,False,288,summer
2026-09-20,cloud_9,2027-07-06,1080.0,0.001,1241.0,pacing,,False,False,289,summer
2026-09-20,cloud_9,2027-07-07,1120.0,0.001,1287.0,pacing,,False,False,290,summer
2026-09-20,cloud_9,2027-07-08,1445.0,0.001,1665.0,pacing,,False,False,291,summer
2026-09-20,cloud_9,2027-07-09,2155.0,0.001,2379.0,pacing,,False,False,292,summer
2026-09-20,cloud_9,2027-07-10,2235.0,0.001,2449.0,pacing,,False,False,293,summer
2026-09-20,cloud_9,2027-07-11,1450.0,0.001,1613.0,pacing,,False,False,294,summer
2026-09-20,cloud_9,2027-07-12,1420.0,0.001,1541.0,pacing,,False,False,295,summer
2026-09-20,cloud_9,2027-07-13,1380.0,0.001,1295.0,pacing,,False,False,296,summer
2026-09-20,cloud_9,2027-07-14,1390.0,0.001,1335.0,pacing,,False,False,297,summer
2026-09-20,cloud_9,2027-07-15,1445.0,0.001,1618.0,pacing,,False,False,298,summer
2026-09-20,cloud_9,2027-07-16,1905.0,0.001,2062.0,pacing,,False,False,299,summer
2026-09-20,cloud_9,2027-07-17,2025.0,0.001,2197.0,pacing,,False,False,300,summer
2026-09-20,cloud_9,2027-07-18,1690.0,0.001,1805.0,pacing,,False,False,301,summer
2026-09-20,cloud_9,2027-07-19,1420.0,0.001,1605.0,pacing,,False,False,302,summer
2026-09-20,cloud_9,2027-07-20,1395.0,0.001,1562.0,pacing,,False,False,303,summer
2026-09-20,cloud_9,2027-07-21,1355.0,0.001,1365.0,pacing,,False,False,304,summer
2026-09-20,cloud_9,2027-07-22,1360.0,0.001,1552.0,pacing,,False,False,305,summer
2026-09-20,cloud_9,2027-07-23,1750.0,0.001,1952.0,pacing,,False,False,306,summer
2026-09-20,cloud_9,2027-07-24,1795.0,0.001,2051.0,pacing,,False,False,307,summer
2026-09-20,cloud_9,2027-07-25,1495.0,0.001,1751.0,pacing,,False,False,308,summer
2026-09-20,cloud_9,2027-07-26,1265.0,0.001,1476.0,pacing,,False,False,309,summer
2026-09-20,cloud_9,2027-07-27,1260.0,0.001,1476.0,pacing,,False,False,310,summer
2026-09-20,cloud_9,2027-07-28,1245.0,0.001,1476.0,pacing,,False,False,311,summer
2026-09-20,cloud_9,2027-07-29,1440.0,0.001,1679.0,pacing,,False,False,312,summer
2026-09-20,cloud_9,2027-07-30,1795.0,0.001,2024.0,pacing,,False,False,313,summer
2026-09-20,cloud_9,2027-07-31,1590.0,0.001,1803.0,pacing,,False,False,314,summer
2026-09-20,cloud_9,2027-08-01,1230.0,0.001,1449.0,pacing,,False,False,315,summer
2026-09-20,cloud_9,2027-08-02,1040.0,0.001,1224.0,pacing,,False,False,316,summer
2026-09-20,cloud_9,2027-08-03,965.0,0.0020898453134363254,1134.0,pacing,,False,False,317,summer
2026-09-20,cloud_9,2027-08-04,955.0,0.0027647633489788176,1123.0,pacing,,False,False,318,summer
2026-09-20,cloud_9,2027-08-05,1135.0,0.001,1334.0,pacing,,False,False,319,summer
2026-09-20,cloud_9,2027-08-06,1340.0,0.003765417162309029,1572.0,pacing,,False,False,320,summer
2026-09-20,cloud_9,2027-08-07,1280.0,0.0065139306615432935,1514.0,pacing,,False,False,321,summer
2026-09-20,cloud_9,2027-08-08,995.0,0.001,1176.0,pacing,,False,False,322,summer
2026-09-20,cloud_9,2027-08-09,910.0,0.005631635549913704,1088.0,pacing,,False,False,323,summer
2026-09-20,cloud_9,2027-08-10,885.0,0.007104988071115347,1212.0,pacing,,False,False,324,summer
2026-09-20,cloud_9,2027-08-11,875.0,0.007714320313025355,1045.0,pacing,,False,False,325,summer
2026-09-20,cloud_9,2027-08-12,1010.0,0.001,1204.0,pacing,,False,False,326,summer
2026-09-20,cloud_9,2027-08-13,1160.0,0.011709274402462845,1375.0,pacing,,False,False,327,summer
2026-09-20,cloud_9,2027-08-14,1090.0,0.014678268331866537,1294.0,pacing,,False,False,328,summer
2026-09-20,cloud_9,2027-08-15,880.0,0.007535517344075434,1041.0,pacing,,False,False,329,summer
2026-09-20,cloud_9,2027-08-16,795.0,0.012322121905725307,1074.0,pacing,,False,False,330,summer
2026-09-20,cloud_9,2027-08-17,880.0,0.007604899416705186,1048.0,pacing,,False,False,331,summer
2026-09-20,cloud_9,2027-08-18,870.0,0.00819218401439212,887.0,pacing,,False,False,332,summer
2026-09-20,cloud_9,2027-08-19,910.0,0.006010858888714367,1073.0,pacing,,False,False,333,summer
2026-09-20,cloud_9,2027-08-20,1145.0,0.012416789814106636,1350.0,pacing,,False,False,334,summer
2026-09-20,cloud_9,2027-08-21,1130.0,0.013109476830342113,1334.0,pacing,,False,False,335,summer
2026-09-20,cloud_9,2027-08-22,890.0,0.007152060162283945,1074.0,pacing,,False,False,336,summer
2026-09-20,cloud_9,2027-08-23,850.0,0.00937979201651071,850.0,pacing,,False,False,337,summer
2026-09-20,cloud_9,2027-08-24,845.0,0.00967422351040245,850.0,pacing,,False,False,338,summer
2026-09-20,cloud_9,2027-08-25,855.0,0.009145414806099648,1007.0,pacing,,False,False,339,summer
2026-09-20,cloud_9,2027-08-26,865.0,0.008619296256717405,1017.0,pacing,,False,False,340,summer
2026-09-20,cloud_9,2027-08-27,1055.0,0.016214183185255034,1239.0,pacing,,False,False,341,summer
2026-09-20,cloud_9,2027-08-28,1030.0,0.017174187575359455,1213.0,pacing,,False,False,342,summer
2026-09-20,cloud_9,2027-08-29,795.0,0.012423553919507533,907.0,pacing,,False,False,343,summer
2026-09-20,cloud_9,2027-08-30,770.0,0.013771869663175495,850.0,pacing,,False,False,344,summer
2026-09-20,cloud_9,2027-08-31,770.0,0.013750160931147127,850.0,pacing,,False,False,345,summer
2026-09-20,cloud_9,2027-09-01,770.0,0.013726196333817612,850.0,pacing,,False,False,346,summer
2026-09-20,cloud_9,2027-09-02,795.0,0.012366337759871657,938.0,pacing,,False,False,347,summer
2026-09-20,cloud_9,2027-09-03,1295.0,0.006546580165930329,1495.0,pacing,,False,False,348,summer
2026-09-20,cloud_9,2027-09-04,1295.0,0.006630607945834204,1495.0,pacing,,False,False,349,summer
2026-09-20,cloud_9,2027-09-05,1240.0,0.001,1435.0,pacing,,False,False,350,summer
2026-09-20,cloud_9,2027-09-06,770.0,0.013742164721274278,850.0,pacing,,False,False,351,summer
2026-09-20,cloud_9,2027-09-07,785.0,0.012924648336905762,870.0,pacing,,False,False,352,summer
2026-09-20,cloud_9,2027-09-08,785.0,0.012911485392060619,850.0,pacing,,False,False,353,summer
2026-09-20,cloud_9,2027-09-09,835.0,0.010268258085241795,961.0,pacing,,False,False,354,summer
2026-09-20,cloud_9,2027-09-10,970.0,0.019452869188609972,1122.0,pacing,,False,False,355,summer
2026-09-20,cloud_9,2027-09-11,930.0,0.02091110824016209,1075.0,pacing,,False,False,356,summer
2026-09-20,cloud_9,2027-09-12,795.0,0.012371819713055524,892.0,pacing,,False,False,357,summer
2026-09-20,cloud_9,2027-09-13,785.0,0.012891755096843635,862.0,pacing,,False,False,358,summer
2026-09-20,cloud_9,2027-09-14,780.0,0.013136614762702576,860.0,pacing,,False,False,359,summer
2026-09-20,cloud_9,2027-09-15,785.0,0.012859569853359853,861.0,pacing,,False,False,360,summer
2026-09-20,cloud_9,2027-09-16,845.0,0.001,970.0,pacing,,False,False,361,shoulder_fall
2026-09-20,cloud_9,2027-09-17,965.0,0.003874012806693191,1092.0,pacing,,False,False,362,shoulder_fall
2026-09-20,cloud_9,2027-09-18,895.0,0.007428748828958741,1063.0,pacing,,False,False,363,shoulder_fall
2026-09-20,cloud_9,2027-09-19,760.0,0.001,856.0,pacing,,False,False,364,shoulder_fall
2026-09-20,cloud_9,2027-09-20,750.0,0.001,850.0,pacing,,False,False,365,shoulder_fall
2026-09-21,summit_haus,2026-09-28,335.0,0.995,368.0,pacing,,False,True,7,shoulder_fall
2026-09-21,summit_haus,2026-09-29,335.0,0.9169163491875473,325.0,pacing,,False,True,8,shoulder_fall
2026-09-21,summit_haus,2026-09-30,340.0,0.8669191243259684,337.0,pacing,,False,False,9,shoulder_fall
2026-09-21,summit_haus,2026-10-01,360.0,0.634807767259081,386.0,pacing,,False,False,10,shoulder_fall
2026-09-21,summit_haus,2026-10-12,405.0,0.014833148661751854,399.0,pacing,,False,False,21,shoulder_fall
2026-09-21,summit_haus,2026-10-13,405.0,0.014807973168562144,390.0,pacing,,False,False,22,shoulder_fall
2026-09-21,summit_haus,2026-10-14,425.0,0.013595663333571793,424.0,pacing,,False,False,23,shoulder_fall
2026-09-21,summit_haus,2026-10-15,435.0,0.012970468163573872,438.0,pacing,,False,False,24,shoulder_fall
2026-09-21,summit_haus,2026-10-20,335.0,0.025273952426945252,376.0,pacing,,False,False,29,shoulder_fall
2026-09-21,summit_haus,2026-10-21,335.0,0.026825198858888157,374.0,pacing,,False,False,30,shoulder_fall
2026-09-21,summit_haus,2026-10-26,405.0,0.024633167996370428,386.0,pacing,,False,False,35,shoulder_fall
2026-09-21,summit_haus,2026-10-27,405.0,0.024579756794813296,392.0,pacing,,False,False,36,shoulder_fall
2026-09-21,summit_haus,2026-10-28,410.0,0.0240404686524651,394.0,pacing,,False,False,37,shoulder_fall
2026-09-21,summit_haus,2026-10-29,420.0,0.023021519263479062,409.0,pacing,,False,False,38,shoulder_fall
2026-09-21,summit_haus,2026-11-02,365.0,0.02824238761961103,338.0,pacing,,False,False,42,shoulder_fall
2026-09-21,summit_haus,2026-11-03,365.0,0.02816452497055662,341.0,pacing,,False,False,43,shoulder_fall
2026-09-21,summit_haus,2026-11-04,370.0,0.027609270210032337,347.0,pacing,,False,False,44,shoulder_fall
2026-09-21,summit_haus,2026-11-05,395.0,0.02515265680107541,379.0,pacing,,False,False,45,shoulder_fall
2026-09-21,summit_haus,2026-11-08,390.0,0.025566715151578264,374.0,pacing,,False,False,48,shoulder_fall
2026-09-21,summit_haus,2026-11-09,360.0,0.028342502891044546,334.0,pacing,,False,False,49,shoulder_fall
2026-09-21,summit_haus,2026-11-10,390.0,0.02543404423274151,363.0,pacing,,False,False,50,shoulder_fall
2026-09-21,summit_haus,2026-11-11,395.0,0.02490040824196573,371.0,pacing,,False,False,51,shoulder_fall
2026-09-21,summit_haus,2026-11-12,410.0,0.023434051216025886,401.0,pacing,,False,False,52,shoulder_fall
2026-09-21,summit_haus,2026-11-13,485.0,0.8562308103562568,500.0,pacing,,False,False,53,shoulder_fall
2026-09-21,summit_haus,2026-11-14,485.0,0.8038083959694473,500.0,pacing,,False,False,54,shoulder_fall
2026-09-21,summit_haus,2026-11-15,395.0,0.02478371740631205,373.0,pacing,,False,False,55,shoulder_fall
2026-09-21,summit_haus,2026-11-16,365.0,0.027517387576028198,334.0,pacing,,False,False,56,shoulder_fall
2026-09-21,summit_haus,2026-11-17,410.0,0.042367705664958656,347.0,pacing,,False,False,57,shoulder_fall
2026-09-21,summit_haus,2026-11-23,680.0,0.0021376982105634013,699.0,pacing,,False,False,63,early_winter
2026-09-21,summit_haus,2026-11-24,780.0,0.001,814.0,pacing,,False,False,64,early_winter
2026-09-21,summit_haus,2026-11-25,980.0,0.001,1038.0,pacing,,False,False,65,early_winter
2026-09-21,summit_haus,2026-11-26,1025.0,0.001,1085.0,pacing,,False,False,66,early_winter
2026-09-21,summit_haus,2026-11-27,1070.0,0.001,1131.0,pacing,,False,False,67,early_winter
2026-09-21,summit_haus,2026-11-28,910.0,0.023312373485698604,1067.0,pacing,,False,False,68,early_winter
2026-09-21,summit_haus,2026-12-03,570.0,0.049421306547378155,614.0,pacing,,False,False,73,early_winter
2026-09-21,summit_haus,2026-12-04,720.0,0.12508580387685292,794.0,pacing,,False,False,74,early_winter
2026-09-21,summit_haus,2026-12-05,710.0,0.07414748890304416,758.0,pacing,,False,False,75,early_winter
2026-09-21,summit_haus,2026-12-06,610.0,0.040456752607156206,645.0,pacing,,False,False,76,early_winter
2026-09-21,summit_haus,2026-12-07,575.0,0.04842914920696507,611.0,pacing,,False,False,77,early_winter
2026-09-21,summit_haus,2026-12-08,550.0,0.053894043578253024,593.0,pacing,,False,False,78,early_winter
2026-09-21,summit_haus,2026-12-09,555.0,0.052689767318467494,602.0,pacing,,False,False,79,early_winter
2026-09-21,summit_haus,2026-12-10,650.0,0.03231780221116426,777.0,pacing,,False,False,80,early_winter
2026-09-21,summit_haus,2026-12-11,895.0,0.07124408810526912,1041.0,pacing,,False,False,81,early_winter
2026-09-21,summit_haus,2026-12-12,1000.0,0.04479508383598032,1142.0,pacing,,False,False,82,early_winter
2026-09-21,summit_haus,2026-12-13,705.0,0.021186631477040647,799.0,pacing,,False,False,83,early_winter
2026-09-21,summit_haus,2026-12-14,645.0,0.034397639216342764,731.0,pacing,,False,False,84,early_winter
2026-09-21,summit_haus,2026-12-15,680.0,0.0056097765363128495,776.0,pacing,,False,False,85,peak_ski
2026-09-21,summit_haus,2026-12-16,740.0,0.004541314521984799,854.0,pacing,,False,False,86,peak_ski
2026-09-21,summit_haus,2026-12-17,945.0,0.001,1078.0,pacing,,False,False,87,peak_ski
2026-09-21,summit_haus,2026-12-18,1455.0,0.001,1609.0,pacing,,False,False,88,peak_ski
2026-09-21,summit_haus,2026-12-19,2075.0,0.001,2242.0,pacing,,False,False,89,peak_ski
2026-09-21,summit_haus,2026-12-20,2325.0,0.001,2519.0,pacing,,False,False,90,peak_ski
2026-09-21,summit_haus,2026-12-21,2645.0,0.001,2697.0,pacing,,False,False,91,peak_ski
2026-09-21,summit_haus,2026-12-22,2675.0,0.001,2724.0,pacing,,False,False,92,peak_ski
2026-09-21,summit_haus,2026-12-23,2695.0,0.001,2871.0,pacing,,False,False,93,peak_ski
2026-09-21,summit_haus,2026-12-24,2805.0,0.001,2970.0,pacing,,False,False,94,peak_ski
2026-09-21,summit_haus,2026-12-25,2875.0,0.001,2964.0,pacing,,False,False,95,peak_ski
2026-09-21,summit_haus,2026-12-26,2890.0,0.001,2986.0,pacing,,False,False,96,peak_ski
2026-09-21,summit_haus,2027-01-02,3435.0,0.001,3428.0,pacing,,False,False,103,peak_ski
2026-09-21,summit_haus,2027-01-03,1790.0,0.0873566836049055,1883.0,pacing,,False,False,104,peak_ski
2026-09-21,summit_haus,2027-01-04,1865.0,0.0821441911531247,1709.0,pacing,,False,False,105,peak_ski
2026-09-21,summit_haus,2027-01-05,1780.0,0.09930558957726962,1259.0,pacing,,False,False,106,peak_ski
2026-09-21,summit_haus,2027-01-06,1435.0,0.14704707434225922,1222.0,pacing,,False,False,107,peak_ski
2026-09-21,summit_haus,2027-01-07,1135.0,0.001,1262.0,pacing,,False,False,108,peak_ski
2026-09-21,summit_haus,2027-01-08,1505.0,0.001,1653.0,pacing,,False,False,109,peak_ski
2026-09-21,summit_haus,2027-01-09,1350.0,0.001943555052080559,1530.0,pacing,,False,False,110,peak_ski
2026-09-21,summit_haus,2027-01-10,1240.0,0.001,1403.0,pacing,,False,False,111,peak_ski
2026-09-21,summit_haus,2027-01-11,925.0,0.0013967855084049518,1068.0,pacing,,False,False,112,peak_ski
2026-09-21,summit_haus,2027-01-12,1150.0,0.18292733958750146,1002.0,pacing,,False,False,113,peak_ski
2026-09-21,summit_haus,2027-01-13,1460.0,0.13511658205178376,1291.0,pacing,,False,False,114,peak_ski
2026-09-21,summit_haus,2027-01-14,1420.0,0.001,1647.0,pacing,,False,False,115,peak_ski
2026-09-21,summit_haus,2027-01-15,1855.0,0.001,2429.0,pacing,,False,False,116,peak_ski
2026-09-21,summit_haus,2027-01-16,1855.0,0.001,2353.0,pacing,,False,False,117,peak_ski
2026-09-21,summit_haus,2027-01-17,1855.0,0.001,2277.0,pacing,,False,False,118,peak_ski
2026-09-21,summit_haus,2027-01-18,1075.0,0.001,1245.0,pacing,,False,False,119,peak_ski
2026-09-21,summit_haus,2027-01-19,1330.0,0.14894412266122525,1133.0,pacing,,False,False,120,peak_ski
2026-09-21,summit_haus,2027-01-20,1305.0,0.14817533899417432,1154.0,pacing,,False,False,121,peak_ski
2026-09-21,summit_haus,2027-01-21,1285.0,0.001,1467.0,pacing,,False,False,122,peak_ski
2026-09-21,summit_haus,2027-01-22,1855.0,0.001,2165.0,pacing,,False,False,123,peak_ski
2026-09-21,summit_haus,2027-01-23,1855.0,0.021816444174757265,2237.0,pacing,,False,False,124,peak_ski
2026-09-21,summit_haus,2027-01-24,1420.0,0.001,1637.0,pacing,,False,False,125,peak_ski
2026-09-21,summit_haus,2027-01-25,1375.0,0.001,1583.0,pacing,,False,False,126,peak_ski
2026-09-21,summit_haus,2027-01-26,1410.0,0.001,1640.0,pacing,,False,False,127,peak_ski
2026-09-21,summit_haus,2027-01-27,1445.0,0.001,1658.0,pacing,,False,False,128,peak_ski
2026-09-21,summit_haus,2027-02-02,1115.0,0.001,1282.0,pacing,,False,False,134,peak_ski
2026-09-21,summit_haus,2027-02-03,1160.0,0.001,1336.0,pacing,,False,False,135,peak_ski
2026-09-21,summit_haus,2027-02-04,1795.0,0.001,1994.0,pacing,,False,False,136,peak_ski
2026-09-21,summit_haus,2027-02-05,1855.0,0.001,2714.0,pacing,,False,False,137,peak_ski
2026-09-21,summit_haus,2027-02-06,1855.0,0.001,2835.0,pacing,,False,False,138,peak_ski
2026-09-21,summit_haus,2027-02-07,1800.0,0.001,2034.0,pacing,,False,False,139,peak_ski
2026-09-21,summit_haus,2027-02-08,1785.0,0.001,2013.0,pacing,,False,False,140,peak_ski
2026-09-21,summit_haus,2027-02-09,1785.0,0.001,2000.0,pacing,,False,False,141,peak_ski
2026-09-21,summit_haus,2027-02-10,1795.0,0.001,2037.0,pacing,,False,False,142,peak_ski
2026-09-21,summit_haus,2027-02-11,1855.0,0.001,2479.0,pacing,,False,False,143,peak_ski
2026-09-21,summit_haus,2027-02-12,1855.0,0.001,3795.0,pacing,,False,False,144,peak_ski
2026-09-21,summit_haus,2027-02-13,1855.0,0.001,3747.0,pacing,,False,False,145,peak_ski
2026-09-21,summit_haus,2027-02-14,1855.0,0.001,3726.0,pacing,,False,False,146,peak_ski
2026-09-21,summit_haus,2027-02-15,1855.0,0.001,2225.0,pacing,,False,False,147,peak_ski
2026-09-21,summit_haus,2027-02-16,1855.0,0.001,2062.0,pacing,,False,False,148,peak_ski
2026-09-21,summit_haus,2027-02-17,1855.0,0.001,2076.0,pacing,,False,False,149,peak_ski
2026-09-21,summit_haus,2027-02-18,1855.0,0.001,2465.0,pacing,,False,False,150,peak_ski
2026-09-21,summit_haus,2027-02-19,1855.0,0.0010627122524596068,3280.0,pacing,,False,False,151,peak_ski
2026-09-21,summit_haus,2027-02-20,1855.0,0.0014725333627614017,3096.0,pacing,,False,False,152,peak_ski
2026-09-21,summit_haus,2027-02-21,1855.0,0.001,2175.0,pacing,,False,False,153,peak_ski
2026-09-21,summit_haus,2027-02-22,1550.0,0.001,1774.0,pacing,,False,False,154,peak_ski
2026-09-21,summit_haus,2027-02-23,1380.0,0.001,1615.0,pacing,,False,False,155,peak_ski
2026-09-21,summit_haus,2027-02-24,1475.0,0.001,1702.0,pacing,,False,False,156,peak_ski
2026-09-21,summit_haus,2027-02-25,1855.0,0.001,2423.0,pacing,,False,False,157,peak_ski
2026-09-21,summit_haus,2027-02-26,1855.0,0.0018299064941398788,2943.0,pacing,,False,False,158,peak_ski
2026-09-21,summit_haus,2027-02-27,1855.0,0.00215589436075987,2953.0,pacing,,False,False,159,peak_ski
2026-09-21,summit_haus,2027-02-28,1810.0,0.001,2000.0,pacing,,False,False,160,peak_ski
2026-09-21,summit_haus,2027-03-01,1385.0,0.001,1621.0,pacing,,False,False,161,peak_ski
2026-09-21,summit_haus,2027-03-02,1385.0,0.001,1631.0,pacing,,False,False,162,peak_ski
2026-09-21,summit_haus,2027-03-03,1400.0,0.001,1648.0,pacing,,False,False,163,peak_ski
2026-09-21,summit_haus,2027-03-04,1780.0,0.001,2022.0,pacing,,False,False,164,peak_ski
2026-09-21,summit_haus,2027-03-05,1855.0,0.002451165045549243,2630.0,pacing,,False,False,165,peak_ski
2026-09-21,summit_haus,2027-03-06,1855.0,0.0026803988274805104,2867.0,pacing,,False,False,166,peak_ski
2026-09-21,summit_haus,2027-03-07,1855.0,0.001,2450.0,pacing,,False,False,167,peak_ski
2026-09-21,summit_haus,2027-03-08,1855.0,0.001,2328.0,pacing,,False,False,168,peak_ski
2026-09-21,summit_haus,2027-03-09,1855.0,0.001,2259.0,pacing,,False,False,169,peak_ski
2026-09-21,summit_haus,2027-03-10,1855.0,0.001,2292.0,pacing,,False,False,170,peak_ski
2026-09-21,summit_haus,2027-03-11,1855.0,0.001,2457.0,pacing,,False,False,171,peak_ski
2026-09-21,summit_haus,2027-03-12,1855.0,0.002929874514560713,2895.0,pacing,,False,False,172,peak_ski
2026-09-21,summit_haus,2027-03-13,1855.0,0.0031745855513412346,2951.0,pacing,,False,False,173,peak_ski
2026-09-21,summit_haus,2027-03-14,1855.0,0.001,2974.0,pacing,,False,False,174,peak_ski
2026-09-21,summit_haus,2027-03-15,1855.0,0.001,2857.0,pacing,,False,False,175,peak_ski
2026-09-21,summit_haus,2027-03-16,1855.0,0.001,2862.0,pacing,,False,False,176,peak_ski
2026-09-21,summit_haus,2027-03-17,1855.0,0.001,2865.0,pacing,,False,False,177,peak_ski
2026-09-21,summit_haus,2027-03-18,1855.0,0.001,2862.0,pacing,,False,False,178,peak_ski
2026-09-21,summit_haus,2027-03-19,1855.0,0.0034129611644877563,2729.0,pacing,,False,False,179,peak_ski
2026-09-21,summit_haus,2027-03-20,1855.0,0.0036018507936730927,2596.0,pacing,,False,False,180,peak_ski
2026-09-21,summit_haus,2027-03-21,1580.0,0.001,1843.0,pacing,,False,False,181,peak_ski
2026-09-21,summit_haus,2027-03-22,1855.0,0.001,2137.0,pacing,,False,False,182,peak_ski
2026-09-21,summit_haus,2027-03-23,1850.0,0.001,2162.0,pacing,,False,False,183,peak_ski
2026-09-21,summit_haus,2027-03-24,1275.0,0.0026926402166005327,1358.0,pacing,,False,False,184,peak_ski
2026-09-21,summit_haus,2027-03-25,1355.0,0.0018644375704786975,1612.0,pacing,,False,False,185,peak_ski
2026-09-21,summit_haus,2027-03-26,1535.0,0.007375858866882059,1778.0,pacing,,False,False,186,peak_ski
2026-09-21,summit_haus,2027-03-27,1380.0,0.009133444912155245,1591.0,pacing,,False,False,187,peak_ski
2026-09-21,summit_haus,2027-03-28,1120.0,0.0044377743694817414,1295.0,pacing,,False,False,188,peak_ski
2026-09-21,summit_haus,2027-03-29,905.0,0.006772925846600928,1012.0,pacing,,False,False,189,peak_ski
2026-09-21,summit_haus,2027-03-30,905.0,0.006784640685491921,917.0,pacing,,False,False,190,peak_ski
2026-09-21,summit_haus,2027-03-31,905.0,0.006793989756143215,911.0,pacing,,False,False,191,peak_ski
2026-09-21,summit_haus,2027-04-01,890.0,0.001,1022.0,pacing,,False,False,192,shoulder_spring
2026-09-21,summit_haus,2027-04-02,910.0,0.007532053398745226,1063.0,pacing,,False,False,193,shoulder_spring
2026-09-21,summit_haus,2027-04-03,850.0,0.010614737132283503,980.0,pacing,,False,False,194,shoulder_spring
2026-09-21,summit_haus,2027-04-04,680.0,0.0017000461126463345,788.0,pacing,,False,False,195,shoulder_spring
2026-09-21,summit_haus,2027-04-05,575.0,0.005775691701789601,633.0,pacing,,False,False,196,shoulder_spring
2026-09-21,summit_haus,2027-04-06,535.0,0.007302865799362722,588.0,pacing,,False,False,197,shoulder_spring
2026-09-21,summit_haus,2027-04-07,545.0,0.006922227913929672,599.0,pacing,,False,False,198,shoulder_spring
2026-09-21,summit_haus,2027-04-08,595.0,0.00505012286625929,664.0,pacing,,False,False,199,shoulder_spring
2026-09-21,summit_haus,2027-04-09,620.0,0.021652015105553153,705.0,pacing,,False,False,200,shoulder_spring
2026-09-21,summit_haus,2027-04-10,620.0,0.02142762631880834,681.0,pacing,,False,False,201,shoulder_spring
2026-09-21,summit_haus,2027-04-11,545.0,0.00692885355345074,599.0,pacing,,False,False,202,shoulder_spring
2026-09-21,summit_haus,2027-04-12,520.0,0.007850858566691207,563.0,pacing,,False,False,203,shoulder_spring
2026-09-21,summit_haus,2027-04-13,495.0,0.008778522207644985,531.0,pacing,,False,False,204,shoulder_spring
2026-09-21,summit_haus,2027-04-14,505.0,0.00843177340026238,541.0,pacing,,False,False,205,shoulder_spring
2026-09-21,summit_haus,2027-04-15,525.0,0.007719513761075203,575.0,pacing,,False,False,206,shoulder_spring
2026-09-21,summit_haus,2027-04-16,615.0,0.02143130913390812,641.0,pacing,,False,False,207,shoulder_spring
2026-09-21,summit_haus,2027-04-17,600.0,0.021887163569861628,617.0,pacing,,False,False,208,shoulder_spring
2026-09-21,summit_haus,2027-04-18,525.0,0.007745300420215388,563.0,pacing,,False,False,209,shoulder_spring
2026-09-21,summit_haus,2027-04-19,480.0,0.009418299840518304,504.0,pacing,,False,False,210,shoulder_spring
2026-09-21,summit_haus,2027-04-20,470.0,0.009801687346141001,489.0,pacing,,False,False,211,shoulder_spring
2026-09-21,summit_haus,2027-04-21,480.0,0.009451699260848597,500.0,pacing,,False,False,212,shoulder_spring
2026-09-21,summit_haus,2027-04-22,515.0,0.008190287422981115,551.0,pacing,,False,False,213,shoulder_spring
2026-09-21,summit_haus,2027-04-23,620.0,0.020731135918432952,639.0,pacing,,False,False,214,shoulder_spring
2026-09-21,summit_haus,2027-04-24,615.0,0.02073962783768491,623.0,pacing,,False,False,215,shoulder_spring
2026-09-21,summit_haus,2027-04-25,535.0,0.007482927588841255,575.0,pacing,,False,False,216,shoulder_spring
2026-09-21,summit_haus,2027-04-26,500.0,0.008783746389887331,529.0,pacing,,False,False,217,shoulder_spring
2026-09-21,summit_haus,2027-04-27,495.0,0.008984932419592667,528.0,pacing,,False,False,218,shoulder_spring
2026-09-21,summit_haus,2027-04-28,490.0,0.00918544123627491,517.0,pacing,,False,False,219,shoulder_spring
2026-09-21,summit_haus,2027-04-29,500.0,0.00883998344114827,528.0,pacing,,False,False,220,shoulder_spring
2026-09-21,summit_haus,2027-04-30,580.0,0.022077937135817436,579.0,pacing,,False,False,221,shoulder_spring
2026-09-21,summit_haus,2027-05-01,575.0,0.02205320340234924,566.0,pacing,,False,False,222,shoulder_spring
2026-09-21,summit_haus,2027-05-02,505.0,0.008677164571817978,531.0,pacing,,False,False,223,shoulder_spring
2026-09-21,summit_haus,2027-05-03,480.0,0.009602384801654816,499.0,pacing,,False,False,224,shoulder_spring
2026-09-21,summit_haus,2027-05-04,485.0,0.009436627004655973,512.0,pacing,,False,False,225,shoulder_spring
2026-09-21,summit_haus,2027-05-05,500.0,0.008909882387457766,527.0,pacing,,False,False,226,shoulder_spring
2026-09-21,summit_haus,2027-05-06,510.0,0.008566393140776665,546.0,pacing,,False,False,227,shoulder_spring
2026-09-21,summit_haus,2027-05-07,585.0,0.02137307433845998,594.0,pacing,,False,False,228,shoulder_spring
2026-09-21,summit_haus,2027-05-08,570.0,0.021789401752828008,579.0,pacing,,False,False,229,shoulder_spring
2026-09-21,summit_haus,2027-05-09,505.0,0.008766189668835118,536.0,pacing,,False,False,230,shoulder_spring
2026-09-21,summit_haus,2027-05-10,490.0,0.009325450308530945,522.0,pacing,,False,False,231,shoulder_spring
2026-09-21,summit_haus,2027-05-11,485.0,0.009521705830998824,518.0,pacing,,False,False,232,shoulder_spring
2026-09-21,summit_haus,2027-05-12,500.0,0.00899675265774101,538.0,pacing,,False,False,233,shoulder_spring
2026-09-21,summit_haus,2027-05-13,510.0,0.008654022373968773,556.0,pacing,,False,False,234,shoulder_spring
2026-09-21,summit_haus,2027-05-14,585.0,0.02091200928936662,594.0,pacing,,False,False,235,shoulder_spring
2026-09-21,summit_haus,2027-05-15,590.0,0.020479802513536302,599.0,pacing,,False,False,236,shoulder_spring
2026-09-21,summit_haus,2027-05-16,520.0,0.008312669570544712,555.0,pacing,,False,False,237,shoulder_spring
2026-09-21,summit_haus,2027-05-17,505.0,0.008870679128782892,538.0,pacing,,False,False,238,shoulder_spring
2026-09-21,summit_haus,2027-05-18,500.0,0.009066953003202411,530.0,pacing,,False,False,239,shoulder_spring
2026-09-21,summit_haus,2027-05-19,500.0,0.009082923649701159,538.0,pacing,,False,False,240,shoulder_spring
2026-09-21,summit_haus,2027-05-20,510.0,0.008741189194892899,544.0,pacing,,False,False,241,shoulder_spring
2026-09-21,summit_haus,2027-05-21,590.0,0.020268821346976988,597.0,pacing,,False,False,242,shoulder_spring
2026-09-21,summit_haus,2027-05-22,585.0,0.020267444202047326,592.0,pacing,,False,False,243,shoulder_spring
2026-09-21,summit_haus,2027-05-23,525.0,0.008222073743906252,561.0,pacing,,False,False,244,shoulder_spring
2026-09-21,summit_haus,2027-05-24,505.0,0.008955848660033376,537.0,pacing,,False,False,245,shoulder_spring
2026-09-21,summit_haus,2027-05-25,515.0,0.008615026909538057,554.0,pacing,,False,False,246,shoulder_spring
2026-09-21,summit_haus,2027-05-26,510.0,0.008810901509048695,546.0,pacing,,False,False,247,shoulder_spring
2026-09-21,summit_haus,2027-05-27,555.0,0.007224110587226749,603.0,pacing,,False,False,248,shoulder_spring
2026-09-21,summit_haus,2027-05-28,645.0,0.017592703191970753,747.0,pacing,,False,False,249,shoulder_spring
2026-09-21,summit_haus,2027-05-29,645.0,0.017459111415957417,750.0,pacing,,False,False,250,shoulder_spring
2026-09-21,summit_haus,2027-05-30,620.0,0.004933713389076736,719.0,pacing,,False,False,251,shoulder_spring
2026-09-21,summit_haus,2027-05-31,510.0,0.008882528971439716,557.0,pacing,,False,False,252,shoulder_spring
2026-09-21,summit_haus,2027-06-01,555.0,0.02078123578447656,595.0,pacing,,False,False,253,summer
2026-09-21,summit_haus,2027-06-02,545.0,0.0214252066784606,585.0,pacing,,False,False,254,summer
2026-09-21,summit_haus,2027-06-03,600.0,0.01773161563249019,647.0,pacing,,False,False,255,summer
2026-09-21,summit_haus,2027-06-04,725.0,0.02748779259811213,762.0,pacing,,False,False,256,summer
2026-09-21,summit_haus,2027-06-05,695.0,0.02889944962944542,770.0,pacing,,False,False,257,summer
2026-09-21,summit_haus,2027-06-06,620.0,0.01639959373621356,681.0,pacing,,False,False,258,summer
2026-09-21,summit_haus,2027-06-07,585.0,0.018714460204515875,734.0,pacing,,False,False,259,summer
2026-09-21,summit_haus,2027-06-08,570.0,0.019688069453184184,622.0,pacing,,False,False,260,summer
2026-09-21,summit_haus,2027-06-09,610.0,0.017047226505465807,665.0,pacing,,False,False,261,summer
2026-09-21,summit_haus,2027-06-10,745.0,0.0025841258205815463,865.0,pacing,,False,False,262,summer
2026-09-21,summit_haus,2027-06-11,840.0,0.01842183222425902,991.0,pacing,,False,False,263,summer
2026-09-21,summit_haus,2027-06-12,855.0,0.01749323124388875,996.0,pacing,,False,False,264,summer
2026-09-21,summit_haus,2027-06-20,940.0,0.001,1078.0,pacing,,False,False,272,summer
2026-09-21,summit_haus,2027-06-21,910.0,0.001,1020.0,pacing,,False,False,273,summer
2026-09-21,summit_haus,2027-06-22,810.0,0.001,1031.0,pacing,,False,False,274,summer
2026-09-21,summit_haus,2027-06-23,875.0,0.0013963169226686083,975.0,pacing,,False,False,275,summer
2026-09-21,summit_haus,2027-06-24,1080.0,0.001,1193.0,pacing,,False,False,276,summer
2026-09-21,summit_haus,2027-06-25,1315.0,0.001,1468.0,pacing,,False,False,277,summer
2026-09-21,summit_haus,2027-06-26,1250.0,0.001847911061123918,1380.0,pacing,,False,False,278,summer
2026-09-21,summit_haus,2027-06-27,1080.0,0.001,1188.0,pacing,,False,False,279,summer
2026-09-21,summit_haus,2027-06-28,965.0,0.001,1037.0,pacing,,False,False,280,summer
2026-09-21,summit_haus,2027-06-29,930.0,0.001,1014.0,pacing,,False,False,281,summer
2026-09-21,summit_haus,2027-06-30,1110.0,0.001,1202.0,pacing,,False,False,282,summer
2026-09-21,summit_haus,2027-07-01,1175.0,0.001,1280.0,pacing,,False,False,283,summer
2026-09-21,summit_haus,2027-07-02,1855.0,0.001,2039.0,pacing,,False,False,284,summer
2026-09-21,summit_haus,2027-07-03,1855.0,0.001,2084.0,pacing,,False,False,285,summer
2026-09-21,summit_haus,2027-07-04,1855.0,0.001,2010.0,pacing,,False,False,286,summer
2026-09-21,summit_haus,2027-07-05,970.0,0.001,1081.0,pacing,,False,False,287,summer
2026-09-21,summit_haus,2027-07-06,960.0,0.001,1055.0,pacing,,False,False,288,summer
2026-09-21,summit_haus,2027-07-07,1035.0,0.001,1139.0,pacing,,False,False,289,summer
2026-09-21,summit_haus,2027-07-08,1355.0,0.001,1484.0,pacing,,False,False,290,summer
2026-09-21,summit_haus,2027-07-09,1855.0,0.001,2054.0,pacing,,False,False,291,summer
2026-09-21,summit_haus,2027-07-10,1855.0,0.001,2122.0,pacing,,False,False,292,summer
2026-09-21,summit_haus,2027-07-11,1370.0,0.001,1464.0,pacing,,False,False,293,summer
2026-09-21,summit_haus,2027-07-12,1380.0,0.001,1450.0,pacing,,False,False,294,summer
2026-09-21,summit_haus,2027-07-13,1360.0,0.001,1428.0,pacing,,False,False,295,summer
2026-09-21,summit_haus,2027-07-14,1355.0,0.001,1444.0,pacing,,False,False,296,summer
2026-09-21,summit_haus,2027-07-15,1425.0,0.001,1523.0,pacing,,False,False,297,summer
2026-09-21,summit_haus,2027-07-16,1820.0,0.001,1911.0,pacing,,False,False,298,summer
2026-09-21,summit_haus,2027-07-17,1825.0,0.001,1968.0,pacing,,False,False,299,summer
2026-09-21,summit_haus,2027-07-18,1505.0,0.001,1631.0,pacing,,False,False,300,summer
2026-09-21,summit_haus,2027-07-19,1310.0,0.001,1445.0,pacing,,False,False,301,summer
2026-09-21,summit_haus,2027-07-20,1295.0,0.001,1427.0,pacing,,False,False,302,summer
2026-09-21,summit_haus,2027-07-21,1275.0,0.001,1235.0,pacing,,False,False,303,summer
2026-09-21,summit_haus,2027-07-22,1300.0,0.001,1441.0,pacing,,False,False,304,summer
2026-09-21,summit_haus,2027-07-23,1630.0,0.001,1788.0,pacing,,False,False,305,summer
2026-09-21,summit_haus,2027-07-24,1630.0,0.001,1815.0,pacing,,False,False,306,summer
2026-09-21,summit_haus,2027-07-25,1310.0,0.001,1486.0,pacing,,False,False,307,summer
2026-09-21,summit_haus,2027-07-26,1150.0,0.001,1284.0,pacing,,False,False,308,summer
2026-09-21,summit_haus,2027-07-27,1150.0,0.001,1284.0,pacing,,False,False,309,summer
2026-09-21,summit_haus,2027-07-28,1120.0,0.001,1269.0,pacing,,False,False,310,summer
2026-09-21,summit_haus,2027-07-29,1245.0,0.001,1400.0,pacing,,False,False,311,summer
2026-09-21,summit_haus,2027-07-30,1500.0,0.001,1676.0,pacing,,False,False,312,summer
2026-09-21,summit_haus,2027-07-31,1375.0,0.001921322837119745,1523.0,pacing,,False,False,313,summer
2026-09-21,summit_haus,2027-08-01,1050.0,0.001,1192.0,pacing,,False,False,314,summer
2026-09-21,summit_haus,2027-08-02,895.0,0.006061907395180804,1015.0,pacing,,False,False,315,summer
2026-09-21,summit_haus,2027-08-03,870.0,0.00760233215447936,991.0,pacing,,False,False,316,summer
2026-09-21,summit_haus,2027-08-04,865.0,0.007963678953209378,989.0,pacing,,False,False,317,summer
2026-09-21,summit_haus,2027-08-05,990.0,0.001,1134.0,pacing,,False,False,318,summer
2026-09-21,summit_haus,2027-08-06,1115.0,0.013424988740368638,1300.0,pacing,,False,False,319,summer
2026-09-21,summit_haus,2027-08-07,1085.0,0.014797727249844402,1260.0,pacing,,False,False,320,summer
2026-09-21,summit_haus,2027-08-08,845.0,0.00927402499786635,979.0,pacing,,False,False,321,summer
2026-09-21,summit_haus,2027-08-09,745.0,0.015031567449914896,872.0,pacing,,False,False,322,summer
2026-09-21,summit_haus,2027-08-10,730.0,0.015900204137845132,849.0,pacing,,False,False,323,summer
2026-09-21,summit_haus,2027-08-11,735.0,0.015627673041998896,850.0,pacing,,False,False,324,summer
2026-09-21,summit_haus,2027-08-12,810.0,0.011415032655557263,941.0,pacing,,False,False,325,summer
2026-09-21,summit_haus,2027-08-13,1025.0,0.017386457794461338,1202.0,pacing,,False,False,326,summer
2026-09-21,summit_haus,2027-08-14,1025.0,0.01738675826016315,1202.0,pacing,,False,False,327,summer
2026-09-21,summit_haus,2027-08-15,720.0,0.01650633237242536,905.0,pacing,,False,False,328,summer
2026-09-21,summit_haus,2027-08-16,720.0,0.016511287077569402,839.0,pacing,,False,False,329,summer
2026-09-21,summit_haus,2027-08-17,685.0,0.01845740536614172,801.0,pacing,,False,False,330,summer
2026-09-21,summit_haus,2027-08-18,680.0,0.0187277767240709,794.0,pacing,,False,False,331,summer
2026-09-21,summit_haus,2027-08-19,690.0,0.018165931635002294,802.0,pacing,,False,False,332,summer
2026-09-21,summit_haus,2027-08-20,1445.0,0.001,1694.0,pacing,,False,False,333,summer
2026-09-21,summit_haus,2027-08-21,1450.0,0.001,1698.0,pacing,,False,False,334,summer
2026-09-21,summit_haus,2027-08-22,685.0,0.018436710987963924,809.0,pacing,,False,False,335,summer
2026-09-21,summit_haus,2027-08-23,670.0,0.019252306648308445,783.0,pacing,,False,False,336,summer
2026-09-21,summit_haus,2027-08-24,665.0,0.01951192731747542,625.0,pacing,,False,False,337,summer
2026-09-21,summit_haus,2027-08-25,670.0,0.019221720207286106,735.0,pacing,,False,False,338,summer
2026-09-21,summit_haus,2027-08-26,665.0,0.01947553274856759,721.0,pacing,,False,False,339,summer
2026-09-21,summit_haus,2027-08-27,850.0,0.024517787899319972,995.0,pacing,,False,False,340,summer
2026-09-21,summit_haus,2027-08-28,860.0,0.024007115581131142,1008.0,pacing,,False,False,341,summer
2026-09-21,summit_haus,2027-08-29,655.0,0.01999727535678993,682.0,pacing,,False,False,342,summer
2026-09-21,summit_haus,2027-08-30,575.0,0.024286489880811224,590.0,pacing,,False,False,343,summer
2026-09-21,summit_haus,2027-08-31,555.0,0.025310279317353784,564.0,pacing,,False,False,344,summer
2026-09-21,summit_haus,2027-09-01,565.0,0.024718029600762075,569.0,pacing,,False,False,345,summer
2026-09-21,summit_haus,2027-09-02,645.0,0.020386721552215967,670.0,pacing,,False,False,346,summer
2026-09-21,summit_haus,2027-09-03,915.0,0.021704954538545793,1033.0,pacing,,False,False,347,summer
2026-09-21,summit_haus,2027-09-04,915.0,0.02165741235014903,1033.0,pacing,,False,False,348,summer
2026-09-21,summit_haus,2027-09-05,875.0,0.008097047086665117,990.0,pacing,,False,False,349,summer
2026-09-21,summit_haus,2027-09-06,560.0,0.0248852107063813,558.0,pacing,,False,False,350,summer
2026-09-21,summit_haus,2027-09-07,620.0,0.021655816095180868,624.0,pacing,,False,False,351,summer
2026-09-21,summit_haus,2027-09-08,620.0,0.0216169427357391,563.0,pacing,,False,False,352,summer
2026-09-21,summit_haus,2027-09-09,665.0,0.019211131559870954,669.0,pacing,,False,False,353,summer
2026-09-21,summit_haus,2027-09-10,715.0,0.029449839420752418,768.0,pacing,,False,False,354,summer
2026-09-21,summit_haus,2027-09-11,695.0,0.030061979170717595,753.0,pacing,,False,False,355,summer
2026-09-21,summit_haus,2027-09-12,630.0,0.021023960250846546,618.0,pacing,,False,False,356,summer
2026-09-21,summit_haus,2027-09-13,600.0,0.022562228476945827,610.0,pacing,,False,False,357,summer
2026-09-21,summit_haus,2027-09-14,595.0,0.022779499899665476,607.0,pacing,,False,False,358,summer
2026-09-21,summit_haus,2027-09-15,600.0,0.022475177884444128,607.0,pacing,,False,False,359,summer
2026-09-21,summit_haus,2027-09-16,610.0,0.00802477764648225,659.0,pacing,,False,False,360,shoulder_fall
2026-09-21,summit_haus,2027-09-17,690.0,0.017649582862769433,746.0,pacing,,False,False,361,shoulder_fall
2026-09-21,summit_haus,2027-09-18,645.0,0.019791572460738552,724.0,pacing,,False,False,362,shoulder_fall
2026-09-21,summit_haus,2027-09-19,560.0,0.01162019144901036,616.0,pacing,,False,False,363,shoulder_fall
2026-09-21,summit_haus,2027-09-20,505.0,0.015501170587090095,530.0,pacing,,False,False,364,shoulder_fall
2026-09-21,summit_haus,2027-09-21,500.0,0.01582953491619964,526.0,pacing,,False,False,365,shoulder_fall
2026-09-21,overlook_ridge,2026-09-28,336.0,0.995,368.0,pacing,,False,True,7,shoulder_fall
2026-09-21,overlook_ridge,2026-09-29,336.0,0.9146570376499407,325.0,pacing,,False,True,8,shoulder_fall
2026-09-21,overlook_ridge,2026-09-30,336.0,0.8757242503775415,337.0,pacing,,False,False,9,shoulder_fall
2026-09-21,overlook_ridge,2026-10-05,355.0,0.014568156424581005,469.0,pacing,,False,False,14,shoulder_fall
2026-09-21,overlook_ridge,2026-10-06,350.0,0.014828085208411978,466.0,pacing,,False,False,15,shoulder_fall
2026-09-21,overlook_ridge,2026-10-07,340.0,0.015334018384528731,426.0,pacing,,False,False,16,shoulder_fall
2026-09-21,overlook_ridge,2026-10-12,425.0,0.01363614845057465,421.0,pacing,,False,False,21,shoulder_fall
2026-09-21,overlook_ridge,2026-10-13,430.0,0.01331773751261048,411.0,pacing,,False,False,22,shoulder_fall
2026-09-21,overlook_ridge,2026-10-14,370.0,0.016861017532113796,446.0,pacing,,False,False,23,shoulder_fall
2026-09-21,overlook_ridge,2026-10-15,380.0,0.016229587388553367,461.0,pacing,,False,False,24,shoulder_fall
2026-09-21,overlook_ridge,2026-10-16,495.0,0.9389185769041443,531.0,pacing,,False,False,25,shoulder_fall
2026-09-21,overlook_ridge,2026-10-17,495.0,0.943386860189082,527.0,pacing,,False,False,26,shoulder_fall
2026-09-21,overlook_ridge,2026-10-25,350.0,0.030053198279414557,393.0,pacing,,False,False,34,shoulder_fall
2026-09-21,overlook_ridge,2026-10-26,336.0,0.03138535621734972,360.0,pacing,,False,False,35,shoulder_fall
2026-09-21,overlook_ridge,2026-10-27,336.0,0.03130759577069281,364.0,pacing,,False,False,36,shoulder_fall
2026-09-21,overlook_ridge,2026-10-28,336.0,0.03122995544192114,366.0,pacing,,False,False,37,shoulder_fall
2026-09-21,overlook_ridge,2026-10-29,370.0,0.027861833868222014,380.0,pacing,,False,False,38,shoulder_fall
2026-09-21,overlook_ridge,2026-10-30,495.0,0.9486977502230723,500.0,pacing,,False,False,39,shoulder_fall
2026-09-21,overlook_ridge,2026-10-31,490.0,0.8996182336673342,500.0,pacing,,False,False,40,shoulder_fall
2026-09-21,overlook_ridge,2026-11-01,336.0,0.03108169513728823,324.0,pacing,,False,False,41,shoulder_fall
2026-09-21,overlook_ridge,2026-11-02,336.0,0.031032515676883338,315.0,pacing,,False,False,42,shoulder_fall
2026-09-21,overlook_ridge,2026-11-03,336.0,0.030945676592800238,318.0,pacing,,False,False,43,shoulder_fall
2026-09-21,overlook_ridge,2026-11-04,336.0,0.030859459664476084,323.0,pacing,,False,False,44,shoulder_fall
2026-09-21,overlook_ridge,2026-11-05,350.0,0.02944050314595403,352.0,pacing,,False,False,45,shoulder_fall
2026-09-21,overlook_ridge,2026-11-06,495.0,0.026586142388825545,500.0,pacing,,False,False,46,shoulder_fall
2026-09-21,overlook_ridge,2026-11-07,495.0,0.026356080399620126,500.0,pacing,,False,False,47,shoulder_fall
2026-09-21,overlook_ridge,2026-11-08,345.0,0.029840130911930027,348.0,pacing,,False,False,48,shoulder_fall
2026-09-21,overlook_ridge,2026-11-09,336.0,0.030614113809419356,311.0,pacing,,False,False,49,shoulder_fall
2026-09-21,overlook_ridge,2026-11-10,345.0,0.02967989920657149,337.0,pacing,,False,False,50,shoulder_fall
2026-09-21,overlook_ridge,2026-11-11,350.0,0.029132336866336202,345.0,pacing,,False,False,51,shoulder_fall
2026-09-21,overlook_ridge,2026-11-12,365.0,0.0276520060955102,373.0,pacing,,False,False,52,shoulder_fall
2026-09-21,overlook_ridge,2026-11-13,485.0,0.8562308103562568,500.0,pacing,,False,False,53,shoulder_fall
2026-09-21,overlook_ridge,2026-11-14,485.0,0.8038083959694473,500.0,pacing,,False,False,54,shoulder_fall
2026-09-21,overlook_ridge,2026-11-15,350.0,0.028987359429271286,347.0,pacing,,False,False,55,shoulder_fall
2026-09-21,overlook_ridge,2026-11-16,336.0,0.030217492459012632,311.0,pacing,,False,False,56,shoulder_fall
2026-09-21,overlook_ridge,2026-11-17,360.0,0.05073024276862396,323.0,pacing,,False,False,57,shoulder_fall
2026-09-21,overlook_ridge,2026-11-18,370.0,0.04893137316888903,332.0,pacing,,False,False,58,shoulder_fall
2026-09-21,overlook_ridge,2026-11-19,375.0,0.026514972006736495,372.0,pacing,,False,False,59,shoulder_fall
2026-09-21,overlook_ridge,2026-11-23,600.0,0.009187147889063675,699.0,pacing,,False,False,63,early_winter
2026-09-21,overlook_ridge,2026-12-03,555.0,0.05283210231563992,614.0,pacing,,False,False,73,early_winter
2026-09-21,overlook_ridge,2026-12-04,695.0,0.1350915051311289,794.0,pacing,,False,False,74,early_winter
2026-09-21,overlook_ridge,2026-12-05,685.0,0.07917596640645812,758.0,pacing,,False,False,75,early_winter
2026-09-21,overlook_ridge,2026-12-06,590.0,0.044945158259380606,645.0,pacing,,False,False,76,early_winter
2026-09-21,overlook_ridge,2026-12-07,555.0,0.052856166012042495,611.0,pacing,,False,False,77,early_winter
2026-09-21,overlook_ridge,2026-12-08,530.0,0.058264767704687984,593.0,pacing,,False,False,78,early_winter
2026-09-21,overlook_ridge,2026-12-09,535.0,0.057007307946877285,602.0,pacing,,False,False,79,early_winter
2026-09-21,overlook_ridge,2026-12-10,655.0,0.031251456296755215,777.0,pacing,,False,False,80,early_winter
2026-09-21,overlook_ridge,2026-12-11,865.0,0.08378862241577834,1041.0,pacing,,False,False,81,early_winter
2026-09-21,overlook_ridge,2026-12-12,965.0,0.057883855901721015,1142.0,pacing,,False,False,82,early_winter
2026-09-21,overlook_ridge,2026-12-13,680.0,0.026442848101915356,799.0,pacing,,False,False,83,early_winter
2026-09-21,overlook_ridge,2026-12-14,650.0,0.03336267297752628,731.0,pacing,,False,False,84,early_winter
2026-09-21,overlook_ridge,2026-12-15,655.0,0.0060818435754189945,776.0,pacing,,False,False,85,peak_ski
2026-09-21,overlook_ridge,2026-12-16,710.0,0.005105180149471902,854.0,pacing,,False,False,86,peak_ski
2026-09-21,overlook_ridge,2026-12-17,915.0,0.0013374704410598426,1078.0,pacing,,False,False,87,peak_ski
2026-09-21,overlook_ridge,2026-12-18,1400.0,0.001,1609.0,pacing,,False,False,88,peak_ski
2026-09-21,overlook_ridge,2026-12-19,1990.0,0.001,2242.0,pacing,,False,False,89,peak_ski
2026-09-21,overlook_ridge,2026-12-20,2235.0,0.001,2519.0,pacing,,False,False,90,peak_ski
2026-09-21,overlook_ridge,2026-12-21,2545.0,0.001,2697.0,pacing,,False,False,91,peak_ski
2026-09-21,overlook_ridge,2026-12-22,2570.0,0.001,2724.0,pacing,,False,False,92,peak_ski
2026-09-21,overlook_ridge,2026-12-23,2595.0,0.001,2871.0,pacing,,False,False,93,peak_ski
2026-09-21,overlook_ridge,2026-12-24,2695.0,0.001,2970.0,pacing,,False,False,94,peak_ski
2026-09-21,overlook_ridge,2026-12-25,2765.0,0.001,2964.0,pacing,,False,False,95,peak_ski
2026-09-21,overlook_ridge,2026-12-26,2780.0,0.001,2986.0,pacing,,False,False,96,peak_ski
2026-09-21,overlook_ridge,2027-01-02,3305.0,0.001,3428.0,pacing,,False,False,103,peak_ski
2026-09-21,overlook_ridge,2027-01-03,1740.0,0.0947788975390155,1883.0,pacing,,False,False,104,peak_ski
2026-09-21,overlook_ridge,2027-01-04,1805.0,0.09095771536582532,1709.0,pacing,,False,False,105,peak_ski
2026-09-21,overlook_ridge,2027-01-05,1720.0,0.10805795791759099,1259.0,pacing,,False,False,106,peak_ski
2026-09-21,overlook_ridge,2027-01-06,1385.0,0.15418062575890526,1222.0,pacing,,False,False,107,peak_ski
2026-09-21,overlook_ridge,2027-01-07,1095.0,0.001,1262.0,pacing,,False,False,108,peak_ski
2026-09-21,overlook_ridge,2027-01-08,1445.0,0.001,1653.0,pacing,,False,False,109,peak_ski
2026-09-21,overlook_ridge,2027-01-09,1300.0,0.0027875033364538246,1530.0,pacing,,False,False,110,peak_ski
2026-09-21,overlook_ridge,2027-01-10,1195.0,0.001,1403.0,pacing,,False,False,111,peak_ski
2026-09-21,overlook_ridge,2027-01-11,905.0,0.0017655036595745743,1068.0,pacing,,False,False,112,peak_ski
2026-09-21,overlook_ridge,2027-01-12,1105.0,0.1891770772309719,1002.0,pacing,,False,False,113,peak_ski
2026-09-21,overlook_ridge,2027-01-13,1410.0,0.1419265742565302,1291.0,pacing,,False,False,114,peak_ski
2026-09-21,overlook_ridge,2027-01-14,1370.0,0.001,1647.0,pacing,,False,False,115,peak_ski
2026-09-21,overlook_ridge,2027-01-15,1855.0,0.001,2429.0,pacing,,False,False,116,peak_ski
2026-09-21,overlook_ridge,2027-01-16,1855.0,0.001,2353.0,pacing,,False,False,117,peak_ski
2026-09-21,overlook_ridge,2027-01-17,1855.0,0.001,2277.0,pacing,,False,False,118,peak_ski
2026-09-21,overlook_ridge,2027-01-18,1035.0,0.001,1245.0,pacing,,False,False,119,peak_ski
2026-09-21,overlook_ridge,2027-01-19,1285.0,0.15492533655614618,1133.0,pacing,,False,False,120,peak_ski
2026-09-21,overlook_ridge,2027-01-20,1260.0,0.1540269995107857,1154.0,pacing,,False,False,121,peak_ski
2026-09-21,overlook_ridge,2027-01-21,1240.0,0.001,1467.0,pacing,,False,False,122,peak_ski
2026-09-21,overlook_ridge,2027-01-22,1855.0,0.001,2165.0,pacing,,False,False,123,peak_ski
2026-09-21,overlook_ridge,2027-01-23,1855.0,0.021816444174757265,2237.0,pacing,,False,False,124,peak_ski
2026-09-21,overlook_ridge,2027-01-24,1370.0,0.001,1637.0,pacing,,False,False,125,peak_ski
2026-09-21,overlook_ridge,2027-01-25,1325.0,0.001,1583.0,pacing,,False,False,126,peak_ski
2026-09-21,overlook_ridge,2027-01-26,1360.0,0.001,1640.0,pacing,,False,False,127,peak_ski
2026-09-21,overlook_ridge,2027-01-27,1390.0,0.001,1658.0,pacing,,False,False,128,peak_ski
2026-09-21,overlook_ridge,2027-01-28,1505.0,0.001,1789.0,pacing,,False,False,129,peak_ski
2026-09-21,overlook_ridge,2027-01-29,1855.0,0.001,2555.0,pacing,,False,False,130,peak_ski
2026-09-21,overlook_ridge,2027-01-30,1855.0,0.001,2480.0,pacing,,False,False,131,peak_ski
2026-09-21,overlook_ridge,2027-01-31,1400.0,0.001,1642.0,pacing,,False,False,132,peak_ski
2026-09-21,overlook_ridge,2027-02-01,1080.0,0.001,1294.0,pacing,,False,False,133,peak_ski
2026-09-21,overlook_ridge,2027-02-02,1075.0,0.001,1282.0,pacing,,False,False,134,peak_ski
2026-09-21,overlook_ridge,2027-02-03,1115.0,0.001,1336.0,pacing,,False,False,135,peak_ski
2026-09-21,overlook_ridge,2027-02-04,1720.0,0.001,1994.0,pacing,,False,False,136,peak_ski
2026-09-21,overlook_ridge,2027-02-05,1855.0,0.001,2714.0,pacing,,False,False,137,peak_ski
2026-09-21,overlook_ridge,2027-02-06,1855.0,0.001,2835.0,pacing,,False,False,138,peak_ski
2026-09-21,overlook_ridge,2027-02-07,1730.0,0.001,2034.0,pacing,,False,False,139,peak_ski
2026-09-21,overlook_ridge,2027-02-08,1710.0,0.001,2013.0,pacing,,False,False,140,peak_ski
2026-09-21,overlook_ridge,2027-02-09,1710.0,0.001,2000.0,pacing,,False,False,141,peak_ski
2026-09-21,overlook_ridge,2027-02-10,1720.0,0.001,2037.0,pacing,,False,False,142,peak_ski
2026-09-21,overlook_ridge,2027-02-11,1855.0,0.001,2479.0,pacing,,False,False,143,peak_ski
2026-09-21,overlook_ridge,2027-02-12,1855.0,0.001,3795.0,pacing,,False,False,144,peak_ski
2026-09-21,overlook_ridge,2027-02-13,1855.0,0.001,3747.0,pacing,,False,False,145,peak_ski
2026-09-21,overlook_ridge,2027-02-14,1855.0,0.001,3726.0,pacing,,False,False,146,peak_ski
2026-09-21,overlook_ridge,2027-02-15,1855.0,0.001,2225.0,pacing,,False,False,147,peak_ski
2026-09-21,overlook_ridge,2027-02-16,1800.0,0.001,2062.0,pacing,,False,False,148,peak_ski
2026-09-21,overlook_ridge,2027-02-17,1780.0,0.001,2076.0,pacing,,False,False,149,peak_ski
2026-09-21,overlook_ridge,2027-02-18,1855.0,0.001,2465.0,pacing,,False,False,150,peak_ski
2026-09-21,overlook_ridge,2027-02-19,1855.0,0.0010627122524596068,3280.0,pacing,,False,False,151,peak_ski
2026-09-21,overlook_ridge,2027-02-20,1855.0,0.0014725333627614017,3096.0,pacing,,False,False,152,peak_ski
2026-09-21,overlook_ridge,2027-02-21,1855.0,0.001,2175.0,pacing,,False,False,153,peak_ski
2026-09-21,overlook_ridge,2027-02-22,1485.0,0.001,1774.0,pacing,,False,False,154,peak_ski
2026-09-21,overlook_ridge,2027-02-23,1330.0,0.001,1615.0,pacing,,False,False,155,peak_ski
2026-09-21,overlook_ridge,2027-02-24,1415.0,0.001,1702.0,pacing,,False,False,156,peak_ski
2026-09-21,overlook_ridge,2027-02-25,1855.0,0.001,2423.0,pacing,,False,False,157,peak_ski
2026-09-21,overlook_ridge,2027-02-26,1855.0,0.0018299064941398788,2943.0,pacing,,False,False,158,peak_ski
2026-09-21,overlook_ridge,2027-02-27,1855.0,0.00215589436075987,2953.0,pacing,,False,False,159,peak_ski
2026-09-21,overlook_ridge,2027-02-28,1740.0,0.001,2000.0,pacing,,False,False,160,peak_ski
2026-09-21,overlook_ridge,2027-03-01,1335.0,0.001,1621.0,pacing,,False,False,161,peak_ski
2026-09-21,overlook_ridge,2027-03-02,1335.0,0.001,1631.0,pacing,,False,False,162,peak_ski
2026-09-21,overlook_ridge,2027-03-03,1350.0,0.001,1648.0,pacing,,False,False,163,peak_ski
2026-09-21,overlook_ridge,2027-03-04,1705.0,0.001,2022.0,pacing,,False,False,164,peak_ski
2026-09-21,overlook_ridge,2027-03-05,1855.0,0.002451165045549243,2630.0,pacing,,False,False,165,peak_ski
2026-09-21,overlook_ridge,2027-03-06,1855.0,0.0026803988274805104,2867.0,pacing,,False,False,166,peak_ski
2026-09-21,overlook_ridge,2027-03-07,1855.0,0.001,2450.0,pacing,,False,False,167,peak_ski
2026-09-21,overlook_ridge,2027-03-08,1855.0,0.001,2328.0,pacing,,False,False,168,peak_ski
2026-09-21,overlook_ridge,2027-03-09,1855.0,0.001,2259.0,pacing,,False,False,169,peak_ski
2026-09-21,overlook_ridge,2027-03-10,1855.0,0.001,2292.0,pacing,,False,False,170,peak_ski
2026-09-21,overlook_ridge,2027-03-11,1855.0,0.001,2457.0,pacing,,False,False,171,peak_ski
2026-09-21,overlook_ridge,2027-03-12,1855.0,0.002929874514560713,2895.0,pacing,,False,False,172,peak_ski
2026-09-21,overlook_ridge,2027-03-13,1855.0,0.0031745855513412346,2951.0,pacing,,False,False,173,peak_ski
2026-09-21,overlook_ridge,2027-03-14,1855.0,0.001,2974.0,pacing,,False,False,174,peak_ski
2026-09-21,overlook_ridge,2027-03-15,1855.0,0.001,2857.0,pacing,,False,False,175,peak_ski
2026-09-21,overlook_ridge,2027-03-16,1855.0,0.001,2862.0,pacing,,False,False,176,peak_ski
2026-09-21,overlook_ridge,2027-03-17,1855.0,0.001,2865.0,pacing,,False,False,177,peak_ski
2026-09-21,overlook_ridge,2027-03-18,1855.0,0.001,2862.0,pacing,,False,False,178,peak_ski
2026-09-21,overlook_ridge,2027-03-19,1855.0,0.0034129611644877563,2729.0,pacing,,False,False,179,peak_ski
2026-09-21,overlook_ridge,2027-03-20,1855.0,0.0036018507936730927,2596.0,pacing,,False,False,180,peak_ski
2026-09-21,overlook_ridge,2027-03-21,1515.0,0.001,1843.0,pacing,,False,False,181,peak_ski
2026-09-21,overlook_ridge,2027-03-22,1835.0,0.001,2137.0,pacing,,False,False,182,peak_ski
2026-09-21,overlook_ridge,2027-03-23,1775.0,0.001,2162.0,pacing,,False,False,183,peak_ski
2026-09-21,overlook_ridge,2027-03-24,1230.0,0.0031799587971911036,1358.0,pacing,,False,False,184,peak_ski
2026-09-21,overlook_ridge,2027-03-25,1310.0,0.002350489459281988,1612.0,pacing,,False,False,185,peak_ski
2026-09-21,overlook_ridge,2027-03-26,1475.0,0.008050464735054656,1778.0,pacing,,False,False,186,peak_ski
2026-09-21,overlook_ridge,2027-03-27,1330.0,0.009689560156529251,1591.0,pacing,,False,False,187,peak_ski
2026-09-21,overlook_ridge,2027-03-28,1085.0,0.004814718920435438,1295.0,pacing,,False,False,188,peak_ski
2026-09-21,overlook_ridge,2027-03-29,905.0,0.006772925846600928,1012.0,pacing,,False,False,189,peak_ski
2026-09-21,overlook_ridge,2027-03-30,885.0,0.006999344758740718,917.0,pacing,,False,False,190,peak_ski
2026-09-21,overlook_ridge,2027-03-31,880.0,0.007062111586084011,911.0,pacing,,False,False,191,peak_ski
2026-09-21,overlook_ridge,2027-04-01,860.0,0.001,1022.0,pacing,,False,False,192,shoulder_spring
2026-09-21,overlook_ridge,2027-04-02,875.0,0.009258196141327418,1063.0,pacing,,False,False,193,shoulder_spring
2026-09-21,overlook_ridge,2027-04-03,820.0,0.012068416724605102,980.0,pacing,,False,False,194,shoulder_spring
2026-09-21,overlook_ridge,2027-04-04,655.0,0.002661137307722021,788.0,pacing,,False,False,195,shoulder_spring
2026-09-21,overlook_ridge,2027-04-05,555.0,0.006538583487776951,633.0,pacing,,False,False,196,shoulder_spring
2026-09-21,overlook_ridge,2027-04-06,520.0,0.007871304996099575,588.0,pacing,,False,False,197,shoulder_spring
2026-09-21,overlook_ridge,2027-04-07,530.0,0.007487124627600552,599.0,pacing,,False,False,198,shoulder_spring
2026-09-21,overlook_ridge,2027-04-08,575.0,0.005798611074412708,664.0,pacing,,False,False,199,shoulder_spring
2026-09-21,overlook_ridge,2027-04-09,620.0,0.021652015105553153,705.0,pacing,,False,False,200,shoulder_spring
2026-09-21,overlook_ridge,2027-04-10,620.0,0.02142762631880834,681.0,pacing,,False,False,201,shoulder_spring
2026-09-21,overlook_ridge,2027-04-11,530.0,0.0074864914065764405,599.0,pacing,,False,False,202,shoulder_spring
2026-09-21,overlook_ridge,2027-04-12,505.0,0.008405053138698299,563.0,pacing,,False,False,203,shoulder_spring
2026-09-21,overlook_ridge,2027-04-13,480.0,0.009330688201352712,531.0,pacing,,False,False,204,shoulder_spring
2026-09-21,overlook_ridge,2027-04-14,490.0,0.008983304883422905,541.0,pacing,,False,False,205,shoulder_spring
2026-09-21,overlook_ridge,2027-04-15,510.0,0.008270384796473056,575.0,pacing,,False,False,206,shoulder_spring
2026-09-21,overlook_ridge,2027-04-16,600.0,0.022129476710526966,641.0,pacing,,False,False,207,shoulder_spring
2026-09-21,overlook_ridge,2027-04-17,585.0,0.022577484480615088,617.0,pacing,,False,False,208,shoulder_spring
2026-09-21,overlook_ridge,2027-04-18,505.0,0.008478812785159565,563.0,pacing,,False,False,209,shoulder_spring
2026-09-21,overlook_ridge,2027-04-19,465.0,0.009967727970502107,504.0,pacing,,False,False,210,shoulder_spring
2026-09-21,overlook_ridge,2027-04-20,455.0,0.01035056966488118,489.0,pacing,,False,False,211,shoulder_spring
2026-09-21,overlook_ridge,2027-04-21,465.0,0.010000083658947079,500.0,pacing,,False,False,212,shoulder_spring
2026-09-21,overlook_ridge,2027-04-22,500.0,0.00873814312910788,551.0,pacing,,False,False,213,shoulder_spring
2026-09-21,overlook_ridge,2027-04-23,605.0,0.02141399659676225,639.0,pacing,,False,False,214,shoulder_spring
2026-09-21,overlook_ridge,2027-04-24,600.0,0.021414854306118895,623.0,pacing,,False,False,215,shoulder_spring
2026-09-21,overlook_ridge,2027-04-25,520.0,0.008030135226537297,575.0,pacing,,False,False,216,shoulder_spring
2026-09-21,overlook_ridge,2027-04-26,485.0,0.009330233998190713,529.0,pacing,,False,False,217,shoulder_spring
2026-09-21,overlook_ridge,2027-04-27,485.0,0.009348873178792814,528.0,pacing,,False,False,218,shoulder_spring
2026-09-21,overlook_ridge,2027-04-28,480.0,0.0095490036600244,517.0,pacing,,False,False,219,shoulder_spring
2026-09-21,overlook_ridge,2027-04-29,485.0,0.009384783937913822,528.0,pacing,,False,False,220,shoulder_spring
2026-09-21,overlook_ridge,2027-04-30,565.0,0.02274583253247177,579.0,pacing,,False,False,221,shoulder_spring
2026-09-21,overlook_ridge,2027-05-01,560.0,0.022714257670669084,566.0,pacing,,False,False,222,shoulder_spring
2026-09-21,overlook_ridge,2027-05-02,490.0,0.009221407208298631,531.0,pacing,,False,False,223,shoulder_spring
2026-09-21,overlook_ridge,2027-05-03,465.0,0.010146060276603107,499.0,pacing,,False,False,224,shoulder_spring
2026-09-21,overlook_ridge,2027-05-04,470.0,0.00997982410760476,512.0,pacing,,False,False,225,shoulder_spring
2026-09-21,overlook_ridge,2027-05-05,485.0,0.009452585915834033,527.0,pacing,,False,False,226,shoulder_spring
2026-09-21,overlook_ridge,2027-05-06,495.0,0.009108558048400881,546.0,pacing,,False,False,227,shoulder_spring
2026-09-21,overlook_ridge,2027-05-07,570.0,0.022027475941117553,594.0,pacing,,False,False,228,shoulder_spring
2026-09-21,overlook_ridge,2027-05-08,555.0,0.022437213548806217,579.0,pacing,,False,False,229,shoulder_spring
2026-09-21,overlook_ridge,2027-05-09,490.0,0.009307787995503383,536.0,pacing,,False,False,230,shoulder_spring
2026-09-21,overlook_ridge,2027-05-10,475.0,0.009866507952147345,522.0,pacing,,False,False,231,shoulder_spring
2026-09-21,overlook_ridge,2027-05-11,470.0,0.010062271630040096,518.0,pacing,,False,False,232,shoulder_spring
2026-09-21,overlook_ridge,2027-05-12,485.0,0.009536850078008781,538.0,pacing,,False,False,233,shoulder_spring
2026-09-21,overlook_ridge,2027-05-13,490.0,0.00937347247695039,556.0,pacing,,False,False,234,shoulder_spring
2026-09-21,overlook_ridge,2027-05-14,570.0,0.0215534407191661,594.0,pacing,,False,False,235,shoulder_spring
2026-09-21,overlook_ridge,2027-05-15,575.0,0.021114871526076974,599.0,pacing,,False,False,236,shoulder_spring
2026-09-21,overlook_ridge,2027-05-16,505.0,0.008851727179086692,555.0,pacing,,False,False,237,shoulder_spring
2026-09-21,overlook_ridge,2027-05-17,490.0,0.009409173808125972,538.0,pacing,,False,False,238,shoulder_spring
2026-09-21,overlook_ridge,2027-05-18,485.0,0.009604944413106338,530.0,pacing,,False,False,239,shoulder_spring
2026-09-21,overlook_ridge,2027-05-19,490.0,0.00944126517670714,538.0,pacing,,False,False,240,shoulder_spring
2026-09-21,overlook_ridge,2027-05-20,495.0,0.009278213042101932,544.0,pacing,,False,False,241,shoulder_spring
2026-09-21,overlook_ridge,2027-05-21,575.0,0.020897580126291133,597.0,pacing,,False,False,242,shoulder_spring
2026-09-21,overlook_ridge,2027-05-22,570.0,0.020890073837892265,592.0,pacing,,False,False,243,shoulder_spring
2026-09-21,overlook_ridge,2027-05-23,510.0,0.008758585922651791,561.0,pacing,,False,False,244,shoulder_spring
2026-09-21,overlook_ridge,2027-05-24,490.0,0.009491813551319514,537.0,pacing,,False,False,245,shoulder_spring
2026-09-21,overlook_ridge,2027-05-25,500.0,0.009150511562658307,554.0,pacing,,False,False,246,shoulder_spring
2026-09-21,overlook_ridge,2027-05-26,495.0,0.009345874994076672,546.0,pacing,,False,False,247,shoulder_spring
2026-09-21,overlook_ridge,2027-05-27,540.0,0.0077585940848692685,603.0,pacing,,False,False,248,shoulder_spring
2026-09-21,overlook_ridge,2027-05-28,625.0,0.01841491118264109,747.0,pacing,,False,False,249,shoulder_spring
2026-09-21,overlook_ridge,2027-05-29,625.0,0.01827205278564045,750.0,pacing,,False,False,250,shoulder_spring
2026-09-21,overlook_ridge,2027-05-30,620.0,0.004933713389076736,719.0,pacing,,False,False,251,shoulder_spring
2026-09-21,overlook_ridge,2027-05-31,495.0,0.00941539576639737,557.0,pacing,,False,False,252,shoulder_spring
2026-09-21,overlook_ridge,2027-06-01,540.0,0.021788536425885744,595.0,pacing,,False,False,253,summer
2026-09-21,overlook_ridge,2027-06-02,530.0,0.0224284534494414,585.0,pacing,,False,False,254,summer
2026-09-21,overlook_ridge,2027-06-03,585.0,0.018730892809245506,647.0,pacing,,False,False,255,summer
2026-09-21,overlook_ridge,2027-06-04,695.0,0.029061800454306404,762.0,pacing,,False,False,256,summer
2026-09-21,overlook_ridge,2027-06-05,695.0,0.02889944962944542,770.0,pacing,,False,False,257,summer
2026-09-21,overlook_ridge,2027-06-06,600.0,0.01772637910342475,681.0,pacing,,False,False,258,summer
2026-09-21,overlook_ridge,2027-06-07,570.0,0.01970532555709813,734.0,pacing,,False,False,259,summer
2026-09-21,overlook_ridge,2027-06-08,555.0,0.020674896572837234,622.0,pacing,,False,False,260,summer
2026-09-21,overlook_ridge,2027-06-09,590.0,0.01835773724805062,665.0,pacing,,False,False,261,summer
2026-09-21,overlook_ridge,2027-06-10,715.0,0.005129028581311072,865.0,pacing,,False,False,262,summer
2026-09-21,overlook_ridge,2027-06-11,810.0,0.020431766787678333,991.0,pacing,,False,False,263,summer
2026-09-21,overlook_ridge,2027-06-12,825.0,0.019481213842142395,996.0,pacing,,False,False,264,summer
2026-09-21,overlook_ridge,2027-06-13,725.0,0.004405527736159095,907.0,pacing,,False,False,265,summer
2026-09-21,overlook_ridge,2027-06-14,735.0,0.0038173006630991897,893.0,pacing,,False,False,266,summer
2026-09-21,overlook_ridge,2027-06-15,795.0,0.001,972.0,pacing,,False,False,267,summer
2026-09-21,overlook_ridge,2027-06-16,850.0,0.001,1039.0,pacing,,False,False,268,summer
2026-09-21,overlook_ridge,2027-06-17,1170.0,0.001,1396.0,pacing,,False,False,269,summer
2026-09-21,overlook_ridge,2027-06-18,1230.0,0.001,1464.0,pacing,,False,False,270,summer
2026-09-21,overlook_ridge,2027-06-19,1205.0,0.001,1403.0,pacing,,False,False,271,summer
2026-09-21,overlook_ridge,2027-06-20,910.0,0.001,1078.0,pacing,,False,False,272,summer
2026-09-21,overlook_ridge,2027-06-21,875.0,0.001,1020.0,pacing,,False,False,273,summer
2026-09-21,overlook_ridge,2027-06-22,780.0,0.001327252901576411,1031.0,pacing,,False,False,274,summer
2026-09-21,overlook_ridge,2027-06-23,845.0,0.0035063682716517963,975.0,pacing,,False,False,275,summer
2026-09-21,overlook_ridge,2027-06-24,1040.0,0.001,1193.0,pacing,,False,False,276,summer
2026-09-21,overlook_ridge,2027-06-25,1265.0,0.001,1468.0,pacing,,False,False,277,summer
2026-09-21,overlook_ridge,2027-06-26,1205.0,0.004161636710150653,1380.0,pacing,,False,False,278,summer
2026-09-21,overlook_ridge,2027-06-27,1040.0,0.001,1188.0,pacing,,False,False,279,summer
2026-09-21,overlook_ridge,2027-06-28,930.0,0.001,1037.0,pacing,,False,False,280,summer
2026-09-21,overlook_ridge,2027-06-29,900.0,0.001,1014.0,pacing,,False,False,281,summer
2026-09-21,overlook_ridge,2027-06-30,1070.0,0.001,1202.0,pacing,,False,False,282,summer
2026-09-21,overlook_ridge,2027-07-01,1135.0,0.001,1280.0,pacing,,False,False,283,summer
2026-09-21,overlook_ridge,2027-07-02,1855.0,0.001,2039.0,pacing,,False,False,284,summer
2026-09-21,overlook_ridge,2027-07-03,1855.0,0.001,2084.0,pacing,,False,False,285,summer
2026-09-21,overlook_ridge,2027-07-04,1855.0,0.001,2010.0,pacing,,False,False,286,summer
2026-09-21,overlook_ridge,2027-07-05,935.0,0.001,1081.0,pacing,,False,False,287,summer
2026-09-21,overlook_ridge,2027-07-06,925.0,0.001,1055.0,pacing,,False,False,288,summer
2026-09-21,overlook_ridge,2027-07-07,1000.0,0.001,1139.0,pacing,,False,False,289,summer
2026-09-21,overlook_ridge,2027-07-08,1305.0,0.001,1484.0,pacing,,False,False,290,summer
2026-09-21,overlook_ridge,2027-07-09,1855.0,0.001,2054.0,pacing,,False,False,291,summer
2026-09-21,overlook_ridge,2027-07-10,1855.0,0.001,2122.0,pacing,,False,False,292,summer
2026-09-21,overlook_ridge,2027-07-11,1320.0,0.001,1464.0,pacing,,False,False,293,summer
2026-09-21,overlook_ridge,2027-07-12,1330.0,0.001,1450.0,pacing,,False,False,294,summer
2026-09-21,overlook_ridge,2027-07-13,1310.0,0.001,1428.0,pacing,,False,False,295,summer
2026-09-21,overlook_ridge,2027-07-14,1310.0,0.001,1444.0,pacing,,False,False,296,summer
2026-09-21,overlook_ridge,2027-07-15,1375.0,0.001,1523.0,pacing,,False,False,297,summer
2026-09-21,overlook_ridge,2027-07-16,1745.0,0.001,1911.0,pacing,,False,False,298,summer
2026-09-21,overlook_ridge,2027-07-17,1755.0,0.001,1968.0,pacing,,False,False,299,summer
2026-09-21,overlook_ridge,2027-07-18,1445.0,0.001,1631.0,pacing,,False,False,300,summer
2026-09-21,overlook_ridge,2027-07-19,1265.0,0.001,1445.0,pacing,,False,False,301,summer
2026-09-21,overlook_ridge,2027-07-20,1250.0,0.001,1427.0,pacing,,False,False,302,summer
2026-09-21,overlook_ridge,2027-07-21,1230.0,0.001,1235.0,pacing,,False,False,303,summer
2026-09-21,overlook_ridge,2027-07-22,1255.0,0.001,1441.0,pacing,,False,False,304,summer
2026-09-21,overlook_ridge,2027-07-23,1565.0,0.001,1788.0,pacing,,False,False,305,summer
2026-09-21,overlook_ridge,2027-07-24,1565.0,0.001,1815.0,pacing,,False,False,306,summer
2026-09-21,overlook_ridge,2027-07-25,1265.0,0.001,1486.0,pacing,,False,False,307,summer
2026-09-21,overlook_ridge,2027-07-26,1110.0,0.001,1284.0,pacing,,False,False,308,summer
2026-09-21,overlook_ridge,2027-07-27,1105.0,0.001,1284.0,pacing,,False,False,309,summer
2026-09-21,overlook_ridge,2027-07-28,1080.0,0.001,1269.0,pacing,,False,False,310,summer
2026-09-21,overlook_ridge,2027-07-29,1200.0,0.001,1400.0,pacing,,False,False,311,summer
2026-09-21,overlook_ridge,2027-07-30,1440.0,0.001,1676.0,pacing,,False,False,312,summer
2026-09-21,overlook_ridge,2027-07-31,1325.0,0.004095196118076807,1523.0,pacing,,False,False,313,summer
2026-09-21,overlook_ridge,2027-08-01,1015.0,0.001,1192.0,pacing,,False,False,314,summer
2026-09-21,overlook_ridge,2027-08-02,865.0,0.0078108937394764134,1015.0,pacing,,False,False,315,summer
2026-09-21,overlook_ridge,2027-08-03,840.0,0.009343117472703479,991.0,pacing,,False,False,316,summer
2026-09-21,overlook_ridge,2027-08-04,835.0,0.009696650821286231,989.0,pacing,,False,False,317,summer
2026-09-21,overlook_ridge,2027-08-05,955.0,0.0028559204876210807,1134.0,pacing,,False,False,318,summer
2026-09-21,overlook_ridge,2027-08-06,1075.0,0.015142245909801455,1300.0,pacing,,False,False,319,summer
2026-09-21,overlook_ridge,2027-08-07,1045.0,0.016496967575649762,1260.0,pacing,,False,False,320,summer
2026-09-21,overlook_ridge,2027-08-08,815.0,0.010990639370083048,979.0,pacing,,False,False,321,summer
2026-09-21,overlook_ridge,2027-08-09,720.0,0.01645579955597568,872.0,pacing,,False,False,322,summer
2026-09-21,overlook_ridge,2027-08-10,705.0,0.01731878737441445,849.0,pacing,,False,False,323,summer
2026-09-21,overlook_ridge,2027-08-11,705.0,0.01732339148392179,850.0,pacing,,False,False,324,summer
2026-09-21,overlook_ridge,2027-08-12,785.0,0.012822701360463422,941.0,pacing,,False,False,325,summer
2026-09-21,overlook_ridge,2027-08-13,905.0,0.022432843031793333,1096.0,pacing,,False,False,326,summer
2026-09-21,overlook_ridge,2027-08-14,860.0,0.02426215577045456,1037.0,pacing,,False,False,327,summer
2026-09-21,overlook_ridge,2027-08-15,695.0,0.017908022220605037,905.0,pacing,,False,False,328,summer
2026-09-21,overlook_ridge,2027-08-16,695.0,0.017907675468184104,839.0,pacing,,False,False,329,summer
2026-09-21,overlook_ridge,2027-08-17,695.0,0.017900866599503944,801.0,pacing,,False,False,330,summer
2026-09-21,overlook_ridge,2027-08-18,695.0,0.01789601940488573,794.0,pacing,,False,False,331,summer
2026-09-21,overlook_ridge,2027-08-19,695.0,0.017889679981677568,802.0,pacing,,False,False,332,summer
2026-09-21,overlook_ridge,2027-08-20,815.0,0.026046919188393153,998.0,pacing,,False,False,333,summer
2026-09-21,overlook_ridge,2027-08-21,810.0,0.026197297252653507,974.0,pacing,,False,False,334,summer
2026-09-21,overlook_ridge,2027-08-22,695.0,0.017886240215979538,809.0,pacing,,False,False,335,summer
2026-09-21,overlook_ridge,2027-08-23,695.0,0.017881124060558765,783.0,pacing,,False,False,336,summer
2026-09-21,overlook_ridge,2027-08-24,675.0,0.018965388217082477,625.0,pacing,,False,False,337,summer
2026-09-21,overlook_ridge,2027-08-25,670.0,0.019221720207286106,735.0,pacing,,False,False,338,summer
2026-09-21,overlook_ridge,2027-08-26,660.0,0.019746938660863845,721.0,pacing,,False,False,339,summer
2026-09-21,overlook_ridge,2027-08-27,735.0,0.029175907616966156,883.0,pacing,,False,False,340,summer
2026-09-21,overlook_ridge,2027-08-28,710.0,0.030036169703870866,842.0,pacing,,False,False,341,summer
2026-09-21,overlook_ridge,2027-08-29,695.0,0.017833354946137813,768.0,pacing,,False,False,342,summer
2026-09-21,overlook_ridge,2027-08-30,560.0,0.02509530682062936,590.0,pacing,,False,False,343,summer
2026-09-21,overlook_ridge,2027-08-31,540.0,0.026116799204763556,564.0,pacing,,False,False,344,summer
2026-09-21,overlook_ridge,2027-09-01,550.0,0.025522310083709233,569.0,pacing,,False,False,345,summer
2026-09-21,overlook_ridge,2027-09-02,625.0,0.021456106057861874,670.0,pacing,,False,False,346,summer
2026-09-21,overlook_ridge,2027-09-03,880.0,0.02310112059918143,1033.0,pacing,,False,False,347,summer
2026-09-21,overlook_ridge,2027-09-04,880.0,0.02304146012423066,1033.0,pacing,,False,False,348,summer
2026-09-21,overlook_ridge,2027-09-05,845.0,0.00969612577301705,990.0,pacing,,False,False,349,summer
2026-09-21,overlook_ridge,2027-09-06,545.0,0.02568114256246037,558.0,pacing,,False,False,350,summer
2026-09-21,overlook_ridge,2027-09-07,605.0,0.022449558618660426,624.0,pacing,,False,False,351,summer
2026-09-21,overlook_ridge,2027-09-08,605.0,0.022408347948800787,563.0,pacing,,False,False,352,summer
2026-09-21,overlook_ridge,2027-09-09,650.0,0.020000208631161764,669.0,pacing,,False,False,353,summer
2026-09-21,overlook_ridge,2027-09-10,695.0,0.030233915517391043,768.0,pacing,,False,False,354,summer
2026-09-21,overlook_ridge,2027-09-11,695.0,0.030061979170717595,753.0,pacing,,False,False,355,summer
2026-09-21,overlook_ridge,2027-09-12,695.0,0.01761554125111069,768.0,pacing,,False,False,356,summer
2026-09-21,overlook_ridge,2027-09-13,585.0,0.023346320913170335,610.0,pacing,,False,False,357,summer
2026-09-21,overlook_ridge,2027-09-14,580.0,0.023561355451311116,607.0,pacing,,False,False,358,summer
2026-09-21,overlook_ridge,2027-09-15,585.0,0.023254821778856363,607.0,pacing,,False,False,359,summer
2026-09-21,overlook_ridge,2027-09-16,610.0,0.00802477764648225,659.0,pacing,,False,False,360,shoulder_fall
2026-09-21,overlook_ridge,2027-09-17,665.0,0.018901907413321824,746.0,pacing,,False,False,361,shoulder_fall
2026-09-21,overlook_ridge,2027-09-18,620.0,0.021027854823916538,724.0,pacing,,False,False,362,shoulder_fall
2026-09-21,overlook_ridge,2027-09-19,545.0,0.012681153165055142,616.0,pacing,,False,False,363,shoulder_fall
2026-09-21,overlook_ridge,2027-09-20,490.0,0.016556536487426776,530.0,pacing,,False,False,364,shoulder_fall
2026-09-21,overlook_ridge,2027-09-21,485.0,0.01687972091482316,526.0,pacing,,False,False,365,shoulder_fall
2026-09-21,cloud_9,2026-09-22,675.0,0.001,750.0,pacing,,False,True,1,shoulder_fall
2026-09-21,cloud_9,2026-09-23,675.0,0.14476288946219495,750.0,pacing,,False,True,2,shoulder_fall
2026-09-21,cloud_9,2026-09-24,675.0,0.1355754455262045,750.0,pacing,,False,True,3,shoulder_fall
2026-09-21,cloud_9,2026-09-28,710.0,0.10555476291129788,800.0,pacing,,False,True,7,shoulder_fall
2026-09-21,cloud_9,2026-10-05,750.0,0.001,850.0,pacing,,False,False,14,shoulder_fall
2026-09-21,cloud_9,2026-10-06,750.0,0.001,850.0,pacing,,False,False,15,shoulder_fall
2026-09-21,cloud_9,2026-10-07,750.0,0.001,850.0,pacing,,False,False,16,shoulder_fall
2026-09-21,cloud_9,2026-10-08,750.0,0.001,850.0,pacing,,False,False,17,shoulder_fall
2026-09-21,cloud_9,2026-10-09,760.0,0.24297217311050356,850.0,pacing,,False,False,18,shoulder_fall
2026-09-21,cloud_9,2026-10-10,760.0,0.25428473098396637,850.0,pacing,,False,False,19,shoulder_fall
2026-09-21,cloud_9,2026-10-11,750.0,0.001,850.0,pacing,,False,False,20,shoulder_fall
2026-09-21,cloud_9,2026-10-12,750.0,0.001,850.0,pacing,,False,False,21,shoulder_fall
2026-09-21,cloud_9,2026-10-13,750.0,0.001,850.0,pacing,,False,False,22,shoulder_fall
2026-09-21,cloud_9,2026-10-19,750.0,0.001,850.0,pacing,,False,False,28,shoulder_fall
2026-09-21,cloud_9,2026-10-20,750.0,0.001,850.0,pacing,,False,False,29,shoulder_fall
2026-09-21,cloud_9,2026-10-21,750.0,0.001,850.0,pacing,,False,False,30,shoulder_fall
2026-09-21,cloud_9,2026-10-22,750.0,0.001,850.0,pacing,,False,False,31,shoulder_fall
2026-09-21,cloud_9,2026-10-23,760.0,0.27884349746721854,850.0,pacing,,False,False,32,shoulder_fall
2026-09-21,cloud_9,2026-10-24,760.0,0.28306413421287957,850.0,pacing,,False,False,33,shoulder_fall
2026-09-21,cloud_9,2026-10-25,750.0,0.001,850.0,pacing,,False,False,34,shoulder_fall
2026-09-21,cloud_9,2026-10-26,750.0,0.001,850.0,pacing,,False,False,35,shoulder_fall
2026-09-21,cloud_9,2026-10-27,750.0,0.001,850.0,pacing,,False,False,36,shoulder_fall
2026-09-21,cloud_9,2026-10-28,750.0,0.001,850.0,pacing,,False,False,37,shoulder_fall
2026-09-21,cloud_9,2026-10-29,750.0,0.001,850.0,pacing,,False,False,38,shoulder_fall
2026-09-21,cloud_9,2026-10-30,760.0,0.28638009558058986,850.0,pacing,,False,False,39,shoulder_fall
2026-09-21,cloud_9,2026-10-31,755.0,0.2828090471132736,850.0,pacing,,False,False,40,shoulder_fall
2026-09-21,cloud_9,2026-11-01,685.0,0.001,765.0,pacing,,False,False,41,shoulder_fall
2026-09-21,cloud_9,2026-11-02,685.0,0.001,765.0,pacing,,False,False,42,shoulder_fall
2026-09-21,cloud_9,2026-11-03,685.0,0.001,765.0,pacing,,False,False,43,shoulder_fall
2026-09-21,cloud_9,2026-11-04,685.0,0.001,765.0,pacing,,False,False,44,shoulder_fall
2026-09-21,cloud_9,2026-11-05,685.0,0.001,765.0,pacing,,False,False,45,shoulder_fall
2026-09-21,cloud_9,2026-11-06,695.0,0.01503635143481566,765.0,pacing,,False,False,46,shoulder_fall
2026-09-21,cloud_9,2026-11-07,695.0,0.014886138724108407,765.0,pacing,,False,False,47,shoulder_fall
2026-09-21,cloud_9,2026-11-08,685.0,0.001,765.0,pacing,,False,False,48,shoulder_fall
2026-09-21,cloud_9,2026-11-09,685.0,0.001,765.0,pacing,,False,False,49,shoulder_fall
2026-09-21,cloud_9,2026-11-10,685.0,0.001,765.0,pacing,,False,False,50,shoulder_fall
2026-09-21,cloud_9,2026-11-11,685.0,0.001,765.0,pacing,,False,False,51,shoulder_fall
2026-09-21,cloud_9,2026-11-12,685.0,0.001,765.0,pacing,,False,False,52,shoulder_fall
2026-09-21,cloud_9,2026-11-13,685.0,0.42060434040007405,765.0,pacing,,False,False,53,shoulder_fall
2026-09-21,cloud_9,2026-11-14,685.0,0.392959220262488,765.0,pacing,,False,False,54,shoulder_fall
2026-09-21,cloud_9,2026-11-15,685.0,0.001,765.0,pacing,,False,False,55,shoulder_fall
2026-09-21,cloud_9,2026-11-16,685.0,0.001,765.0,pacing,,False,False,56,shoulder_fall
2026-09-21,cloud_9,2026-11-17,685.0,0.001,765.0,pacing,,False,False,57,shoulder_fall
2026-09-21,cloud_9,2026-11-18,685.0,0.001,765.0,pacing,,False,False,58,shoulder_fall
2026-09-21,cloud_9,2026-11-19,685.0,0.001,765.0,pacing,,False,False,59,shoulder_fall
2026-09-21,cloud_9,2026-11-20,695.0,0.014738711881761606,765.0,pacing,,False,False,60,shoulder_fall
2026-09-21,cloud_9,2026-11-21,705.0,0.049723498997365626,765.0,pacing,,False,False,61,early_winter
2026-09-21,cloud_9,2026-11-22,685.0,0.0015499923471339974,765.0,pacing,,False,False,62,early_winter
2026-09-21,cloud_9,2026-11-23,770.0,0.001,931.0,pacing,,False,False,63,early_winter
2026-09-21,cloud_9,2026-11-29,750.0,0.001,850.0,pacing,,False,False,69,early_winter
2026-09-21,cloud_9,2026-11-30,750.0,0.0014680050193047768,850.0,pacing,,False,False,70,early_winter
2026-09-21,cloud_9,2026-12-01,750.0,0.003507356489477119,850.0,pacing,,False,False,71,early_winter
2026-09-21,cloud_9,2026-12-02,750.0,0.0058591081772605665,850.0,pacing,,False,False,72,early_winter
2026-09-21,cloud_9,2026-12-03,750.0,0.00849175732823708,850.0,pacing,,False,False,73,early_winter
2026-09-21,cloud_9,2026-12-06,770.0,0.004549507389361124,850.0,pacing,,False,False,76,early_winter
2026-09-21,cloud_9,2026-12-07,750.0,0.009692752162537547,850.0,pacing,,False,False,77,early_winter
2026-09-21,cloud_9,2026-12-08,750.0,0.010186802313903308,850.0,pacing,,False,False,78,early_winter
2026-09-21,cloud_9,2026-12-09,750.0,0.010593746191472143,850.0,pacing,,False,False,79,early_winter
2026-09-21,cloud_9,2026-12-10,790.0,0.0024601166077115834,939.0,pacing,,False,False,80,early_winter
2026-09-21,cloud_9,2026-12-11,1095.0,0.001,1315.0,pacing,,False,False,81,early_winter
2026-09-21,cloud_9,2026-12-12,1240.0,0.001,1446.0,pacing,,False,False,82,early_winter
2026-09-21,cloud_9,2026-12-13,885.0,0.001,1017.0,pacing,,False,False,83,early_winter
2026-09-21,cloud_9,2026-12-14,800.0,0.002313685813031914,912.0,pacing,,False,False,84,early_winter
2026-09-21,cloud_9,2027-01-06,1795.0,0.0956855041424079,1328.0,pacing,,False,False,107,peak_ski
2026-09-21,cloud_9,2027-01-07,1215.0,0.001,1410.0,pacing,,False,False,108,peak_ski
2026-09-21,cloud_9,2027-01-08,1535.0,0.001,1763.0,pacing,,False,False,109,peak_ski
2026-09-21,cloud_9,2027-01-09,1385.0,0.0013527912530192714,1632.0,pacing,,False,False,110,peak_ski
2026-09-21,cloud_9,2027-01-10,1300.0,0.001,1521.0,pacing,,False,False,111,peak_ski
2026-09-21,cloud_9,2027-01-11,980.0,0.001,1156.0,pacing,,False,False,112,peak_ski
2026-09-21,cloud_9,2027-01-12,1225.0,0.1725111101817174,1095.0,pacing,,False,False,113,peak_ski
2026-09-21,cloud_9,2027-01-13,1575.0,0.11945359998086699,1448.0,pacing,,False,False,114,peak_ski
2026-09-21,cloud_9,2027-01-14,1590.0,0.001,1899.0,pacing,,False,False,115,peak_ski
2026-09-21,cloud_9,2027-01-15,2385.0,0.001,2714.0,pacing,,False,False,116,peak_ski
2026-09-21,cloud_9,2027-01-16,2275.0,0.001,2647.0,pacing,,False,False,117,peak_ski
2026-09-21,cloud_9,2027-01-17,2260.0,0.001,2593.0,pacing,,False,False,118,peak_ski
2026-09-21,cloud_9,2027-01-18,1165.0,0.001,1379.0,pacing,,False,False,119,peak_ski
2026-09-21,cloud_9,2027-01-19,1475.0,0.12967132233314665,1321.0,pacing,,False,False,120,peak_ski
2026-09-21,cloud_9,2027-01-20,1420.0,0.1332210954517231,1290.0,pacing,,False,False,121,peak_ski
2026-09-21,cloud_9,2027-01-21,1475.0,0.001,1729.0,pacing,,False,False,122,peak_ski
2026-09-21,cloud_9,2027-01-22,2240.0,0.001,2467.0,pacing,,False,False,123,peak_ski
2026-09-21,cloud_9,2027-01-23,2385.0,0.001,2646.0,pacing,,False,False,124,peak_ski
2026-09-21,cloud_9,2027-01-24,1615.0,0.001,1884.0,pacing,,False,False,125,peak_ski
2026-09-21,cloud_9,2027-01-25,1610.0,0.001,1895.0,pacing,,False,False,126,peak_ski
2026-09-21,cloud_9,2027-01-26,1605.0,0.001,1910.0,pacing,,False,False,127,peak_ski
2026-09-21,cloud_9,2027-01-27,1670.0,0.001,1945.0,pacing,,False,False,128,peak_ski
2026-09-21,cloud_9,2027-01-28,1860.0,0.001,2149.0,pacing,,False,False,129,peak_ski
2026-09-21,cloud_9,2027-01-29,2385.0,0.001,2945.0,pacing,,False,False,130,peak_ski
2026-09-21,cloud_9,2027-01-30,2385.0,0.001,2973.0,pacing,,False,False,131,peak_ski
2026-09-21,cloud_9,2027-01-31,1670.0,0.001,1915.0,pacing,,False,False,132,peak_ski
2026-09-21,cloud_9,2027-02-01,1190.0,0.001,1420.0,pacing,,False,False,133,peak_ski
2026-09-21,cloud_9,2027-02-02,1185.0,0.001,1401.0,pacing,,False,False,134,peak_ski
2026-09-21,cloud_9,2027-02-03,1230.0,0.001,1458.0,pacing,,False,False,135,peak_ski
2026-09-21,cloud_9,2027-02-04,2030.0,0.001,2288.0,pacing,,False,False,136,peak_ski
2026-09-21,cloud_9,2027-02-05,2385.0,0.001,2907.0,pacing,,False,False,137,peak_ski
2026-09-21,cloud_9,2027-02-06,2385.0,0.001,3114.0,pacing,,False,False,138,peak_ski
2026-09-21,cloud_9,2027-02-07,1980.0,0.001,2285.0,pacing,,False,False,139,peak_ski
2026-09-21,cloud_9,2027-02-08,1895.0,0.001,2200.0,pacing,,False,False,140,peak_ski
2026-09-21,cloud_9,2027-02-09,1880.0,0.001,2175.0,pacing,,False,False,141,peak_ski
2026-09-21,cloud_9,2027-02-10,1940.0,0.001,2216.0,pacing,,False,False,142,peak_ski
2026-09-21,cloud_9,2027-02-11,2345.0,0.001,2667.0,pacing,,False,False,143,peak_ski
2026-09-21,cloud_9,2027-02-12,2385.0,0.001,3976.0,pacing,,False,False,144,peak_ski
2026-09-21,cloud_9,2027-02-13,2385.0,0.001,3903.0,pacing,,False,False,145,peak_ski
2026-09-21,cloud_9,2027-02-14,2385.0,0.001,3945.0,pacing,,False,False,146,peak_ski
2026-09-21,cloud_9,2027-02-15,2150.0,0.001,2399.0,pacing,,False,False,147,peak_ski
2026-09-21,cloud_9,2027-02-16,1945.0,0.001,2210.0,pacing,,False,False,148,peak_ski
2026-09-21,cloud_9,2027-02-17,1980.0,0.001,2228.0,pacing,,False,False,149,peak_ski
2026-09-21,cloud_9,2027-02-18,2260.0,0.001,2564.0,pacing,,False,False,150,peak_ski
2026-09-21,cloud_9,2027-02-19,2385.0,0.001,3605.0,pacing,,False,False,151,peak_ski
2026-09-21,cloud_9,2027-02-20,2385.0,0.001,3319.0,pacing,,False,False,152,peak_ski
2026-09-21,cloud_9,2027-02-21,2060.0,0.001,2343.0,pacing,,False,False,153,peak_ski
2026-09-21,cloud_9,2027-02-22,1590.0,0.001,1870.0,pacing,,False,False,154,peak_ski
2026-09-21,cloud_9,2027-02-23,1385.0,0.001,1681.0,pacing,,False,False,155,peak_ski
2026-09-21,cloud_9,2027-02-24,1505.0,0.001,1792.0,pacing,,False,False,156,peak_ski
2026-09-21,cloud_9,2027-02-25,2305.0,0.001,2521.0,pacing,,False,False,157,peak_ski
2026-09-21,cloud_9,2027-02-26,2385.0,0.001,3155.0,pacing,,False,False,158,peak_ski
2026-09-21,cloud_9,2027-02-27,2385.0,0.001,3038.0,pacing,,False,False,159,peak_ski
2026-09-21,cloud_9,2027-02-28,1810.0,0.001,2086.0,pacing,,False,False,160,peak_ski
2026-09-21,cloud_9,2027-03-01,1365.0,0.001,1638.0,pacing,,False,False,161,peak_ski
2026-09-21,cloud_9,2027-03-02,1370.0,0.001,1641.0,pacing,,False,False,162,peak_ski
2026-09-21,cloud_9,2027-03-03,1375.0,0.001,1654.0,pacing,,False,False,163,peak_ski
2026-09-21,cloud_9,2027-03-04,1765.0,0.001,2042.0,pacing,,False,False,164,peak_ski
2026-09-21,cloud_9,2027-03-05,2385.0,0.001,2795.0,pacing,,False,False,165,peak_ski
2026-09-21,cloud_9,2027-03-06,2385.0,0.001,2928.0,pacing,,False,False,166,peak_ski
2026-09-21,cloud_9,2027-03-07,2195.0,0.001,2522.0,pacing,,False,False,167,peak_ski
2026-09-21,cloud_9,2027-03-08,2025.0,0.001,2360.0,pacing,,False,False,168,peak_ski
2026-09-21,cloud_9,2027-03-09,1985.0,0.001,2311.0,pacing,,False,False,169,peak_ski
2026-09-21,cloud_9,2027-03-10,1985.0,0.001,2304.0,pacing,,False,False,170,peak_ski
2026-09-21,cloud_9,2027-03-11,2235.0,0.001,2562.0,pacing,,False,False,171,peak_ski
2026-09-21,cloud_9,2027-03-12,2385.0,0.001,3012.0,pacing,,False,False,172,peak_ski
2026-09-21,cloud_9,2027-03-13,2385.0,0.001,3061.0,pacing,,False,False,173,peak_ski
2026-09-21,cloud_9,2027-03-14,2385.0,0.001,3107.0,pacing,,False,False,174,peak_ski
2026-09-21,cloud_9,2027-03-15,2385.0,0.001,2982.0,pacing,,False,False,175,peak_ski
2026-09-21,cloud_9,2027-03-16,2385.0,0.001,2952.0,pacing,,False,False,176,peak_ski
2026-09-21,cloud_9,2027-03-17,2385.0,0.001,2972.0,pacing,,False,False,177,peak_ski
2026-09-21,cloud_9,2027-03-18,2385.0,0.001,2993.0,pacing,,False,False,178,peak_ski
2026-09-21,cloud_9,2027-03-19,2385.0,0.001,2765.0,pacing,,False,False,179,peak_ski
2026-09-21,cloud_9,2027-03-20,2385.0,0.001,2656.0,pacing,,False,False,180,peak_ski
2026-09-21,cloud_9,2027-03-21,1580.0,0.001,1902.0,pacing,,False,False,181,peak_ski
2026-09-21,cloud_9,2027-03-22,1945.0,0.001,2237.0,pacing,,False,False,182,peak_ski
2026-09-21,cloud_9,2027-03-23,1925.0,0.001,2276.0,pacing,,False,False,183,peak_ski
2026-09-21,cloud_9,2027-03-24,1350.0,0.0018804425822829185,1491.0,pacing,,False,False,184,peak_ski
2026-09-21,cloud_9,2027-03-25,1460.0,0.001,1743.0,pacing,,False,False,185,peak_ski
2026-09-21,cloud_9,2027-03-26,1645.0,0.006139081441898973,1937.0,pacing,,False,False,186,peak_ski
2026-09-21,cloud_9,2027-03-27,1460.0,0.008243660521156826,1727.0,pacing,,False,False,187,peak_ski
2026-09-21,cloud_9,2027-03-28,1195.0,0.003630036046009537,1425.0,pacing,,False,False,188,peak_ski
2026-09-21,cloud_9,2027-03-29,1035.0,0.005375666575946918,1147.0,pacing,,False,False,189,peak_ski
2026-09-21,cloud_9,2027-03-30,1020.0,0.005550092264311336,1079.0,pacing,,False,False,190,peak_ski
2026-09-21,cloud_9,2027-03-31,1035.0,0.0053997562404510795,1093.0,pacing,,False,False,191,peak_ski
2026-09-21,cloud_9,2027-04-01,1055.0,0.001,1240.0,pacing,,False,False,192,shoulder_spring
2026-09-21,cloud_9,2027-04-02,1110.0,0.001,1337.0,pacing,,False,False,193,shoulder_spring
2026-09-21,cloud_9,2027-04-03,1040.0,0.0014080997142467376,1241.0,pacing,,False,False,194,shoulder_spring
2026-09-21,cloud_9,2027-04-04,855.0,0.001,1018.0,pacing,,False,False,195,shoulder_spring
2026-09-21,cloud_9,2027-04-05,750.0,0.001,850.0,pacing,,False,False,196,shoulder_spring
2026-09-21,cloud_9,2027-04-06,750.0,0.001,850.0,pacing,,False,False,197,shoulder_spring
2026-09-21,cloud_9,2027-04-07,750.0,0.001,850.0,pacing,,False,False,198,shoulder_spring
2026-09-21,cloud_9,2027-04-08,780.0,0.001,889.0,pacing,,False,False,199,shoulder_spring
2026-09-21,cloud_9,2027-04-09,795.0,0.013309911471553273,930.0,pacing,,False,False,200,shoulder_spring
2026-09-21,cloud_9,2027-04-10,780.0,0.013892820207533074,850.0,pacing,,False,False,201,shoulder_spring
2026-09-21,cloud_9,2027-04-11,750.0,0.001,850.0,pacing,,False,False,202,shoulder_spring
2026-09-21,cloud_9,2027-04-12,750.0,0.001,850.0,pacing,,False,False,203,shoulder_spring
2026-09-21,cloud_9,2027-04-13,750.0,0.001,850.0,pacing,,False,False,204,shoulder_spring
2026-09-21,cloud_9,2027-04-14,750.0,0.001,850.0,pacing,,False,False,205,shoulder_spring
2026-09-21,cloud_9,2027-04-15,750.0,0.001,850.0,pacing,,False,False,206,shoulder_spring
2026-09-21,cloud_9,2027-04-16,795.0,0.013053298214481937,890.0,pacing,,False,False,207,shoulder_spring
2026-09-21,cloud_9,2027-04-17,775.0,0.013833419611071273,850.0,pacing,,False,False,208,shoulder_spring
2026-09-21,cloud_9,2027-04-18,750.0,0.001,850.0,pacing,,False,False,209,shoulder_spring
2026-09-21,cloud_9,2027-04-19,750.0,0.001,850.0,pacing,,False,False,210,shoulder_spring
2026-09-21,cloud_9,2027-04-20,750.0,0.001,850.0,pacing,,False,False,211,shoulder_spring
2026-09-21,cloud_9,2027-04-21,750.0,0.001,850.0,pacing,,False,False,212,shoulder_spring
2026-09-21,cloud_9,2027-04-22,750.0,0.001,850.0,pacing,,False,False,213,shoulder_spring
2026-09-21,cloud_9,2027-04-23,795.0,0.01276442800459113,907.0,pacing,,False,False,214,shoulder_spring
2026-09-21,cloud_9,2027-04-24,795.0,0.012636910216477101,887.0,pacing,,False,False,215,shoulder_spring
2026-09-21,cloud_9,2027-04-25,750.0,0.001,850.0,pacing,,False,False,216,shoulder_spring
2026-09-21,cloud_9,2027-04-26,750.0,0.001,850.0,pacing,,False,False,217,shoulder_spring
2026-09-21,cloud_9,2027-04-27,750.0,0.001,850.0,pacing,,False,False,218,shoulder_spring
2026-09-21,cloud_9,2027-04-28,750.0,0.001,850.0,pacing,,False,False,219,shoulder_spring
2026-09-21,cloud_9,2027-04-29,750.0,0.001,850.0,pacing,,False,False,220,shoulder_spring
2026-09-21,cloud_9,2027-04-30,775.0,0.01339529697931112,850.0,pacing,,False,False,221,shoulder_spring
2026-09-21,cloud_9,2027-05-01,775.0,0.01323914649141799,850.0,pacing,,False,False,222,shoulder_spring
2026-09-21,cloud_9,2027-05-02,750.0,0.001,850.0,pacing,,False,False,223,shoulder_spring
2026-09-21,cloud_9,2027-05-03,750.0,0.001,850.0,pacing,,False,False,224,shoulder_spring
2026-09-21,cloud_9,2027-05-04,750.0,0.001,850.0,pacing,,False,False,225,shoulder_spring
2026-09-21,cloud_9,2027-05-05,750.0,0.001,850.0,pacing,,False,False,226,shoulder_spring
2026-09-21,cloud_9,2027-05-06,750.0,0.001,850.0,pacing,,False,False,227,shoulder_spring
2026-09-21,cloud_9,2027-05-07,775.0,0.013083987371464078,850.0,pacing,,False,False,228,shoulder_spring
2026-09-21,cloud_9,2027-05-08,775.0,0.012935973874459128,850.0,pacing,,False,False,229,shoulder_spring
2026-09-21,cloud_9,2027-05-09,750.0,0.001,850.0,pacing,,False,False,230,shoulder_spring
2026-09-21,cloud_9,2027-05-10,750.0,0.001,850.0,pacing,,False,False,231,shoulder_spring
2026-09-21,cloud_9,2027-05-11,750.0,0.001,850.0,pacing,,False,False,232,shoulder_spring
2026-09-21,cloud_9,2027-05-12,750.0,0.001,850.0,pacing,,False,False,233,shoulder_spring
2026-09-21,cloud_9,2027-05-13,750.0,0.001,850.0,pacing,,False,False,234,shoulder_spring
2026-09-21,cloud_9,2027-05-14,780.0,0.012573400701973362,874.0,pacing,,False,False,235,shoulder_spring
2026-09-21,cloud_9,2027-05-15,795.0,0.011800526008813787,891.0,pacing,,False,False,236,shoulder_spring
2026-09-21,cloud_9,2027-05-16,750.0,0.001,850.0,pacing,,False,False,237,shoulder_spring
2026-09-21,cloud_9,2027-05-17,750.0,0.001,850.0,pacing,,False,False,238,shoulder_spring
2026-09-21,cloud_9,2027-05-18,750.0,0.001,850.0,pacing,,False,False,239,shoulder_spring
2026-09-21,cloud_9,2027-05-19,750.0,0.001,850.0,pacing,,False,False,240,shoulder_spring
2026-09-21,cloud_9,2027-05-20,750.0,0.001,850.0,pacing,,False,False,241,shoulder_spring
2026-09-21,cloud_9,2027-05-21,775.0,0.012514129735435874,850.0,pacing,,False,False,242,shoulder_spring
2026-09-21,cloud_9,2027-05-22,775.0,0.01238080214801141,850.0,pacing,,False,False,243,shoulder_spring
2026-09-21,cloud_9,2027-05-23,750.0,0.001,850.0,pacing,,False,False,244,shoulder_spring
2026-09-21,cloud_9,2027-05-24,750.0,0.001,850.0,pacing,,False,False,245,shoulder_spring
2026-09-21,cloud_9,2027-05-25,750.0,0.001,850.0,pacing,,False,False,246,shoulder_spring
2026-09-21,cloud_9,2027-05-26,750.0,0.001,850.0,pacing,,False,False,247,shoulder_spring
2026-09-21,cloud_9,2027-05-27,750.0,0.001,850.0,pacing,,False,False,248,shoulder_spring
2026-09-21,cloud_9,2027-05-28,860.0,0.008753967292264634,1015.0,pacing,,False,False,249,shoulder_spring
2026-09-21,cloud_9,2027-05-29,860.0,0.00871999169186479,1015.0,pacing,,False,False,250,shoulder_spring
2026-09-21,cloud_9,2027-05-30,825.0,0.001,973.0,pacing,,False,False,251,shoulder_spring
2026-09-21,cloud_9,2027-05-31,750.0,0.001,850.0,pacing,,False,False,252,shoulder_spring
2026-09-21,cloud_9,2027-06-01,750.0,0.00768632744615719,850.0,pacing,,False,False,253,summer
2026-09-21,cloud_9,2027-06-02,750.0,0.0077141674750563155,850.0,pacing,,False,False,254,summer
2026-09-21,cloud_9,2027-06-03,750.0,0.007738843864937059,850.0,pacing,,False,False,255,summer
2026-09-21,cloud_9,2027-06-04,870.0,0.019880087959839813,1021.0,pacing,,False,False,256,summer
2026-09-21,cloud_9,2027-06-05,850.0,0.020839926047394326,1000.0,pacing,,False,False,257,summer
2026-09-21,cloud_9,2027-06-06,750.0,0.007775488849340811,858.0,pacing,,False,False,258,summer
2026-09-21,cloud_9,2027-06-07,750.0,0.00781494132611105,850.0,pacing,,False,False,259,summer
2026-09-21,cloud_9,2027-06-08,750.0,0.007846144017347609,850.0,pacing,,False,False,260,summer
2026-09-21,cloud_9,2027-06-09,750.0,0.007873651307372097,850.0,pacing,,False,False,261,summer
2026-09-21,cloud_9,2027-06-10,930.0,0.001,1117.0,pacing,,False,False,262,summer
2026-09-21,cloud_9,2027-06-11,1145.0,0.001,1379.0,pacing,,False,False,263,summer
2026-09-21,cloud_9,2027-06-12,1135.0,0.001,1364.0,pacing,,False,False,264,summer
2026-09-21,cloud_9,2027-06-13,970.0,0.001,1200.0,pacing,,False,False,265,summer
2026-09-21,cloud_9,2027-06-14,1010.0,0.001,1211.0,pacing,,False,False,266,summer
2026-09-21,cloud_9,2027-06-15,1070.0,0.001,1283.0,pacing,,False,False,267,summer
2026-09-21,cloud_9,2027-06-16,1115.0,0.001,1349.0,pacing,,False,False,268,summer
2026-09-21,cloud_9,2027-06-17,1550.0,0.001,1813.0,pacing,,False,False,269,summer
2026-09-21,cloud_9,2027-06-18,1550.0,0.001,1802.0,pacing,,False,False,270,summer
2026-09-21,cloud_9,2027-06-19,1545.0,0.001,1758.0,pacing,,False,False,271,summer
2026-09-21,cloud_9,2027-06-20,1135.0,0.001,1354.0,pacing,,False,False,272,summer
2026-09-21,cloud_9,2027-06-21,1000.0,0.001,1302.0,pacing,,False,False,273,summer
2026-09-21,cloud_9,2027-06-22,1095.0,0.001,1305.0,pacing,,False,False,274,summer
2026-09-21,cloud_9,2027-06-23,1050.0,0.001,1281.0,pacing,,False,False,275,summer
2026-09-21,cloud_9,2027-06-24,1335.0,0.001,1539.0,pacing,,False,False,276,summer
2026-09-21,cloud_9,2027-06-25,1605.0,0.001,1820.0,pacing,,False,False,277,summer
2026-09-21,cloud_9,2027-06-26,1470.0,0.001,1701.0,pacing,,False,False,278,summer
2026-09-21,cloud_9,2027-06-27,1245.0,0.001,1435.0,pacing,,False,False,279,summer
2026-09-21,cloud_9,2027-06-28,1105.0,0.001,1254.0,pacing,,False,False,280,summer
2026-09-21,cloud_9,2027-06-29,1075.0,0.001,1230.0,pacing,,False,False,281,summer
2026-09-21,cloud_9,2027-06-30,1290.0,0.001,1467.0,pacing,,False,False,282,summer
2026-09-21,cloud_9,2027-07-01,1330.0,0.001,1523.0,pacing,,False,False,283,summer
2026-09-21,cloud_9,2027-07-02,2385.0,0.001,2610.0,pacing,,False,False,284,summer
2026-09-21,cloud_9,2027-07-03,2385.0,0.001,2677.0,pacing,,False,False,285,summer
2026-09-21,cloud_9,2027-07-04,2380.0,0.001,2574.0,pacing,,False,False,286,summer
2026-09-21,cloud_9,2027-07-05,1085.0,0.001,1265.0,pacing,,False,False,287,summer
2026-09-21,cloud_9,2027-07-06,1080.0,0.001,1241.0,pacing,,False,False,288,summer
2026-09-21,cloud_9,2027-07-07,1120.0,0.001,1287.0,pacing,,False,False,289,summer
2026-09-21,cloud_9,2027-07-08,1445.0,0.001,1665.0,pacing,,False,False,290,summer
2026-09-21,cloud_9,2027-07-09,2155.0,0.001,2379.0,pacing,,False,False,291,summer
2026-09-21,cloud_9,2027-07-10,2235.0,0.001,2449.0,pacing,,False,False,292,summer
2026-09-21,cloud_9,2027-07-11,1450.0,0.001,1613.0,pacing,,False,False,293,summer
2026-09-21,cloud_9,2027-07-12,1420.0,0.001,1541.0,pacing,,False,False,294,summer
2026-09-21,cloud_9,2027-07-13,1380.0,0.001,1295.0,pacing,,False,False,295,summer
2026-09-21,cloud_9,2027-07-14,1390.0,0.001,1335.0,pacing,,False,False,296,summer
2026-09-21,cloud_9,2027-07-15,1445.0,0.001,1618.0,pacing,,False,False,297,summer
2026-09-21,cloud_9,2027-07-16,1905.0,0.001,2062.0,pacing,,False,False,298,summer
2026-09-21,cloud_9,2027-07-17,2025.0,0.001,2197.0,pacing,,False,False,299,summer
2026-09-21,cloud_9,2027-07-18,1690.0,0.001,1805.0,pacing,,False,False,300,summer
2026-09-21,cloud_9,2027-07-19,1420.0,0.001,1605.0,pacing,,False,False,301,summer
2026-09-21,cloud_9,2027-07-20,1395.0,0.001,1562.0,pacing,,False,False,302,summer
2026-09-21,cloud_9,2027-07-21,1355.0,0.001,1365.0,pacing,,False,False,303,summer
2026-09-21,cloud_9,2027-07-22,1360.0,0.001,1552.0,pacing,,False,False,304,summer
2026-09-21,cloud_9,2027-07-23,1750.0,0.001,1952.0,pacing,,False,False,305,summer
2026-09-21,cloud_9,2027-07-24,1795.0,0.001,2051.0,pacing,,False,False,306,summer
2026-09-21,cloud_9,2027-07-25,1495.0,0.001,1751.0,pacing,,False,False,307,summer
2026-09-21,cloud_9,2027-07-26,1265.0,0.001,1476.0,pacing,,False,False,308,summer
2026-09-21,cloud_9,2027-07-27,1260.0,0.001,1476.0,pacing,,False,False,309,summer
2026-09-21,cloud_9,2027-07-28,1245.0,0.001,1476.0,pacing,,False,False,310,summer
2026-09-21,cloud_9,2027-07-29,1440.0,0.001,1679.0,pacing,,False,False,311,summer
2026-09-21,cloud_9,2027-07-30,1795.0,0.001,2024.0,pacing,,False,False,312,summer
2026-09-21,cloud_9,2027-07-31,1590.0,0.001,1803.0,pacing,,False,False,313,summer
2026-09-21,cloud_9,2027-08-01,1230.0,0.001,1449.0,pacing,,False,False,314,summer
2026-09-21,cloud_9,2027-08-02,1040.0,0.001,1224.0,pacing,,False,False,315,summer
2026-09-21,cloud_9,2027-08-03,965.0,0.0020898453134363254,1134.0,pacing,,False,False,316,summer
2026-09-21,cloud_9,2027-08-04,955.0,0.0027647633489788176,1123.0,pacing,,False,False,317,summer
2026-09-21,cloud_9,2027-08-05,1135.0,0.001,1334.0,pacing,,False,False,318,summer
2026-09-21,cloud_9,2027-08-06,1340.0,0.003765417162309029,1572.0,pacing,,False,False,319,summer
2026-09-21,cloud_9,2027-08-07,1280.0,0.0065139306615432935,1514.0,pacing,,False,False,320,summer
2026-09-21,cloud_9,2027-08-08,995.0,0.001,1176.0,pacing,,False,False,321,summer
2026-09-21,cloud_9,2027-08-09,910.0,0.005631635549913704,1088.0,pacing,,False,False,322,summer
2026-09-21,cloud_9,2027-08-10,885.0,0.007104988071115347,1212.0,pacing,,False,False,323,summer
2026-09-21,cloud_9,2027-08-11,875.0,0.007714320313025355,1045.0,pacing,,False,False,324,summer
2026-09-21,cloud_9,2027-08-12,1010.0,0.001,1204.0,pacing,,False,False,325,summer
2026-09-21,cloud_9,2027-08-13,1160.0,0.011709274402462845,1375.0,pacing,,False,False,326,summer
2026-09-21,cloud_9,2027-08-14,1090.0,0.014678268331866537,1294.0,pacing,,False,False,327,summer
2026-09-21,cloud_9,2027-08-15,880.0,0.007535517344075434,1041.0,pacing,,False,False,328,summer
2026-09-21,cloud_9,2027-08-16,795.0,0.012322121905725307,1074.0,pacing,,False,False,329,summer
2026-09-21,cloud_9,2027-08-17,880.0,0.007604899416705186,1048.0,pacing,,False,False,330,summer
2026-09-21,cloud_9,2027-08-18,870.0,0.00819218401439212,887.0,pacing,,False,False,331,summer
2026-09-21,cloud_9,2027-08-19,910.0,0.006010858888714367,1073.0,pacing,,False,False,332,summer
2026-09-21,cloud_9,2027-08-20,1145.0,0.012416789814106636,1350.0,pacing,,False,False,333,summer
2026-09-21,cloud_9,2027-08-21,1130.0,0.013109476830342113,1334.0,pacing,,False,False,334,summer
2026-09-21,cloud_9,2027-08-22,890.0,0.007152060162283945,1074.0,pacing,,False,False,335,summer
2026-09-21,cloud_9,2027-08-23,850.0,0.00937979201651071,850.0,pacing,,False,False,336,summer
2026-09-21,cloud_9,2027-08-24,845.0,0.00967422351040245,850.0,pacing,,False,False,337,summer
2026-09-21,cloud_9,2027-08-25,855.0,0.009145414806099648,1007.0,pacing,,False,False,338,summer
2026-09-21,cloud_9,2027-08-26,865.0,0.008619296256717405,1017.0,pacing,,False,False,339,summer
2026-09-21,cloud_9,2027-08-27,1055.0,0.016214183185255034,1239.0,pacing,,False,False,340,summer
2026-09-21,cloud_9,2027-08-28,1030.0,0.017174187575359455,1213.0,pacing,,False,False,341,summer
2026-09-21,cloud_9,2027-08-29,795.0,0.012423553919507533,907.0,pacing,,False,False,342,summer
2026-09-21,cloud_9,2027-08-30,770.0,0.013771869663175495,850.0,pacing,,False,False,343,summer
2026-09-21,cloud_9,2027-08-31,770.0,0.013750160931147127,850.0,pacing,,False,False,344,summer
2026-09-21,cloud_9,2027-09-01,770.0,0.013726196333817612,850.0,pacing,,False,False,345,summer
2026-09-21,cloud_9,2027-09-02,795.0,0.012366337759871657,938.0,pacing,,False,False,346,summer
2026-09-21,cloud_9,2027-09-03,1295.0,0.006546580165930329,1495.0,pacing,,False,False,347,summer
2026-09-21,cloud_9,2027-09-04,1295.0,0.006630607945834204,1495.0,pacing,,False,False,348,summer
2026-09-21,cloud_9,2027-09-05,1240.0,0.001,1435.0,pacing,,False,False,349,summer
2026-09-21,cloud_9,2027-09-06,770.0,0.013742164721274278,850.0,pacing,,False,False,350,summer
2026-09-21,cloud_9,2027-09-07,785.0,0.012924648336905762,870.0,pacing,,False,False,351,summer
2026-09-21,cloud_9,2027-09-08,785.0,0.012911485392060619,850.0,pacing,,False,False,352,summer
2026-09-21,cloud_9,2027-09-09,835.0,0.010268258085241795,961.0,pacing,,False,False,353,summer
2026-09-21,cloud_9,2027-09-10,970.0,0.019452869188609972,1122.0,pacing,,False,False,354,summer
2026-09-21,cloud_9,2027-09-11,930.0,0.02091110824016209,1075.0,pacing,,False,False,355,summer
2026-09-21,cloud_9,2027-09-12,795.0,0.012371819713055524,892.0,pacing,,False,False,356,summer
2026-09-21,cloud_9,2027-09-13,785.0,0.012891755096843635,862.0,pacing,,False,False,357,summer
2026-09-21,cloud_9,2027-09-14,780.0,0.013136614762702576,860.0,pacing,,False,False,358,summer
2026-09-21,cloud_9,2027-09-15,785.0,0.012859569853359853,861.0,pacing,,False,False,359,summer
2026-09-21,cloud_9,2027-09-16,845.0,0.001,970.0,pacing,,False,False,360,shoulder_fall
2026-09-21,cloud_9,2027-09-17,965.0,0.003874012806693191,1092.0,pacing,,False,False,361,shoulder_fall
2026-09-21,cloud_9,2027-09-18,895.0,0.007428748828958741,1063.0,pacing,,False,False,362,shoulder_fall
2026-09-21,cloud_9,2027-09-19,760.0,0.001,856.0,pacing,,False,False,363,shoulder_fall
2026-09-21,cloud_9,2027-09-20,750.0,0.001,850.0,pacing,,False,False,364,shoulder_fall
2026-09-21,cloud_9,2027-09-21,890.0,0.001,850.0,pacing,,False,False,365,shoulder_fall
2026-09-22,summit_haus,2026-09-28,335.0,0.995,368.0,pacing,,False,True,6,shoulder_fall
2026-09-22,summit_haus,2026-09-29,335.0,0.9169163491875473,325.0,pacing,,False,True,7,shoulder_fall
2026-09-22,summit_haus,2026-09-30,340.0,0.8669191243259684,337.0,pacing,,False,False,8,shoulder_fall
2026-09-22,summit_haus,2026-10-01,360.0,0.634807767259081,386.0,pacing,,False,False,9,shoulder_fall
2026-09-22,summit_haus,2026-10-12,405.0,0.014833148661751854,399.0,pacing,,False,False,20,shoulder_fall
2026-09-22,summit_haus,2026-10-13,405.0,0.014807973168562144,390.0,pacing,,False,False,21,shoulder_fall
2026-09-22,summit_haus,2026-10-14,425.0,0.013595663333571793,424.0,pacing,,False,False,22,shoulder_fall
2026-09-22,summit_haus,2026-10-15,435.0,0.012970468163573872,438.0,pacing,,False,False,23,shoulder_fall
2026-09-22,summit_haus,2026-10-20,335.0,0.025273952426945252,376.0,pacing,,False,False,28,shoulder_fall
2026-09-22,summit_haus,2026-10-21,335.0,0.026825198858888157,374.0,pacing,,False,False,29,shoulder_fall
2026-09-22,summit_haus,2026-10-26,405.0,0.024633167996370428,386.0,pacing,,False,False,34,shoulder_fall
2026-09-22,summit_haus,2026-10-27,405.0,0.024579756794813296,392.0,pacing,,False,False,35,shoulder_fall
2026-09-22,summit_haus,2026-10-28,410.0,0.0240404686524651,394.0,pacing,,False,False,36,shoulder_fall
2026-09-22,summit_haus,2026-10-29,420.0,0.023021519263479062,409.0,pacing,,False,False,37,shoulder_fall
2026-09-22,summit_haus,2026-11-02,365.0,0.02824238761961103,338.0,pacing,,False,False,41,shoulder_fall
2026-09-22,summit_haus,2026-11-03,365.0,0.02816452497055662,341.0,pacing,,False,False,42,shoulder_fall
2026-09-22,summit_haus,2026-11-04,370.0,0.027609270210032337,347.0,pacing,,False,False,43,shoulder_fall
2026-09-22,summit_haus,2026-11-05,395.0,0.02515265680107541,379.0,pacing,,False,False,44,shoulder_fall
2026-09-22,summit_haus,2026-11-08,390.0,0.025566715151578264,374.0,pacing,,False,False,47,shoulder_fall
2026-09-22,summit_haus,2026-11-09,360.0,0.028342502891044546,334.0,pacing,,False,False,48,shoulder_fall
2026-09-22,summit_haus,2026-11-10,390.0,0.02543404423274151,363.0,pacing,,False,False,49,shoulder_fall
2026-09-22,summit_haus,2026-11-11,395.0,0.02490040824196573,371.0,pacing,,False,False,50,shoulder_fall
2026-09-22,summit_haus,2026-11-12,410.0,0.023434051216025886,401.0,pacing,,False,False,51,shoulder_fall
2026-09-22,summit_haus,2026-11-13,485.0,0.8562308103562568,500.0,pacing,,False,False,52,shoulder_fall
2026-09-22,summit_haus,2026-11-14,485.0,0.8038083959694473,500.0,pacing,,False,False,53,shoulder_fall
2026-09-22,summit_haus,2026-11-15,395.0,0.02478371740631205,373.0,pacing,,False,False,54,shoulder_fall
2026-09-22,summit_haus,2026-11-16,365.0,0.027517387576028198,334.0,pacing,,False,False,55,shoulder_fall
2026-09-22,summit_haus,2026-11-17,415.0,0.04153145195459212,347.0,pacing,,False,False,56,shoulder_fall
2026-09-22,summit_haus,2026-11-23,680.0,0.0021376982105634013,699.0,pacing,,False,False,62,early_winter
2026-09-22,summit_haus,2026-11-24,780.0,0.001,814.0,pacing,,False,False,63,early_winter
2026-09-22,summit_haus,2026-11-25,980.0,0.001,1038.0,pacing,,False,False,64,early_winter
2026-09-22,summit_haus,2026-11-26,1025.0,0.001,1085.0,pacing,,False,False,65,early_winter
2026-09-22,summit_haus,2026-11-27,1070.0,0.001,1131.0,pacing,,False,False,66,early_winter
2026-09-22,summit_haus,2026-11-28,910.0,0.023312373485698604,1067.0,pacing,,False,False,67,early_winter
2026-09-22,summit_haus,2026-12-03,570.0,0.049421306547378155,614.0,pacing,,False,False,72,early_winter
2026-09-22,summit_haus,2026-12-04,720.0,0.12508580387685292,794.0,pacing,,False,False,73,early_winter
2026-09-22,summit_haus,2026-12-05,710.0,0.07414748890304416,758.0,pacing,,False,False,74,early_winter
2026-09-22,summit_haus,2026-12-06,610.0,0.040456752607156206,645.0,pacing,,False,False,75,early_winter
2026-09-22,summit_haus,2026-12-07,575.0,0.04842914920696507,611.0,pacing,,False,False,76,early_winter
2026-09-22,summit_haus,2026-12-08,550.0,0.053894043578253024,593.0,pacing,,False,False,77,early_winter
2026-09-22,summit_haus,2026-12-09,555.0,0.052689767318467494,602.0,pacing,,False,False,78,early_winter
2026-09-22,summit_haus,2026-12-10,650.0,0.03231780221116426,777.0,pacing,,False,False,79,early_winter
2026-09-22,summit_haus,2026-12-11,895.0,0.07124408810526912,1041.0,pacing,,False,False,80,early_winter
2026-09-22,summit_haus,2026-12-12,1000.0,0.04479508383598032,1142.0,pacing,,False,False,81,early_winter
2026-09-22,summit_haus,2026-12-13,705.0,0.021186631477040647,799.0,pacing,,False,False,82,early_winter
2026-09-22,summit_haus,2026-12-14,645.0,0.034397639216342764,731.0,pacing,,False,False,83,early_winter
2026-09-22,summit_haus,2026-12-15,680.0,0.0056097765363128495,776.0,pacing,,False,False,84,peak_ski
2026-09-22,summit_haus,2026-12-16,740.0,0.004541314521984799,854.0,pacing,,False,False,85,peak_ski
2026-09-22,summit_haus,2026-12-17,945.0,0.001,1078.0,pacing,,False,False,86,peak_ski
2026-09-22,summit_haus,2026-12-18,1455.0,0.001,1609.0,pacing,,False,False,87,peak_ski
2026-09-22,summit_haus,2026-12-19,2075.0,0.001,2242.0,pacing,,False,False,88,peak_ski
2026-09-22,summit_haus,2026-12-20,2325.0,0.001,2519.0,pacing,,False,False,89,peak_ski
2026-09-22,summit_haus,2026-12-21,2645.0,0.001,2697.0,pacing,,False,False,90,peak_ski
2026-09-22,summit_haus,2026-12-22,2675.0,0.001,2724.0,pacing,,False,False,91,peak_ski
2026-09-22,summit_haus,2026-12-23,2695.0,0.001,2871.0,pacing,,False,False,92,peak_ski
2026-09-22,summit_haus,2026-12-24,2805.0,0.001,2970.0,pacing,,False,False,93,peak_ski
2026-09-22,summit_haus,2026-12-25,2875.0,0.001,2964.0,pacing,,False,False,94,peak_ski
2026-09-22,summit_haus,2026-12-26,2890.0,0.001,2986.0,pacing,,False,False,95,peak_ski
2026-09-22,summit_haus,2027-01-02,3435.0,0.001,3428.0,pacing,,False,False,102,peak_ski
2026-09-22,summit_haus,2027-01-03,1790.0,0.0873566836049055,1883.0,pacing,,False,False,103,peak_ski
2026-09-22,summit_haus,2027-01-04,1865.0,0.0821441911531247,1709.0,pacing,,False,False,104,peak_ski
2026-09-22,summit_haus,2027-01-05,1780.0,0.09930558957726962,1259.0,pacing,,False,False,105,peak_ski
2026-09-22,summit_haus,2027-01-06,1435.0,0.14704707434225922,1222.0,pacing,,False,False,106,peak_ski
2026-09-22,summit_haus,2027-01-07,1135.0,0.001,1262.0,pacing,,False,False,107,peak_ski
2026-09-22,summit_haus,2027-01-08,1505.0,0.001,1653.0,pacing,,False,False,108,peak_ski
2026-09-22,summit_haus,2027-01-09,1350.0,0.001943555052080559,1530.0,pacing,,False,False,109,peak_ski
2026-09-22,summit_haus,2027-01-10,1240.0,0.001,1403.0,pacing,,False,False,110,peak_ski
2026-09-22,summit_haus,2027-01-11,925.0,0.0013967855084049518,1068.0,pacing,,False,False,111,peak_ski
2026-09-22,summit_haus,2027-01-12,1150.0,0.18292733958750146,1002.0,pacing,,False,False,112,peak_ski
2026-09-22,summit_haus,2027-01-13,1460.0,0.13511658205178376,1291.0,pacing,,False,False,113,peak_ski
2026-09-22,summit_haus,2027-01-14,1420.0,0.001,1647.0,pacing,,False,False,114,peak_ski
2026-09-22,summit_haus,2027-01-15,1855.0,0.001,2429.0,pacing,,False,False,115,peak_ski
2026-09-22,summit_haus,2027-01-16,1855.0,0.001,2353.0,pacing,,False,False,116,peak_ski
2026-09-22,summit_haus,2027-01-17,1855.0,0.001,2277.0,pacing,,False,False,117,peak_ski
2026-09-22,summit_haus,2027-01-18,1075.0,0.001,1245.0,pacing,,False,False,118,peak_ski
2026-09-22,summit_haus,2027-01-19,1330.0,0.14894412266122525,1133.0,pacing,,False,False,119,peak_ski
2026-09-22,summit_haus,2027-01-20,1305.0,0.14817533899417432,1154.0,pacing,,False,False,120,peak_ski
2026-09-22,summit_haus,2027-01-21,1285.0,0.001,1467.0,pacing,,False,False,121,peak_ski
2026-09-22,summit_haus,2027-01-22,1855.0,0.001,2165.0,pacing,,False,False,122,peak_ski
2026-09-22,summit_haus,2027-01-23,1855.0,0.021816444174757265,2237.0,pacing,,False,False,123,peak_ski
2026-09-22,summit_haus,2027-01-24,1420.0,0.001,1637.0,pacing,,False,False,124,peak_ski
2026-09-22,summit_haus,2027-01-25,1375.0,0.001,1583.0,pacing,,False,False,125,peak_ski
2026-09-22,summit_haus,2027-01-26,1410.0,0.001,1640.0,pacing,,False,False,126,peak_ski
2026-09-22,summit_haus,2027-01-27,1445.0,0.001,1658.0,pacing,,False,False,127,peak_ski
2026-09-22,summit_haus,2027-02-02,1115.0,0.001,1282.0,pacing,,False,False,133,peak_ski
2026-09-22,summit_haus,2027-02-03,1160.0,0.001,1336.0,pacing,,False,False,134,peak_ski
2026-09-22,summit_haus,2027-02-04,1795.0,0.001,1994.0,pacing,,False,False,135,peak_ski
2026-09-22,summit_haus,2027-02-05,1855.0,0.001,2714.0,pacing,,False,False,136,peak_ski
2026-09-22,summit_haus,2027-02-06,1855.0,0.001,2835.0,pacing,,False,False,137,peak_ski
2026-09-22,summit_haus,2027-02-07,1800.0,0.001,2034.0,pacing,,False,False,138,peak_ski
2026-09-22,summit_haus,2027-02-08,1785.0,0.001,2013.0,pacing,,False,False,139,peak_ski
2026-09-22,summit_haus,2027-02-09,1785.0,0.001,2000.0,pacing,,False,False,140,peak_ski
2026-09-22,summit_haus,2027-02-10,1795.0,0.001,2037.0,pacing,,False,False,141,peak_ski
2026-09-22,summit_haus,2027-02-11,1855.0,0.001,2479.0,pacing,,False,False,142,peak_ski
2026-09-22,summit_haus,2027-02-12,1855.0,0.001,3795.0,pacing,,False,False,143,peak_ski
2026-09-22,summit_haus,2027-02-13,1855.0,0.001,3747.0,pacing,,False,False,144,peak_ski
2026-09-22,summit_haus,2027-02-14,1855.0,0.001,3726.0,pacing,,False,False,145,peak_ski
2026-09-22,summit_haus,2027-02-15,1855.0,0.001,2225.0,pacing,,False,False,146,peak_ski
2026-09-22,summit_haus,2027-02-16,1855.0,0.001,2062.0,pacing,,False,False,147,peak_ski
2026-09-22,summit_haus,2027-02-17,1855.0,0.001,2076.0,pacing,,False,False,148,peak_ski
2026-09-22,summit_haus,2027-02-18,1855.0,0.001,2465.0,pacing,,False,False,149,peak_ski
2026-09-22,summit_haus,2027-02-19,1855.0,0.0010627122524596068,3280.0,pacing,,False,False,150,peak_ski
2026-09-22,summit_haus,2027-02-20,1855.0,0.0014725333627614017,3096.0,pacing,,False,False,151,peak_ski
2026-09-22,summit_haus,2027-02-21,1855.0,0.001,2175.0,pacing,,False,False,152,peak_ski
2026-09-22,summit_haus,2027-02-22,1550.0,0.001,1774.0,pacing,,False,False,153,peak_ski
2026-09-22,summit_haus,2027-02-23,1380.0,0.001,1615.0,pacing,,False,False,154,peak_ski
2026-09-22,summit_haus,2027-02-24,1475.0,0.001,1702.0,pacing,,False,False,155,peak_ski
2026-09-22,summit_haus,2027-02-25,1855.0,0.001,2423.0,pacing,,False,False,156,peak_ski
2026-09-22,summit_haus,2027-02-26,1855.0,0.0018299064941398788,2943.0,pacing,,False,False,157,peak_ski
2026-09-22,summit_haus,2027-02-27,1855.0,0.00215589436075987,2953.0,pacing,,False,False,158,peak_ski
2026-09-22,summit_haus,2027-02-28,1810.0,0.001,2000.0,pacing,,False,False,159,peak_ski
2026-09-22,summit_haus,2027-03-01,1385.0,0.001,1621.0,pacing,,False,False,160,peak_ski
2026-09-22,summit_haus,2027-03-02,1385.0,0.001,1631.0,pacing,,False,False,161,peak_ski
2026-09-22,summit_haus,2027-03-03,1400.0,0.001,1648.0,pacing,,False,False,162,peak_ski
2026-09-22,summit_haus,2027-03-04,1780.0,0.001,2022.0,pacing,,False,False,163,peak_ski
2026-09-22,summit_haus,2027-03-05,1855.0,0.002451165045549243,2630.0,pacing,,False,False,164,peak_ski
2026-09-22,summit_haus,2027-03-06,1855.0,0.0026803988274805104,2867.0,pacing,,False,False,165,peak_ski
2026-09-22,summit_haus,2027-03-07,1855.0,0.001,2450.0,pacing,,False,False,166,peak_ski
2026-09-22,summit_haus,2027-03-08,1855.0,0.001,2328.0,pacing,,False,False,167,peak_ski
2026-09-22,summit_haus,2027-03-09,1855.0,0.001,2259.0,pacing,,False,False,168,peak_ski
2026-09-22,summit_haus,2027-03-10,1855.0,0.001,2292.0,pacing,,False,False,169,peak_ski
2026-09-22,summit_haus,2027-03-11,1855.0,0.001,2457.0,pacing,,False,False,170,peak_ski
2026-09-22,summit_haus,2027-03-12,1855.0,0.002929874514560713,2895.0,pacing,,False,False,171,peak_ski
2026-09-22,summit_haus,2027-03-13,1855.0,0.0031745855513412346,2951.0,pacing,,False,False,172,peak_ski
2026-09-22,summit_haus,2027-03-14,1855.0,0.001,2974.0,pacing,,False,False,173,peak_ski
2026-09-22,summit_haus,2027-03-15,1855.0,0.001,2857.0,pacing,,False,False,174,peak_ski
2026-09-22,summit_haus,2027-03-16,1855.0,0.001,2862.0,pacing,,False,False,175,peak_ski
2026-09-22,summit_haus,2027-03-17,1855.0,0.001,2865.0,pacing,,False,False,176,peak_ski
2026-09-22,summit_haus,2027-03-18,1855.0,0.001,2862.0,pacing,,False,False,177,peak_ski
2026-09-22,summit_haus,2027-03-19,1855.0,0.0034129611644877563,2729.0,pacing,,False,False,178,peak_ski
2026-09-22,summit_haus,2027-03-20,1855.0,0.0036018507936730927,2596.0,pacing,,False,False,179,peak_ski
2026-09-22,summit_haus,2027-03-21,1580.0,0.001,1843.0,pacing,,False,False,180,peak_ski
2026-09-22,summit_haus,2027-03-22,1855.0,0.001,2137.0,pacing,,False,False,181,peak_ski
2026-09-22,summit_haus,2027-03-23,1850.0,0.001,2162.0,pacing,,False,False,182,peak_ski
2026-09-22,summit_haus,2027-03-24,1275.0,0.0026926402166005327,1358.0,pacing,,False,False,183,peak_ski
2026-09-22,summit_haus,2027-03-25,1355.0,0.0018644375704786975,1612.0,pacing,,False,False,184,peak_ski
2026-09-22,summit_haus,2027-03-26,1535.0,0.007375858866882059,1778.0,pacing,,False,False,185,peak_ski
2026-09-22,summit_haus,2027-03-27,1380.0,0.009133444912155245,1591.0,pacing,,False,False,186,peak_ski
2026-09-22,summit_haus,2027-03-28,1120.0,0.0044377743694817414,1295.0,pacing,,False,False,187,peak_ski
2026-09-22,summit_haus,2027-03-29,905.0,0.006772925846600928,1012.0,pacing,,False,False,188,peak_ski
2026-09-22,summit_haus,2027-03-30,905.0,0.006784640685491921,917.0,pacing,,False,False,189,peak_ski
2026-09-22,summit_haus,2027-03-31,905.0,0.006793989756143215,911.0,pacing,,False,False,190,peak_ski
2026-09-22,summit_haus,2027-04-01,890.0,0.001,1022.0,pacing,,False,False,191,shoulder_spring
2026-09-22,summit_haus,2027-04-02,910.0,0.007532053398745226,1063.0,pacing,,False,False,192,shoulder_spring
2026-09-22,summit_haus,2027-04-03,850.0,0.010614737132283503,980.0,pacing,,False,False,193,shoulder_spring
2026-09-22,summit_haus,2027-04-04,680.0,0.0017000461126463345,788.0,pacing,,False,False,194,shoulder_spring
2026-09-22,summit_haus,2027-04-05,575.0,0.005775691701789601,633.0,pacing,,False,False,195,shoulder_spring
2026-09-22,summit_haus,2027-04-06,535.0,0.007302865799362722,588.0,pacing,,False,False,196,shoulder_spring
2026-09-22,summit_haus,2027-04-07,545.0,0.006922227913929672,599.0,pacing,,False,False,197,shoulder_spring
2026-09-22,summit_haus,2027-04-08,595.0,0.00505012286625929,664.0,pacing,,False,False,198,shoulder_spring
2026-09-22,summit_haus,2027-04-09,620.0,0.021652015105553153,705.0,pacing,,False,False,199,shoulder_spring
2026-09-22,summit_haus,2027-04-10,620.0,0.02142762631880834,681.0,pacing,,False,False,200,shoulder_spring
2026-09-22,summit_haus,2027-04-11,545.0,0.00692885355345074,599.0,pacing,,False,False,201,shoulder_spring
2026-09-22,summit_haus,2027-04-12,520.0,0.007850858566691207,563.0,pacing,,False,False,202,shoulder_spring
2026-09-22,summit_haus,2027-04-13,495.0,0.008778522207644985,531.0,pacing,,False,False,203,shoulder_spring
2026-09-22,summit_haus,2027-04-14,505.0,0.00843177340026238,541.0,pacing,,False,False,204,shoulder_spring
2026-09-22,summit_haus,2027-04-15,525.0,0.007719513761075203,575.0,pacing,,False,False,205,shoulder_spring
2026-09-22,summit_haus,2027-04-16,615.0,0.02143130913390812,641.0,pacing,,False,False,206,shoulder_spring
2026-09-22,summit_haus,2027-04-17,600.0,0.021887163569861628,617.0,pacing,,False,False,207,shoulder_spring
2026-09-22,summit_haus,2027-04-18,525.0,0.007745300420215388,563.0,pacing,,False,False,208,shoulder_spring
2026-09-22,summit_haus,2027-04-19,480.0,0.009418299840518304,504.0,pacing,,False,False,209,shoulder_spring
2026-09-22,summit_haus,2027-04-20,470.0,0.009801687346141001,489.0,pacing,,False,False,210,shoulder_spring
2026-09-22,summit_haus,2027-04-21,480.0,0.009451699260848597,500.0,pacing,,False,False,211,shoulder_spring
2026-09-22,summit_haus,2027-04-22,515.0,0.008190287422981115,551.0,pacing,,False,False,212,shoulder_spring
2026-09-22,summit_haus,2027-04-23,620.0,0.020731135918432952,639.0,pacing,,False,False,213,shoulder_spring
2026-09-22,summit_haus,2027-04-24,615.0,0.02073962783768491,623.0,pacing,,False,False,214,shoulder_spring
2026-09-22,summit_haus,2027-04-25,535.0,0.007482927588841255,575.0,pacing,,False,False,215,shoulder_spring
2026-09-22,summit_haus,2027-04-26,500.0,0.008783746389887331,529.0,pacing,,False,False,216,shoulder_spring
2026-09-22,summit_haus,2027-04-27,495.0,0.008984932419592667,528.0,pacing,,False,False,217,shoulder_spring
2026-09-22,summit_haus,2027-04-28,490.0,0.00918544123627491,517.0,pacing,,False,False,218,shoulder_spring
2026-09-22,summit_haus,2027-04-29,500.0,0.00883998344114827,528.0,pacing,,False,False,219,shoulder_spring
2026-09-22,summit_haus,2027-04-30,580.0,0.022077937135817436,579.0,pacing,,False,False,220,shoulder_spring
2026-09-22,summit_haus,2027-05-01,575.0,0.02205320340234924,566.0,pacing,,False,False,221,shoulder_spring
2026-09-22,summit_haus,2027-05-02,505.0,0.008677164571817978,531.0,pacing,,False,False,222,shoulder_spring
2026-09-22,summit_haus,2027-05-03,480.0,0.009602384801654816,499.0,pacing,,False,False,223,shoulder_spring
2026-09-22,summit_haus,2027-05-04,485.0,0.009436627004655973,512.0,pacing,,False,False,224,shoulder_spring
2026-09-22,summit_haus,2027-05-05,500.0,0.008909882387457766,527.0,pacing,,False,False,225,shoulder_spring
2026-09-22,summit_haus,2027-05-06,510.0,0.008566393140776665,546.0,pacing,,False,False,226,shoulder_spring
2026-09-22,summit_haus,2027-05-07,585.0,0.02137307433845998,594.0,pacing,,False,False,227,shoulder_spring
2026-09-22,summit_haus,2027-05-08,570.0,0.021789401752828008,579.0,pacing,,False,False,228,shoulder_spring
2026-09-22,summit_haus,2027-05-09,505.0,0.008766189668835118,536.0,pacing,,False,False,229,shoulder_spring
2026-09-22,summit_haus,2027-05-10,490.0,0.009325450308530945,522.0,pacing,,False,False,230,shoulder_spring
2026-09-22,summit_haus,2027-05-11,485.0,0.009521705830998824,518.0,pacing,,False,False,231,shoulder_spring
2026-09-22,summit_haus,2027-05-12,500.0,0.00899675265774101,538.0,pacing,,False,False,232,shoulder_spring
2026-09-22,summit_haus,2027-05-13,510.0,0.008654022373968773,556.0,pacing,,False,False,233,shoulder_spring
2026-09-22,summit_haus,2027-05-14,585.0,0.02091200928936662,594.0,pacing,,False,False,234,shoulder_spring
2026-09-22,summit_haus,2027-05-15,590.0,0.020479802513536302,599.0,pacing,,False,False,235,shoulder_spring
2026-09-22,summit_haus,2027-05-16,520.0,0.008312669570544712,555.0,pacing,,False,False,236,shoulder_spring
2026-09-22,summit_haus,2027-05-17,505.0,0.008870679128782892,538.0,pacing,,False,False,237,shoulder_spring
2026-09-22,summit_haus,2027-05-18,500.0,0.009066953003202411,530.0,pacing,,False,False,238,shoulder_spring
2026-09-22,summit_haus,2027-05-19,500.0,0.009082923649701159,538.0,pacing,,False,False,239,shoulder_spring
2026-09-22,summit_haus,2027-05-20,510.0,0.008741189194892899,544.0,pacing,,False,False,240,shoulder_spring
2026-09-22,summit_haus,2027-05-21,590.0,0.020268821346976988,597.0,pacing,,False,False,241,shoulder_spring
2026-09-22,summit_haus,2027-05-22,585.0,0.020267444202047326,592.0,pacing,,False,False,242,shoulder_spring
2026-09-22,summit_haus,2027-05-23,525.0,0.008222073743906252,561.0,pacing,,False,False,243,shoulder_spring
2026-09-22,summit_haus,2027-05-24,505.0,0.008955848660033376,537.0,pacing,,False,False,244,shoulder_spring
2026-09-22,summit_haus,2027-05-25,515.0,0.008615026909538057,554.0,pacing,,False,False,245,shoulder_spring
2026-09-22,summit_haus,2027-05-26,510.0,0.008810901509048695,546.0,pacing,,False,False,246,shoulder_spring
2026-09-22,summit_haus,2027-05-27,555.0,0.007224110587226749,603.0,pacing,,False,False,247,shoulder_spring
2026-09-22,summit_haus,2027-05-28,645.0,0.017592703191970753,747.0,pacing,,False,False,248,shoulder_spring
2026-09-22,summit_haus,2027-05-29,645.0,0.017459111415957417,750.0,pacing,,False,False,249,shoulder_spring
2026-09-22,summit_haus,2027-05-30,620.0,0.004933713389076736,719.0,pacing,,False,False,250,shoulder_spring
2026-09-22,summit_haus,2027-05-31,510.0,0.008882528971439716,557.0,pacing,,False,False,251,shoulder_spring
2026-09-22,summit_haus,2027-06-01,555.0,0.02078123578447656,595.0,pacing,,False,False,252,summer
2026-09-22,summit_haus,2027-06-02,545.0,0.0214252066784606,585.0,pacing,,False,False,253,summer
2026-09-22,summit_haus,2027-06-03,600.0,0.01773161563249019,647.0,pacing,,False,False,254,summer
2026-09-22,summit_haus,2027-06-04,725.0,0.02748779259811213,762.0,pacing,,False,False,255,summer
2026-09-22,summit_haus,2027-06-05,695.0,0.02889944962944542,770.0,pacing,,False,False,256,summer
2026-09-22,summit_haus,2027-06-06,620.0,0.01639959373621356,681.0,pacing,,False,False,257,summer
2026-09-22,summit_haus,2027-06-07,585.0,0.018714460204515875,734.0,pacing,,False,False,258,summer
2026-09-22,summit_haus,2027-06-08,570.0,0.019688069453184184,622.0,pacing,,False,False,259,summer
2026-09-22,summit_haus,2027-06-09,610.0,0.017047226505465807,665.0,pacing,,False,False,260,summer
2026-09-22,summit_haus,2027-06-10,745.0,0.0025841258205815463,865.0,pacing,,False,False,261,summer
2026-09-22,summit_haus,2027-06-11,840.0,0.01842183222425902,991.0,pacing,,False,False,262,summer
2026-09-22,summit_haus,2027-06-12,855.0,0.01749323124388875,996.0,pacing,,False,False,263,summer
2026-09-22,summit_haus,2027-06-20,940.0,0.001,1078.0,pacing,,False,False,271,summer
2026-09-22,summit_haus,2027-06-21,910.0,0.001,1020.0,pacing,,False,False,272,summer
2026-09-22,summit_haus,2027-06-22,810.0,0.001,1031.0,pacing,,False,False,273,summer
2026-09-22,summit_haus,2027-06-23,875.0,0.001,975.0,pacing,,False,False,274,summer
2026-09-22,summit_haus,2027-06-24,1080.0,0.001,1193.0,pacing,,False,False,275,summer
2026-09-22,summit_haus,2027-06-25,1315.0,0.001,1468.0,pacing,,False,False,276,summer
2026-09-22,summit_haus,2027-06-26,1250.0,0.001847911061123918,1380.0,pacing,,False,False,277,summer
2026-09-22,summit_haus,2027-06-27,1080.0,0.001,1188.0,pacing,,False,False,278,summer
2026-09-22,summit_haus,2027-06-28,965.0,0.001,1037.0,pacing,,False,False,279,summer
2026-09-22,summit_haus,2027-06-29,930.0,0.001,1014.0,pacing,,False,False,280,summer
2026-09-22,summit_haus,2027-06-30,1110.0,0.001,1202.0,pacing,,False,False,281,summer
2026-09-22,summit_haus,2027-07-01,1175.0,0.001,1280.0,pacing,,False,False,282,summer
2026-09-22,summit_haus,2027-07-02,1855.0,0.001,2039.0,pacing,,False,False,283,summer
2026-09-22,summit_haus,2027-07-03,1855.0,0.001,2084.0,pacing,,False,False,284,summer
2026-09-22,summit_haus,2027-07-04,1855.0,0.001,2010.0,pacing,,False,False,285,summer
2026-09-22,summit_haus,2027-07-05,970.0,0.001,1081.0,pacing,,False,False,286,summer
2026-09-22,summit_haus,2027-07-06,960.0,0.001,1055.0,pacing,,False,False,287,summer
2026-09-22,summit_haus,2027-07-07,1035.0,0.001,1139.0,pacing,,False,False,288,summer
2026-09-22,summit_haus,2027-07-08,1355.0,0.001,1484.0,pacing,,False,False,289,summer
2026-09-22,summit_haus,2027-07-09,1855.0,0.001,2054.0,pacing,,False,False,290,summer
2026-09-22,summit_haus,2027-07-10,1855.0,0.001,2122.0,pacing,,False,False,291,summer
2026-09-22,summit_haus,2027-07-11,1370.0,0.001,1464.0,pacing,,False,False,292,summer
2026-09-22,summit_haus,2027-07-12,1380.0,0.001,1450.0,pacing,,False,False,293,summer
2026-09-22,summit_haus,2027-07-13,1360.0,0.001,1428.0,pacing,,False,False,294,summer
2026-09-22,summit_haus,2027-07-14,1355.0,0.001,1444.0,pacing,,False,False,295,summer
2026-09-22,summit_haus,2027-07-15,1425.0,0.001,1523.0,pacing,,False,False,296,summer
2026-09-22,summit_haus,2027-07-16,1820.0,0.001,1911.0,pacing,,False,False,297,summer
2026-09-22,summit_haus,2027-07-17,1825.0,0.001,1968.0,pacing,,False,False,298,summer
2026-09-22,summit_haus,2027-07-18,1505.0,0.001,1631.0,pacing,,False,False,299,summer
2026-09-22,summit_haus,2027-07-19,1310.0,0.001,1445.0,pacing,,False,False,300,summer
2026-09-22,summit_haus,2027-07-20,1295.0,0.001,1427.0,pacing,,False,False,301,summer
2026-09-22,summit_haus,2027-07-21,1275.0,0.001,1235.0,pacing,,False,False,302,summer
2026-09-22,summit_haus,2027-07-22,1300.0,0.001,1441.0,pacing,,False,False,303,summer
2026-09-22,summit_haus,2027-07-23,1630.0,0.001,1788.0,pacing,,False,False,304,summer
2026-09-22,summit_haus,2027-07-24,1630.0,0.001,1815.0,pacing,,False,False,305,summer
2026-09-22,summit_haus,2027-07-25,1310.0,0.001,1486.0,pacing,,False,False,306,summer
2026-09-22,summit_haus,2027-07-26,1150.0,0.001,1284.0,pacing,,False,False,307,summer
2026-09-22,summit_haus,2027-07-27,1150.0,0.001,1284.0,pacing,,False,False,308,summer
2026-09-22,summit_haus,2027-07-28,1120.0,0.001,1269.0,pacing,,False,False,309,summer
2026-09-22,summit_haus,2027-07-29,1245.0,0.001,1400.0,pacing,,False,False,310,summer
2026-09-22,summit_haus,2027-07-30,1500.0,0.001,1676.0,pacing,,False,False,311,summer
2026-09-22,summit_haus,2027-07-31,1375.0,0.001921322837119745,1523.0,pacing,,False,False,312,summer
2026-09-22,summit_haus,2027-08-01,1050.0,0.001,1192.0,pacing,,False,False,313,summer
2026-09-22,summit_haus,2027-08-02,895.0,0.006061907395180804,1015.0,pacing,,False,False,314,summer
2026-09-22,summit_haus,2027-08-03,870.0,0.00760233215447936,991.0,pacing,,False,False,315,summer
2026-09-22,summit_haus,2027-08-04,865.0,0.007963678953209378,989.0,pacing,,False,False,316,summer
2026-09-22,summit_haus,2027-08-05,990.0,0.001,1134.0,pacing,,False,False,317,summer
2026-09-22,summit_haus,2027-08-06,1115.0,0.013424988740368638,1300.0,pacing,,False,False,318,summer
2026-09-22,summit_haus,2027-08-07,1085.0,0.014797727249844402,1260.0,pacing,,False,False,319,summer
2026-09-22,summit_haus,2027-08-08,845.0,0.00927402499786635,979.0,pacing,,False,False,320,summer
2026-09-22,summit_haus,2027-08-09,745.0,0.015031567449914896,872.0,pacing,,False,False,321,summer
2026-09-22,summit_haus,2027-08-10,730.0,0.015900204137845132,849.0,pacing,,False,False,322,summer
2026-09-22,summit_haus,2027-08-11,735.0,0.015627673041998896,850.0,pacing,,False,False,323,summer
2026-09-22,summit_haus,2027-08-12,810.0,0.011415032655557263,941.0,pacing,,False,False,324,summer
2026-09-22,summit_haus,2027-08-13,1025.0,0.017386457794461338,1202.0,pacing,,False,False,325,summer
2026-09-22,summit_haus,2027-08-14,1025.0,0.01738675826016315,1202.0,pacing,,False,False,326,summer
2026-09-22,summit_haus,2027-08-15,720.0,0.01650633237242536,905.0,pacing,,False,False,327,summer
2026-09-22,summit_haus,2027-08-16,720.0,0.016511287077569402,839.0,pacing,,False,False,328,summer
2026-09-22,summit_haus,2027-08-17,685.0,0.01845740536614172,801.0,pacing,,False,False,329,summer
2026-09-22,summit_haus,2027-08-18,680.0,0.0187277767240709,794.0,pacing,,False,False,330,summer
2026-09-22,summit_haus,2027-08-19,690.0,0.018165931635002294,802.0,pacing,,False,False,331,summer
2026-09-22,summit_haus,2027-08-20,1445.0,0.001,1694.0,pacing,,False,False,332,summer
2026-09-22,summit_haus,2027-08-21,1450.0,0.001,1698.0,pacing,,False,False,333,summer
2026-09-22,summit_haus,2027-08-22,685.0,0.018436710987963924,809.0,pacing,,False,False,334,summer
2026-09-22,summit_haus,2027-08-23,670.0,0.019252306648308445,783.0,pacing,,False,False,335,summer
2026-09-22,summit_haus,2027-08-24,665.0,0.01951192731747542,625.0,pacing,,False,False,336,summer
2026-09-22,summit_haus,2027-08-25,670.0,0.019221720207286106,735.0,pacing,,False,False,337,summer
2026-09-22,summit_haus,2027-08-26,665.0,0.01947553274856759,721.0,pacing,,False,False,338,summer
2026-09-22,summit_haus,2027-08-27,850.0,0.024517787899319972,995.0,pacing,,False,False,339,summer
2026-09-22,summit_haus,2027-08-28,860.0,0.024007115581131142,1008.0,pacing,,False,False,340,summer
2026-09-22,summit_haus,2027-08-29,655.0,0.01999727535678993,682.0,pacing,,False,False,341,summer
2026-09-22,summit_haus,2027-08-30,575.0,0.024286489880811224,590.0,pacing,,False,False,342,summer
2026-09-22,summit_haus,2027-08-31,555.0,0.025310279317353784,564.0,pacing,,False,False,343,summer
2026-09-22,summit_haus,2027-09-01,565.0,0.024718029600762075,569.0,pacing,,False,False,344,summer
2026-09-22,summit_haus,2027-09-02,645.0,0.020386721552215967,670.0,pacing,,False,False,345,summer
2026-09-22,summit_haus,2027-09-03,915.0,0.021704954538545793,1033.0,pacing,,False,False,346,summer
2026-09-22,summit_haus,2027-09-04,915.0,0.02165741235014903,1033.0,pacing,,False,False,347,summer
2026-09-22,summit_haus,2027-09-05,875.0,0.008097047086665117,990.0,pacing,,False,False,348,summer
2026-09-22,summit_haus,2027-09-06,560.0,0.0248852107063813,558.0,pacing,,False,False,349,summer
2026-09-22,summit_haus,2027-09-07,620.0,0.021655816095180868,624.0,pacing,,False,False,350,summer
2026-09-22,summit_haus,2027-09-08,620.0,0.0216169427357391,563.0,pacing,,False,False,351,summer
2026-09-22,summit_haus,2027-09-09,665.0,0.019211131559870954,669.0,pacing,,False,False,352,summer
2026-09-22,summit_haus,2027-09-10,715.0,0.029449839420752418,768.0,pacing,,False,False,353,summer
2026-09-22,summit_haus,2027-09-11,695.0,0.030061979170717595,753.0,pacing,,False,False,354,summer
2026-09-22,summit_haus,2027-09-12,630.0,0.021023960250846546,618.0,pacing,,False,False,355,summer
2026-09-22,summit_haus,2027-09-13,600.0,0.022562228476945827,610.0,pacing,,False,False,356,summer
2026-09-22,summit_haus,2027-09-14,595.0,0.022779499899665476,607.0,pacing,,False,False,357,summer
2026-09-22,summit_haus,2027-09-15,600.0,0.022475177884444128,607.0,pacing,,False,False,358,summer
2026-09-22,summit_haus,2027-09-16,620.0,0.00731324004349718,659.0,pacing,,False,False,359,shoulder_fall
2026-09-22,summit_haus,2027-09-17,690.0,0.022432691369961413,746.0,pacing,,False,False,360,shoulder_fall
2026-09-22,summit_haus,2027-09-18,645.0,0.02512600102184435,724.0,pacing,,False,False,361,shoulder_fall
2026-09-22,summit_haus,2027-09-19,560.0,0.01162019144901036,616.0,pacing,,False,False,362,shoulder_fall
2026-09-22,summit_haus,2027-09-20,505.0,0.015501170587090095,530.0,pacing,,False,False,363,shoulder_fall
2026-09-22,summit_haus,2027-09-21,500.0,0.01582953491619964,526.0,pacing,,False,False,364,shoulder_fall
2026-09-22,summit_haus,2027-09-22,510.0,0.015122965974467967,,none,,False,False,365,shoulder_fall
2026-09-22,overlook_ridge,2026-09-28,336.0,0.995,368.0,pacing,,False,True,6,shoulder_fall
2026-09-22,overlook_ridge,2026-09-29,336.0,0.9146570376499407,325.0,pacing,,False,True,7,shoulder_fall
2026-09-22,overlook_ridge,2026-09-30,336.0,0.8757242503775415,337.0,pacing,,False,False,8,shoulder_fall
2026-09-22,overlook_ridge,2026-10-05,355.0,0.014568156424581005,469.0,pacing,,False,False,13,shoulder_fall
2026-09-22,overlook_ridge,2026-10-06,350.0,0.014828085208411978,466.0,pacing,,False,False,14,shoulder_fall
2026-09-22,overlook_ridge,2026-10-07,340.0,0.015334018384528731,426.0,pacing,,False,False,15,shoulder_fall
2026-09-22,overlook_ridge,2026-10-12,425.0,0.01363614845057465,421.0,pacing,,False,False,20,shoulder_fall
2026-09-22,overlook_ridge,2026-10-13,430.0,0.01331773751261048,411.0,pacing,,False,False,21,shoulder_fall
2026-09-22,overlook_ridge,2026-10-14,370.0,0.016861017532113796,446.0,pacing,,False,False,22,shoulder_fall
2026-09-22,overlook_ridge,2026-10-15,380.0,0.016229587388553367,461.0,pacing,,False,False,23,shoulder_fall
2026-09-22,overlook_ridge,2026-10-16,495.0,0.9389185769041443,531.0,pacing,,False,False,24,shoulder_fall
2026-09-22,overlook_ridge,2026-10-17,495.0,0.943386860189082,527.0,pacing,,False,False,25,shoulder_fall
2026-09-22,overlook_ridge,2026-10-25,350.0,0.030053198279414557,393.0,pacing,,False,False,33,shoulder_fall
2026-09-22,overlook_ridge,2026-10-26,336.0,0.03138535621734972,360.0,pacing,,False,False,34,shoulder_fall
2026-09-22,overlook_ridge,2026-10-27,336.0,0.03130759577069281,364.0,pacing,,False,False,35,shoulder_fall
2026-09-22,overlook_ridge,2026-10-28,336.0,0.03122995544192114,366.0,pacing,,False,False,36,shoulder_fall
2026-09-22,overlook_ridge,2026-10-29,370.0,0.027861833868222014,380.0,pacing,,False,False,37,shoulder_fall
2026-09-22,overlook_ridge,2026-10-30,495.0,0.9486977502230723,500.0,pacing,,False,False,38,shoulder_fall
2026-09-22,overlook_ridge,2026-10-31,490.0,0.8996182336673342,500.0,pacing,,False,False,39,shoulder_fall
2026-09-22,overlook_ridge,2026-11-01,336.0,0.03108169513728823,324.0,pacing,,False,False,40,shoulder_fall
2026-09-22,overlook_ridge,2026-11-02,336.0,0.031032515676883338,315.0,pacing,,False,False,41,shoulder_fall
2026-09-22,overlook_ridge,2026-11-03,336.0,0.030945676592800238,318.0,pacing,,False,False,42,shoulder_fall
2026-09-22,overlook_ridge,2026-11-04,336.0,0.030859459664476084,323.0,pacing,,False,False,43,shoulder_fall
2026-09-22,overlook_ridge,2026-11-05,350.0,0.02944050314595403,352.0,pacing,,False,False,44,shoulder_fall
2026-09-22,overlook_ridge,2026-11-06,495.0,0.026586142388825545,500.0,pacing,,False,False,45,shoulder_fall
2026-09-22,overlook_ridge,2026-11-07,495.0,0.030402107156778175,500.0,pacing,,False,False,46,shoulder_fall
2026-09-22,overlook_ridge,2026-11-08,345.0,0.029840130911930027,348.0,pacing,,False,False,47,shoulder_fall
2026-09-22,overlook_ridge,2026-11-09,336.0,0.030614113809419356,311.0,pacing,,False,False,48,shoulder_fall
2026-09-22,overlook_ridge,2026-11-10,345.0,0.02967989920657149,337.0,pacing,,False,False,49,shoulder_fall
2026-09-22,overlook_ridge,2026-11-11,350.0,0.029132336866336202,345.0,pacing,,False,False,50,shoulder_fall
2026-09-22,overlook_ridge,2026-11-12,365.0,0.0276520060955102,373.0,pacing,,False,False,51,shoulder_fall
2026-09-22,overlook_ridge,2026-11-13,485.0,0.8562308103562568,500.0,pacing,,False,False,52,shoulder_fall
2026-09-22,overlook_ridge,2026-11-14,485.0,0.8038083959694473,500.0,pacing,,False,False,53,shoulder_fall
2026-09-22,overlook_ridge,2026-11-15,350.0,0.028987359429271286,347.0,pacing,,False,False,54,shoulder_fall
2026-09-22,overlook_ridge,2026-11-16,336.0,0.030217492459012632,311.0,pacing,,False,False,55,shoulder_fall
2026-09-22,overlook_ridge,2026-11-17,360.0,0.05073024276862396,323.0,pacing,,False,False,56,shoulder_fall
2026-09-22,overlook_ridge,2026-11-18,375.0,0.04809764687868391,332.0,pacing,,False,False,57,shoulder_fall
2026-09-22,overlook_ridge,2026-11-19,375.0,0.026514972006736495,372.0,pacing,,False,False,58,shoulder_fall
2026-09-22,overlook_ridge,2026-11-23,600.0,0.009187147889063675,699.0,pacing,,False,False,62,early_winter
2026-09-22,overlook_ridge,2026-12-03,555.0,0.05283210231563992,614.0,pacing,,False,False,72,early_winter
2026-09-22,overlook_ridge,2026-12-04,695.0,0.1350915051311289,794.0,pacing,,False,False,73,early_winter
2026-09-22,overlook_ridge,2026-12-05,685.0,0.07917596640645812,758.0,pacing,,False,False,74,early_winter
2026-09-22,overlook_ridge,2026-12-06,590.0,0.044945158259380606,645.0,pacing,,False,False,75,early_winter
2026-09-22,overlook_ridge,2026-12-07,555.0,0.052856166012042495,611.0,pacing,,False,False,76,early_winter
2026-09-22,overlook_ridge,2026-12-08,530.0,0.058264767704687984,593.0,pacing,,False,False,77,early_winter
2026-09-22,overlook_ridge,2026-12-09,535.0,0.057007307946877285,602.0,pacing,,False,False,78,early_winter
2026-09-22,overlook_ridge,2026-12-10,655.0,0.031251456296755215,777.0,pacing,,False,False,79,early_winter
2026-09-22,overlook_ridge,2026-12-11,865.0,0.08378862241577834,1041.0,pacing,,False,False,80,early_winter
2026-09-22,overlook_ridge,2026-12-12,965.0,0.057883855901721015,1142.0,pacing,,False,False,81,early_winter
2026-09-22,overlook_ridge,2026-12-13,680.0,0.026442848101915356,799.0,pacing,,False,False,82,early_winter
2026-09-22,overlook_ridge,2026-12-14,650.0,0.03336267297752628,731.0,pacing,,False,False,83,early_winter
2026-09-22,overlook_ridge,2026-12-15,655.0,0.0060818435754189945,776.0,pacing,,False,False,84,peak_ski
2026-09-22,overlook_ridge,2026-12-16,710.0,0.005105180149471902,854.0,pacing,,False,False,85,peak_ski
2026-09-22,overlook_ridge,2026-12-17,915.0,0.0013374704410598426,1078.0,pacing,,False,False,86,peak_ski
2026-09-22,overlook_ridge,2026-12-18,1400.0,0.001,1609.0,pacing,,False,False,87,peak_ski
2026-09-22,overlook_ridge,2026-12-19,1990.0,0.001,2242.0,pacing,,False,False,88,peak_ski
2026-09-22,overlook_ridge,2026-12-20,2235.0,0.001,2519.0,pacing,,False,False,89,peak_ski
2026-09-22,overlook_ridge,2026-12-21,2545.0,0.001,2697.0,pacing,,False,False,90,peak_ski
2026-09-22,overlook_ridge,2026-12-22,2570.0,0.001,2724.0,pacing,,False,False,91,peak_ski
2026-09-22,overlook_ridge,2026-12-23,2595.0,0.001,2871.0,pacing,,False,False,92,peak_ski
2026-09-22,overlook_ridge,2026-12-24,2695.0,0.001,2970.0,pacing,,False,False,93,peak_ski
2026-09-22,overlook_ridge,2026-12-25,2765.0,0.001,2964.0,pacing,,False,False,94,peak_ski
2026-09-22,overlook_ridge,2026-12-26,2780.0,0.001,2986.0,pacing,,False,False,95,peak_ski
2026-09-22,overlook_ridge,2027-01-02,3305.0,0.001,3428.0,pacing,,False,False,102,peak_ski
2026-09-22,overlook_ridge,2027-01-03,1740.0,0.0947788975390155,1883.0,pacing,,False,False,103,peak_ski
2026-09-22,overlook_ridge,2027-01-04,1805.0,0.09095771536582532,1709.0,pacing,,False,False,104,peak_ski
2026-09-22,overlook_ridge,2027-01-05,1720.0,0.10805795791759099,1259.0,pacing,,False,False,105,peak_ski
2026-09-22,overlook_ridge,2027-01-06,1385.0,0.15418062575890526,1222.0,pacing,,False,False,106,peak_ski
2026-09-22,overlook_ridge,2027-01-07,1095.0,0.001,1262.0,pacing,,False,False,107,peak_ski
2026-09-22,overlook_ridge,2027-01-08,1445.0,0.001,1653.0,pacing,,False,False,108,peak_ski
2026-09-22,overlook_ridge,2027-01-09,1300.0,0.0027875033364538246,1530.0,pacing,,False,False,109,peak_ski
2026-09-22,overlook_ridge,2027-01-10,1195.0,0.001,1403.0,pacing,,False,False,110,peak_ski
2026-09-22,overlook_ridge,2027-01-11,905.0,0.0017655036595745743,1068.0,pacing,,False,False,111,peak_ski
2026-09-22,overlook_ridge,2027-01-12,1105.0,0.1891770772309719,1002.0,pacing,,False,False,112,peak_ski
2026-09-22,overlook_ridge,2027-01-13,1410.0,0.1419265742565302,1291.0,pacing,,False,False,113,peak_ski
2026-09-22,overlook_ridge,2027-01-14,1370.0,0.001,1647.0,pacing,,False,False,114,peak_ski
2026-09-22,overlook_ridge,2027-01-15,1855.0,0.001,2429.0,pacing,,False,False,115,peak_ski
2026-09-22,overlook_ridge,2027-01-16,1855.0,0.001,2353.0,pacing,,False,False,116,peak_ski
2026-09-22,overlook_ridge,2027-01-17,1855.0,0.001,2277.0,pacing,,False,False,117,peak_ski
2026-09-22,overlook_ridge,2027-01-18,1035.0,0.001,1245.0,pacing,,False,False,118,peak_ski
2026-09-22,overlook_ridge,2027-01-19,1285.0,0.15492533655614618,1133.0,pacing,,False,False,119,peak_ski
2026-09-22,overlook_ridge,2027-01-20,1260.0,0.1540269995107857,1154.0,pacing,,False,False,120,peak_ski
2026-09-22,overlook_ridge,2027-01-21,1240.0,0.001,1467.0,pacing,,False,False,121,peak_ski
2026-09-22,overlook_ridge,2027-01-22,1855.0,0.001,2165.0,pacing,,False,False,122,peak_ski
2026-09-22,overlook_ridge,2027-01-23,1855.0,0.021816444174757265,2237.0,pacing,,False,False,123,peak_ski
2026-09-22,overlook_ridge,2027-01-24,1370.0,0.001,1637.0,pacing,,False,False,124,peak_ski
2026-09-22,overlook_ridge,2027-01-25,1325.0,0.001,1583.0,pacing,,False,False,125,peak_ski
2026-09-22,overlook_ridge,2027-01-26,1360.0,0.001,1640.0,pacing,,False,False,126,peak_ski
2026-09-22,overlook_ridge,2027-01-27,1390.0,0.001,1658.0,pacing,,False,False,127,peak_ski
2026-09-22,overlook_ridge,2027-01-28,1505.0,0.001,1789.0,pacing,,False,False,128,peak_ski
2026-09-22,overlook_ridge,2027-01-29,1855.0,0.001,2555.0,pacing,,False,False,129,peak_ski
2026-09-22,overlook_ridge,2027-01-30,1855.0,0.001,2480.0,pacing,,False,False,130,peak_ski
2026-09-22,overlook_ridge,2027-01-31,1400.0,0.001,1642.0,pacing,,False,False,131,peak_ski
2026-09-22,overlook_ridge,2027-02-01,1080.0,0.001,1294.0,pacing,,False,False,132,peak_ski
2026-09-22,overlook_ridge,2027-02-02,1075.0,0.001,1282.0,pacing,,False,False,133,peak_ski
2026-09-22,overlook_ridge,2027-02-03,1115.0,0.001,1336.0,pacing,,False,False,134,peak_ski
2026-09-22,overlook_ridge,2027-02-04,1720.0,0.001,1994.0,pacing,,False,False,135,peak_ski
2026-09-22,overlook_ridge,2027-02-05,1855.0,0.001,2714.0,pacing,,False,False,136,peak_ski
2026-09-22,overlook_ridge,2027-02-06,1855.0,0.001,2835.0,pacing,,False,False,137,peak_ski
2026-09-22,overlook_ridge,2027-02-07,1730.0,0.001,2034.0,pacing,,False,False,138,peak_ski
2026-09-22,overlook_ridge,2027-02-08,1710.0,0.001,2013.0,pacing,,False,False,139,peak_ski
2026-09-22,overlook_ridge,2027-02-09,1710.0,0.001,2000.0,pacing,,False,False,140,peak_ski
2026-09-22,overlook_ridge,2027-02-10,1720.0,0.001,2037.0,pacing,,False,False,141,peak_ski
2026-09-22,overlook_ridge,2027-02-11,1855.0,0.001,2479.0,pacing,,False,False,142,peak_ski
2026-09-22,overlook_ridge,2027-02-12,1855.0,0.001,3795.0,pacing,,False,False,143,peak_ski
2026-09-22,overlook_ridge,2027-02-13,1855.0,0.001,3747.0,pacing,,False,False,144,peak_ski
2026-09-22,overlook_ridge,2027-02-14,1855.0,0.001,3726.0,pacing,,False,False,145,peak_ski
2026-09-22,overlook_ridge,2027-02-15,1855.0,0.001,2225.0,pacing,,False,False,146,peak_ski
2026-09-22,overlook_ridge,2027-02-16,1800.0,0.001,2062.0,pacing,,False,False,147,peak_ski
2026-09-22,overlook_ridge,2027-02-17,1780.0,0.001,2076.0,pacing,,False,False,148,peak_ski
2026-09-22,overlook_ridge,2027-02-18,1855.0,0.001,2465.0,pacing,,False,False,149,peak_ski
2026-09-22,overlook_ridge,2027-02-19,1855.0,0.0010627122524596068,3280.0,pacing,,False,False,150,peak_ski
2026-09-22,overlook_ridge,2027-02-20,1855.0,0.0014725333627614017,3096.0,pacing,,False,False,151,peak_ski
2026-09-22,overlook_ridge,2027-02-21,1855.0,0.001,2175.0,pacing,,False,False,152,peak_ski
2026-09-22,overlook_ridge,2027-02-22,1485.0,0.001,1774.0,pacing,,False,False,153,peak_ski
2026-09-22,overlook_ridge,2027-02-23,1330.0,0.001,1615.0,pacing,,False,False,154,peak_ski
2026-09-22,overlook_ridge,2027-02-24,1415.0,0.001,1702.0,pacing,,False,False,155,peak_ski
2026-09-22,overlook_ridge,2027-02-25,1855.0,0.001,2423.0,pacing,,False,False,156,peak_ski
2026-09-22,overlook_ridge,2027-02-26,1855.0,0.0018299064941398788,2943.0,pacing,,False,False,157,peak_ski
2026-09-22,overlook_ridge,2027-02-27,1855.0,0.00215589436075987,2953.0,pacing,,False,False,158,peak_ski
2026-09-22,overlook_ridge,2027-02-28,1740.0,0.001,2000.0,pacing,,False,False,159,peak_ski
2026-09-22,overlook_ridge,2027-03-01,1335.0,0.001,1621.0,pacing,,False,False,160,peak_ski
2026-09-22,overlook_ridge,2027-03-02,1335.0,0.001,1631.0,pacing,,False,False,161,peak_ski
2026-09-22,overlook_ridge,2027-03-03,1350.0,0.001,1648.0,pacing,,False,False,162,peak_ski
2026-09-22,overlook_ridge,2027-03-04,1705.0,0.001,2022.0,pacing,,False,False,163,peak_ski
2026-09-22,overlook_ridge,2027-03-05,1855.0,0.002451165045549243,2630.0,pacing,,False,False,164,peak_ski
2026-09-22,overlook_ridge,2027-03-06,1855.0,0.0026803988274805104,2867.0,pacing,,False,False,165,peak_ski
2026-09-22,overlook_ridge,2027-03-07,1855.0,0.001,2450.0,pacing,,False,False,166,peak_ski
2026-09-22,overlook_ridge,2027-03-08,1855.0,0.001,2328.0,pacing,,False,False,167,peak_ski
2026-09-22,overlook_ridge,2027-03-09,1855.0,0.001,2259.0,pacing,,False,False,168,peak_ski
2026-09-22,overlook_ridge,2027-03-10,1855.0,0.001,2292.0,pacing,,False,False,169,peak_ski
2026-09-22,overlook_ridge,2027-03-11,1855.0,0.001,2457.0,pacing,,False,False,170,peak_ski
2026-09-22,overlook_ridge,2027-03-12,1855.0,0.002929874514560713,2895.0,pacing,,False,False,171,peak_ski
2026-09-22,overlook_ridge,2027-03-13,1855.0,0.0031745855513412346,2951.0,pacing,,False,False,172,peak_ski
2026-09-22,overlook_ridge,2027-03-14,1855.0,0.001,2974.0,pacing,,False,False,173,peak_ski
2026-09-22,overlook_ridge,2027-03-15,1855.0,0.001,2857.0,pacing,,False,False,174,peak_ski
2026-09-22,overlook_ridge,2027-03-16,1855.0,0.001,2862.0,pacing,,False,False,175,peak_ski
2026-09-22,overlook_ridge,2027-03-17,1855.0,0.001,2865.0,pacing,,False,False,176,peak_ski
2026-09-22,overlook_ridge,2027-03-18,1855.0,0.001,2862.0,pacing,,False,False,177,peak_ski
2026-09-22,overlook_ridge,2027-03-19,1855.0,0.0034129611644877563,2729.0,pacing,,False,False,178,peak_ski
2026-09-22,overlook_ridge,2027-03-20,1855.0,0.0036018507936730927,2596.0,pacing,,False,False,179,peak_ski
2026-09-22,overlook_ridge,2027-03-21,1515.0,0.001,1843.0,pacing,,False,False,180,peak_ski
2026-09-22,overlook_ridge,2027-03-22,1835.0,0.001,2137.0,pacing,,False,False,181,peak_ski
2026-09-22,overlook_ridge,2027-03-23,1775.0,0.001,2162.0,pacing,,False,False,182,peak_ski
2026-09-22,overlook_ridge,2027-03-24,1230.0,0.0031799587971911036,1358.0,pacing,,False,False,183,peak_ski
2026-09-22,overlook_ridge,2027-03-25,1310.0,0.002350489459281988,1612.0,pacing,,False,False,184,peak_ski
2026-09-22,overlook_ridge,2027-03-26,1475.0,0.008050464735054656,1778.0,pacing,,False,False,185,peak_ski
2026-09-22,overlook_ridge,2027-03-27,1330.0,0.009689560156529251,1591.0,pacing,,False,False,186,peak_ski
2026-09-22,overlook_ridge,2027-03-28,1085.0,0.004814718920435438,1295.0,pacing,,False,False,187,peak_ski
2026-09-22,overlook_ridge,2027-03-29,905.0,0.006772925846600928,1012.0,pacing,,False,False,188,peak_ski
2026-09-22,overlook_ridge,2027-03-30,885.0,0.006999344758740718,917.0,pacing,,False,False,189,peak_ski
2026-09-22,overlook_ridge,2027-03-31,880.0,0.007062111586084011,911.0,pacing,,False,False,190,peak_ski
2026-09-22,overlook_ridge,2027-04-01,860.0,0.001,1022.0,pacing,,False,False,191,shoulder_spring
2026-09-22,overlook_ridge,2027-04-02,875.0,0.009258196141327418,1063.0,pacing,,False,False,192,shoulder_spring
2026-09-22,overlook_ridge,2027-04-03,820.0,0.012068416724605102,980.0,pacing,,False,False,193,shoulder_spring
2026-09-22,overlook_ridge,2027-04-04,655.0,0.002661137307722021,788.0,pacing,,False,False,194,shoulder_spring
2026-09-22,overlook_ridge,2027-04-05,555.0,0.006538583487776951,633.0,pacing,,False,False,195,shoulder_spring
2026-09-22,overlook_ridge,2027-04-06,520.0,0.007871304996099575,588.0,pacing,,False,False,196,shoulder_spring
2026-09-22,overlook_ridge,2027-04-07,530.0,0.007487124627600552,599.0,pacing,,False,False,197,shoulder_spring
2026-09-22,overlook_ridge,2027-04-08,575.0,0.005798611074412708,664.0,pacing,,False,False,198,shoulder_spring
2026-09-22,overlook_ridge,2027-04-09,620.0,0.021652015105553153,705.0,pacing,,False,False,199,shoulder_spring
2026-09-22,overlook_ridge,2027-04-10,620.0,0.02142762631880834,681.0,pacing,,False,False,200,shoulder_spring
2026-09-22,overlook_ridge,2027-04-11,530.0,0.0074864914065764405,599.0,pacing,,False,False,201,shoulder_spring
2026-09-22,overlook_ridge,2027-04-12,505.0,0.008405053138698299,563.0,pacing,,False,False,202,shoulder_spring
2026-09-22,overlook_ridge,2027-04-13,480.0,0.009330688201352712,531.0,pacing,,False,False,203,shoulder_spring
2026-09-22,overlook_ridge,2027-04-14,490.0,0.008983304883422905,541.0,pacing,,False,False,204,shoulder_spring
2026-09-22,overlook_ridge,2027-04-15,510.0,0.008270384796473056,575.0,pacing,,False,False,205,shoulder_spring
2026-09-22,overlook_ridge,2027-04-16,600.0,0.022129476710526966,641.0,pacing,,False,False,206,shoulder_spring
2026-09-22,overlook_ridge,2027-04-17,585.0,0.022577484480615088,617.0,pacing,,False,False,207,shoulder_spring
2026-09-22,overlook_ridge,2027-04-18,505.0,0.008478812785159565,563.0,pacing,,False,False,208,shoulder_spring
2026-09-22,overlook_ridge,2027-04-19,465.0,0.009967727970502107,504.0,pacing,,False,False,209,shoulder_spring
2026-09-22,overlook_ridge,2027-04-20,455.0,0.01035056966488118,489.0,pacing,,False,False,210,shoulder_spring
2026-09-22,overlook_ridge,2027-04-21,465.0,0.010000083658947079,500.0,pacing,,False,False,211,shoulder_spring
2026-09-22,overlook_ridge,2027-04-22,500.0,0.00873814312910788,551.0,pacing,,False,False,212,shoulder_spring
2026-09-22,overlook_ridge,2027-04-23,605.0,0.02141399659676225,639.0,pacing,,False,False,213,shoulder_spring
2026-09-22,overlook_ridge,2027-04-24,600.0,0.021414854306118895,623.0,pacing,,False,False,214,shoulder_spring
2026-09-22,overlook_ridge,2027-04-25,520.0,0.008030135226537297,575.0,pacing,,False,False,215,shoulder_spring
2026-09-22,overlook_ridge,2027-04-26,485.0,0.009330233998190713,529.0,pacing,,False,False,216,shoulder_spring
2026-09-22,overlook_ridge,2027-04-27,485.0,0.009348873178792814,528.0,pacing,,False,False,217,shoulder_spring
2026-09-22,overlook_ridge,2027-04-28,480.0,0.0095490036600244,517.0,pacing,,False,False,218,shoulder_spring
2026-09-22,overlook_ridge,2027-04-29,485.0,0.009384783937913822,528.0,pacing,,False,False,219,shoulder_spring
2026-09-22,overlook_ridge,2027-04-30,565.0,0.02274583253247177,579.0,pacing,,False,False,220,shoulder_spring
2026-09-22,overlook_ridge,2027-05-01,560.0,0.022714257670669084,566.0,pacing,,False,False,221,shoulder_spring
2026-09-22,overlook_ridge,2027-05-02,490.0,0.009221407208298631,531.0,pacing,,False,False,222,shoulder_spring
2026-09-22,overlook_ridge,2027-05-03,465.0,0.010146060276603107,499.0,pacing,,False,False,223,shoulder_spring
2026-09-22,overlook_ridge,2027-05-04,470.0,0.00997982410760476,512.0,pacing,,False,False,224,shoulder_spring
2026-09-22,overlook_ridge,2027-05-05,485.0,0.009452585915834033,527.0,pacing,,False,False,225,shoulder_spring
2026-09-22,overlook_ridge,2027-05-06,495.0,0.009108558048400881,546.0,pacing,,False,False,226,shoulder_spring
2026-09-22,overlook_ridge,2027-05-07,570.0,0.022027475941117553,594.0,pacing,,False,False,227,shoulder_spring
2026-09-22,overlook_ridge,2027-05-08,555.0,0.022437213548806217,579.0,pacing,,False,False,228,shoulder_spring
2026-09-22,overlook_ridge,2027-05-09,490.0,0.009307787995503383,536.0,pacing,,False,False,229,shoulder_spring
2026-09-22,overlook_ridge,2027-05-10,475.0,0.009866507952147345,522.0,pacing,,False,False,230,shoulder_spring
2026-09-22,overlook_ridge,2027-05-11,470.0,0.010062271630040096,518.0,pacing,,False,False,231,shoulder_spring
2026-09-22,overlook_ridge,2027-05-12,485.0,0.009536850078008781,538.0,pacing,,False,False,232,shoulder_spring
2026-09-22,overlook_ridge,2027-05-13,490.0,0.00937347247695039,556.0,pacing,,False,False,233,shoulder_spring
2026-09-22,overlook_ridge,2027-05-14,570.0,0.0215534407191661,594.0,pacing,,False,False,234,shoulder_spring
2026-09-22,overlook_ridge,2027-05-15,575.0,0.021114871526076974,599.0,pacing,,False,False,235,shoulder_spring
2026-09-22,overlook_ridge,2027-05-16,505.0,0.008851727179086692,555.0,pacing,,False,False,236,shoulder_spring
2026-09-22,overlook_ridge,2027-05-17,490.0,0.009409173808125972,538.0,pacing,,False,False,237,shoulder_spring
2026-09-22,overlook_ridge,2027-05-18,485.0,0.009604944413106338,530.0,pacing,,False,False,238,shoulder_spring
2026-09-22,overlook_ridge,2027-05-19,490.0,0.00944126517670714,538.0,pacing,,False,False,239,shoulder_spring
2026-09-22,overlook_ridge,2027-05-20,495.0,0.009278213042101932,544.0,pacing,,False,False,240,shoulder_spring
2026-09-22,overlook_ridge,2027-05-21,575.0,0.020897580126291133,597.0,pacing,,False,False,241,shoulder_spring
2026-09-22,overlook_ridge,2027-05-22,570.0,0.020890073837892265,592.0,pacing,,False,False,242,shoulder_spring
2026-09-22,overlook_ridge,2027-05-23,510.0,0.008758585922651791,561.0,pacing,,False,False,243,shoulder_spring
2026-09-22,overlook_ridge,2027-05-24,490.0,0.009491813551319514,537.0,pacing,,False,False,244,shoulder_spring
2026-09-22,overlook_ridge,2027-05-25,500.0,0.009150511562658307,554.0,pacing,,False,False,245,shoulder_spring
2026-09-22,overlook_ridge,2027-05-26,495.0,0.009345874994076672,546.0,pacing,,False,False,246,shoulder_spring
2026-09-22,overlook_ridge,2027-05-27,540.0,0.0077585940848692685,603.0,pacing,,False,False,247,shoulder_spring
2026-09-22,overlook_ridge,2027-05-28,625.0,0.01841491118264109,747.0,pacing,,False,False,248,shoulder_spring
2026-09-22,overlook_ridge,2027-05-29,625.0,0.01827205278564045,750.0,pacing,,False,False,249,shoulder_spring
2026-09-22,overlook_ridge,2027-05-30,620.0,0.004933713389076736,719.0,pacing,,False,False,250,shoulder_spring
2026-09-22,overlook_ridge,2027-05-31,495.0,0.00941539576639737,557.0,pacing,,False,False,251,shoulder_spring
2026-09-22,overlook_ridge,2027-06-01,540.0,0.021788536425885744,595.0,pacing,,False,False,252,summer
2026-09-22,overlook_ridge,2027-06-02,530.0,0.0224284534494414,585.0,pacing,,False,False,253,summer
2026-09-22,overlook_ridge,2027-06-03,585.0,0.018730892809245506,647.0,pacing,,False,False,254,summer
2026-09-22,overlook_ridge,2027-06-04,695.0,0.029061800454306404,762.0,pacing,,False,False,255,summer
2026-09-22,overlook_ridge,2027-06-05,695.0,0.02889944962944542,770.0,pacing,,False,False,256,summer
2026-09-22,overlook_ridge,2027-06-06,600.0,0.01772637910342475,681.0,pacing,,False,False,257,summer
2026-09-22,overlook_ridge,2027-06-07,570.0,0.01970532555709813,734.0,pacing,,False,False,258,summer
2026-09-22,overlook_ridge,2027-06-08,555.0,0.020674896572837234,622.0,pacing,,False,False,259,summer
2026-09-22,overlook_ridge,2027-06-09,590.0,0.01835773724805062,665.0,pacing,,False,False,260,summer
2026-09-22,overlook_ridge,2027-06-10,715.0,0.005129028581311072,865.0,pacing,,False,False,261,summer
2026-09-22,overlook_ridge,2027-06-11,810.0,0.020431766787678333,991.0,pacing,,False,False,262,summer
2026-09-22,overlook_ridge,2027-06-12,825.0,0.019481213842142395,996.0,pacing,,False,False,263,summer
2026-09-22,overlook_ridge,2027-06-13,725.0,0.004405527736159095,907.0,pacing,,False,False,264,summer
2026-09-22,overlook_ridge,2027-06-14,735.0,0.0038173006630991897,893.0,pacing,,False,False,265,summer
2026-09-22,overlook_ridge,2027-06-15,795.0,0.001,972.0,pacing,,False,False,266,summer
2026-09-22,overlook_ridge,2027-06-16,850.0,0.001,1039.0,pacing,,False,False,267,summer
2026-09-22,overlook_ridge,2027-06-17,1170.0,0.001,1396.0,pacing,,False,False,268,summer
2026-09-22,overlook_ridge,2027-06-18,1230.0,0.001,1464.0,pacing,,False,False,269,summer
2026-09-22,overlook_ridge,2027-06-19,1205.0,0.001,1403.0,pacing,,False,False,270,summer
2026-09-22,overlook_ridge,2027-06-20,910.0,0.001,1078.0,pacing,,False,False,271,summer
2026-09-22,overlook_ridge,2027-06-21,875.0,0.001,1020.0,pacing,,False,False,272,summer
2026-09-22,overlook_ridge,2027-06-22,780.0,0.001327252901576411,1031.0,pacing,,False,False,273,summer
2026-09-22,overlook_ridge,2027-06-23,845.0,0.001,975.0,pacing,,False,False,274,summer
2026-09-22,overlook_ridge,2027-06-24,1040.0,0.001,1193.0,pacing,,False,False,275,summer
2026-09-22,overlook_ridge,2027-06-25,1265.0,0.001,1468.0,pacing,,False,False,276,summer
2026-09-22,overlook_ridge,2027-06-26,1205.0,0.004161636710150653,1380.0,pacing,,False,False,277,summer
2026-09-22,overlook_ridge,2027-06-27,1040.0,0.001,1188.0,pacing,,False,False,278,summer
2026-09-22,overlook_ridge,2027-06-28,930.0,0.001,1037.0,pacing,,False,False,279,summer
2026-09-22,overlook_ridge,2027-06-29,900.0,0.001,1014.0,pacing,,False,False,280,summer
2026-09-22,overlook_ridge,2027-06-30,1070.0,0.001,1202.0,pacing,,False,False,281,summer
2026-09-22,overlook_ridge,2027-07-01,1135.0,0.001,1280.0,pacing,,False,False,282,summer
2026-09-22,overlook_ridge,2027-07-02,1855.0,0.001,2039.0,pacing,,False,False,283,summer
2026-09-22,overlook_ridge,2027-07-03,1855.0,0.001,2084.0,pacing,,False,False,284,summer
2026-09-22,overlook_ridge,2027-07-04,1855.0,0.001,2010.0,pacing,,False,False,285,summer
2026-09-22,overlook_ridge,2027-07-05,935.0,0.001,1081.0,pacing,,False,False,286,summer
2026-09-22,overlook_ridge,2027-07-06,925.0,0.001,1055.0,pacing,,False,False,287,summer
2026-09-22,overlook_ridge,2027-07-07,1000.0,0.001,1139.0,pacing,,False,False,288,summer
2026-09-22,overlook_ridge,2027-07-08,1305.0,0.001,1484.0,pacing,,False,False,289,summer
2026-09-22,overlook_ridge,2027-07-09,1855.0,0.001,2054.0,pacing,,False,False,290,summer
2026-09-22,overlook_ridge,2027-07-10,1855.0,0.001,2122.0,pacing,,False,False,291,summer
2026-09-22,overlook_ridge,2027-07-11,1320.0,0.001,1464.0,pacing,,False,False,292,summer
2026-09-22,overlook_ridge,2027-07-12,1330.0,0.001,1450.0,pacing,,False,False,293,summer
2026-09-22,overlook_ridge,2027-07-13,1310.0,0.001,1428.0,pacing,,False,False,294,summer
2026-09-22,overlook_ridge,2027-07-14,1310.0,0.001,1444.0,pacing,,False,False,295,summer
2026-09-22,overlook_ridge,2027-07-15,1375.0,0.001,1523.0,pacing,,False,False,296,summer
2026-09-22,overlook_ridge,2027-07-16,1745.0,0.001,1911.0,pacing,,False,False,297,summer
2026-09-22,overlook_ridge,2027-07-17,1755.0,0.001,1968.0,pacing,,False,False,298,summer
2026-09-22,overlook_ridge,2027-07-18,1445.0,0.001,1631.0,pacing,,False,False,299,summer
2026-09-22,overlook_ridge,2027-07-19,1265.0,0.001,1445.0,pacing,,False,False,300,summer
2026-09-22,overlook_ridge,2027-07-20,1250.0,0.001,1427.0,pacing,,False,False,301,summer
2026-09-22,overlook_ridge,2027-07-21,1230.0,0.001,1235.0,pacing,,False,False,302,summer
2026-09-22,overlook_ridge,2027-07-22,1255.0,0.001,1441.0,pacing,,False,False,303,summer
2026-09-22,overlook_ridge,2027-07-23,1565.0,0.001,1788.0,pacing,,False,False,304,summer
2026-09-22,overlook_ridge,2027-07-24,1565.0,0.001,1815.0,pacing,,False,False,305,summer
2026-09-22,overlook_ridge,2027-07-25,1265.0,0.001,1486.0,pacing,,False,False,306,summer
2026-09-22,overlook_ridge,2027-07-26,1110.0,0.001,1284.0,pacing,,False,False,307,summer
2026-09-22,overlook_ridge,2027-07-27,1105.0,0.001,1284.0,pacing,,False,False,308,summer
2026-09-22,overlook_ridge,2027-07-28,1080.0,0.001,1269.0,pacing,,False,False,309,summer
2026-09-22,overlook_ridge,2027-07-29,1200.0,0.001,1400.0,pacing,,False,False,310,summer
2026-09-22,overlook_ridge,2027-07-30,1440.0,0.001,1676.0,pacing,,False,False,311,summer
2026-09-22,overlook_ridge,2027-07-31,1325.0,0.004095196118076807,1523.0,pacing,,False,False,312,summer
2026-09-22,overlook_ridge,2027-08-01,1015.0,0.001,1192.0,pacing,,False,False,313,summer
2026-09-22,overlook_ridge,2027-08-02,865.0,0.0078108937394764134,1015.0,pacing,,False,False,314,summer
2026-09-22,overlook_ridge,2027-08-03,840.0,0.009343117472703479,991.0,pacing,,False,False,315,summer
2026-09-22,overlook_ridge,2027-08-04,835.0,0.009696650821286231,989.0,pacing,,False,False,316,summer
2026-09-22,overlook_ridge,2027-08-05,955.0,0.0028559204876210807,1134.0,pacing,,False,False,317,summer
2026-09-22,overlook_ridge,2027-08-06,1075.0,0.015142245909801455,1300.0,pacing,,False,False,318,summer
2026-09-22,overlook_ridge,2027-08-07,1045.0,0.016496967575649762,1260.0,pacing,,False,False,319,summer
2026-09-22,overlook_ridge,2027-08-08,815.0,0.010990639370083048,979.0,pacing,,False,False,320,summer
2026-09-22,overlook_ridge,2027-08-09,720.0,0.01645579955597568,872.0,pacing,,False,False,321,summer
2026-09-22,overlook_ridge,2027-08-10,705.0,0.01731878737441445,849.0,pacing,,False,False,322,summer
2026-09-22,overlook_ridge,2027-08-11,705.0,0.01732339148392179,850.0,pacing,,False,False,323,summer
2026-09-22,overlook_ridge,2027-08-12,785.0,0.012822701360463422,941.0,pacing,,False,False,324,summer
2026-09-22,overlook_ridge,2027-08-13,905.0,0.022432843031793333,1096.0,pacing,,False,False,325,summer
2026-09-22,overlook_ridge,2027-08-14,860.0,0.02426215577045456,1037.0,pacing,,False,False,326,summer
2026-09-22,overlook_ridge,2027-08-15,695.0,0.017908022220605037,905.0,pacing,,False,False,327,summer
2026-09-22,overlook_ridge,2027-08-16,695.0,0.017907675468184104,839.0,pacing,,False,False,328,summer
2026-09-22,overlook_ridge,2027-08-17,695.0,0.017900866599503944,801.0,pacing,,False,False,329,summer
2026-09-22,overlook_ridge,2027-08-18,695.0,0.01789601940488573,794.0,pacing,,False,False,330,summer
2026-09-22,overlook_ridge,2027-08-19,695.0,0.017889679981677568,802.0,pacing,,False,False,331,summer
2026-09-22,overlook_ridge,2027-08-20,815.0,0.026046919188393153,998.0,pacing,,False,False,332,summer
2026-09-22,overlook_ridge,2027-08-21,810.0,0.026197297252653507,974.0,pacing,,False,False,333,summer
2026-09-22,overlook_ridge,2027-08-22,695.0,0.017886240215979538,809.0,pacing,,False,False,334,summer
2026-09-22,overlook_ridge,2027-08-23,695.0,0.017881124060558765,783.0,pacing,,False,False,335,summer
2026-09-22,overlook_ridge,2027-08-24,675.0,0.018965388217082477,625.0,pacing,,False,False,336,summer
2026-09-22,overlook_ridge,2027-08-25,670.0,0.019221720207286106,735.0,pacing,,False,False,337,summer
2026-09-22,overlook_ridge,2027-08-26,660.0,0.019746938660863845,721.0,pacing,,False,False,338,summer
2026-09-22,overlook_ridge,2027-08-27,735.0,0.029175907616966156,883.0,pacing,,False,False,339,summer
2026-09-22,overlook_ridge,2027-08-28,710.0,0.030036169703870866,842.0,pacing,,False,False,340,summer
2026-09-22,overlook_ridge,2027-08-29,695.0,0.017833354946137813,768.0,pacing,,False,False,341,summer
2026-09-22,overlook_ridge,2027-08-30,560.0,0.02509530682062936,590.0,pacing,,False,False,342,summer
2026-09-22,overlook_ridge,2027-08-31,540.0,0.026116799204763556,564.0,pacing,,False,False,343,summer
2026-09-22,overlook_ridge,2027-09-01,550.0,0.025522310083709233,569.0,pacing,,False,False,344,summer
2026-09-22,overlook_ridge,2027-09-02,625.0,0.021456106057861874,670.0,pacing,,False,False,345,summer
2026-09-22,overlook_ridge,2027-09-03,880.0,0.02310112059918143,1033.0,pacing,,False,False,346,summer
2026-09-22,overlook_ridge,2027-09-04,880.0,0.02304146012423066,1033.0,pacing,,False,False,347,summer
2026-09-22,overlook_ridge,2027-09-05,845.0,0.00969612577301705,990.0,pacing,,False,False,348,summer
2026-09-22,overlook_ridge,2027-09-06,545.0,0.02568114256246037,558.0,pacing,,False,False,349,summer
2026-09-22,overlook_ridge,2027-09-07,605.0,0.022449558618660426,624.0,pacing,,False,False,350,summer
2026-09-22,overlook_ridge,2027-09-08,605.0,0.022408347948800787,563.0,pacing,,False,False,351,summer
2026-09-22,overlook_ridge,2027-09-09,650.0,0.020000208631161764,669.0,pacing,,False,False,352,summer
2026-09-22,overlook_ridge,2027-09-10,695.0,0.030233915517391043,768.0,pacing,,False,False,353,summer
2026-09-22,overlook_ridge,2027-09-11,695.0,0.030061979170717595,753.0,pacing,,False,False,354,summer
2026-09-22,overlook_ridge,2027-09-12,695.0,0.01761554125111069,768.0,pacing,,False,False,355,summer
2026-09-22,overlook_ridge,2027-09-13,585.0,0.023346320913170335,610.0,pacing,,False,False,356,summer
2026-09-22,overlook_ridge,2027-09-14,580.0,0.023561355451311116,607.0,pacing,,False,False,357,summer
2026-09-22,overlook_ridge,2027-09-15,585.0,0.023254821778856363,607.0,pacing,,False,False,358,summer
2026-09-22,overlook_ridge,2027-09-16,610.0,0.00802477764648225,659.0,pacing,,False,False,359,shoulder_fall
2026-09-22,overlook_ridge,2027-09-17,665.0,0.024009557569357104,746.0,pacing,,False,False,360,shoulder_fall
2026-09-22,overlook_ridge,2027-09-18,620.0,0.026682732476194595,724.0,pacing,,False,False,361,shoulder_fall
2026-09-22,overlook_ridge,2027-09-19,545.0,0.012681153165055142,616.0,pacing,,False,False,362,shoulder_fall
2026-09-22,overlook_ridge,2027-09-20,490.0,0.016556536487426776,530.0,pacing,,False,False,363,shoulder_fall
2026-09-22,overlook_ridge,2027-09-21,485.0,0.01687972091482316,526.0,pacing,,False,False,364,shoulder_fall
2026-09-22,overlook_ridge,2027-09-22,495.0,0.016167618396552997,,none,,False,False,365,shoulder_fall
2026-09-22,cloud_9,2026-09-23,675.0,0.14476288946219495,750.0,pacing,,False,True,1,shoulder_fall
2026-09-22,cloud_9,2026-09-24,675.0,0.1355754455262045,750.0,pacing,,False,True,2,shoulder_fall
2026-09-22,cloud_9,2026-09-28,710.0,0.10555476291129788,800.0,pacing,,False,True,6,shoulder_fall
2026-09-22,cloud_9,2026-10-05,750.0,0.001,850.0,pacing,,False,False,13,shoulder_fall
2026-09-22,cloud_9,2026-10-06,750.0,0.001,850.0,pacing,,False,False,14,shoulder_fall
2026-09-22,cloud_9,2026-10-07,750.0,0.001,850.0,pacing,,False,False,15,shoulder_fall
2026-09-22,cloud_9,2026-10-08,750.0,0.001,850.0,pacing,,False,False,16,shoulder_fall
2026-09-22,cloud_9,2026-10-09,760.0,0.24297217311050356,850.0,pacing,,False,False,17,shoulder_fall
2026-09-22,cloud_9,2026-10-10,760.0,0.25428473098396637,850.0,pacing,,False,False,18,shoulder_fall
2026-09-22,cloud_9,2026-10-11,750.0,0.001,850.0,pacing,,False,False,19,shoulder_fall
2026-09-22,cloud_9,2026-10-12,750.0,0.001,850.0,pacing,,False,False,20,shoulder_fall
2026-09-22,cloud_9,2026-10-13,750.0,0.001,850.0,pacing,,False,False,21,shoulder_fall
2026-09-22,cloud_9,2026-10-19,750.0,0.001,850.0,pacing,,False,False,27,shoulder_fall
2026-09-22,cloud_9,2026-10-20,750.0,0.001,850.0,pacing,,False,False,28,shoulder_fall
2026-09-22,cloud_9,2026-10-21,750.0,0.001,850.0,pacing,,False,False,29,shoulder_fall
2026-09-22,cloud_9,2026-10-22,750.0,0.001,850.0,pacing,,False,False,30,shoulder_fall
2026-09-22,cloud_9,2026-10-23,760.0,0.27884349746721854,850.0,pacing,,False,False,31,shoulder_fall
2026-09-22,cloud_9,2026-10-24,760.0,0.28306413421287957,850.0,pacing,,False,False,32,shoulder_fall
2026-09-22,cloud_9,2026-10-25,750.0,0.001,850.0,pacing,,False,False,33,shoulder_fall
2026-09-22,cloud_9,2026-10-26,750.0,0.001,850.0,pacing,,False,False,34,shoulder_fall
2026-09-22,cloud_9,2026-10-27,750.0,0.001,850.0,pacing,,False,False,35,shoulder_fall
2026-09-22,cloud_9,2026-10-28,750.0,0.001,850.0,pacing,,False,False,36,shoulder_fall
2026-09-22,cloud_9,2026-10-29,750.0,0.001,850.0,pacing,,False,False,37,shoulder_fall
2026-09-22,cloud_9,2026-10-30,760.0,0.28638009558058986,850.0,pacing,,False,False,38,shoulder_fall
2026-09-22,cloud_9,2026-10-31,755.0,0.2828090471132736,850.0,pacing,,False,False,39,shoulder_fall
2026-09-22,cloud_9,2026-11-01,685.0,0.001,765.0,pacing,,False,False,40,shoulder_fall
2026-09-22,cloud_9,2026-11-02,685.0,0.001,765.0,pacing,,False,False,41,shoulder_fall
2026-09-22,cloud_9,2026-11-03,685.0,0.001,765.0,pacing,,False,False,42,shoulder_fall
2026-09-22,cloud_9,2026-11-04,685.0,0.001,765.0,pacing,,False,False,43,shoulder_fall
2026-09-22,cloud_9,2026-11-05,685.0,0.001,765.0,pacing,,False,False,44,shoulder_fall
2026-09-22,cloud_9,2026-11-06,695.0,0.01503635143481566,765.0,pacing,,False,False,45,shoulder_fall
2026-09-22,cloud_9,2026-11-07,695.0,0.01721558088076028,765.0,pacing,,False,False,46,shoulder_fall
2026-09-22,cloud_9,2026-11-08,685.0,0.001,765.0,pacing,,False,False,47,shoulder_fall
2026-09-22,cloud_9,2026-11-09,685.0,0.001,765.0,pacing,,False,False,48,shoulder_fall
2026-09-22,cloud_9,2026-11-10,685.0,0.001,765.0,pacing,,False,False,49,shoulder_fall
2026-09-22,cloud_9,2026-11-11,685.0,0.001,765.0,pacing,,False,False,50,shoulder_fall
2026-09-22,cloud_9,2026-11-12,685.0,0.001,765.0,pacing,,False,False,51,shoulder_fall
2026-09-22,cloud_9,2026-11-13,685.0,0.42060434040007405,765.0,pacing,,False,False,52,shoulder_fall
2026-09-22,cloud_9,2026-11-14,685.0,0.392959220262488,765.0,pacing,,False,False,53,shoulder_fall
2026-09-22,cloud_9,2026-11-15,685.0,0.001,765.0,pacing,,False,False,54,shoulder_fall
2026-09-22,cloud_9,2026-11-16,685.0,0.001,765.0,pacing,,False,False,55,shoulder_fall
2026-09-22,cloud_9,2026-11-17,685.0,0.001,765.0,pacing,,False,False,56,shoulder_fall
2026-09-22,cloud_9,2026-11-18,685.0,0.001,765.0,pacing,,False,False,57,shoulder_fall
2026-09-22,cloud_9,2026-11-19,685.0,0.001,765.0,pacing,,False,False,58,shoulder_fall
2026-09-22,cloud_9,2026-11-20,695.0,0.01936979287766763,765.0,pacing,,False,False,59,shoulder_fall
2026-09-22,cloud_9,2026-11-21,705.0,0.049723498997365626,765.0,pacing,,False,False,60,early_winter
2026-09-22,cloud_9,2026-11-22,685.0,0.0015499923471339974,765.0,pacing,,False,False,61,early_winter
2026-09-22,cloud_9,2026-11-23,770.0,0.001,931.0,pacing,,False,False,62,early_winter
2026-09-22,cloud_9,2026-11-29,750.0,0.001,850.0,pacing,,False,False,68,early_winter
2026-09-22,cloud_9,2026-11-30,750.0,0.0014680050193047768,850.0,pacing,,False,False,69,early_winter
2026-09-22,cloud_9,2026-12-01,750.0,0.003507356489477119,850.0,pacing,,False,False,70,early_winter
2026-09-22,cloud_9,2026-12-02,750.0,0.0058591081772605665,850.0,pacing,,False,False,71,early_winter
2026-09-22,cloud_9,2026-12-03,750.0,0.00849175732823708,850.0,pacing,,False,False,72,early_winter
2026-09-22,cloud_9,2026-12-06,770.0,0.004549507389361124,850.0,pacing,,False,False,75,early_winter
2026-09-22,cloud_9,2026-12-07,750.0,0.009692752162537547,850.0,pacing,,False,False,76,early_winter
2026-09-22,cloud_9,2026-12-08,750.0,0.010186802313903308,850.0,pacing,,False,False,77,early_winter
2026-09-22,cloud_9,2026-12-09,750.0,0.010593746191472143,850.0,pacing,,False,False,78,early_winter
2026-09-22,cloud_9,2026-12-10,790.0,0.0024601166077115834,939.0,pacing,,False,False,79,early_winter
2026-09-22,cloud_9,2026-12-11,1095.0,0.001,1315.0,pacing,,False,False,80,early_winter
2026-09-22,cloud_9,2026-12-12,1240.0,0.001,1446.0,pacing,,False,False,81,early_winter
2026-09-22,cloud_9,2026-12-13,885.0,0.001,1017.0,pacing,,False,False,82,early_winter
2026-09-22,cloud_9,2026-12-14,800.0,0.002313685813031914,912.0,pacing,,False,False,83,early_winter
2026-09-22,cloud_9,2027-01-06,1795.0,0.0956855041424079,1328.0,pacing,,False,False,106,peak_ski
2026-09-22,cloud_9,2027-01-07,1215.0,0.001,1410.0,pacing,,False,False,107,peak_ski
2026-09-22,cloud_9,2027-01-08,1535.0,0.001,1763.0,pacing,,False,False,108,peak_ski
2026-09-22,cloud_9,2027-01-09,1385.0,0.0013527912530192714,1632.0,pacing,,False,False,109,peak_ski
2026-09-22,cloud_9,2027-01-10,1300.0,0.001,1521.0,pacing,,False,False,110,peak_ski
2026-09-22,cloud_9,2027-01-11,980.0,0.001,1156.0,pacing,,False,False,111,peak_ski
2026-09-22,cloud_9,2027-01-12,1225.0,0.1725111101817174,1095.0,pacing,,False,False,112,peak_ski
2026-09-22,cloud_9,2027-01-13,1575.0,0.11945359998086699,1448.0,pacing,,False,False,113,peak_ski
2026-09-22,cloud_9,2027-01-14,1590.0,0.001,1899.0,pacing,,False,False,114,peak_ski
2026-09-22,cloud_9,2027-01-15,2385.0,0.001,2714.0,pacing,,False,False,115,peak_ski
2026-09-22,cloud_9,2027-01-16,2275.0,0.001,2647.0,pacing,,False,False,116,peak_ski
2026-09-22,cloud_9,2027-01-17,2260.0,0.001,2593.0,pacing,,False,False,117,peak_ski
2026-09-22,cloud_9,2027-01-18,1165.0,0.001,1379.0,pacing,,False,False,118,peak_ski
2026-09-22,cloud_9,2027-01-19,1475.0,0.12967132233314665,1321.0,pacing,,False,False,119,peak_ski
2026-09-22,cloud_9,2027-01-20,1420.0,0.1332210954517231,1290.0,pacing,,False,False,120,peak_ski
2026-09-22,cloud_9,2027-01-21,1475.0,0.001,1729.0,pacing,,False,False,121,peak_ski
2026-09-22,cloud_9,2027-01-22,2240.0,0.001,2467.0,pacing,,False,False,122,peak_ski
2026-09-22,cloud_9,2027-01-23,2385.0,0.001,2646.0,pacing,,False,False,123,peak_ski
2026-09-22,cloud_9,2027-01-24,1615.0,0.001,1884.0,pacing,,False,False,124,peak_ski
2026-09-22,cloud_9,2027-01-25,1610.0,0.001,1895.0,pacing,,False,False,125,peak_ski
2026-09-22,cloud_9,2027-01-26,1605.0,0.001,1910.0,pacing,,False,False,126,peak_ski
2026-09-22,cloud_9,2027-01-27,1670.0,0.001,1945.0,pacing,,False,False,127,peak_ski
2026-09-22,cloud_9,2027-01-28,1860.0,0.001,2149.0,pacing,,False,False,128,peak_ski
2026-09-22,cloud_9,2027-01-29,2385.0,0.001,2945.0,pacing,,False,False,129,peak_ski
2026-09-22,cloud_9,2027-01-30,2385.0,0.001,2973.0,pacing,,False,False,130,peak_ski
2026-09-22,cloud_9,2027-01-31,1670.0,0.001,1915.0,pacing,,False,False,131,peak_ski
2026-09-22,cloud_9,2027-02-01,1190.0,0.001,1420.0,pacing,,False,False,132,peak_ski
2026-09-22,cloud_9,2027-02-02,1185.0,0.001,1401.0,pacing,,False,False,133,peak_ski
2026-09-22,cloud_9,2027-02-03,1230.0,0.001,1458.0,pacing,,False,False,134,peak_ski
2026-09-22,cloud_9,2027-02-04,2030.0,0.001,2288.0,pacing,,False,False,135,peak_ski
2026-09-22,cloud_9,2027-02-05,2385.0,0.001,2907.0,pacing,,False,False,136,peak_ski
2026-09-22,cloud_9,2027-02-06,2385.0,0.001,3114.0,pacing,,False,False,137,peak_ski
2026-09-22,cloud_9,2027-02-07,1980.0,0.001,2285.0,pacing,,False,False,138,peak_ski
2026-09-22,cloud_9,2027-02-08,1895.0,0.001,2200.0,pacing,,False,False,139,peak_ski
2026-09-22,cloud_9,2027-02-09,1880.0,0.001,2175.0,pacing,,False,False,140,peak_ski
2026-09-22,cloud_9,2027-02-10,1940.0,0.001,2216.0,pacing,,False,False,141,peak_ski
2026-09-22,cloud_9,2027-02-11,2345.0,0.001,2667.0,pacing,,False,False,142,peak_ski
2026-09-22,cloud_9,2027-02-12,2385.0,0.001,3976.0,pacing,,False,False,143,peak_ski
2026-09-22,cloud_9,2027-02-13,2385.0,0.001,3903.0,pacing,,False,False,144,peak_ski
2026-09-22,cloud_9,2027-02-14,2385.0,0.001,3945.0,pacing,,False,False,145,peak_ski
2026-09-22,cloud_9,2027-02-15,2150.0,0.001,2399.0,pacing,,False,False,146,peak_ski
2026-09-22,cloud_9,2027-02-16,1945.0,0.001,2210.0,pacing,,False,False,147,peak_ski
2026-09-22,cloud_9,2027-02-17,1980.0,0.001,2228.0,pacing,,False,False,148,peak_ski
2026-09-22,cloud_9,2027-02-18,2260.0,0.001,2564.0,pacing,,False,False,149,peak_ski
2026-09-22,cloud_9,2027-02-19,2385.0,0.001,3605.0,pacing,,False,False,150,peak_ski
2026-09-22,cloud_9,2027-02-20,2385.0,0.001,3319.0,pacing,,False,False,151,peak_ski
2026-09-22,cloud_9,2027-02-21,2060.0,0.001,2343.0,pacing,,False,False,152,peak_ski
2026-09-22,cloud_9,2027-02-22,1590.0,0.001,1870.0,pacing,,False,False,153,peak_ski
2026-09-22,cloud_9,2027-02-23,1385.0,0.001,1681.0,pacing,,False,False,154,peak_ski
2026-09-22,cloud_9,2027-02-24,1505.0,0.001,1792.0,pacing,,False,False,155,peak_ski
2026-09-22,cloud_9,2027-02-25,2305.0,0.001,2521.0,pacing,,False,False,156,peak_ski
2026-09-22,cloud_9,2027-02-26,2385.0,0.001,3155.0,pacing,,False,False,157,peak_ski
2026-09-22,cloud_9,2027-02-27,2385.0,0.001,3038.0,pacing,,False,False,158,peak_ski
2026-09-22,cloud_9,2027-02-28,1810.0,0.001,2086.0,pacing,,False,False,159,peak_ski
2026-09-22,cloud_9,2027-03-01,1365.0,0.001,1638.0,pacing,,False,False,160,peak_ski
2026-09-22,cloud_9,2027-03-02,1370.0,0.001,1641.0,pacing,,False,False,161,peak_ski
2026-09-22,cloud_9,2027-03-03,1375.0,0.001,1654.0,pacing,,False,False,162,peak_ski
2026-09-22,cloud_9,2027-03-04,1765.0,0.001,2042.0,pacing,,False,False,163,peak_ski
2026-09-22,cloud_9,2027-03-05,2385.0,0.001,2795.0,pacing,,False,False,164,peak_ski
2026-09-22,cloud_9,2027-03-06,2385.0,0.001,2928.0,pacing,,False,False,165,peak_ski
2026-09-22,cloud_9,2027-03-07,2195.0,0.001,2522.0,pacing,,False,False,166,peak_ski
2026-09-22,cloud_9,2027-03-08,2025.0,0.001,2360.0,pacing,,False,False,167,peak_ski
2026-09-22,cloud_9,2027-03-09,1985.0,0.001,2311.0,pacing,,False,False,168,peak_ski
2026-09-22,cloud_9,2027-03-10,1985.0,0.001,2304.0,pacing,,False,False,169,peak_ski
2026-09-22,cloud_9,2027-03-11,2235.0,0.001,2562.0,pacing,,False,False,170,peak_ski
2026-09-22,cloud_9,2027-03-12,2385.0,0.001,3012.0,pacing,,False,False,171,peak_ski
2026-09-22,cloud_9,2027-03-13,2385.0,0.001,3061.0,pacing,,False,False,172,peak_ski
2026-09-22,cloud_9,2027-03-14,2385.0,0.001,3107.0,pacing,,False,False,173,peak_ski
2026-09-22,cloud_9,2027-03-15,2385.0,0.001,2982.0,pacing,,False,False,174,peak_ski
2026-09-22,cloud_9,2027-03-16,2385.0,0.001,2952.0,pacing,,False,False,175,peak_ski
2026-09-22,cloud_9,2027-03-17,2385.0,0.001,2972.0,pacing,,False,False,176,peak_ski
2026-09-22,cloud_9,2027-03-18,2385.0,0.001,2993.0,pacing,,False,False,177,peak_ski
2026-09-22,cloud_9,2027-03-19,2385.0,0.001,2765.0,pacing,,False,False,178,peak_ski
2026-09-22,cloud_9,2027-03-20,2385.0,0.001,2656.0,pacing,,False,False,179,peak_ski
2026-09-22,cloud_9,2027-03-21,1580.0,0.001,1902.0,pacing,,False,False,180,peak_ski
2026-09-22,cloud_9,2027-03-22,1945.0,0.001,2237.0,pacing,,False,False,181,peak_ski
2026-09-22,cloud_9,2027-03-23,1925.0,0.001,2276.0,pacing,,False,False,182,peak_ski
2026-09-22,cloud_9,2027-03-24,1350.0,0.0018804425822829185,1491.0,pacing,,False,False,183,peak_ski
2026-09-22,cloud_9,2027-03-25,1460.0,0.001,1743.0,pacing,,False,False,184,peak_ski
2026-09-22,cloud_9,2027-03-26,1645.0,0.006139081441898973,1937.0,pacing,,False,False,185,peak_ski
2026-09-22,cloud_9,2027-03-27,1460.0,0.008243660521156826,1727.0,pacing,,False,False,186,peak_ski
2026-09-22,cloud_9,2027-03-28,1195.0,0.003630036046009537,1425.0,pacing,,False,False,187,peak_ski
2026-09-22,cloud_9,2027-03-29,1035.0,0.005375666575946918,1147.0,pacing,,False,False,188,peak_ski
2026-09-22,cloud_9,2027-03-30,1020.0,0.005550092264311336,1079.0,pacing,,False,False,189,peak_ski
2026-09-22,cloud_9,2027-03-31,1035.0,0.0053997562404510795,1093.0,pacing,,False,False,190,peak_ski
2026-09-22,cloud_9,2027-04-01,1055.0,0.001,1240.0,pacing,,False,False,191,shoulder_spring
2026-09-22,cloud_9,2027-04-02,1110.0,0.001,1337.0,pacing,,False,False,192,shoulder_spring
2026-09-22,cloud_9,2027-04-03,1040.0,0.0014080997142467376,1241.0,pacing,,False,False,193,shoulder_spring
2026-09-22,cloud_9,2027-04-04,855.0,0.001,1018.0,pacing,,False,False,194,shoulder_spring
2026-09-22,cloud_9,2027-04-05,750.0,0.001,850.0,pacing,,False,False,195,shoulder_spring
2026-09-22,cloud_9,2027-04-06,750.0,0.001,850.0,pacing,,False,False,196,shoulder_spring
2026-09-22,cloud_9,2027-04-07,750.0,0.001,850.0,pacing,,False,False,197,shoulder_spring
2026-09-22,cloud_9,2027-04-08,780.0,0.001,889.0,pacing,,False,False,198,shoulder_spring
2026-09-22,cloud_9,2027-04-09,795.0,0.013309911471553273,930.0,pacing,,False,False,199,shoulder_spring
2026-09-22,cloud_9,2027-04-10,780.0,0.013892820207533074,850.0,pacing,,False,False,200,shoulder_spring
2026-09-22,cloud_9,2027-04-11,750.0,0.001,850.0,pacing,,False,False,201,shoulder_spring
2026-09-22,cloud_9,2027-04-12,750.0,0.001,850.0,pacing,,False,False,202,shoulder_spring
2026-09-22,cloud_9,2027-04-13,750.0,0.001,850.0,pacing,,False,False,203,shoulder_spring
2026-09-22,cloud_9,2027-04-14,750.0,0.001,850.0,pacing,,False,False,204,shoulder_spring
2026-09-22,cloud_9,2027-04-15,750.0,0.001,850.0,pacing,,False,False,205,shoulder_spring
2026-09-22,cloud_9,2027-04-16,795.0,0.013053298214481937,890.0,pacing,,False,False,206,shoulder_spring
2026-09-22,cloud_9,2027-04-17,775.0,0.013833419611071273,850.0,pacing,,False,False,207,shoulder_spring
2026-09-22,cloud_9,2027-04-18,750.0,0.001,850.0,pacing,,False,False,208,shoulder_spring
2026-09-22,cloud_9,2027-04-19,750.0,0.001,850.0,pacing,,False,False,209,shoulder_spring
2026-09-22,cloud_9,2027-04-20,750.0,0.001,850.0,pacing,,False,False,210,shoulder_spring
2026-09-22,cloud_9,2027-04-21,750.0,0.001,850.0,pacing,,False,False,211,shoulder_spring
2026-09-22,cloud_9,2027-04-22,750.0,0.001,850.0,pacing,,False,False,212,shoulder_spring
2026-09-22,cloud_9,2027-04-23,795.0,0.01276442800459113,907.0,pacing,,False,False,213,shoulder_spring
2026-09-22,cloud_9,2027-04-24,795.0,0.012636910216477101,887.0,pacing,,False,False,214,shoulder_spring
2026-09-22,cloud_9,2027-04-25,750.0,0.001,850.0,pacing,,False,False,215,shoulder_spring
2026-09-22,cloud_9,2027-04-26,750.0,0.001,850.0,pacing,,False,False,216,shoulder_spring
2026-09-22,cloud_9,2027-04-27,750.0,0.001,850.0,pacing,,False,False,217,shoulder_spring
2026-09-22,cloud_9,2027-04-28,750.0,0.001,850.0,pacing,,False,False,218,shoulder_spring
2026-09-22,cloud_9,2027-04-29,750.0,0.001,850.0,pacing,,False,False,219,shoulder_spring
2026-09-22,cloud_9,2027-04-30,775.0,0.01339529697931112,850.0,pacing,,False,False,220,shoulder_spring
2026-09-22,cloud_9,2027-05-01,775.0,0.01323914649141799,850.0,pacing,,False,False,221,shoulder_spring
2026-09-22,cloud_9,2027-05-02,750.0,0.001,850.0,pacing,,False,False,222,shoulder_spring
2026-09-22,cloud_9,2027-05-03,750.0,0.001,850.0,pacing,,False,False,223,shoulder_spring
2026-09-22,cloud_9,2027-05-04,750.0,0.001,850.0,pacing,,False,False,224,shoulder_spring
2026-09-22,cloud_9,2027-05-05,750.0,0.001,850.0,pacing,,False,False,225,shoulder_spring
2026-09-22,cloud_9,2027-05-06,750.0,0.001,850.0,pacing,,False,False,226,shoulder_spring
2026-09-22,cloud_9,2027-05-07,775.0,0.013083987371464078,850.0,pacing,,False,False,227,shoulder_spring
2026-09-22,cloud_9,2027-05-08,775.0,0.012935973874459128,850.0,pacing,,False,False,228,shoulder_spring
2026-09-22,cloud_9,2027-05-09,750.0,0.001,850.0,pacing,,False,False,229,shoulder_spring
2026-09-22,cloud_9,2027-05-10,750.0,0.001,850.0,pacing,,False,False,230,shoulder_spring
2026-09-22,cloud_9,2027-05-11,750.0,0.001,850.0,pacing,,False,False,231,shoulder_spring
2026-09-22,cloud_9,2027-05-12,750.0,0.001,850.0,pacing,,False,False,232,shoulder_spring
2026-09-22,cloud_9,2027-05-13,750.0,0.001,850.0,pacing,,False,False,233,shoulder_spring
2026-09-22,cloud_9,2027-05-14,780.0,0.012573400701973362,874.0,pacing,,False,False,234,shoulder_spring
2026-09-22,cloud_9,2027-05-15,795.0,0.011800526008813787,891.0,pacing,,False,False,235,shoulder_spring
2026-09-22,cloud_9,2027-05-16,750.0,0.001,850.0,pacing,,False,False,236,shoulder_spring
2026-09-22,cloud_9,2027-05-17,750.0,0.001,850.0,pacing,,False,False,237,shoulder_spring
2026-09-22,cloud_9,2027-05-18,750.0,0.001,850.0,pacing,,False,False,238,shoulder_spring
2026-09-22,cloud_9,2027-05-19,750.0,0.001,850.0,pacing,,False,False,239,shoulder_spring
2026-09-22,cloud_9,2027-05-20,750.0,0.001,850.0,pacing,,False,False,240,shoulder_spring
2026-09-22,cloud_9,2027-05-21,775.0,0.012514129735435874,850.0,pacing,,False,False,241,shoulder_spring
2026-09-22,cloud_9,2027-05-22,775.0,0.01238080214801141,850.0,pacing,,False,False,242,shoulder_spring
2026-09-22,cloud_9,2027-05-23,750.0,0.001,850.0,pacing,,False,False,243,shoulder_spring
2026-09-22,cloud_9,2027-05-24,750.0,0.001,850.0,pacing,,False,False,244,shoulder_spring
2026-09-22,cloud_9,2027-05-25,750.0,0.001,850.0,pacing,,False,False,245,shoulder_spring
2026-09-22,cloud_9,2027-05-26,750.0,0.001,850.0,pacing,,False,False,246,shoulder_spring
2026-09-22,cloud_9,2027-05-27,750.0,0.001,850.0,pacing,,False,False,247,shoulder_spring
2026-09-22,cloud_9,2027-05-28,860.0,0.008753967292264634,1015.0,pacing,,False,False,248,shoulder_spring
2026-09-22,cloud_9,2027-05-29,860.0,0.00871999169186479,1015.0,pacing,,False,False,249,shoulder_spring
2026-09-22,cloud_9,2027-05-30,825.0,0.001,973.0,pacing,,False,False,250,shoulder_spring
2026-09-22,cloud_9,2027-05-31,750.0,0.001,850.0,pacing,,False,False,251,shoulder_spring
2026-09-22,cloud_9,2027-06-01,750.0,0.00768632744615719,850.0,pacing,,False,False,252,summer
2026-09-22,cloud_9,2027-06-02,750.0,0.0077141674750563155,850.0,pacing,,False,False,253,summer
2026-09-22,cloud_9,2027-06-03,750.0,0.007738843864937059,850.0,pacing,,False,False,254,summer
2026-09-22,cloud_9,2027-06-04,870.0,0.019880087959839813,1021.0,pacing,,False,False,255,summer
2026-09-22,cloud_9,2027-06-05,850.0,0.020839926047394326,1000.0,pacing,,False,False,256,summer
2026-09-22,cloud_9,2027-06-06,750.0,0.007775488849340811,858.0,pacing,,False,False,257,summer
2026-09-22,cloud_9,2027-06-07,750.0,0.00781494132611105,850.0,pacing,,False,False,258,summer
2026-09-22,cloud_9,2027-06-08,750.0,0.007846144017347609,850.0,pacing,,False,False,259,summer
2026-09-22,cloud_9,2027-06-09,750.0,0.007873651307372097,850.0,pacing,,False,False,260,summer
2026-09-22,cloud_9,2027-06-10,930.0,0.001,1117.0,pacing,,False,False,261,summer
2026-09-22,cloud_9,2027-06-11,1145.0,0.001,1379.0,pacing,,False,False,262,summer
2026-09-22,cloud_9,2027-06-12,1135.0,0.001,1364.0,pacing,,False,False,263,summer
2026-09-22,cloud_9,2027-06-13,970.0,0.001,1200.0,pacing,,False,False,264,summer
2026-09-22,cloud_9,2027-06-14,1010.0,0.001,1211.0,pacing,,False,False,265,summer
2026-09-22,cloud_9,2027-06-15,1070.0,0.001,1283.0,pacing,,False,False,266,summer
2026-09-22,cloud_9,2027-06-16,1115.0,0.001,1349.0,pacing,,False,False,267,summer
2026-09-22,cloud_9,2027-06-17,1550.0,0.001,1813.0,pacing,,False,False,268,summer
2026-09-22,cloud_9,2027-06-18,1550.0,0.001,1802.0,pacing,,False,False,269,summer
2026-09-22,cloud_9,2027-06-19,1545.0,0.001,1758.0,pacing,,False,False,270,summer
2026-09-22,cloud_9,2027-06-20,1135.0,0.001,1354.0,pacing,,False,False,271,summer
2026-09-22,cloud_9,2027-06-21,1000.0,0.001,1302.0,pacing,,False,False,272,summer
2026-09-22,cloud_9,2027-06-22,1095.0,0.001,1305.0,pacing,,False,False,273,summer
2026-09-22,cloud_9,2027-06-23,1050.0,0.001,1281.0,pacing,,False,False,274,summer
2026-09-22,cloud_9,2027-06-24,1335.0,0.001,1539.0,pacing,,False,False,275,summer
2026-09-22,cloud_9,2027-06-25,1605.0,0.001,1820.0,pacing,,False,False,276,summer
2026-09-22,cloud_9,2027-06-26,1470.0,0.001,1701.0,pacing,,False,False,277,summer
2026-09-22,cloud_9,2027-06-27,1245.0,0.001,1435.0,pacing,,False,False,278,summer
2026-09-22,cloud_9,2027-06-28,1105.0,0.001,1254.0,pacing,,False,False,279,summer
2026-09-22,cloud_9,2027-06-29,1075.0,0.001,1230.0,pacing,,False,False,280,summer
2026-09-22,cloud_9,2027-06-30,1290.0,0.001,1467.0,pacing,,False,False,281,summer
2026-09-22,cloud_9,2027-07-01,1330.0,0.001,1523.0,pacing,,False,False,282,summer
2026-09-22,cloud_9,2027-07-02,2385.0,0.001,2610.0,pacing,,False,False,283,summer
2026-09-22,cloud_9,2027-07-03,2385.0,0.001,2677.0,pacing,,False,False,284,summer
2026-09-22,cloud_9,2027-07-04,2380.0,0.001,2574.0,pacing,,False,False,285,summer
2026-09-22,cloud_9,2027-07-05,1085.0,0.001,1265.0,pacing,,False,False,286,summer
2026-09-22,cloud_9,2027-07-06,1080.0,0.001,1241.0,pacing,,False,False,287,summer
2026-09-22,cloud_9,2027-07-07,1120.0,0.001,1287.0,pacing,,False,False,288,summer
2026-09-22,cloud_9,2027-07-08,1445.0,0.001,1665.0,pacing,,False,False,289,summer
2026-09-22,cloud_9,2027-07-09,2155.0,0.001,2379.0,pacing,,False,False,290,summer
2026-09-22,cloud_9,2027-07-10,2235.0,0.001,2449.0,pacing,,False,False,291,summer
2026-09-22,cloud_9,2027-07-11,1450.0,0.001,1613.0,pacing,,False,False,292,summer
2026-09-22,cloud_9,2027-07-12,1420.0,0.001,1541.0,pacing,,False,False,293,summer
2026-09-22,cloud_9,2027-07-13,1380.0,0.001,1295.0,pacing,,False,False,294,summer
2026-09-22,cloud_9,2027-07-14,1390.0,0.001,1335.0,pacing,,False,False,295,summer
2026-09-22,cloud_9,2027-07-15,1445.0,0.001,1618.0,pacing,,False,False,296,summer
2026-09-22,cloud_9,2027-07-16,1905.0,0.001,2062.0,pacing,,False,False,297,summer
2026-09-22,cloud_9,2027-07-17,2025.0,0.001,2197.0,pacing,,False,False,298,summer
2026-09-22,cloud_9,2027-07-18,1690.0,0.001,1805.0,pacing,,False,False,299,summer
2026-09-22,cloud_9,2027-07-19,1420.0,0.001,1605.0,pacing,,False,False,300,summer
2026-09-22,cloud_9,2027-07-20,1395.0,0.001,1562.0,pacing,,False,False,301,summer
2026-09-22,cloud_9,2027-07-21,1355.0,0.001,1365.0,pacing,,False,False,302,summer
2026-09-22,cloud_9,2027-07-22,1360.0,0.001,1552.0,pacing,,False,False,303,summer
2026-09-22,cloud_9,2027-07-23,1750.0,0.001,1952.0,pacing,,False,False,304,summer
2026-09-22,cloud_9,2027-07-24,1795.0,0.001,2051.0,pacing,,False,False,305,summer
2026-09-22,cloud_9,2027-07-25,1495.0,0.001,1751.0,pacing,,False,False,306,summer
2026-09-22,cloud_9,2027-07-26,1265.0,0.001,1476.0,pacing,,False,False,307,summer
2026-09-22,cloud_9,2027-07-27,1260.0,0.001,1476.0,pacing,,False,False,308,summer
2026-09-22,cloud_9,2027-07-28,1245.0,0.001,1476.0,pacing,,False,False,309,summer
2026-09-22,cloud_9,2027-07-29,1440.0,0.001,1679.0,pacing,,False,False,310,summer
2026-09-22,cloud_9,2027-07-30,1795.0,0.001,2024.0,pacing,,False,False,311,summer
2026-09-22,cloud_9,2027-07-31,1590.0,0.001,1803.0,pacing,,False,False,312,summer
2026-09-22,cloud_9,2027-08-01,1230.0,0.001,1449.0,pacing,,False,False,313,summer
2026-09-22,cloud_9,2027-08-02,1040.0,0.001,1224.0,pacing,,False,False,314,summer
2026-09-22,cloud_9,2027-08-03,965.0,0.0020898453134363254,1134.0,pacing,,False,False,315,summer
2026-09-22,cloud_9,2027-08-04,955.0,0.0027647633489788176,1123.0,pacing,,False,False,316,summer
2026-09-22,cloud_9,2027-08-05,1135.0,0.001,1334.0,pacing,,False,False,317,summer
2026-09-22,cloud_9,2027-08-06,1340.0,0.003765417162309029,1572.0,pacing,,False,False,318,summer
2026-09-22,cloud_9,2027-08-07,1280.0,0.0065139306615432935,1514.0,pacing,,False,False,319,summer
2026-09-22,cloud_9,2027-08-08,995.0,0.001,1176.0,pacing,,False,False,320,summer
2026-09-22,cloud_9,2027-08-09,910.0,0.005631635549913704,1088.0,pacing,,False,False,321,summer
2026-09-22,cloud_9,2027-08-10,885.0,0.007104988071115347,1212.0,pacing,,False,False,322,summer
2026-09-22,cloud_9,2027-08-11,875.0,0.007714320313025355,1045.0,pacing,,False,False,323,summer
2026-09-22,cloud_9,2027-08-12,1010.0,0.001,1204.0,pacing,,False,False,324,summer
2026-09-22,cloud_9,2027-08-13,1160.0,0.011709274402462845,1375.0,pacing,,False,False,325,summer
2026-09-22,cloud_9,2027-08-14,1090.0,0.014678268331866537,1294.0,pacing,,False,False,326,summer
2026-09-22,cloud_9,2027-08-15,880.0,0.007535517344075434,1041.0,pacing,,False,False,327,summer
2026-09-22,cloud_9,2027-08-16,795.0,0.012322121905725307,1074.0,pacing,,False,False,328,summer
2026-09-22,cloud_9,2027-08-17,880.0,0.007604899416705186,1048.0,pacing,,False,False,329,summer
2026-09-22,cloud_9,2027-08-18,870.0,0.00819218401439212,887.0,pacing,,False,False,330,summer
2026-09-22,cloud_9,2027-08-19,910.0,0.006010858888714367,1073.0,pacing,,False,False,331,summer
2026-09-22,cloud_9,2027-08-20,1145.0,0.012416789814106636,1350.0,pacing,,False,False,332,summer
2026-09-22,cloud_9,2027-08-21,1130.0,0.013109476830342113,1334.0,pacing,,False,False,333,summer
2026-09-22,cloud_9,2027-08-22,890.0,0.007152060162283945,1074.0,pacing,,False,False,334,summer
2026-09-22,cloud_9,2027-08-23,850.0,0.00937979201651071,850.0,pacing,,False,False,335,summer
2026-09-22,cloud_9,2027-08-24,845.0,0.00967422351040245,850.0,pacing,,False,False,336,summer
2026-09-22,cloud_9,2027-08-25,855.0,0.009145414806099648,1007.0,pacing,,False,False,337,summer
2026-09-22,cloud_9,2027-08-26,865.0,0.008619296256717405,1017.0,pacing,,False,False,338,summer
2026-09-22,cloud_9,2027-08-27,1055.0,0.016214183185255034,1239.0,pacing,,False,False,339,summer
2026-09-22,cloud_9,2027-08-28,1030.0,0.017174187575359455,1213.0,pacing,,False,False,340,summer
2026-09-22,cloud_9,2027-08-29,795.0,0.012423553919507533,907.0,pacing,,False,False,341,summer
2026-09-22,cloud_9,2027-08-30,770.0,0.013771869663175495,850.0,pacing,,False,False,342,summer
2026-09-22,cloud_9,2027-08-31,770.0,0.013750160931147127,850.0,pacing,,False,False,343,summer
2026-09-22,cloud_9,2027-09-01,770.0,0.013726196333817612,850.0,pacing,,False,False,344,summer
2026-09-22,cloud_9,2027-09-02,795.0,0.012366337759871657,938.0,pacing,,False,False,345,summer
2026-09-22,cloud_9,2027-09-03,1295.0,0.006546580165930329,1495.0,pacing,,False,False,346,summer
2026-09-22,cloud_9,2027-09-04,1295.0,0.006630607945834204,1495.0,pacing,,False,False,347,summer
2026-09-22,cloud_9,2027-09-05,1240.0,0.001,1435.0,pacing,,False,False,348,summer
2026-09-22,cloud_9,2027-09-06,770.0,0.013742164721274278,850.0,pacing,,False,False,349,summer
2026-09-22,cloud_9,2027-09-07,785.0,0.012924648336905762,870.0,pacing,,False,False,350,summer
2026-09-22,cloud_9,2027-09-08,785.0,0.012911485392060619,850.0,pacing,,False,False,351,summer
2026-09-22,cloud_9,2027-09-09,835.0,0.010268258085241795,961.0,pacing,,False,False,352,summer
2026-09-22,cloud_9,2027-09-10,970.0,0.019452869188609972,1122.0,pacing,,False,False,353,summer
2026-09-22,cloud_9,2027-09-11,930.0,0.02091110824016209,1075.0,pacing,,False,False,354,summer
2026-09-22,cloud_9,2027-09-12,795.0,0.012371819713055524,892.0,pacing,,False,False,355,summer
2026-09-22,cloud_9,2027-09-13,785.0,0.012891755096843635,862.0,pacing,,False,False,356,summer
2026-09-22,cloud_9,2027-09-14,780.0,0.013136614762702576,860.0,pacing,,False,False,357,summer
2026-09-22,cloud_9,2027-09-15,785.0,0.012859569853359853,861.0,pacing,,False,False,358,summer
2026-09-22,cloud_9,2027-09-16,845.0,0.001,970.0,pacing,,False,False,359,shoulder_fall
2026-09-22,cloud_9,2027-09-17,965.0,0.005087163176608825,1092.0,pacing,,False,False,360,shoulder_fall
2026-09-22,cloud_9,2027-09-18,895.0,0.009558686478341925,1063.0,pacing,,False,False,361,shoulder_fall
2026-09-22,cloud_9,2027-09-19,760.0,0.001,856.0,pacing,,False,False,362,shoulder_fall
2026-09-22,cloud_9,2027-09-20,750.0,0.001,850.0,pacing,,False,False,363,shoulder_fall
2026-09-22,cloud_9,2027-09-21,890.0,0.001,850.0,pacing,,False,False,364,shoulder_fall
2026-09-22,cloud_9,2027-09-22,750.0,0.001,,none,,False,False,365,shoulder_fall
2026-09-23,summit_haus,2026-09-28,335.0,0.995,368.0,pacing,,False,True,5,shoulder_fall
2026-09-23,summit_haus,2026-09-29,335.0,0.9169163491875473,325.0,pacing,,False,True,6,shoulder_fall
2026-09-23,summit_haus,2026-09-30,340.0,0.8669191243259684,337.0,pacing,,False,False,7,shoulder_fall
2026-09-23,summit_haus,2026-10-01,360.0,0.634807767259081,386.0,pacing,,False,False,8,shoulder_fall
2026-09-23,summit_haus,2026-10-12,405.0,0.014833148661751854,399.0,pacing,,False,False,19,shoulder_fall
2026-09-23,summit_haus,2026-10-13,405.0,0.014807973168562144,390.0,pacing,,False,False,20,shoulder_fall
2026-09-23,summit_haus,2026-10-14,425.0,0.013595663333571793,424.0,pacing,,False,False,21,shoulder_fall
2026-09-23,summit_haus,2026-10-15,435.0,0.012970468163573872,438.0,pacing,,False,False,22,shoulder_fall
2026-09-23,summit_haus,2026-10-20,335.0,0.025273952426945252,376.0,pacing,,False,False,27,shoulder_fall
2026-09-23,summit_haus,2026-10-21,335.0,0.026825198858888157,374.0,pacing,,False,False,28,shoulder_fall
2026-09-23,summit_haus,2026-10-26,405.0,0.024633167996370428,386.0,pacing,,False,False,33,shoulder_fall
2026-09-23,summit_haus,2026-10-27,405.0,0.024579756794813296,392.0,pacing,,False,False,34,shoulder_fall
2026-09-23,summit_haus,2026-10-28,410.0,0.0240404686524651,394.0,pacing,,False,False,35,shoulder_fall
2026-09-23,summit_haus,2026-10-29,420.0,0.023021519263479062,409.0,pacing,,False,False,36,shoulder_fall
2026-09-23,summit_haus,2026-11-02,365.0,0.02824238761961103,338.0,pacing,,False,False,40,shoulder_fall
2026-09-23,summit_haus,2026-11-03,365.0,0.02816452497055662,341.0,pacing,,False,False,41,shoulder_fall
2026-09-23,summit_haus,2026-11-04,370.0,0.027609270210032337,347.0,pacing,,False,False,42,shoulder_fall
2026-09-23,summit_haus,2026-11-05,395.0,0.02515265680107541,379.0,pacing,,False,False,43,shoulder_fall
2026-09-23,summit_haus,2026-11-08,390.0,0.025566715151578264,374.0,pacing,,False,False,46,shoulder_fall
2026-09-23,summit_haus,2026-11-09,360.0,0.028342502891044546,334.0,pacing,,False,False,47,shoulder_fall
2026-09-23,summit_haus,2026-11-10,390.0,0.02543404423274151,363.0,pacing,,False,False,48,shoulder_fall
2026-09-23,summit_haus,2026-11-11,395.0,0.02490040824196573,371.0,pacing,,False,False,49,shoulder_fall
2026-09-23,summit_haus,2026-11-12,410.0,0.023434051216025886,401.0,pacing,,False,False,50,shoulder_fall
2026-09-23,summit_haus,2026-11-13,490.0,0.9044548443141601,500.0,pacing,,False,False,51,shoulder_fall
2026-09-23,summit_haus,2026-11-14,490.0,0.8490292761275965,500.0,pacing,,False,False,52,shoulder_fall
2026-09-23,summit_haus,2026-11-15,395.0,0.02478371740631205,373.0,pacing,,False,False,53,shoulder_fall
2026-09-23,summit_haus,2026-11-16,365.0,0.027517387576028198,334.0,pacing,,False,False,54,shoulder_fall
2026-09-23,summit_haus,2026-11-17,415.0,0.04153145195459212,347.0,pacing,,False,False,55,shoulder_fall
2026-09-23,summit_haus,2026-11-23,680.0,0.0021376982105634013,699.0,pacing,,False,False,61,early_winter
2026-09-23,summit_haus,2026-11-24,780.0,0.001,814.0,pacing,,False,False,62,early_winter
2026-09-23,summit_haus,2026-11-25,980.0,0.001,1038.0,pacing,,False,False,63,early_winter
2026-09-23,summit_haus,2026-11-26,1025.0,0.001,1085.0,pacing,,False,False,64,early_winter
2026-09-23,summit_haus,2026-11-27,1070.0,0.001,1131.0,pacing,,False,False,65,early_winter
2026-09-23,summit_haus,2026-11-28,910.0,0.023312373485698604,1067.0,pacing,,False,False,66,early_winter
2026-09-23,summit_haus,2026-12-03,570.0,0.049421306547378155,614.0,pacing,,False,False,71,early_winter
2026-09-23,summit_haus,2026-12-04,720.0,0.12508580387685292,794.0,pacing,,False,False,72,early_winter
2026-09-23,summit_haus,2026-12-05,710.0,0.07414748890304416,758.0,pacing,,False,False,73,early_winter
2026-09-23,summit_haus,2026-12-06,610.0,0.040456752607156206,645.0,pacing,,False,False,74,early_winter
2026-09-23,summit_haus,2026-12-07,575.0,0.04842914920696507,611.0,pacing,,False,False,75,early_winter
2026-09-23,summit_haus,2026-12-08,550.0,0.053894043578253024,593.0,pacing,,False,False,76,early_winter
2026-09-23,summit_haus,2026-12-09,555.0,0.052689767318467494,602.0,pacing,,False,False,77,early_winter
2026-09-23,summit_haus,2026-12-10,650.0,0.03231780221116426,777.0,pacing,,False,False,78,early_winter
2026-09-23,summit_haus,2026-12-11,895.0,0.07124408810526912,1041.0,pacing,,False,False,79,early_winter
2026-09-23,summit_haus,2026-12-12,1000.0,0.04479508383598032,1142.0,pacing,,False,False,80,early_winter
2026-09-23,summit_haus,2026-12-13,705.0,0.021186631477040647,799.0,pacing,,False,False,81,early_winter
2026-09-23,summit_haus,2026-12-14,645.0,0.034397639216342764,731.0,pacing,,False,False,82,early_winter
2026-09-23,summit_haus,2026-12-15,680.0,0.0056097765363128495,776.0,pacing,,False,False,83,peak_ski
2026-09-23,summit_haus,2026-12-16,740.0,0.004541314521984799,854.0,pacing,,False,False,84,peak_ski
2026-09-23,summit_haus,2026-12-17,945.0,0.001,1078.0,pacing,,False,False,85,peak_ski
2026-09-23,summit_haus,2026-12-18,1455.0,0.001,1609.0,pacing,,False,False,86,peak_ski
2026-09-23,summit_haus,2026-12-19,2075.0,0.001,2242.0,pacing,,False,False,87,peak_ski
2026-09-23,summit_haus,2026-12-20,2325.0,0.001,2519.0,pacing,,False,False,88,peak_ski
2026-09-23,summit_haus,2026-12-21,2645.0,0.001,2697.0,pacing,,False,False,89,peak_ski
2026-09-23,summit_haus,2026-12-22,2675.0,0.001,2724.0,pacing,,False,False,90,peak_ski
2026-09-23,summit_haus,2026-12-23,2695.0,0.001,2871.0,pacing,,False,False,91,peak_ski
2026-09-23,summit_haus,2026-12-24,2805.0,0.001,2970.0,pacing,,False,False,92,peak_ski
2026-09-23,summit_haus,2026-12-25,2875.0,0.001,2964.0,pacing,,False,False,93,peak_ski
2026-09-23,summit_haus,2026-12-26,2890.0,0.001,2986.0,pacing,,False,False,94,peak_ski
2026-09-23,summit_haus,2027-01-02,3435.0,0.001,3428.0,pacing,,False,False,101,peak_ski
2026-09-23,summit_haus,2027-01-03,1790.0,0.0873566836049055,1883.0,pacing,,False,False,102,peak_ski
2026-09-23,summit_haus,2027-01-04,1865.0,0.0821441911531247,1709.0,pacing,,False,False,103,peak_ski
2026-09-23,summit_haus,2027-01-05,1780.0,0.09930558957726962,1259.0,pacing,,False,False,104,peak_ski
2026-09-23,summit_haus,2027-01-06,1435.0,0.14704707434225922,1222.0,pacing,,False,False,105,peak_ski
2026-09-23,summit_haus,2027-01-07,1135.0,0.001,1262.0,pacing,,False,False,106,peak_ski
2026-09-23,summit_haus,2027-01-08,1505.0,0.001,1653.0,pacing,,False,False,107,peak_ski
2026-09-23,summit_haus,2027-01-09,1350.0,0.001943555052080559,1530.0,pacing,,False,False,108,peak_ski
2026-09-23,summit_haus,2027-01-10,1240.0,0.001,1403.0,pacing,,False,False,109,peak_ski
2026-09-23,summit_haus,2027-01-11,925.0,0.0013967855084049518,1068.0,pacing,,False,False,110,peak_ski
2026-09-23,summit_haus,2027-01-12,1150.0,0.18292733958750146,1002.0,pacing,,False,False,111,peak_ski
2026-09-23,summit_haus,2027-01-13,1460.0,0.13511658205178376,1291.0,pacing,,False,False,112,peak_ski
2026-09-23,summit_haus,2027-01-14,1420.0,0.001,1647.0,pacing,,False,False,113,peak_ski
2026-09-23,summit_haus,2027-01-15,1855.0,0.001,2429.0,pacing,,False,False,114,peak_ski
2026-09-23,summit_haus,2027-01-16,1855.0,0.001,2353.0,pacing,,False,False,115,peak_ski
2026-09-23,summit_haus,2027-01-17,1855.0,0.001,2277.0,pacing,,False,False,116,peak_ski
2026-09-23,summit_haus,2027-01-18,1075.0,0.001,1245.0,pacing,,False,False,117,peak_ski
2026-09-23,summit_haus,2027-01-19,1330.0,0.14894412266122525,1133.0,pacing,,False,False,118,peak_ski
2026-09-23,summit_haus,2027-01-20,1305.0,0.14817533899417432,1154.0,pacing,,False,False,119,peak_ski
2026-09-23,summit_haus,2027-01-21,1285.0,0.001,1467.0,pacing,,False,False,120,peak_ski
2026-09-23,summit_haus,2027-01-22,1855.0,0.001,2165.0,pacing,,False,False,121,peak_ski
2026-09-23,summit_haus,2027-01-23,1855.0,0.021816444174757265,2237.0,pacing,,False,False,122,peak_ski
2026-09-23,summit_haus,2027-01-24,1420.0,0.001,1637.0,pacing,,False,False,123,peak_ski
2026-09-23,summit_haus,2027-01-25,1375.0,0.001,1583.0,pacing,,False,False,124,peak_ski
2026-09-23,summit_haus,2027-01-26,1410.0,0.001,1640.0,pacing,,False,False,125,peak_ski
2026-09-23,summit_haus,2027-01-27,1445.0,0.001,1658.0,pacing,,False,False,126,peak_ski
2026-09-23,summit_haus,2027-02-02,1115.0,0.001,1282.0,pacing,,False,False,132,peak_ski
2026-09-23,summit_haus,2027-02-03,1160.0,0.001,1336.0,pacing,,False,False,133,peak_ski
2026-09-23,summit_haus,2027-02-04,1795.0,0.001,1994.0,pacing,,False,False,134,peak_ski
2026-09-23,summit_haus,2027-02-05,1855.0,0.001,2714.0,pacing,,False,False,135,peak_ski
2026-09-23,summit_haus,2027-02-06,1855.0,0.001,2835.0,pacing,,False,False,136,peak_ski
2026-09-23,summit_haus,2027-02-07,1800.0,0.001,2034.0,pacing,,False,False,137,peak_ski
2026-09-23,summit_haus,2027-02-08,1785.0,0.001,2013.0,pacing,,False,False,138,peak_ski
2026-09-23,summit_haus,2027-02-09,1785.0,0.001,2000.0,pacing,,False,False,139,peak_ski
2026-09-23,summit_haus,2027-02-10,1795.0,0.001,2037.0,pacing,,False,False,140,peak_ski
2026-09-23,summit_haus,2027-02-11,1855.0,0.001,2479.0,pacing,,False,False,141,peak_ski
2026-09-23,summit_haus,2027-02-12,1855.0,0.001,3795.0,pacing,,False,False,142,peak_ski
2026-09-23,summit_haus,2027-02-13,1855.0,0.001,3747.0,pacing,,False,False,143,peak_ski
2026-09-23,summit_haus,2027-02-14,1855.0,0.001,3726.0,pacing,,False,False,144,peak_ski
2026-09-23,summit_haus,2027-02-15,1855.0,0.001,2225.0,pacing,,False,False,145,peak_ski
2026-09-23,summit_haus,2027-02-16,1855.0,0.001,2062.0,pacing,,False,False,146,peak_ski
2026-09-23,summit_haus,2027-02-17,1855.0,0.001,2076.0,pacing,,False,False,147,peak_ski
2026-09-23,summit_haus,2027-02-18,1855.0,0.001,2465.0,pacing,,False,False,148,peak_ski
2026-09-23,summit_haus,2027-02-19,1855.0,0.0010627122524596068,3280.0,pacing,,False,False,149,peak_ski
2026-09-23,summit_haus,2027-02-20,1855.0,0.0014725333627614017,3096.0,pacing,,False,False,150,peak_ski
2026-09-23,summit_haus,2027-02-21,1855.0,0.001,2175.0,pacing,,False,False,151,peak_ski
2026-09-23,summit_haus,2027-02-22,1550.0,0.001,1774.0,pacing,,False,False,152,peak_ski
2026-09-23,summit_haus,2027-02-23,1380.0,0.001,1615.0,pacing,,False,False,153,peak_ski
2026-09-23,summit_haus,2027-02-24,1475.0,0.001,1702.0,pacing,,False,False,154,peak_ski
2026-09-23,summit_haus,2027-02-25,1855.0,0.001,2423.0,pacing,,False,False,155,peak_ski
2026-09-23,summit_haus,2027-02-26,1855.0,0.0018299064941398788,2943.0,pacing,,False,False,156,peak_ski
2026-09-23,summit_haus,2027-02-27,1855.0,0.00215589436075987,2953.0,pacing,,False,False,157,peak_ski
2026-09-23,summit_haus,2027-02-28,1810.0,0.001,2000.0,pacing,,False,False,158,peak_ski
2026-09-23,summit_haus,2027-03-01,1385.0,0.001,1621.0,pacing,,False,False,159,peak_ski
2026-09-23,summit_haus,2027-03-02,1385.0,0.001,1631.0,pacing,,False,False,160,peak_ski
2026-09-23,summit_haus,2027-03-03,1400.0,0.001,1648.0,pacing,,False,False,161,peak_ski
2026-09-23,summit_haus,2027-03-04,1780.0,0.001,2022.0,pacing,,False,False,162,peak_ski
2026-09-23,summit_haus,2027-03-05,1855.0,0.002451165045549243,2630.0,pacing,,False,False,163,peak_ski
2026-09-23,summit_haus,2027-03-06,1855.0,0.0026803988274805104,2867.0,pacing,,False,False,164,peak_ski
2026-09-23,summit_haus,2027-03-07,1855.0,0.001,2450.0,pacing,,False,False,165,peak_ski
2026-09-23,summit_haus,2027-03-08,1855.0,0.001,2328.0,pacing,,False,False,166,peak_ski
2026-09-23,summit_haus,2027-03-09,1855.0,0.001,2259.0,pacing,,False,False,167,peak_ski
2026-09-23,summit_haus,2027-03-10,1855.0,0.001,2292.0,pacing,,False,False,168,peak_ski
2026-09-23,summit_haus,2027-03-11,1855.0,0.001,2457.0,pacing,,False,False,169,peak_ski
2026-09-23,summit_haus,2027-03-12,1855.0,0.002929874514560713,2895.0,pacing,,False,False,170,peak_ski
2026-09-23,summit_haus,2027-03-13,1855.0,0.0031745855513412346,2951.0,pacing,,False,False,171,peak_ski
2026-09-23,summit_haus,2027-03-14,1855.0,0.001,2974.0,pacing,,False,False,172,peak_ski
2026-09-23,summit_haus,2027-03-15,1855.0,0.001,2857.0,pacing,,False,False,173,peak_ski
2026-09-23,summit_haus,2027-03-16,1855.0,0.001,2862.0,pacing,,False,False,174,peak_ski
2026-09-23,summit_haus,2027-03-17,1855.0,0.001,2865.0,pacing,,False,False,175,peak_ski
2026-09-23,summit_haus,2027-03-18,1855.0,0.001,2862.0,pacing,,False,False,176,peak_ski
2026-09-23,summit_haus,2027-03-19,1855.0,0.0034129611644877563,2729.0,pacing,,False,False,177,peak_ski
2026-09-23,summit_haus,2027-03-20,1855.0,0.0036018507936730927,2596.0,pacing,,False,False,178,peak_ski
2026-09-23,summit_haus,2027-03-21,1580.0,0.001,1843.0,pacing,,False,False,179,peak_ski
2026-09-23,summit_haus,2027-03-22,1855.0,0.001,2137.0,pacing,,False,False,180,peak_ski
2026-09-23,summit_haus,2027-03-23,1850.0,0.001,2162.0,pacing,,False,False,181,peak_ski
2026-09-23,summit_haus,2027-03-24,1275.0,0.0026926402166005327,1358.0,pacing,,False,False,182,peak_ski
2026-09-23,summit_haus,2027-03-25,1355.0,0.0018644375704786975,1612.0,pacing,,False,False,183,peak_ski
2026-09-23,summit_haus,2027-03-26,1535.0,0.007375858866882059,1778.0,pacing,,False,False,184,peak_ski
2026-09-23,summit_haus,2027-03-27,1380.0,0.009133444912155245,1591.0,pacing,,False,False,185,peak_ski
2026-09-23,summit_haus,2027-03-28,1120.0,0.0044377743694817414,1295.0,pacing,,False,False,186,peak_ski
2026-09-23,summit_haus,2027-03-29,905.0,0.006772925846600928,1012.0,pacing,,False,False,187,peak_ski
2026-09-23,summit_haus,2027-03-30,905.0,0.006784640685491921,917.0,pacing,,False,False,188,peak_ski
2026-09-23,summit_haus,2027-03-31,905.0,0.006793989756143215,911.0,pacing,,False,False,189,peak_ski
2026-09-23,summit_haus,2027-04-01,890.0,0.001,1022.0,pacing,,False,False,190,shoulder_spring
2026-09-23,summit_haus,2027-04-02,910.0,0.007532053398745226,1063.0,pacing,,False,False,191,shoulder_spring
2026-09-23,summit_haus,2027-04-03,850.0,0.010614737132283503,980.0,pacing,,False,False,192,shoulder_spring
2026-09-23,summit_haus,2027-04-04,680.0,0.0017000461126463345,788.0,pacing,,False,False,193,shoulder_spring
2026-09-23,summit_haus,2027-04-05,575.0,0.005775691701789601,633.0,pacing,,False,False,194,shoulder_spring
2026-09-23,summit_haus,2027-04-06,535.0,0.007302865799362722,588.0,pacing,,False,False,195,shoulder_spring
2026-09-23,summit_haus,2027-04-07,545.0,0.006922227913929672,599.0,pacing,,False,False,196,shoulder_spring
2026-09-23,summit_haus,2027-04-08,595.0,0.00505012286625929,664.0,pacing,,False,False,197,shoulder_spring
2026-09-23,summit_haus,2027-04-09,620.0,0.021652015105553153,705.0,pacing,,False,False,198,shoulder_spring
2026-09-23,summit_haus,2027-04-10,620.0,0.02142762631880834,681.0,pacing,,False,False,199,shoulder_spring
2026-09-23,summit_haus,2027-04-11,545.0,0.00692885355345074,599.0,pacing,,False,False,200,shoulder_spring
2026-09-23,summit_haus,2027-04-12,520.0,0.007850858566691207,563.0,pacing,,False,False,201,shoulder_spring
2026-09-23,summit_haus,2027-04-13,495.0,0.008778522207644985,531.0,pacing,,False,False,202,shoulder_spring
2026-09-23,summit_haus,2027-04-14,505.0,0.00843177340026238,541.0,pacing,,False,False,203,shoulder_spring
2026-09-23,summit_haus,2027-04-15,525.0,0.007719513761075203,575.0,pacing,,False,False,204,shoulder_spring
2026-09-23,summit_haus,2027-04-16,615.0,0.02143130913390812,641.0,pacing,,False,False,205,shoulder_spring
2026-09-23,summit_haus,2027-04-17,600.0,0.021887163569861628,617.0,pacing,,False,False,206,shoulder_spring
2026-09-23,summit_haus,2027-04-18,525.0,0.007745300420215388,563.0,pacing,,False,False,207,shoulder_spring
2026-09-23,summit_haus,2027-04-19,480.0,0.009418299840518304,504.0,pacing,,False,False,208,shoulder_spring
2026-09-23,summit_haus,2027-04-20,470.0,0.009801687346141001,489.0,pacing,,False,False,209,shoulder_spring
2026-09-23,summit_haus,2027-04-21,480.0,0.009451699260848597,500.0,pacing,,False,False,210,shoulder_spring
2026-09-23,summit_haus,2027-04-22,515.0,0.008190287422981115,551.0,pacing,,False,False,211,shoulder_spring
2026-09-23,summit_haus,2027-04-23,620.0,0.020731135918432952,639.0,pacing,,False,False,212,shoulder_spring
2026-09-23,summit_haus,2027-04-24,615.0,0.02073962783768491,623.0,pacing,,False,False,213,shoulder_spring
2026-09-23,summit_haus,2027-04-25,535.0,0.007482927588841255,575.0,pacing,,False,False,214,shoulder_spring
2026-09-23,summit_haus,2027-04-26,500.0,0.008783746389887331,529.0,pacing,,False,False,215,shoulder_spring
2026-09-23,summit_haus,2027-04-27,495.0,0.008984932419592667,528.0,pacing,,False,False,216,shoulder_spring
2026-09-23,summit_haus,2027-04-28,490.0,0.00918544123627491,517.0,pacing,,False,False,217,shoulder_spring
2026-09-23,summit_haus,2027-04-29,500.0,0.00883998344114827,528.0,pacing,,False,False,218,shoulder_spring
2026-09-23,summit_haus,2027-04-30,580.0,0.022077937135817436,579.0,pacing,,False,False,219,shoulder_spring
2026-09-23,summit_haus,2027-05-01,575.0,0.02205320340234924,566.0,pacing,,False,False,220,shoulder_spring
2026-09-23,summit_haus,2027-05-02,505.0,0.008677164571817978,531.0,pacing,,False,False,221,shoulder_spring
2026-09-23,summit_haus,2027-05-03,480.0,0.009602384801654816,499.0,pacing,,False,False,222,shoulder_spring
2026-09-23,summit_haus,2027-05-04,485.0,0.009436627004655973,512.0,pacing,,False,False,223,shoulder_spring
2026-09-23,summit_haus,2027-05-05,500.0,0.008909882387457766,527.0,pacing,,False,False,224,shoulder_spring
2026-09-23,summit_haus,2027-05-06,510.0,0.008566393140776665,546.0,pacing,,False,False,225,shoulder_spring
2026-09-23,summit_haus,2027-05-07,585.0,0.02137307433845998,594.0,pacing,,False,False,226,shoulder_spring
2026-09-23,summit_haus,2027-05-08,570.0,0.021789401752828008,579.0,pacing,,False,False,227,shoulder_spring
2026-09-23,summit_haus,2027-05-09,505.0,0.008766189668835118,536.0,pacing,,False,False,228,shoulder_spring
2026-09-23,summit_haus,2027-05-10,490.0,0.009325450308530945,522.0,pacing,,False,False,229,shoulder_spring
2026-09-23,summit_haus,2027-05-11,485.0,0.009521705830998824,518.0,pacing,,False,False,230,shoulder_spring
2026-09-23,summit_haus,2027-05-12,500.0,0.00899675265774101,538.0,pacing,,False,False,231,shoulder_spring
2026-09-23,summit_haus,2027-05-13,510.0,0.008654022373968773,556.0,pacing,,False,False,232,shoulder_spring
2026-09-23,summit_haus,2027-05-14,585.0,0.02091200928936662,594.0,pacing,,False,False,233,shoulder_spring
2026-09-23,summit_haus,2027-05-15,590.0,0.020479802513536302,599.0,pacing,,False,False,234,shoulder_spring
2026-09-23,summit_haus,2027-05-16,520.0,0.008312669570544712,555.0,pacing,,False,False,235,shoulder_spring
2026-09-23,summit_haus,2027-05-17,505.0,0.008870679128782892,538.0,pacing,,False,False,236,shoulder_spring
2026-09-23,summit_haus,2027-05-18,500.0,0.009066953003202411,530.0,pacing,,False,False,237,shoulder_spring
2026-09-23,summit_haus,2027-05-19,500.0,0.009082923649701159,538.0,pacing,,False,False,238,shoulder_spring
2026-09-23,summit_haus,2027-05-20,510.0,0.008741189194892899,544.0,pacing,,False,False,239,shoulder_spring
2026-09-23,summit_haus,2027-05-21,590.0,0.020268821346976988,597.0,pacing,,False,False,240,shoulder_spring
2026-09-23,summit_haus,2027-05-22,585.0,0.020267444202047326,592.0,pacing,,False,False,241,shoulder_spring
2026-09-23,summit_haus,2027-05-23,525.0,0.008222073743906252,561.0,pacing,,False,False,242,shoulder_spring
2026-09-23,summit_haus,2027-05-24,505.0,0.008955848660033376,537.0,pacing,,False,False,243,shoulder_spring
2026-09-23,summit_haus,2027-05-25,515.0,0.008615026909538057,554.0,pacing,,False,False,244,shoulder_spring
2026-09-23,summit_haus,2027-05-26,510.0,0.008810901509048695,546.0,pacing,,False,False,245,shoulder_spring
2026-09-23,summit_haus,2027-05-27,555.0,0.007224110587226749,603.0,pacing,,False,False,246,shoulder_spring
2026-09-23,summit_haus,2027-05-28,645.0,0.017592703191970753,747.0,pacing,,False,False,247,shoulder_spring
2026-09-23,summit_haus,2027-05-29,645.0,0.017459111415957417,750.0,pacing,,False,False,248,shoulder_spring
2026-09-23,summit_haus,2027-05-30,620.0,0.004933713389076736,719.0,pacing,,False,False,249,shoulder_spring
2026-09-23,summit_haus,2027-05-31,510.0,0.008882528971439716,557.0,pacing,,False,False,250,shoulder_spring
2026-09-23,summit_haus,2027-06-01,555.0,0.02078123578447656,595.0,pacing,,False,False,251,summer
2026-09-23,summit_haus,2027-06-02,545.0,0.0214252066784606,585.0,pacing,,False,False,252,summer
2026-09-23,summit_haus,2027-06-03,600.0,0.01773161563249019,647.0,pacing,,False,False,253,summer
2026-09-23,summit_haus,2027-06-04,725.0,0.02748779259811213,762.0,pacing,,False,False,254,summer
2026-09-23,summit_haus,2027-06-05,695.0,0.02889944962944542,770.0,pacing,,False,False,255,summer
2026-09-23,summit_haus,2027-06-06,620.0,0.01639959373621356,681.0,pacing,,False,False,256,summer
2026-09-23,summit_haus,2027-06-07,585.0,0.018714460204515875,734.0,pacing,,False,False,257,summer
2026-09-23,summit_haus,2027-06-08,570.0,0.019688069453184184,622.0,pacing,,False,False,258,summer
2026-09-23,summit_haus,2027-06-09,610.0,0.017047226505465807,665.0,pacing,,False,False,259,summer
2026-09-23,summit_haus,2027-06-10,745.0,0.0025841258205815463,865.0,pacing,,False,False,260,summer
2026-09-23,summit_haus,2027-06-11,840.0,0.01842183222425902,991.0,pacing,,False,False,261,summer
2026-09-23,summit_haus,2027-06-12,855.0,0.01749323124388875,996.0,pacing,,False,False,262,summer
2026-09-23,summit_haus,2027-06-20,940.0,0.001,1078.0,pacing,,False,False,270,summer
2026-09-23,summit_haus,2027-06-21,910.0,0.001,1020.0,pacing,,False,False,271,summer
2026-09-23,summit_haus,2027-06-22,810.0,0.001,1031.0,pacing,,False,False,272,summer
2026-09-23,summit_haus,2027-06-23,875.0,0.001,975.0,pacing,,False,False,273,summer
2026-09-23,summit_haus,2027-06-24,1080.0,0.001,1193.0,pacing,,False,False,274,summer
2026-09-23,summit_haus,2027-06-25,1315.0,0.001,1468.0,pacing,,False,False,275,summer
2026-09-23,summit_haus,2027-06-26,1250.0,0.001847911061123918,1380.0,pacing,,False,False,276,summer
2026-09-23,summit_haus,2027-06-27,1080.0,0.001,1188.0,pacing,,False,False,277,summer
2026-09-23,summit_haus,2027-06-28,965.0,0.001,1037.0,pacing,,False,False,278,summer
2026-09-23,summit_haus,2027-06-29,930.0,0.001,1014.0,pacing,,False,False,279,summer
2026-09-23,summit_haus,2027-06-30,1110.0,0.001,1202.0,pacing,,False,False,280,summer
2026-09-23,summit_haus,2027-07-01,1175.0,0.001,1280.0,pacing,,False,False,281,summer
2026-09-23,summit_haus,2027-07-02,1855.0,0.001,2039.0,pacing,,False,False,282,summer
2026-09-23,summit_haus,2027-07-03,1855.0,0.001,2084.0,pacing,,False,False,283,summer
2026-09-23,summit_haus,2027-07-04,1855.0,0.001,2010.0,pacing,,False,False,284,summer
2026-09-23,summit_haus,2027-07-05,970.0,0.001,1081.0,pacing,,False,False,285,summer
2026-09-23,summit_haus,2027-07-06,960.0,0.001,1055.0,pacing,,False,False,286,summer
2026-09-23,summit_haus,2027-07-07,1035.0,0.001,1139.0,pacing,,False,False,287,summer
2026-09-23,summit_haus,2027-07-08,1355.0,0.001,1484.0,pacing,,False,False,288,summer
2026-09-23,summit_haus,2027-07-09,1855.0,0.001,2054.0,pacing,,False,False,289,summer
2026-09-23,summit_haus,2027-07-10,1855.0,0.001,2122.0,pacing,,False,False,290,summer
2026-09-23,summit_haus,2027-07-11,1370.0,0.001,1464.0,pacing,,False,False,291,summer
2026-09-23,summit_haus,2027-07-12,1380.0,0.001,1450.0,pacing,,False,False,292,summer
2026-09-23,summit_haus,2027-07-13,1360.0,0.001,1428.0,pacing,,False,False,293,summer
2026-09-23,summit_haus,2027-07-14,1355.0,0.001,1444.0,pacing,,False,False,294,summer
2026-09-23,summit_haus,2027-07-15,1425.0,0.001,1523.0,pacing,,False,False,295,summer
2026-09-23,summit_haus,2027-07-16,1820.0,0.001,1911.0,pacing,,False,False,296,summer
2026-09-23,summit_haus,2027-07-17,1825.0,0.001,1968.0,pacing,,False,False,297,summer
2026-09-23,summit_haus,2027-07-18,1505.0,0.001,1631.0,pacing,,False,False,298,summer
2026-09-23,summit_haus,2027-07-19,1310.0,0.001,1445.0,pacing,,False,False,299,summer
2026-09-23,summit_haus,2027-07-20,1295.0,0.001,1427.0,pacing,,False,False,300,summer
2026-09-23,summit_haus,2027-07-21,1275.0,0.001,1235.0,pacing,,False,False,301,summer
2026-09-23,summit_haus,2027-07-22,1300.0,0.001,1441.0,pacing,,False,False,302,summer
2026-09-23,summit_haus,2027-07-23,1630.0,0.001,1788.0,pacing,,False,False,303,summer
2026-09-23,summit_haus,2027-07-24,1630.0,0.001,1815.0,pacing,,False,False,304,summer
2026-09-23,summit_haus,2027-07-25,1310.0,0.001,1486.0,pacing,,False,False,305,summer
2026-09-23,summit_haus,2027-07-26,1150.0,0.001,1284.0,pacing,,False,False,306,summer
2026-09-23,summit_haus,2027-07-27,1150.0,0.001,1284.0,pacing,,False,False,307,summer
2026-09-23,summit_haus,2027-07-28,1120.0,0.001,1269.0,pacing,,False,False,308,summer
2026-09-23,summit_haus,2027-07-29,1245.0,0.001,1400.0,pacing,,False,False,309,summer
2026-09-23,summit_haus,2027-07-30,1500.0,0.001,1676.0,pacing,,False,False,310,summer
2026-09-23,summit_haus,2027-07-31,1375.0,0.001921322837119745,1523.0,pacing,,False,False,311,summer
2026-09-23,summit_haus,2027-08-01,1050.0,0.001,1192.0,pacing,,False,False,312,summer
2026-09-23,summit_haus,2027-08-02,895.0,0.006061907395180804,1015.0,pacing,,False,False,313,summer
2026-09-23,summit_haus,2027-08-03,870.0,0.00760233215447936,991.0,pacing,,False,False,314,summer
2026-09-23,summit_haus,2027-08-04,865.0,0.007963678953209378,989.0,pacing,,False,False,315,summer
2026-09-23,summit_haus,2027-08-05,990.0,0.001,1134.0,pacing,,False,False,316,summer
2026-09-23,summit_haus,2027-08-06,1115.0,0.013424988740368638,1300.0,pacing,,False,False,317,summer
2026-09-23,summit_haus,2027-08-07,1085.0,0.014797727249844402,1260.0,pacing,,False,False,318,summer
2026-09-23,summit_haus,2027-08-08,845.0,0.00927402499786635,979.0,pacing,,False,False,319,summer
2026-09-23,summit_haus,2027-08-09,745.0,0.015031567449914896,872.0,pacing,,False,False,320,summer
2026-09-23,summit_haus,2027-08-10,730.0,0.015900204137845132,849.0,pacing,,False,False,321,summer
2026-09-23,summit_haus,2027-08-11,735.0,0.015627673041998896,850.0,pacing,,False,False,322,summer
2026-09-23,summit_haus,2027-08-12,810.0,0.011415032655557263,941.0,pacing,,False,False,323,summer
2026-09-23,summit_haus,2027-08-13,1025.0,0.017386457794461338,1202.0,pacing,,False,False,324,summer
2026-09-23,summit_haus,2027-08-14,1025.0,0.01738675826016315,1202.0,pacing,,False,False,325,summer
2026-09-23,summit_haus,2027-08-15,720.0,0.01650633237242536,905.0,pacing,,False,False,326,summer
2026-09-23,summit_haus,2027-08-16,720.0,0.016511287077569402,839.0,pacing,,False,False,327,summer
2026-09-23,summit_haus,2027-08-17,685.0,0.01845740536614172,801.0,pacing,,False,False,328,summer
2026-09-23,summit_haus,2027-08-18,680.0,0.0187277767240709,794.0,pacing,,False,False,329,summer
2026-09-23,summit_haus,2027-08-19,690.0,0.018165931635002294,802.0,pacing,,False,False,330,summer
2026-09-23,summit_haus,2027-08-20,1445.0,0.001,1694.0,pacing,,False,False,331,summer
2026-09-23,summit_haus,2027-08-21,1450.0,0.001,1698.0,pacing,,False,False,332,summer
2026-09-23,summit_haus,2027-08-22,685.0,0.018436710987963924,809.0,pacing,,False,False,333,summer
2026-09-23,summit_haus,2027-08-23,670.0,0.019252306648308445,783.0,pacing,,False,False,334,summer
2026-09-23,summit_haus,2027-08-24,665.0,0.01951192731747542,625.0,pacing,,False,False,335,summer
2026-09-23,summit_haus,2027-08-25,670.0,0.019221720207286106,735.0,pacing,,False,False,336,summer
2026-09-23,summit_haus,2027-08-26,665.0,0.01947553274856759,721.0,pacing,,False,False,337,summer
2026-09-23,summit_haus,2027-08-27,850.0,0.024517787899319972,995.0,pacing,,False,False,338,summer
2026-09-23,summit_haus,2027-08-28,860.0,0.024007115581131142,1008.0,pacing,,False,False,339,summer
2026-09-23,summit_haus,2027-08-29,655.0,0.01999727535678993,682.0,pacing,,False,False,340,summer
2026-09-23,summit_haus,2027-08-30,575.0,0.024286489880811224,590.0,pacing,,False,False,341,summer
2026-09-23,summit_haus,2027-08-31,555.0,0.025310279317353784,564.0,pacing,,False,False,342,summer
2026-09-23,summit_haus,2027-09-01,565.0,0.024718029600762075,569.0,pacing,,False,False,343,summer
2026-09-23,summit_haus,2027-09-02,645.0,0.020386721552215967,670.0,pacing,,False,False,344,summer
2026-09-23,summit_haus,2027-09-03,915.0,0.021704954538545793,1033.0,pacing,,False,False,345,summer
2026-09-23,summit_haus,2027-09-04,915.0,0.02165741235014903,1033.0,pacing,,False,False,346,summer
2026-09-23,summit_haus,2027-09-05,875.0,0.008097047086665117,990.0,pacing,,False,False,347,summer
2026-09-23,summit_haus,2027-09-06,560.0,0.0248852107063813,558.0,pacing,,False,False,348,summer
2026-09-23,summit_haus,2027-09-07,620.0,0.021655816095180868,624.0,pacing,,False,False,349,summer
2026-09-23,summit_haus,2027-09-08,620.0,0.0216169427357391,563.0,pacing,,False,False,350,summer
2026-09-23,summit_haus,2027-09-09,665.0,0.019211131559870954,669.0,pacing,,False,False,351,summer
2026-09-23,summit_haus,2027-09-10,715.0,0.029449839420752418,768.0,pacing,,False,False,352,summer
2026-09-23,summit_haus,2027-09-11,695.0,0.030061979170717595,753.0,pacing,,False,False,353,summer
2026-09-23,summit_haus,2027-09-12,630.0,0.021023960250846546,618.0,pacing,,False,False,354,summer
2026-09-23,summit_haus,2027-09-13,600.0,0.022562228476945827,610.0,pacing,,False,False,355,summer
2026-09-23,summit_haus,2027-09-14,595.0,0.022779499899665476,607.0,pacing,,False,False,356,summer
2026-09-23,summit_haus,2027-09-15,600.0,0.022475177884444128,607.0,pacing,,False,False,357,summer
2026-09-23,summit_haus,2027-09-16,620.0,0.00731324004349718,659.0,pacing,,False,False,358,shoulder_fall
2026-09-23,summit_haus,2027-09-17,690.0,0.022432691369961413,746.0,pacing,,False,False,359,shoulder_fall
2026-09-23,summit_haus,2027-09-18,645.0,0.02512600102184435,724.0,pacing,,False,False,360,shoulder_fall
2026-09-23,summit_haus,2027-09-19,560.0,0.01162019144901036,616.0,pacing,,False,False,361,shoulder_fall
2026-09-23,summit_haus,2027-09-20,505.0,0.015501170587090095,530.0,pacing,,False,False,362,shoulder_fall
2026-09-23,summit_haus,2027-09-21,500.0,0.01582953491619964,526.0,pacing,,False,False,363,shoulder_fall
2026-09-23,summit_haus,2027-09-22,510.0,0.015122965974467967,,none,,False,False,364,shoulder_fall
2026-09-23,summit_haus,2027-09-23,580.0,0.01025182520325658,,none,,False,False,365,shoulder_fall
2026-09-23,overlook_ridge,2026-09-28,336.0,0.995,368.0,pacing,,False,True,5,shoulder_fall
2026-09-23,overlook_ridge,2026-09-29,336.0,0.9146570376499407,325.0,pacing,,False,True,6,shoulder_fall
2026-09-23,overlook_ridge,2026-09-30,336.0,0.8757242503775415,337.0,pacing,,False,False,7,shoulder_fall
2026-09-23,overlook_ridge,2026-10-05,355.0,0.014568156424581005,469.0,pacing,,False,False,12,shoulder_fall
2026-09-23,overlook_ridge,2026-10-06,350.0,0.014828085208411978,466.0,pacing,,False,False,13,shoulder_fall
2026-09-23,overlook_ridge,2026-10-07,340.0,0.015334018384528731,426.0,pacing,,False,False,14,shoulder_fall
2026-09-23,overlook_ridge,2026-10-12,425.0,0.01363614845057465,421.0,pacing,,False,False,19,shoulder_fall
2026-09-23,overlook_ridge,2026-10-13,430.0,0.01331773751261048,411.0,pacing,,False,False,20,shoulder_fall
2026-09-23,overlook_ridge,2026-10-14,370.0,0.016861017532113796,446.0,pacing,,False,False,21,shoulder_fall
2026-09-23,overlook_ridge,2026-10-15,380.0,0.016229587388553367,461.0,pacing,,False,False,22,shoulder_fall
2026-09-23,overlook_ridge,2026-10-16,495.0,0.9389185769041443,531.0,pacing,,False,False,23,shoulder_fall
2026-09-23,overlook_ridge,2026-10-17,495.0,0.943386860189082,527.0,pacing,,False,False,24,shoulder_fall
2026-09-23,overlook_ridge,2026-10-25,350.0,0.030053198279414557,393.0,pacing,,False,False,32,shoulder_fall
2026-09-23,overlook_ridge,2026-10-26,336.0,0.03138535621734972,360.0,pacing,,False,False,33,shoulder_fall
2026-09-23,overlook_ridge,2026-10-27,336.0,0.03130759577069281,364.0,pacing,,False,False,34,shoulder_fall
2026-09-23,overlook_ridge,2026-10-28,336.0,0.03122995544192114,366.0,pacing,,False,False,35,shoulder_fall
2026-09-23,overlook_ridge,2026-10-29,370.0,0.027861833868222014,380.0,pacing,,False,False,36,shoulder_fall
2026-09-23,overlook_ridge,2026-10-30,495.0,0.9486977502230723,500.0,pacing,,False,False,37,shoulder_fall
2026-09-23,overlook_ridge,2026-10-31,495.0,0.9190285875810223,500.0,pacing,,False,False,38,shoulder_fall
2026-09-23,overlook_ridge,2026-11-01,336.0,0.03108169513728823,324.0,pacing,,False,False,39,shoulder_fall
2026-09-23,overlook_ridge,2026-11-02,336.0,0.031032515676883338,315.0,pacing,,False,False,40,shoulder_fall
2026-09-23,overlook_ridge,2026-11-03,336.0,0.030945676592800238,318.0,pacing,,False,False,41,shoulder_fall
2026-09-23,overlook_ridge,2026-11-04,336.0,0.030859459664476084,323.0,pacing,,False,False,42,shoulder_fall
2026-09-23,overlook_ridge,2026-11-05,350.0,0.02944050314595403,352.0,pacing,,False,False,43,shoulder_fall
2026-09-23,overlook_ridge,2026-11-06,495.0,0.026586142388825545,500.0,pacing,,False,False,44,shoulder_fall
2026-09-23,overlook_ridge,2026-11-07,495.0,0.030402107156778175,500.0,pacing,,False,False,45,shoulder_fall
2026-09-23,overlook_ridge,2026-11-08,345.0,0.029840130911930027,348.0,pacing,,False,False,46,shoulder_fall
2026-09-23,overlook_ridge,2026-11-09,336.0,0.030614113809419356,311.0,pacing,,False,False,47,shoulder_fall
2026-09-23,overlook_ridge,2026-11-10,345.0,0.02967989920657149,337.0,pacing,,False,False,48,shoulder_fall
2026-09-23,overlook_ridge,2026-11-11,350.0,0.029132336866336202,345.0,pacing,,False,False,49,shoulder_fall
2026-09-23,overlook_ridge,2026-11-12,365.0,0.0276520060955102,373.0,pacing,,False,False,50,shoulder_fall
2026-09-23,overlook_ridge,2026-11-13,490.0,0.9044548443141601,500.0,pacing,,False,False,51,shoulder_fall
2026-09-23,overlook_ridge,2026-11-14,485.0,0.860018773309968,500.0,pacing,,False,False,52,shoulder_fall
2026-09-23,overlook_ridge,2026-11-15,350.0,0.028987359429271286,347.0,pacing,,False,False,53,shoulder_fall
2026-09-23,overlook_ridge,2026-11-16,336.0,0.030217492459012632,311.0,pacing,,False,False,54,shoulder_fall
2026-09-23,overlook_ridge,2026-11-17,360.0,0.05073024276862396,323.0,pacing,,False,False,55,shoulder_fall
2026-09-23,overlook_ridge,2026-11-18,375.0,0.04809764687868391,332.0,pacing,,False,False,56,shoulder_fall
2026-09-23,overlook_ridge,2026-11-19,375.0,0.026514972006736495,372.0,pacing,,False,False,57,shoulder_fall
2026-09-23,overlook_ridge,2026-11-23,600.0,0.009187147889063675,699.0,pacing,,False,False,61,early_winter
2026-09-23,overlook_ridge,2026-12-03,555.0,0.05283210231563992,614.0,pacing,,False,False,71,early_winter
2026-09-23,overlook_ridge,2026-12-04,695.0,0.1350915051311289,794.0,pacing,,False,False,72,early_winter
2026-09-23,overlook_ridge,2026-12-05,685.0,0.07917596640645812,758.0,pacing,,False,False,73,early_winter
2026-09-23,overlook_ridge,2026-12-06,590.0,0.044945158259380606,645.0,pacing,,False,False,74,early_winter
2026-09-23,overlook_ridge,2026-12-07,555.0,0.052856166012042495,611.0,pacing,,False,False,75,early_winter
2026-09-23,overlook_ridge,2026-12-08,530.0,0.058264767704687984,593.0,pacing,,False,False,76,early_winter
2026-09-23,overlook_ridge,2026-12-09,535.0,0.057007307946877285,602.0,pacing,,False,False,77,early_winter
2026-09-23,overlook_ridge,2026-12-10,655.0,0.031251456296755215,777.0,pacing,,False,False,78,early_winter
2026-09-23,overlook_ridge,2026-12-11,865.0,0.08378862241577834,1041.0,pacing,,False,False,79,early_winter
2026-09-23,overlook_ridge,2026-12-12,965.0,0.057883855901721015,1142.0,pacing,,False,False,80,early_winter
2026-09-23,overlook_ridge,2026-12-13,680.0,0.026442848101915356,799.0,pacing,,False,False,81,early_winter
2026-09-23,overlook_ridge,2026-12-14,650.0,0.03336267297752628,731.0,pacing,,False,False,82,early_winter
2026-09-23,overlook_ridge,2026-12-15,655.0,0.0060818435754189945,776.0,pacing,,False,False,83,peak_ski
2026-09-23,overlook_ridge,2026-12-16,710.0,0.005105180149471902,854.0,pacing,,False,False,84,peak_ski
2026-09-23,overlook_ridge,2026-12-17,915.0,0.0013374704410598426,1078.0,pacing,,False,False,85,peak_ski
2026-09-23,overlook_ridge,2026-12-18,1400.0,0.001,1609.0,pacing,,False,False,86,peak_ski
2026-09-23,overlook_ridge,2026-12-19,1990.0,0.001,2242.0,pacing,,False,False,87,peak_ski
2026-09-23,overlook_ridge,2026-12-20,2235.0,0.001,2519.0,pacing,,False,False,88,peak_ski
2026-09-23,overlook_ridge,2026-12-21,2545.0,0.001,2697.0,pacing,,False,False,89,peak_ski
2026-09-23,overlook_ridge,2026-12-22,2570.0,0.001,2724.0,pacing,,False,False,90,peak_ski
2026-09-23,overlook_ridge,2026-12-23,2595.0,0.001,2871.0,pacing,,False,False,91,peak_ski
2026-09-23,overlook_ridge,2026-12-24,2695.0,0.001,2970.0,pacing,,False,False,92,peak_ski
2026-09-23,overlook_ridge,2026-12-25,2765.0,0.001,2964.0,pacing,,False,False,93,peak_ski
2026-09-23,overlook_ridge,2026-12-26,2780.0,0.001,2986.0,pacing,,False,False,94,peak_ski
2026-09-23,overlook_ridge,2027-01-02,3305.0,0.001,3428.0,pacing,,False,False,101,peak_ski
2026-09-23,overlook_ridge,2027-01-03,1740.0,0.0947788975390155,1883.0,pacing,,False,False,102,peak_ski
2026-09-23,overlook_ridge,2027-01-04,1805.0,0.09095771536582532,1709.0,pacing,,False,False,103,peak_ski
2026-09-23,overlook_ridge,2027-01-05,1720.0,0.10805795791759099,1259.0,pacing,,False,False,104,peak_ski
2026-09-23,overlook_ridge,2027-01-06,1385.0,0.15418062575890526,1222.0,pacing,,False,False,105,peak_ski
2026-09-23,overlook_ridge,2027-01-07,1095.0,0.001,1262.0,pacing,,False,False,106,peak_ski
2026-09-23,overlook_ridge,2027-01-08,1445.0,0.001,1653.0,pacing,,False,False,107,peak_ski
2026-09-23,overlook_ridge,2027-01-09,1300.0,0.0027875033364538246,1530.0,pacing,,False,False,108,peak_ski
2026-09-23,overlook_ridge,2027-01-10,1195.0,0.001,1403.0,pacing,,False,False,109,peak_ski
2026-09-23,overlook_ridge,2027-01-11,905.0,0.0017655036595745743,1068.0,pacing,,False,False,110,peak_ski
2026-09-23,overlook_ridge,2027-01-12,1105.0,0.1891770772309719,1002.0,pacing,,False,False,111,peak_ski
2026-09-23,overlook_ridge,2027-01-13,1410.0,0.1419265742565302,1291.0,pacing,,False,False,112,peak_ski
2026-09-23,overlook_ridge,2027-01-14,1370.0,0.001,1647.0,pacing,,False,False,113,peak_ski
2026-09-23,overlook_ridge,2027-01-15,1855.0,0.001,2429.0,pacing,,False,False,114,peak_ski
2026-09-23,overlook_ridge,2027-01-16,1855.0,0.001,2353.0,pacing,,False,False,115,peak_ski
2026-09-23,overlook_ridge,2027-01-17,1855.0,0.001,2277.0,pacing,,False,False,116,peak_ski
2026-09-23,overlook_ridge,2027-01-18,1035.0,0.001,1245.0,pacing,,False,False,117,peak_ski
2026-09-23,overlook_ridge,2027-01-19,1285.0,0.15492533655614618,1133.0,pacing,,False,False,118,peak_ski
2026-09-23,overlook_ridge,2027-01-20,1260.0,0.1540269995107857,1154.0,pacing,,False,False,119,peak_ski
2026-09-23,overlook_ridge,2027-01-21,1240.0,0.001,1467.0,pacing,,False,False,120,peak_ski
2026-09-23,overlook_ridge,2027-01-22,1855.0,0.001,2165.0,pacing,,False,False,121,peak_ski
2026-09-23,overlook_ridge,2027-01-23,1855.0,0.021816444174757265,2237.0,pacing,,False,False,122,peak_ski
2026-09-23,overlook_ridge,2027-01-24,1370.0,0.001,1637.0,pacing,,False,False,123,peak_ski
2026-09-23,overlook_ridge,2027-01-25,1325.0,0.001,1583.0,pacing,,False,False,124,peak_ski
2026-09-23,overlook_ridge,2027-01-26,1360.0,0.001,1640.0,pacing,,False,False,125,peak_ski
2026-09-23,overlook_ridge,2027-01-27,1390.0,0.001,1658.0,pacing,,False,False,126,peak_ski
2026-09-23,overlook_ridge,2027-01-28,1505.0,0.001,1789.0,pacing,,False,False,127,peak_ski
2026-09-23,overlook_ridge,2027-01-29,1855.0,0.001,2555.0,pacing,,False,False,128,peak_ski
2026-09-23,overlook_ridge,2027-01-30,1855.0,0.001,2480.0,pacing,,False,False,129,peak_ski
2026-09-23,overlook_ridge,2027-01-31,1400.0,0.001,1642.0,pacing,,False,False,130,peak_ski
2026-09-23,overlook_ridge,2027-02-01,1080.0,0.001,1294.0,pacing,,False,False,131,peak_ski
2026-09-23,overlook_ridge,2027-02-02,1075.0,0.001,1282.0,pacing,,False,False,132,peak_ski
2026-09-23,overlook_ridge,2027-02-03,1115.0,0.001,1336.0,pacing,,False,False,133,peak_ski
2026-09-23,overlook_ridge,2027-02-04,1720.0,0.001,1994.0,pacing,,False,False,134,peak_ski
2026-09-23,overlook_ridge,2027-02-05,1855.0,0.001,2714.0,pacing,,False,False,135,peak_ski
2026-09-23,overlook_ridge,2027-02-06,1855.0,0.001,2835.0,pacing,,False,False,136,peak_ski
2026-09-23,overlook_ridge,2027-02-07,1730.0,0.001,2034.0,pacing,,False,False,137,peak_ski
2026-09-23,overlook_ridge,2027-02-08,1710.0,0.001,2013.0,pacing,,False,False,138,peak_ski
2026-09-23,overlook_ridge,2027-02-09,1710.0,0.001,2000.0,pacing,,False,False,139,peak_ski
2026-09-23,overlook_ridge,2027-02-10,1720.0,0.001,2037.0,pacing,,False,False,140,peak_ski
2026-09-23,overlook_ridge,2027-02-11,1855.0,0.001,2479.0,pacing,,False,False,141,peak_ski
2026-09-23,overlook_ridge,2027-02-12,1855.0,0.001,3795.0,pacing,,False,False,142,peak_ski
2026-09-23,overlook_ridge,2027-02-13,1855.0,0.001,3747.0,pacing,,False,False,143,peak_ski
2026-09-23,overlook_ridge,2027-02-14,1855.0,0.001,3726.0,pacing,,False,False,144,peak_ski
2026-09-23,overlook_ridge,2027-02-15,1855.0,0.001,2225.0,pacing,,False,False,145,peak_ski
2026-09-23,overlook_ridge,2027-02-16,1800.0,0.001,2062.0,pacing,,False,False,146,peak_ski
2026-09-23,overlook_ridge,2027-02-17,1780.0,0.001,2076.0,pacing,,False,False,147,peak_ski
2026-09-23,overlook_ridge,2027-02-18,1855.0,0.001,2465.0,pacing,,False,False,148,peak_ski
2026-09-23,overlook_ridge,2027-02-19,1855.0,0.0010627122524596068,3280.0,pacing,,False,False,149,peak_ski
2026-09-23,overlook_ridge,2027-02-20,1855.0,0.0014725333627614017,3096.0,pacing,,False,False,150,peak_ski
2026-09-23,overlook_ridge,2027-02-21,1855.0,0.001,2175.0,pacing,,False,False,151,peak_ski
2026-09-23,overlook_ridge,2027-02-22,1485.0,0.001,1774.0,pacing,,False,False,152,peak_ski
2026-09-23,overlook_ridge,2027-02-23,1330.0,0.001,1615.0,pacing,,False,False,153,peak_ski
2026-09-23,overlook_ridge,2027-02-24,1415.0,0.001,1702.0,pacing,,False,False,154,peak_ski
2026-09-23,overlook_ridge,2027-02-25,1855.0,0.001,2423.0,pacing,,False,False,155,peak_ski
2026-09-23,overlook_ridge,2027-02-26,1855.0,0.0018299064941398788,2943.0,pacing,,False,False,156,peak_ski
2026-09-23,overlook_ridge,2027-02-27,1855.0,0.00215589436075987,2953.0,pacing,,False,False,157,peak_ski
2026-09-23,overlook_ridge,2027-02-28,1740.0,0.001,2000.0,pacing,,False,False,158,peak_ski
2026-09-23,overlook_ridge,2027-03-01,1335.0,0.001,1621.0,pacing,,False,False,159,peak_ski
2026-09-23,overlook_ridge,2027-03-02,1335.0,0.001,1631.0,pacing,,False,False,160,peak_ski
2026-09-23,overlook_ridge,2027-03-03,1350.0,0.001,1648.0,pacing,,False,False,161,peak_ski
2026-09-23,overlook_ridge,2027-03-04,1705.0,0.001,2022.0,pacing,,False,False,162,peak_ski
2026-09-23,overlook_ridge,2027-03-05,1855.0,0.002451165045549243,2630.0,pacing,,False,False,163,peak_ski
2026-09-23,overlook_ridge,2027-03-06,1855.0,0.0026803988274805104,2867.0,pacing,,False,False,164,peak_ski
2026-09-23,overlook_ridge,2027-03-07,1855.0,0.001,2450.0,pacing,,False,False,165,peak_ski
2026-09-23,overlook_ridge,2027-03-08,1855.0,0.001,2328.0,pacing,,False,False,166,peak_ski
2026-09-23,overlook_ridge,2027-03-09,1855.0,0.001,2259.0,pacing,,False,False,167,peak_ski
2026-09-23,overlook_ridge,2027-03-10,1855.0,0.001,2292.0,pacing,,False,False,168,peak_ski
2026-09-23,overlook_ridge,2027-03-11,1855.0,0.001,2457.0,pacing,,False,False,169,peak_ski
2026-09-23,overlook_ridge,2027-03-12,1855.0,0.002929874514560713,2895.0,pacing,,False,False,170,peak_ski
2026-09-23,overlook_ridge,2027-03-13,1855.0,0.0031745855513412346,2951.0,pacing,,False,False,171,peak_ski
2026-09-23,overlook_ridge,2027-03-14,1855.0,0.001,2974.0,pacing,,False,False,172,peak_ski
2026-09-23,overlook_ridge,2027-03-15,1855.0,0.001,2857.0,pacing,,False,False,173,peak_ski
2026-09-23,overlook_ridge,2027-03-16,1855.0,0.001,2862.0,pacing,,False,False,174,peak_ski
2026-09-23,overlook_ridge,2027-03-17,1855.0,0.001,2865.0,pacing,,False,False,175,peak_ski
2026-09-23,overlook_ridge,2027-03-18,1855.0,0.001,2862.0,pacing,,False,False,176,peak_ski
2026-09-23,overlook_ridge,2027-03-19,1855.0,0.0034129611644877563,2729.0,pacing,,False,False,177,peak_ski
2026-09-23,overlook_ridge,2027-03-20,1855.0,0.0036018507936730927,2596.0,pacing,,False,False,178,peak_ski
2026-09-23,overlook_ridge,2027-03-21,1515.0,0.001,1843.0,pacing,,False,False,179,peak_ski
2026-09-23,overlook_ridge,2027-03-22,1835.0,0.001,2137.0,pacing,,False,False,180,peak_ski
2026-09-23,overlook_ridge,2027-03-23,1775.0,0.001,2162.0,pacing,,False,False,181,peak_ski
2026-09-23,overlook_ridge,2027-03-24,1230.0,0.0031799587971911036,1358.0,pacing,,False,False,182,peak_ski
2026-09-23,overlook_ridge,2027-03-25,1310.0,0.002350489459281988,1612.0,pacing,,False,False,183,peak_ski
2026-09-23,overlook_ridge,2027-03-26,1475.0,0.008050464735054656,1778.0,pacing,,False,False,184,peak_ski
2026-09-23,overlook_ridge,2027-03-27,1330.0,0.009689560156529251,1591.0,pacing,,False,False,185,peak_ski
2026-09-23,overlook_ridge,2027-03-28,1085.0,0.004814718920435438,1295.0,pacing,,False,False,186,peak_ski
2026-09-23,overlook_ridge,2027-03-29,905.0,0.006772925846600928,1012.0,pacing,,False,False,187,peak_ski
2026-09-23,overlook_ridge,2027-03-30,885.0,0.006999344758740718,917.0,pacing,,False,False,188,peak_ski
2026-09-23,overlook_ridge,2027-03-31,880.0,0.007062111586084011,911.0,pacing,,False,False,189,peak_ski
2026-09-23,overlook_ridge,2027-04-01,860.0,0.001,1022.0,pacing,,False,False,190,shoulder_spring
2026-09-23,overlook_ridge,2027-04-02,875.0,0.009258196141327418,1063.0,pacing,,False,False,191,shoulder_spring
2026-09-23,overlook_ridge,2027-04-03,820.0,0.012068416724605102,980.0,pacing,,False,False,192,shoulder_spring
2026-09-23,overlook_ridge,2027-04-04,655.0,0.002661137307722021,788.0,pacing,,False,False,193,shoulder_spring
2026-09-23,overlook_ridge,2027-04-05,555.0,0.006538583487776951,633.0,pacing,,False,False,194,shoulder_spring
2026-09-23,overlook_ridge,2027-04-06,520.0,0.007871304996099575,588.0,pacing,,False,False,195,shoulder_spring
2026-09-23,overlook_ridge,2027-04-07,530.0,0.007487124627600552,599.0,pacing,,False,False,196,shoulder_spring
2026-09-23,overlook_ridge,2027-04-08,575.0,0.005798611074412708,664.0,pacing,,False,False,197,shoulder_spring
2026-09-23,overlook_ridge,2027-04-09,620.0,0.021652015105553153,705.0,pacing,,False,False,198,shoulder_spring
2026-09-23,overlook_ridge,2027-04-10,620.0,0.02142762631880834,681.0,pacing,,False,False,199,shoulder_spring
2026-09-23,overlook_ridge,2027-04-11,530.0,0.0074864914065764405,599.0,pacing,,False,False,200,shoulder_spring
2026-09-23,overlook_ridge,2027-04-12,505.0,0.008405053138698299,563.0,pacing,,False,False,201,shoulder_spring
2026-09-23,overlook_ridge,2027-04-13,480.0,0.009330688201352712,531.0,pacing,,False,False,202,shoulder_spring
2026-09-23,overlook_ridge,2027-04-14,490.0,0.008983304883422905,541.0,pacing,,False,False,203,shoulder_spring
2026-09-23,overlook_ridge,2027-04-15,510.0,0.008270384796473056,575.0,pacing,,False,False,204,shoulder_spring
2026-09-23,overlook_ridge,2027-04-16,600.0,0.022129476710526966,641.0,pacing,,False,False,205,shoulder_spring
2026-09-23,overlook_ridge,2027-04-17,585.0,0.022577484480615088,617.0,pacing,,False,False,206,shoulder_spring
2026-09-23,overlook_ridge,2027-04-18,505.0,0.008478812785159565,563.0,pacing,,False,False,207,shoulder_spring
2026-09-23,overlook_ridge,2027-04-19,465.0,0.009967727970502107,504.0,pacing,,False,False,208,shoulder_spring
2026-09-23,overlook_ridge,2027-04-20,455.0,0.01035056966488118,489.0,pacing,,False,False,209,shoulder_spring
2026-09-23,overlook_ridge,2027-04-21,465.0,0.010000083658947079,500.0,pacing,,False,False,210,shoulder_spring
2026-09-23,overlook_ridge,2027-04-22,500.0,0.00873814312910788,551.0,pacing,,False,False,211,shoulder_spring
2026-09-23,overlook_ridge,2027-04-23,605.0,0.02141399659676225,639.0,pacing,,False,False,212,shoulder_spring
2026-09-23,overlook_ridge,2027-04-24,600.0,0.021414854306118895,623.0,pacing,,False,False,213,shoulder_spring
2026-09-23,overlook_ridge,2027-04-25,520.0,0.008030135226537297,575.0,pacing,,False,False,214,shoulder_spring
2026-09-23,overlook_ridge,2027-04-26,485.0,0.009330233998190713,529.0,pacing,,False,False,215,shoulder_spring
2026-09-23,overlook_ridge,2027-04-27,485.0,0.009348873178792814,528.0,pacing,,False,False,216,shoulder_spring
2026-09-23,overlook_ridge,2027-04-28,480.0,0.0095490036600244,517.0,pacing,,False,False,217,shoulder_spring
2026-09-23,overlook_ridge,2027-04-29,485.0,0.009384783937913822,528.0,pacing,,False,False,218,shoulder_spring
2026-09-23,overlook_ridge,2027-04-30,565.0,0.02274583253247177,579.0,pacing,,False,False,219,shoulder_spring
2026-09-23,overlook_ridge,2027-05-01,560.0,0.022714257670669084,566.0,pacing,,False,False,220,shoulder_spring
2026-09-23,overlook_ridge,2027-05-02,490.0,0.009221407208298631,531.0,pacing,,False,False,221,shoulder_spring
2026-09-23,overlook_ridge,2027-05-03,465.0,0.010146060276603107,499.0,pacing,,False,False,222,shoulder_spring
2026-09-23,overlook_ridge,2027-05-04,470.0,0.00997982410760476,512.0,pacing,,False,False,223,shoulder_spring
2026-09-23,overlook_ridge,2027-05-05,485.0,0.009452585915834033,527.0,pacing,,False,False,224,shoulder_spring
2026-09-23,overlook_ridge,2027-05-06,495.0,0.009108558048400881,546.0,pacing,,False,False,225,shoulder_spring
2026-09-23,overlook_ridge,2027-05-07,570.0,0.022027475941117553,594.0,pacing,,False,False,226,shoulder_spring
2026-09-23,overlook_ridge,2027-05-08,555.0,0.022437213548806217,579.0,pacing,,False,False,227,shoulder_spring
2026-09-23,overlook_ridge,2027-05-09,490.0,0.009307787995503383,536.0,pacing,,False,False,228,shoulder_spring
2026-09-23,overlook_ridge,2027-05-10,475.0,0.009866507952147345,522.0,pacing,,False,False,229,shoulder_spring
2026-09-23,overlook_ridge,2027-05-11,470.0,0.010062271630040096,518.0,pacing,,False,False,230,shoulder_spring
2026-09-23,overlook_ridge,2027-05-12,485.0,0.009536850078008781,538.0,pacing,,False,False,231,shoulder_spring
2026-09-23,overlook_ridge,2027-05-13,490.0,0.00937347247695039,556.0,pacing,,False,False,232,shoulder_spring
2026-09-23,overlook_ridge,2027-05-14,570.0,0.0215534407191661,594.0,pacing,,False,False,233,shoulder_spring
2026-09-23,overlook_ridge,2027-05-15,575.0,0.021114871526076974,599.0,pacing,,False,False,234,shoulder_spring
2026-09-23,overlook_ridge,2027-05-16,505.0,0.008851727179086692,555.0,pacing,,False,False,235,shoulder_spring
2026-09-23,overlook_ridge,2027-05-17,490.0,0.009409173808125972,538.0,pacing,,False,False,236,shoulder_spring
2026-09-23,overlook_ridge,2027-05-18,485.0,0.009604944413106338,530.0,pacing,,False,False,237,shoulder_spring
2026-09-23,overlook_ridge,2027-05-19,490.0,0.00944126517670714,538.0,pacing,,False,False,238,shoulder_spring
2026-09-23,overlook_ridge,2027-05-20,495.0,0.009278213042101932,544.0,pacing,,False,False,239,shoulder_spring
2026-09-23,overlook_ridge,2027-05-21,575.0,0.020897580126291133,597.0,pacing,,False,False,240,shoulder_spring
2026-09-23,overlook_ridge,2027-05-22,570.0,0.020890073837892265,592.0,pacing,,False,False,241,shoulder_spring
2026-09-23,overlook_ridge,2027-05-23,510.0,0.008758585922651791,561.0,pacing,,False,False,242,shoulder_spring
2026-09-23,overlook_ridge,2027-05-24,490.0,0.009491813551319514,537.0,pacing,,False,False,243,shoulder_spring
2026-09-23,overlook_ridge,2027-05-25,500.0,0.009150511562658307,554.0,pacing,,False,False,244,shoulder_spring
2026-09-23,overlook_ridge,2027-05-26,495.0,0.009345874994076672,546.0,pacing,,False,False,245,shoulder_spring
2026-09-23,overlook_ridge,2027-05-27,540.0,0.0077585940848692685,603.0,pacing,,False,False,246,shoulder_spring
2026-09-23,overlook_ridge,2027-05-28,625.0,0.01841491118264109,747.0,pacing,,False,False,247,shoulder_spring
2026-09-23,overlook_ridge,2027-05-29,625.0,0.01827205278564045,750.0,pacing,,False,False,248,shoulder_spring
2026-09-23,overlook_ridge,2027-05-30,620.0,0.004933713389076736,719.0,pacing,,False,False,249,shoulder_spring
2026-09-23,overlook_ridge,2027-05-31,495.0,0.00941539576639737,557.0,pacing,,False,False,250,shoulder_spring
2026-09-23,overlook_ridge,2027-06-01,540.0,0.021788536425885744,595.0,pacing,,False,False,251,summer
2026-09-23,overlook_ridge,2027-06-02,530.0,0.0224284534494414,585.0,pacing,,False,False,252,summer
2026-09-23,overlook_ridge,2027-06-03,585.0,0.018730892809245506,647.0,pacing,,False,False,253,summer
2026-09-23,overlook_ridge,2027-06-04,695.0,0.029061800454306404,762.0,pacing,,False,False,254,summer
2026-09-23,overlook_ridge,2027-06-05,695.0,0.02889944962944542,770.0,pacing,,False,False,255,summer
2026-09-23,overlook_ridge,2027-06-06,600.0,0.01772637910342475,681.0,pacing,,False,False,256,summer
2026-09-23,overlook_ridge,2027-06-07,570.0,0.01970532555709813,734.0,pacing,,False,False,257,summer
2026-09-23,overlook_ridge,2027-06-08,555.0,0.020674896572837234,622.0,pacing,,False,False,258,summer
2026-09-23,overlook_ridge,2027-06-09,590.0,0.01835773724805062,665.0,pacing,,False,False,259,summer
2026-09-23,overlook_ridge,2027-06-10,715.0,0.005129028581311072,865.0,pacing,,False,False,260,summer
2026-09-23,overlook_ridge,2027-06-11,810.0,0.020431766787678333,991.0,pacing,,False,False,261,summer
2026-09-23,overlook_ridge,2027-06-12,825.0,0.019481213842142395,996.0,pacing,,False,False,262,summer
2026-09-23,overlook_ridge,2027-06-13,725.0,0.004405527736159095,907.0,pacing,,False,False,263,summer
2026-09-23,overlook_ridge,2027-06-14,735.0,0.0038173006630991897,893.0,pacing,,False,False,264,summer
2026-09-23,overlook_ridge,2027-06-15,795.0,0.001,972.0,pacing,,False,False,265,summer
2026-09-23,overlook_ridge,2027-06-16,850.0,0.001,1039.0,pacing,,False,False,266,summer
2026-09-23,overlook_ridge,2027-06-17,1170.0,0.001,1396.0,pacing,,False,False,267,summer
2026-09-23,overlook_ridge,2027-06-18,1230.0,0.001,1464.0,pacing,,False,False,268,summer
2026-09-23,overlook_ridge,2027-06-19,1205.0,0.001,1403.0,pacing,,False,False,269,summer
2026-09-23,overlook_ridge,2027-06-20,910.0,0.001,1078.0,pacing,,False,False,270,summer
2026-09-23,overlook_ridge,2027-06-21,875.0,0.001,1020.0,pacing,,False,False,271,summer
2026-09-23,overlook_ridge,2027-06-22,780.0,0.001327252901576411,1031.0,pacing,,False,False,272,summer
2026-09-23,overlook_ridge,2027-06-23,845.0,0.001,975.0,pacing,,False,False,273,summer
2026-09-23,overlook_ridge,2027-06-24,1040.0,0.001,1193.0,pacing,,False,False,274,summer
2026-09-23,overlook_ridge,2027-06-25,1265.0,0.001,1468.0,pacing,,False,False,275,summer
2026-09-23,overlook_ridge,2027-06-26,1205.0,0.004161636710150653,1380.0,pacing,,False,False,276,summer
2026-09-23,overlook_ridge,2027-06-27,1040.0,0.001,1188.0,pacing,,False,False,277,summer
2026-09-23,overlook_ridge,2027-06-28,930.0,0.001,1037.0,pacing,,False,False,278,summer
2026-09-23,overlook_ridge,2027-06-29,900.0,0.001,1014.0,pacing,,False,False,279,summer
2026-09-23,overlook_ridge,2027-06-30,1070.0,0.001,1202.0,pacing,,False,False,280,summer
2026-09-23,overlook_ridge,2027-07-01,1135.0,0.001,1280.0,pacing,,False,False,281,summer
2026-09-23,overlook_ridge,2027-07-02,1855.0,0.001,2039.0,pacing,,False,False,282,summer
2026-09-23,overlook_ridge,2027-07-03,1855.0,0.001,2084.0,pacing,,False,False,283,summer
2026-09-23,overlook_ridge,2027-07-04,1855.0,0.001,2010.0,pacing,,False,False,284,summer
2026-09-23,overlook_ridge,2027-07-05,935.0,0.001,1081.0,pacing,,False,False,285,summer
2026-09-23,overlook_ridge,2027-07-06,925.0,0.001,1055.0,pacing,,False,False,286,summer
2026-09-23,overlook_ridge,2027-07-07,1000.0,0.001,1139.0,pacing,,False,False,287,summer
2026-09-23,overlook_ridge,2027-07-08,1305.0,0.001,1484.0,pacing,,False,False,288,summer
2026-09-23,overlook_ridge,2027-07-09,1855.0,0.001,2054.0,pacing,,False,False,289,summer
2026-09-23,overlook_ridge,2027-07-10,1855.0,0.001,2122.0,pacing,,False,False,290,summer
2026-09-23,overlook_ridge,2027-07-11,1320.0,0.001,1464.0,pacing,,False,False,291,summer
2026-09-23,overlook_ridge,2027-07-12,1330.0,0.001,1450.0,pacing,,False,False,292,summer
2026-09-23,overlook_ridge,2027-07-13,1310.0,0.001,1428.0,pacing,,False,False,293,summer
2026-09-23,overlook_ridge,2027-07-14,1310.0,0.001,1444.0,pacing,,False,False,294,summer
2026-09-23,overlook_ridge,2027-07-15,1375.0,0.001,1523.0,pacing,,False,False,295,summer
2026-09-23,overlook_ridge,2027-07-16,1745.0,0.001,1911.0,pacing,,False,False,296,summer
2026-09-23,overlook_ridge,2027-07-17,1755.0,0.001,1968.0,pacing,,False,False,297,summer
2026-09-23,overlook_ridge,2027-07-18,1445.0,0.001,1631.0,pacing,,False,False,298,summer
2026-09-23,overlook_ridge,2027-07-19,1265.0,0.001,1445.0,pacing,,False,False,299,summer
2026-09-23,overlook_ridge,2027-07-20,1250.0,0.001,1427.0,pacing,,False,False,300,summer
2026-09-23,overlook_ridge,2027-07-21,1230.0,0.001,1235.0,pacing,,False,False,301,summer
2026-09-23,overlook_ridge,2027-07-22,1255.0,0.001,1441.0,pacing,,False,False,302,summer
2026-09-23,overlook_ridge,2027-07-23,1565.0,0.001,1788.0,pacing,,False,False,303,summer
2026-09-23,overlook_ridge,2027-07-24,1565.0,0.001,1815.0,pacing,,False,False,304,summer
2026-09-23,overlook_ridge,2027-07-25,1265.0,0.001,1486.0,pacing,,False,False,305,summer
2026-09-23,overlook_ridge,2027-07-26,1110.0,0.001,1284.0,pacing,,False,False,306,summer
2026-09-23,overlook_ridge,2027-07-27,1105.0,0.001,1284.0,pacing,,False,False,307,summer
2026-09-23,overlook_ridge,2027-07-28,1080.0,0.001,1269.0,pacing,,False,False,308,summer
2026-09-23,overlook_ridge,2027-07-29,1200.0,0.001,1400.0,pacing,,False,False,309,summer
2026-09-23,overlook_ridge,2027-07-30,1440.0,0.001,1676.0,pacing,,False,False,310,summer
2026-09-23,overlook_ridge,2027-07-31,1325.0,0.004095196118076807,1523.0,pacing,,False,False,311,summer
2026-09-23,overlook_ridge,2027-08-01,1015.0,0.001,1192.0,pacing,,False,False,312,summer
2026-09-23,overlook_ridge,2027-08-02,865.0,0.0078108937394764134,1015.0,pacing,,False,False,313,summer
2026-09-23,overlook_ridge,2027-08-03,840.0,0.009343117472703479,991.0,pacing,,False,False,314,summer
2026-09-23,overlook_ridge,2027-08-04,835.0,0.009696650821286231,989.0,pacing,,False,False,315,summer
2026-09-23,overlook_ridge,2027-08-05,955.0,0.0028559204876210807,1134.0,pacing,,False,False,316,summer
2026-09-23,overlook_ridge,2027-08-06,1075.0,0.015142245909801455,1300.0,pacing,,False,False,317,summer
2026-09-23,overlook_ridge,2027-08-07,1045.0,0.016496967575649762,1260.0,pacing,,False,False,318,summer
2026-09-23,overlook_ridge,2027-08-08,815.0,0.010990639370083048,979.0,pacing,,False,False,319,summer
2026-09-23,overlook_ridge,2027-08-09,720.0,0.01645579955597568,872.0,pacing,,False,False,320,summer
2026-09-23,overlook_ridge,2027-08-10,705.0,0.01731878737441445,849.0,pacing,,False,False,321,summer
2026-09-23,overlook_ridge,2027-08-11,705.0,0.01732339148392179,850.0,pacing,,False,False,322,summer
2026-09-23,overlook_ridge,2027-08-12,785.0,0.012822701360463422,941.0,pacing,,False,False,323,summer
2026-09-23,overlook_ridge,2027-08-13,905.0,0.022432843031793333,1096.0,pacing,,False,False,324,summer
2026-09-23,overlook_ridge,2027-08-14,860.0,0.02426215577045456,1037.0,pacing,,False,False,325,summer
2026-09-23,overlook_ridge,2027-08-15,695.0,0.017908022220605037,905.0,pacing,,False,False,326,summer
2026-09-23,overlook_ridge,2027-08-16,695.0,0.017907675468184104,839.0,pacing,,False,False,327,summer
2026-09-23,overlook_ridge,2027-08-17,695.0,0.017900866599503944,801.0,pacing,,False,False,328,summer
2026-09-23,overlook_ridge,2027-08-18,695.0,0.01789601940488573,794.0,pacing,,False,False,329,summer
2026-09-23,overlook_ridge,2027-08-19,695.0,0.017889679981677568,802.0,pacing,,False,False,330,summer
2026-09-23,overlook_ridge,2027-08-20,815.0,0.026046919188393153,998.0,pacing,,False,False,331,summer
2026-09-23,overlook_ridge,2027-08-21,810.0,0.026197297252653507,974.0,pacing,,False,False,332,summer
2026-09-23,overlook_ridge,2027-08-22,695.0,0.017886240215979538,809.0,pacing,,False,False,333,summer
2026-09-23,overlook_ridge,2027-08-23,695.0,0.017881124060558765,783.0,pacing,,False,False,334,summer
2026-09-23,overlook_ridge,2027-08-24,675.0,0.018965388217082477,625.0,pacing,,False,False,335,summer
2026-09-23,overlook_ridge,2027-08-25,670.0,0.019221720207286106,735.0,pacing,,False,False,336,summer
2026-09-23,overlook_ridge,2027-08-26,660.0,0.019746938660863845,721.0,pacing,,False,False,337,summer
2026-09-23,overlook_ridge,2027-08-27,735.0,0.029175907616966156,883.0,pacing,,False,False,338,summer
2026-09-23,overlook_ridge,2027-08-28,710.0,0.030036169703870866,842.0,pacing,,False,False,339,summer
2026-09-23,overlook_ridge,2027-08-29,695.0,0.017833354946137813,768.0,pacing,,False,False,340,summer
2026-09-23,overlook_ridge,2027-08-30,560.0,0.02509530682062936,590.0,pacing,,False,False,341,summer
2026-09-23,overlook_ridge,2027-08-31,540.0,0.026116799204763556,564.0,pacing,,False,False,342,summer
2026-09-23,overlook_ridge,2027-09-01,550.0,0.025522310083709233,569.0,pacing,,False,False,343,summer
2026-09-23,overlook_ridge,2027-09-02,625.0,0.021456106057861874,670.0,pacing,,False,False,344,summer
2026-09-23,overlook_ridge,2027-09-03,880.0,0.02310112059918143,1033.0,pacing,,False,False,345,summer
2026-09-23,overlook_ridge,2027-09-04,880.0,0.02304146012423066,1033.0,pacing,,False,False,346,summer
2026-09-23,overlook_ridge,2027-09-05,845.0,0.00969612577301705,990.0,pacing,,False,False,347,summer
2026-09-23,overlook_ridge,2027-09-06,545.0,0.02568114256246037,558.0,pacing,,False,False,348,summer
2026-09-23,overlook_ridge,2027-09-07,605.0,0.022449558618660426,624.0,pacing,,False,False,349,summer
2026-09-23,overlook_ridge,2027-09-08,605.0,0.022408347948800787,563.0,pacing,,False,False,350,summer
2026-09-23,overlook_ridge,2027-09-09,650.0,0.020000208631161764,669.0,pacing,,False,False,351,summer
2026-09-23,overlook_ridge,2027-09-10,695.0,0.030233915517391043,768.0,pacing,,False,False,352,summer
2026-09-23,overlook_ridge,2027-09-11,695.0,0.030061979170717595,753.0,pacing,,False,False,353,summer
2026-09-23,overlook_ridge,2027-09-12,695.0,0.01761554125111069,768.0,pacing,,False,False,354,summer
2026-09-23,overlook_ridge,2027-09-13,585.0,0.023346320913170335,610.0,pacing,,False,False,355,summer
2026-09-23,overlook_ridge,2027-09-14,580.0,0.023561355451311116,607.0,pacing,,False,False,356,summer
2026-09-23,overlook_ridge,2027-09-15,585.0,0.023254821778856363,607.0,pacing,,False,False,357,summer
2026-09-23,overlook_ridge,2027-09-16,610.0,0.00802477764648225,659.0,pacing,,False,False,358,shoulder_fall
2026-09-23,overlook_ridge,2027-09-17,665.0,0.024009557569357104,746.0,pacing,,False,False,359,shoulder_fall
2026-09-23,overlook_ridge,2027-09-18,620.0,0.026682732476194595,724.0,pacing,,False,False,360,shoulder_fall
2026-09-23,overlook_ridge,2027-09-19,545.0,0.012681153165055142,616.0,pacing,,False,False,361,shoulder_fall
2026-09-23,overlook_ridge,2027-09-20,490.0,0.016556536487426776,530.0,pacing,,False,False,362,shoulder_fall
2026-09-23,overlook_ridge,2027-09-21,485.0,0.01687972091482316,526.0,pacing,,False,False,363,shoulder_fall
2026-09-23,overlook_ridge,2027-09-22,495.0,0.016167618396552997,,none,,False,False,364,shoulder_fall
2026-09-23,overlook_ridge,2027-09-23,565.0,0.011291382631392993,,none,,False,False,365,shoulder_fall
2026-09-23,cloud_9,2026-09-24,675.0,0.1355754455262045,750.0,pacing,,False,True,1,shoulder_fall
2026-09-23,cloud_9,2026-09-28,710.0,0.10555476291129788,800.0,pacing,,False,True,5,shoulder_fall
2026-09-23,cloud_9,2026-10-05,750.0,0.001,850.0,pacing,,False,False,12,shoulder_fall
2026-09-23,cloud_9,2026-10-06,750.0,0.001,850.0,pacing,,False,False,13,shoulder_fall
2026-09-23,cloud_9,2026-10-07,750.0,0.001,850.0,pacing,,False,False,14,shoulder_fall
2026-09-23,cloud_9,2026-10-08,750.0,0.001,850.0,pacing,,False,False,15,shoulder_fall
2026-09-23,cloud_9,2026-10-09,760.0,0.24297217311050356,850.0,pacing,,False,False,16,shoulder_fall
2026-09-23,cloud_9,2026-10-10,760.0,0.25428473098396637,850.0,pacing,,False,False,17,shoulder_fall
2026-09-23,cloud_9,2026-10-11,750.0,0.001,850.0,pacing,,False,False,18,shoulder_fall
2026-09-23,cloud_9,2026-10-12,750.0,0.001,850.0,pacing,,False,False,19,shoulder_fall
2026-09-23,cloud_9,2026-10-13,750.0,0.001,850.0,pacing,,False,False,20,shoulder_fall
2026-09-23,cloud_9,2026-10-19,750.0,0.001,850.0,pacing,,False,False,26,shoulder_fall
2026-09-23,cloud_9,2026-10-20,750.0,0.001,850.0,pacing,,False,False,27,shoulder_fall
2026-09-23,cloud_9,2026-10-21,750.0,0.001,850.0,pacing,,False,False,28,shoulder_fall
2026-09-23,cloud_9,2026-10-22,750.0,0.001,850.0,pacing,,False,False,29,shoulder_fall
2026-09-23,cloud_9,2026-10-23,760.0,0.27884349746721854,850.0,pacing,,False,False,30,shoulder_fall
2026-09-23,cloud_9,2026-10-24,760.0,0.28306413421287957,850.0,pacing,,False,False,31,shoulder_fall
2026-09-23,cloud_9,2026-10-25,750.0,0.001,850.0,pacing,,False,False,32,shoulder_fall
2026-09-23,cloud_9,2026-10-26,750.0,0.001,850.0,pacing,,False,False,33,shoulder_fall
2026-09-23,cloud_9,2026-10-27,750.0,0.001,850.0,pacing,,False,False,34,shoulder_fall
2026-09-23,cloud_9,2026-10-28,750.0,0.001,850.0,pacing,,False,False,35,shoulder_fall
2026-09-23,cloud_9,2026-10-29,750.0,0.001,850.0,pacing,,False,False,36,shoulder_fall
2026-09-23,cloud_9,2026-10-30,760.0,0.28638009558058986,850.0,pacing,,False,False,37,shoulder_fall
2026-09-23,cloud_9,2026-10-31,760.0,0.2806526462523441,850.0,pacing,,False,False,38,shoulder_fall
2026-09-23,cloud_9,2026-11-01,685.0,0.001,765.0,pacing,,False,False,39,shoulder_fall
2026-09-23,cloud_9,2026-11-02,685.0,0.001,765.0,pacing,,False,False,40,shoulder_fall
2026-09-23,cloud_9,2026-11-03,685.0,0.001,765.0,pacing,,False,False,41,shoulder_fall
2026-09-23,cloud_9,2026-11-04,685.0,0.001,765.0,pacing,,False,False,42,shoulder_fall
2026-09-23,cloud_9,2026-11-05,685.0,0.001,765.0,pacing,,False,False,43,shoulder_fall
2026-09-23,cloud_9,2026-11-06,695.0,0.01503635143481566,765.0,pacing,,False,False,44,shoulder_fall
2026-09-23,cloud_9,2026-11-07,695.0,0.01721558088076028,765.0,pacing,,False,False,45,shoulder_fall
2026-09-23,cloud_9,2026-11-08,685.0,0.001,765.0,pacing,,False,False,46,shoulder_fall
2026-09-23,cloud_9,2026-11-09,685.0,0.001,765.0,pacing,,False,False,47,shoulder_fall
2026-09-23,cloud_9,2026-11-10,685.0,0.001,765.0,pacing,,False,False,48,shoulder_fall
2026-09-23,cloud_9,2026-11-11,685.0,0.001,765.0,pacing,,False,False,49,shoulder_fall
2026-09-23,cloud_9,2026-11-12,685.0,0.001,765.0,pacing,,False,False,50,shoulder_fall
2026-09-23,cloud_9,2026-11-13,690.0,0.43836498485055203,765.0,pacing,,False,False,51,shoulder_fall
2026-09-23,cloud_9,2026-11-14,685.0,0.42043888601510954,765.0,pacing,,False,False,52,shoulder_fall
2026-09-23,cloud_9,2026-11-15,685.0,0.001,765.0,pacing,,False,False,53,shoulder_fall
2026-09-23,cloud_9,2026-11-16,685.0,0.001,765.0,pacing,,False,False,54,shoulder_fall
2026-09-23,cloud_9,2026-11-17,685.0,0.001,765.0,pacing,,False,False,55,shoulder_fall
2026-09-23,cloud_9,2026-11-18,685.0,0.001,765.0,pacing,,False,False,56,shoulder_fall
2026-09-23,cloud_9,2026-11-19,685.0,0.001,765.0,pacing,,False,False,57,shoulder_fall
2026-09-23,cloud_9,2026-11-20,695.0,0.01936979287766763,765.0,pacing,,False,False,58,shoulder_fall
2026-09-23,cloud_9,2026-11-21,705.0,0.049723498997365626,765.0,pacing,,False,False,59,early_winter
2026-09-23,cloud_9,2026-11-22,685.0,0.0015499923471339974,765.0,pacing,,False,False,60,early_winter
2026-09-23,cloud_9,2026-11-23,770.0,0.001,931.0,pacing,,False,False,61,early_winter
2026-09-23,cloud_9,2026-11-29,750.0,0.001,850.0,pacing,,False,False,67,early_winter
2026-09-23,cloud_9,2026-11-30,750.0,0.0014680050193047768,850.0,pacing,,False,False,68,early_winter
2026-09-23,cloud_9,2026-12-01,750.0,0.003507356489477119,850.0,pacing,,False,False,69,early_winter
2026-09-23,cloud_9,2026-12-02,750.0,0.0058591081772605665,850.0,pacing,,False,False,70,early_winter
2026-09-23,cloud_9,2026-12-03,750.0,0.00849175732823708,850.0,pacing,,False,False,71,early_winter
2026-09-23,cloud_9,2026-12-06,770.0,0.004549507389361124,850.0,pacing,,False,False,74,early_winter
2026-09-23,cloud_9,2026-12-07,750.0,0.009692752162537547,850.0,pacing,,False,False,75,early_winter
2026-09-23,cloud_9,2026-12-08,750.0,0.010186802313903308,850.0,pacing,,False,False,76,early_winter
2026-09-23,cloud_9,2026-12-09,750.0,0.010593746191472143,850.0,pacing,,False,False,77,early_winter
2026-09-23,cloud_9,2026-12-10,790.0,0.0024601166077115834,939.0,pacing,,False,False,78,early_winter
2026-09-23,cloud_9,2026-12-11,1095.0,0.001,1315.0,pacing,,False,False,79,early_winter
2026-09-23,cloud_9,2026-12-12,1240.0,0.001,1446.0,pacing,,False,False,80,early_winter
2026-09-23,cloud_9,2026-12-13,885.0,0.001,1017.0,pacing,,False,False,81,early_winter
2026-09-23,cloud_9,2026-12-14,800.0,0.002313685813031914,912.0,pacing,,False,False,82,early_winter
2026-09-23,cloud_9,2027-01-06,1795.0,0.0956855041424079,1328.0,pacing,,False,False,105,peak_ski
2026-09-23,cloud_9,2027-01-07,1215.0,0.001,1410.0,pacing,,False,False,106,peak_ski
2026-09-23,cloud_9,2027-01-08,1535.0,0.001,1763.0,pacing,,False,False,107,peak_ski
2026-09-23,cloud_9,2027-01-09,1385.0,0.0013527912530192714,1632.0,pacing,,False,False,108,peak_ski
2026-09-23,cloud_9,2027-01-10,1300.0,0.001,1521.0,pacing,,False,False,109,peak_ski
2026-09-23,cloud_9,2027-01-11,980.0,0.001,1156.0,pacing,,False,False,110,peak_ski
2026-09-23,cloud_9,2027-01-12,1225.0,0.1725111101817174,1095.0,pacing,,False,False,111,peak_ski
2026-09-23,cloud_9,2027-01-13,1575.0,0.11945359998086699,1448.0,pacing,,False,False,112,peak_ski
2026-09-23,cloud_9,2027-01-14,1590.0,0.001,1899.0,pacing,,False,False,113,peak_ski
2026-09-23,cloud_9,2027-01-15,2385.0,0.001,2714.0,pacing,,False,False,114,peak_ski
2026-09-23,cloud_9,2027-01-16,2275.0,0.001,2647.0,pacing,,False,False,115,peak_ski
2026-09-23,cloud_9,2027-01-17,2260.0,0.001,2593.0,pacing,,False,False,116,peak_ski
2026-09-23,cloud_9,2027-01-18,1165.0,0.001,1379.0,pacing,,False,False,117,peak_ski
2026-09-23,cloud_9,2027-01-19,1475.0,0.12967132233314665,1321.0,pacing,,False,False,118,peak_ski
2026-09-23,cloud_9,2027-01-20,1420.0,0.1332210954517231,1290.0,pacing,,False,False,119,peak_ski
2026-09-23,cloud_9,2027-01-21,1475.0,0.001,1729.0,pacing,,False,False,120,peak_ski
2026-09-23,cloud_9,2027-01-22,2240.0,0.001,2467.0,pacing,,False,False,121,peak_ski
2026-09-23,cloud_9,2027-01-23,2385.0,0.001,2646.0,pacing,,False,False,122,peak_ski
2026-09-23,cloud_9,2027-01-24,1615.0,0.001,1884.0,pacing,,False,False,123,peak_ski
2026-09-23,cloud_9,2027-01-25,1610.0,0.001,1895.0,pacing,,False,False,124,peak_ski
2026-09-23,cloud_9,2027-01-26,1605.0,0.001,1910.0,pacing,,False,False,125,peak_ski
2026-09-23,cloud_9,2027-01-27,1670.0,0.001,1945.0,pacing,,False,False,126,peak_ski
2026-09-23,cloud_9,2027-01-28,1860.0,0.001,2149.0,pacing,,False,False,127,peak_ski
2026-09-23,cloud_9,2027-01-29,2385.0,0.001,2945.0,pacing,,False,False,128,peak_ski
2026-09-23,cloud_9,2027-01-30,2385.0,0.001,2973.0,pacing,,False,False,129,peak_ski
2026-09-23,cloud_9,2027-01-31,1670.0,0.001,1915.0,pacing,,False,False,130,peak_ski
2026-09-23,cloud_9,2027-02-01,1190.0,0.001,1420.0,pacing,,False,False,131,peak_ski
2026-09-23,cloud_9,2027-02-02,1185.0,0.001,1401.0,pacing,,False,False,132,peak_ski
2026-09-23,cloud_9,2027-02-03,1230.0,0.001,1458.0,pacing,,False,False,133,peak_ski
2026-09-23,cloud_9,2027-02-04,2030.0,0.001,2288.0,pacing,,False,False,134,peak_ski
2026-09-23,cloud_9,2027-02-05,2385.0,0.001,2907.0,pacing,,False,False,135,peak_ski
2026-09-23,cloud_9,2027-02-06,2385.0,0.001,3114.0,pacing,,False,False,136,peak_ski
2026-09-23,cloud_9,2027-02-07,1980.0,0.001,2285.0,pacing,,False,False,137,peak_ski
2026-09-23,cloud_9,2027-02-08,1895.0,0.001,2200.0,pacing,,False,False,138,peak_ski
2026-09-23,cloud_9,2027-02-09,1880.0,0.001,2175.0,pacing,,False,False,139,peak_ski
2026-09-23,cloud_9,2027-02-10,1940.0,0.001,2216.0,pacing,,False,False,140,peak_ski
2026-09-23,cloud_9,2027-02-11,2345.0,0.001,2667.0,pacing,,False,False,141,peak_ski
2026-09-23,cloud_9,2027-02-12,2385.0,0.001,3976.0,pacing,,False,False,142,peak_ski
2026-09-23,cloud_9,2027-02-13,2385.0,0.001,3903.0,pacing,,False,False,143,peak_ski
2026-09-23,cloud_9,2027-02-14,2385.0,0.001,3945.0,pacing,,False,False,144,peak_ski
2026-09-23,cloud_9,2027-02-15,2150.0,0.001,2399.0,pacing,,False,False,145,peak_ski
2026-09-23,cloud_9,2027-02-16,1945.0,0.001,2210.0,pacing,,False,False,146,peak_ski
2026-09-23,cloud_9,2027-02-17,1980.0,0.001,2228.0,pacing,,False,False,147,peak_ski
2026-09-23,cloud_9,2027-02-18,2260.0,0.001,2564.0,pacing,,False,False,148,peak_ski
2026-09-23,cloud_9,2027-02-19,2385.0,0.001,3605.0,pacing,,False,False,149,peak_ski
2026-09-23,cloud_9,2027-02-20,2385.0,0.001,3319.0,pacing,,False,False,150,peak_ski
2026-09-23,cloud_9,2027-02-21,2060.0,0.001,2343.0,pacing,,False,False,151,peak_ski
2026-09-23,cloud_9,2027-02-22,1590.0,0.001,1870.0,pacing,,False,False,152,peak_ski
2026-09-23,cloud_9,2027-02-23,1385.0,0.001,1681.0,pacing,,False,False,153,peak_ski
2026-09-23,cloud_9,2027-02-24,1505.0,0.001,1792.0,pacing,,False,False,154,peak_ski
2026-09-23,cloud_9,2027-02-25,2305.0,0.001,2521.0,pacing,,False,False,155,peak_ski
2026-09-23,cloud_9,2027-02-26,2385.0,0.001,3155.0,pacing,,False,False,156,peak_ski
2026-09-23,cloud_9,2027-02-27,2385.0,0.001,3038.0,pacing,,False,False,157,peak_ski
2026-09-23,cloud_9,2027-02-28,1810.0,0.001,2086.0,pacing,,False,False,158,peak_ski
2026-09-23,cloud_9,2027-03-01,1365.0,0.001,1638.0,pacing,,False,False,159,peak_ski
2026-09-23,cloud_9,2027-03-02,1370.0,0.001,1641.0,pacing,,False,False,160,peak_ski
2026-09-23,cloud_9,2027-03-03,1375.0,0.001,1654.0,pacing,,False,False,161,peak_ski
2026-09-23,cloud_9,2027-03-04,1765.0,0.001,2042.0,pacing,,False,False,162,peak_ski
2026-09-23,cloud_9,2027-03-05,2385.0,0.001,2795.0,pacing,,False,False,163,peak_ski
2026-09-23,cloud_9,2027-03-06,2385.0,0.001,2928.0,pacing,,False,False,164,peak_ski
2026-09-23,cloud_9,2027-03-07,2195.0,0.001,2522.0,pacing,,False,False,165,peak_ski
2026-09-23,cloud_9,2027-03-08,2025.0,0.001,2360.0,pacing,,False,False,166,peak_ski
2026-09-23,cloud_9,2027-03-09,1985.0,0.001,2311.0,pacing,,False,False,167,peak_ski
2026-09-23,cloud_9,2027-03-10,1985.0,0.001,2304.0,pacing,,False,False,168,peak_ski
2026-09-23,cloud_9,2027-03-11,2235.0,0.001,2562.0,pacing,,False,False,169,peak_ski
2026-09-23,cloud_9,2027-03-12,2385.0,0.001,3012.0,pacing,,False,False,170,peak_ski
2026-09-23,cloud_9,2027-03-13,2385.0,0.001,3061.0,pacing,,False,False,171,peak_ski
2026-09-23,cloud_9,2027-03-14,2385.0,0.001,3107.0,pacing,,False,False,172,peak_ski
2026-09-23,cloud_9,2027-03-15,2385.0,0.001,2982.0,pacing,,False,False,173,peak_ski
2026-09-23,cloud_9,2027-03-16,2385.0,0.001,2952.0,pacing,,False,False,174,peak_ski
2026-09-23,cloud_9,2027-03-17,2385.0,0.001,2972.0,pacing,,False,False,175,peak_ski
2026-09-23,cloud_9,2027-03-18,2385.0,0.001,2993.0,pacing,,False,False,176,peak_ski
2026-09-23,cloud_9,2027-03-19,2385.0,0.001,2765.0,pacing,,False,False,177,peak_ski
2026-09-23,cloud_9,2027-03-20,2385.0,0.001,2656.0,pacing,,False,False,178,peak_ski
2026-09-23,cloud_9,2027-03-21,1580.0,0.001,1902.0,pacing,,False,False,179,peak_ski
2026-09-23,cloud_9,2027-03-22,1945.0,0.001,2237.0,pacing,,False,False,180,peak_ski
2026-09-23,cloud_9,2027-03-23,1925.0,0.001,2276.0,pacing,,False,False,181,peak_ski
2026-09-23,cloud_9,2027-03-24,1350.0,0.0018804425822829185,1491.0,pacing,,False,False,182,peak_ski
2026-09-23,cloud_9,2027-03-25,1460.0,0.001,1743.0,pacing,,False,False,183,peak_ski
2026-09-23,cloud_9,2027-03-26,1645.0,0.006139081441898973,1937.0,pacing,,False,False,184,peak_ski
2026-09-23,cloud_9,2027-03-27,1460.0,0.008243660521156826,1727.0,pacing,,False,False,185,peak_ski
2026-09-23,cloud_9,2027-03-28,1195.0,0.003630036046009537,1425.0,pacing,,False,False,186,peak_ski
2026-09-23,cloud_9,2027-03-29,1035.0,0.005375666575946918,1147.0,pacing,,False,False,187,peak_ski
2026-09-23,cloud_9,2027-03-30,1020.0,0.005550092264311336,1079.0,pacing,,False,False,188,peak_ski
2026-09-23,cloud_9,2027-03-31,1035.0,0.0053997562404510795,1093.0,pacing,,False,False,189,peak_ski
2026-09-23,cloud_9,2027-04-01,1055.0,0.001,1240.0,pacing,,False,False,190,shoulder_spring
2026-09-23,cloud_9,2027-04-02,1110.0,0.001,1337.0,pacing,,False,False,191,shoulder_spring
2026-09-23,cloud_9,2027-04-03,1040.0,0.0014080997142467376,1241.0,pacing,,False,False,192,shoulder_spring
2026-09-23,cloud_9,2027-04-04,855.0,0.001,1018.0,pacing,,False,False,193,shoulder_spring
2026-09-23,cloud_9,2027-04-05,750.0,0.001,850.0,pacing,,False,False,194,shoulder_spring
2026-09-23,cloud_9,2027-04-06,750.0,0.001,850.0,pacing,,False,False,195,shoulder_spring
2026-09-23,cloud_9,2027-04-07,750.0,0.001,850.0,pacing,,False,False,196,shoulder_spring
2026-09-23,cloud_9,2027-04-08,780.0,0.001,889.0,pacing,,False,False,197,shoulder_spring
2026-09-23,cloud_9,2027-04-09,795.0,0.013309911471553273,930.0,pacing,,False,False,198,shoulder_spring
2026-09-23,cloud_9,2027-04-10,780.0,0.013892820207533074,850.0,pacing,,False,False,199,shoulder_spring
2026-09-23,cloud_9,2027-04-11,750.0,0.001,850.0,pacing,,False,False,200,shoulder_spring
2026-09-23,cloud_9,2027-04-12,750.0,0.001,850.0,pacing,,False,False,201,shoulder_spring
2026-09-23,cloud_9,2027-04-13,750.0,0.001,850.0,pacing,,False,False,202,shoulder_spring
2026-09-23,cloud_9,2027-04-14,750.0,0.001,850.0,pacing,,False,False,203,shoulder_spring
2026-09-23,cloud_9,2027-04-15,750.0,0.001,850.0,pacing,,False,False,204,shoulder_spring
2026-09-23,cloud_9,2027-04-16,795.0,0.013053298214481937,890.0,pacing,,False,False,205,shoulder_spring
2026-09-23,cloud_9,2027-04-17,775.0,0.013833419611071273,850.0,pacing,,False,False,206,shoulder_spring
2026-09-23,cloud_9,2027-04-18,750.0,0.001,850.0,pacing,,False,False,207,shoulder_spring
2026-09-23,cloud_9,2027-04-19,750.0,0.001,850.0,pacing,,False,False,208,shoulder_spring
2026-09-23,cloud_9,2027-04-20,750.0,0.001,850.0,pacing,,False,False,209,shoulder_spring
2026-09-23,cloud_9,2027-04-21,750.0,0.001,850.0,pacing,,False,False,210,shoulder_spring
2026-09-23,cloud_9,2027-04-22,750.0,0.001,850.0,pacing,,False,False,211,shoulder_spring
2026-09-23,cloud_9,2027-04-23,795.0,0.01276442800459113,907.0,pacing,,False,False,212,shoulder_spring
2026-09-23,cloud_9,2027-04-24,795.0,0.012636910216477101,887.0,pacing,,False,False,213,shoulder_spring
2026-09-23,cloud_9,2027-04-25,750.0,0.001,850.0,pacing,,False,False,214,shoulder_spring
2026-09-23,cloud_9,2027-04-26,750.0,0.001,850.0,pacing,,False,False,215,shoulder_spring
2026-09-23,cloud_9,2027-04-27,750.0,0.001,850.0,pacing,,False,False,216,shoulder_spring
2026-09-23,cloud_9,2027-04-28,750.0,0.001,850.0,pacing,,False,False,217,shoulder_spring
2026-09-23,cloud_9,2027-04-29,750.0,0.001,850.0,pacing,,False,False,218,shoulder_spring
2026-09-23,cloud_9,2027-04-30,775.0,0.01339529697931112,850.0,pacing,,False,False,219,shoulder_spring
2026-09-23,cloud_9,2027-05-01,775.0,0.01323914649141799,850.0,pacing,,False,False,220,shoulder_spring
2026-09-23,cloud_9,2027-05-02,750.0,0.001,850.0,pacing,,False,False,221,shoulder_spring
2026-09-23,cloud_9,2027-05-03,750.0,0.001,850.0,pacing,,False,False,222,shoulder_spring
2026-09-23,cloud_9,2027-05-04,750.0,0.001,850.0,pacing,,False,False,223,shoulder_spring
2026-09-23,cloud_9,2027-05-05,750.0,0.001,850.0,pacing,,False,False,224,shoulder_spring
2026-09-23,cloud_9,2027-05-06,750.0,0.001,850.0,pacing,,False,False,225,shoulder_spring
2026-09-23,cloud_9,2027-05-07,775.0,0.013083987371464078,850.0,pacing,,False,False,226,shoulder_spring
2026-09-23,cloud_9,2027-05-08,775.0,0.012935973874459128,850.0,pacing,,False,False,227,shoulder_spring
2026-09-23,cloud_9,2027-05-09,750.0,0.001,850.0,pacing,,False,False,228,shoulder_spring
2026-09-23,cloud_9,2027-05-10,750.0,0.001,850.0,pacing,,False,False,229,shoulder_spring
2026-09-23,cloud_9,2027-05-11,750.0,0.001,850.0,pacing,,False,False,230,shoulder_spring
2026-09-23,cloud_9,2027-05-12,750.0,0.001,850.0,pacing,,False,False,231,shoulder_spring
2026-09-23,cloud_9,2027-05-13,750.0,0.001,850.0,pacing,,False,False,232,shoulder_spring
2026-09-23,cloud_9,2027-05-14,780.0,0.012573400701973362,874.0,pacing,,False,False,233,shoulder_spring
2026-09-23,cloud_9,2027-05-15,795.0,0.011800526008813787,891.0,pacing,,False,False,234,shoulder_spring
2026-09-23,cloud_9,2027-05-16,750.0,0.001,850.0,pacing,,False,False,235,shoulder_spring
2026-09-23,cloud_9,2027-05-17,750.0,0.001,850.0,pacing,,False,False,236,shoulder_spring
2026-09-23,cloud_9,2027-05-18,750.0,0.001,850.0,pacing,,False,False,237,shoulder_spring
2026-09-23,cloud_9,2027-05-19,750.0,0.001,850.0,pacing,,False,False,238,shoulder_spring
2026-09-23,cloud_9,2027-05-20,750.0,0.001,850.0,pacing,,False,False,239,shoulder_spring
2026-09-23,cloud_9,2027-05-21,775.0,0.012514129735435874,850.0,pacing,,False,False,240,shoulder_spring
2026-09-23,cloud_9,2027-05-22,775.0,0.01238080214801141,850.0,pacing,,False,False,241,shoulder_spring
2026-09-23,cloud_9,2027-05-23,750.0,0.001,850.0,pacing,,False,False,242,shoulder_spring
2026-09-23,cloud_9,2027-05-24,750.0,0.001,850.0,pacing,,False,False,243,shoulder_spring
2026-09-23,cloud_9,2027-05-25,750.0,0.001,850.0,pacing,,False,False,244,shoulder_spring
2026-09-23,cloud_9,2027-05-26,750.0,0.001,850.0,pacing,,False,False,245,shoulder_spring
2026-09-23,cloud_9,2027-05-27,750.0,0.001,850.0,pacing,,False,False,246,shoulder_spring
2026-09-23,cloud_9,2027-05-28,860.0,0.008753967292264634,1015.0,pacing,,False,False,247,shoulder_spring
2026-09-23,cloud_9,2027-05-29,860.0,0.00871999169186479,1015.0,pacing,,False,False,248,shoulder_spring
2026-09-23,cloud_9,2027-05-30,825.0,0.001,973.0,pacing,,False,False,249,shoulder_spring
2026-09-23,cloud_9,2027-05-31,750.0,0.001,850.0,pacing,,False,False,250,shoulder_spring
2026-09-23,cloud_9,2027-06-01,750.0,0.00768632744615719,850.0,pacing,,False,False,251,summer
2026-09-23,cloud_9,2027-06-02,750.0,0.0077141674750563155,850.0,pacing,,False,False,252,summer
2026-09-23,cloud_9,2027-06-03,750.0,0.007738843864937059,850.0,pacing,,False,False,253,summer
2026-09-23,cloud_9,2027-06-04,870.0,0.019880087959839813,1021.0,pacing,,False,False,254,summer
2026-09-23,cloud_9,2027-06-05,850.0,0.020839926047394326,1000.0,pacing,,False,False,255,summer
2026-09-23,cloud_9,2027-06-06,750.0,0.007775488849340811,858.0,pacing,,False,False,256,summer
2026-09-23,cloud_9,2027-06-07,750.0,0.00781494132611105,850.0,pacing,,False,False,257,summer
2026-09-23,cloud_9,2027-06-08,750.0,0.007846144017347609,850.0,pacing,,False,False,258,summer
2026-09-23,cloud_9,2027-06-09,750.0,0.007873651307372097,850.0,pacing,,False,False,259,summer
2026-09-23,cloud_9,2027-06-10,930.0,0.001,1117.0,pacing,,False,False,260,summer
2026-09-23,cloud_9,2027-06-11,1145.0,0.001,1379.0,pacing,,False,False,261,summer
2026-09-23,cloud_9,2027-06-12,1135.0,0.001,1364.0,pacing,,False,False,262,summer
2026-09-23,cloud_9,2027-06-13,970.0,0.001,1200.0,pacing,,False,False,263,summer
2026-09-23,cloud_9,2027-06-14,1010.0,0.001,1211.0,pacing,,False,False,264,summer
2026-09-23,cloud_9,2027-06-15,1070.0,0.001,1283.0,pacing,,False,False,265,summer
2026-09-23,cloud_9,2027-06-16,1115.0,0.001,1349.0,pacing,,False,False,266,summer
2026-09-23,cloud_9,2027-06-17,1550.0,0.001,1813.0,pacing,,False,False,267,summer
2026-09-23,cloud_9,2027-06-18,1550.0,0.001,1802.0,pacing,,False,False,268,summer
2026-09-23,cloud_9,2027-06-19,1545.0,0.001,1758.0,pacing,,False,False,269,summer
2026-09-23,cloud_9,2027-06-20,1135.0,0.001,1354.0,pacing,,False,False,270,summer
2026-09-23,cloud_9,2027-06-21,1000.0,0.001,1302.0,pacing,,False,False,271,summer
2026-09-23,cloud_9,2027-06-22,1095.0,0.001,1305.0,pacing,,False,False,272,summer
2026-09-23,cloud_9,2027-06-23,1050.0,0.001,1281.0,pacing,,False,False,273,summer
2026-09-23,cloud_9,2027-06-24,1335.0,0.001,1539.0,pacing,,False,False,274,summer
2026-09-23,cloud_9,2027-06-25,1605.0,0.001,1820.0,pacing,,False,False,275,summer
2026-09-23,cloud_9,2027-06-26,1470.0,0.001,1701.0,pacing,,False,False,276,summer
2026-09-23,cloud_9,2027-06-27,1245.0,0.001,1435.0,pacing,,False,False,277,summer
2026-09-23,cloud_9,2027-06-28,1105.0,0.001,1254.0,pacing,,False,False,278,summer
2026-09-23,cloud_9,2027-06-29,1075.0,0.001,1230.0,pacing,,False,False,279,summer
2026-09-23,cloud_9,2027-06-30,1290.0,0.001,1467.0,pacing,,False,False,280,summer
2026-09-23,cloud_9,2027-07-01,1330.0,0.001,1523.0,pacing,,False,False,281,summer
2026-09-23,cloud_9,2027-07-02,2385.0,0.001,2610.0,pacing,,False,False,282,summer
2026-09-23,cloud_9,2027-07-03,2385.0,0.001,2677.0,pacing,,False,False,283,summer
2026-09-23,cloud_9,2027-07-04,2380.0,0.001,2574.0,pacing,,False,False,284,summer
2026-09-23,cloud_9,2027-07-05,1085.0,0.001,1265.0,pacing,,False,False,285,summer
2026-09-23,cloud_9,2027-07-06,1080.0,0.001,1241.0,pacing,,False,False,286,summer
2026-09-23,cloud_9,2027-07-07,1120.0,0.001,1287.0,pacing,,False,False,287,summer
2026-09-23,cloud_9,2027-07-08,1445.0,0.001,1665.0,pacing,,False,False,288,summer
2026-09-23,cloud_9,2027-07-09,2155.0,0.001,2379.0,pacing,,False,False,289,summer
2026-09-23,cloud_9,2027-07-10,2235.0,0.001,2449.0,pacing,,False,False,290,summer
2026-09-23,cloud_9,2027-07-11,1450.0,0.001,1613.0,pacing,,False,False,291,summer
2026-09-23,cloud_9,2027-07-12,1420.0,0.001,1541.0,pacing,,False,False,292,summer
2026-09-23,cloud_9,2027-07-13,1380.0,0.001,1295.0,pacing,,False,False,293,summer
2026-09-23,cloud_9,2027-07-14,1390.0,0.001,1335.0,pacing,,False,False,294,summer
2026-09-23,cloud_9,2027-07-15,1445.0,0.001,1618.0,pacing,,False,False,295,summer
2026-09-23,cloud_9,2027-07-16,1905.0,0.001,2062.0,pacing,,False,False,296,summer
2026-09-23,cloud_9,2027-07-17,2025.0,0.001,2197.0,pacing,,False,False,297,summer
2026-09-23,cloud_9,2027-07-18,1690.0,0.001,1805.0,pacing,,False,False,298,summer
2026-09-23,cloud_9,2027-07-19,1420.0,0.001,1605.0,pacing,,False,False,299,summer
2026-09-23,cloud_9,2027-07-20,1395.0,0.001,1562.0,pacing,,False,False,300,summer
2026-09-23,cloud_9,2027-07-21,1355.0,0.001,1365.0,pacing,,False,False,301,summer
2026-09-23,cloud_9,2027-07-22,1360.0,0.001,1552.0,pacing,,False,False,302,summer
2026-09-23,cloud_9,2027-07-23,1750.0,0.001,1952.0,pacing,,False,False,303,summer
2026-09-23,cloud_9,2027-07-24,1795.0,0.001,2051.0,pacing,,False,False,304,summer
2026-09-23,cloud_9,2027-07-25,1495.0,0.001,1751.0,pacing,,False,False,305,summer
2026-09-23,cloud_9,2027-07-26,1265.0,0.001,1476.0,pacing,,False,False,306,summer
2026-09-23,cloud_9,2027-07-27,1260.0,0.001,1476.0,pacing,,False,False,307,summer
2026-09-23,cloud_9,2027-07-28,1245.0,0.001,1476.0,pacing,,False,False,308,summer
2026-09-23,cloud_9,2027-07-29,1440.0,0.001,1679.0,pacing,,False,False,309,summer
2026-09-23,cloud_9,2027-07-30,1795.0,0.001,2024.0,pacing,,False,False,310,summer
2026-09-23,cloud_9,2027-07-31,1590.0,0.001,1803.0,pacing,,False,False,311,summer
2026-09-23,cloud_9,2027-08-01,1230.0,0.001,1449.0,pacing,,False,False,312,summer
2026-09-23,cloud_9,2027-08-02,1040.0,0.001,1224.0,pacing,,False,False,313,summer
2026-09-23,cloud_9,2027-08-03,965.0,0.0020898453134363254,1134.0,pacing,,False,False,314,summer
2026-09-23,cloud_9,2027-08-04,955.0,0.0027647633489788176,1123.0,pacing,,False,False,315,summer
2026-09-23,cloud_9,2027-08-05,1135.0,0.001,1334.0,pacing,,False,False,316,summer
2026-09-23,cloud_9,2027-08-06,1340.0,0.003765417162309029,1572.0,pacing,,False,False,317,summer
2026-09-23,cloud_9,2027-08-07,1280.0,0.0065139306615432935,1514.0,pacing,,False,False,318,summer
2026-09-23,cloud_9,2027-08-08,995.0,0.001,1176.0,pacing,,False,False,319,summer
2026-09-23,cloud_9,2027-08-09,910.0,0.005631635549913704,1088.0,pacing,,False,False,320,summer
2026-09-23,cloud_9,2027-08-10,885.0,0.007104988071115347,1212.0,pacing,,False,False,321,summer
2026-09-23,cloud_9,2027-08-11,875.0,0.007714320313025355,1045.0,pacing,,False,False,322,summer
2026-09-23,cloud_9,2027-08-12,1010.0,0.001,1204.0,pacing,,False,False,323,summer
2026-09-23,cloud_9,2027-08-13,1160.0,0.011709274402462845,1375.0,pacing,,False,False,324,summer
2026-09-23,cloud_9,2027-08-14,1090.0,0.014678268331866537,1294.0,pacing,,False,False,325,summer
2026-09-23,cloud_9,2027-08-15,880.0,0.007535517344075434,1041.0,pacing,,False,False,326,summer
2026-09-23,cloud_9,2027-08-16,795.0,0.012322121905725307,1074.0,pacing,,False,False,327,summer
2026-09-23,cloud_9,2027-08-17,880.0,0.007604899416705186,1048.0,pacing,,False,False,328,summer
2026-09-23,cloud_9,2027-08-18,870.0,0.00819218401439212,887.0,pacing,,False,False,329,summer
2026-09-23,cloud_9,2027-08-19,910.0,0.006010858888714367,1073.0,pacing,,False,False,330,summer
2026-09-23,cloud_9,2027-08-20,1145.0,0.012416789814106636,1350.0,pacing,,False,False,331,summer
2026-09-23,cloud_9,2027-08-21,1130.0,0.013109476830342113,1334.0,pacing,,False,False,332,summer
2026-09-23,cloud_9,2027-08-22,890.0,0.007152060162283945,1074.0,pacing,,False,False,333,summer
2026-09-23,cloud_9,2027-08-23,850.0,0.00937979201651071,850.0,pacing,,False,False,334,summer
2026-09-23,cloud_9,2027-08-24,845.0,0.00967422351040245,850.0,pacing,,False,False,335,summer
2026-09-23,cloud_9,2027-08-25,855.0,0.009145414806099648,1007.0,pacing,,False,False,336,summer
2026-09-23,cloud_9,2027-08-26,865.0,0.008619296256717405,1017.0,pacing,,False,False,337,summer
2026-09-23,cloud_9,2027-08-27,1055.0,0.016214183185255034,1239.0,pacing,,False,False,338,summer
2026-09-23,cloud_9,2027-08-28,1030.0,0.017174187575359455,1213.0,pacing,,False,False,339,summer
2026-09-23,cloud_9,2027-08-29,795.0,0.012423553919507533,907.0,pacing,,False,False,340,summer
2026-09-23,cloud_9,2027-08-30,770.0,0.013771869663175495,850.0,pacing,,False,False,341,summer
2026-09-23,cloud_9,2027-08-31,770.0,0.013750160931147127,850.0,pacing,,False,False,342,summer
2026-09-23,cloud_9,2027-09-01,770.0,0.013726196333817612,850.0,pacing,,False,False,343,summer
2026-09-23,cloud_9,2027-09-02,795.0,0.012366337759871657,938.0,pacing,,False,False,344,summer
2026-09-23,cloud_9,2027-09-03,1295.0,0.006546580165930329,1495.0,pacing,,False,False,345,summer
2026-09-23,cloud_9,2027-09-04,1295.0,0.006630607945834204,1495.0,pacing,,False,False,346,summer
2026-09-23,cloud_9,2027-09-05,1240.0,0.001,1435.0,pacing,,False,False,347,summer
2026-09-23,cloud_9,2027-09-06,770.0,0.013742164721274278,850.0,pacing,,False,False,348,summer
2026-09-23,cloud_9,2027-09-07,785.0,0.012924648336905762,870.0,pacing,,False,False,349,summer
2026-09-23,cloud_9,2027-09-08,785.0,0.012911485392060619,850.0,pacing,,False,False,350,summer
2026-09-23,cloud_9,2027-09-09,835.0,0.010268258085241795,961.0,pacing,,False,False,351,summer
2026-09-23,cloud_9,2027-09-10,970.0,0.019452869188609972,1122.0,pacing,,False,False,352,summer
2026-09-23,cloud_9,2027-09-11,930.0,0.02091110824016209,1075.0,pacing,,False,False,353,summer
2026-09-23,cloud_9,2027-09-12,795.0,0.012371819713055524,892.0,pacing,,False,False,354,summer
2026-09-23,cloud_9,2027-09-13,785.0,0.012891755096843635,862.0,pacing,,False,False,355,summer
2026-09-23,cloud_9,2027-09-14,780.0,0.013136614762702576,860.0,pacing,,False,False,356,summer
2026-09-23,cloud_9,2027-09-15,785.0,0.012859569853359853,861.0,pacing,,False,False,357,summer
2026-09-23,cloud_9,2027-09-16,845.0,0.001,970.0,pacing,,False,False,358,shoulder_fall
2026-09-23,cloud_9,2027-09-17,965.0,0.005087163176608825,1092.0,pacing,,False,False,359,shoulder_fall
2026-09-23,cloud_9,2027-09-18,895.0,0.009558686478341925,1063.0,pacing,,False,False,360,shoulder_fall
2026-09-23,cloud_9,2027-09-19,760.0,0.001,856.0,pacing,,False,False,361,shoulder_fall
2026-09-23,cloud_9,2027-09-20,750.0,0.001,850.0,pacing,,False,False,362,shoulder_fall
2026-09-23,cloud_9,2027-09-21,890.0,0.001,850.0,pacing,,False,False,363,shoulder_fall
2026-09-23,cloud_9,2027-09-22,750.0,0.001,,none,,False,False,364,shoulder_fall
2026-09-23,cloud_9,2027-09-23,790.0,0.001,,none,,False,False,365,shoulder_fall
2026-09-24,summit_haus,2026-09-28,335.0,0.995,368.0,pacing,,False,True,4,shoulder_fall
2026-09-24,summit_haus,2026-09-29,335.0,0.9169163491875473,325.0,pacing,,False,True,5,shoulder_fall
2026-09-24,summit_haus,2026-09-30,340.0,0.8669191243259684,337.0,pacing,,False,False,6,shoulder_fall
2026-09-24,summit_haus,2026-10-01,360.0,0.634807767259081,386.0,pacing,,False,False,7,shoulder_fall
2026-09-24,summit_haus,2026-10-12,405.0,0.014833148661751854,399.0,pacing,,False,False,18,shoulder_fall
2026-09-24,summit_haus,2026-10-13,405.0,0.014807973168562144,390.0,pacing,,False,False,19,shoulder_fall
2026-09-24,summit_haus,2026-10-14,425.0,0.013595663333571793,424.0,pacing,,False,False,20,shoulder_fall
2026-09-24,summit_haus,2026-10-15,435.0,0.012970468163573872,438.0,pacing,,False,False,21,shoulder_fall
2026-09-24,summit_haus,2026-10-20,335.0,0.025273952426945252,376.0,pacing,,False,False,26,shoulder_fall
2026-09-24,summit_haus,2026-10-21,335.0,0.026825198858888157,374.0,pacing,,False,False,27,shoulder_fall
2026-09-24,summit_haus,2026-10-26,405.0,0.024633167996370428,386.0,pacing,,False,False,32,shoulder_fall
2026-09-24,summit_haus,2026-10-27,405.0,0.024579756794813296,392.0,pacing,,False,False,33,shoulder_fall
2026-09-24,summit_haus,2026-10-28,410.0,0.0240404686524651,394.0,pacing,,False,False,34,shoulder_fall
2026-09-24,summit_haus,2026-10-29,420.0,0.023021519263479062,409.0,pacing,,False,False,35,shoulder_fall
2026-09-24,summit_haus,2026-11-02,365.0,0.02824238761961103,338.0,pacing,,False,False,39,shoulder_fall
2026-09-24,summit_haus,2026-11-03,365.0,0.02816452497055662,341.0,pacing,,False,False,40,shoulder_fall
2026-09-24,summit_haus,2026-11-04,370.0,0.027609270210032337,347.0,pacing,,False,False,41,shoulder_fall
2026-09-24,summit_haus,2026-11-05,395.0,0.02515265680107541,379.0,pacing,,False,False,42,shoulder_fall
2026-09-24,summit_haus,2026-11-08,390.0,0.025566715151578264,374.0,pacing,,False,False,45,shoulder_fall
2026-09-24,summit_haus,2026-11-09,360.0,0.028342502891044546,334.0,pacing,,False,False,46,shoulder_fall
2026-09-24,summit_haus,2026-11-10,390.0,0.02543404423274151,363.0,pacing,,False,False,47,shoulder_fall
2026-09-24,summit_haus,2026-11-11,395.0,0.02490040824196573,371.0,pacing,,False,False,48,shoulder_fall
2026-09-24,summit_haus,2026-11-12,410.0,0.023434051216025886,401.0,pacing,,False,False,49,shoulder_fall
2026-09-24,summit_haus,2026-11-13,490.0,0.9044548443141601,500.0,pacing,,False,False,50,shoulder_fall
2026-09-24,summit_haus,2026-11-14,490.0,0.8490292761275965,500.0,pacing,,False,False,51,shoulder_fall
2026-09-24,summit_haus,2026-11-15,395.0,0.02478371740631205,373.0,pacing,,False,False,52,shoulder_fall
2026-09-24,summit_haus,2026-11-16,365.0,0.027517387576028198,334.0,pacing,,False,False,53,shoulder_fall
2026-09-24,summit_haus,2026-11-17,420.0,0.040695198244225586,347.0,pacing,,False,False,54,shoulder_fall
2026-09-24,summit_haus,2026-11-23,680.0,0.0021376982105634013,699.0,pacing,,False,False,60,early_winter
2026-09-24,summit_haus,2026-11-24,780.0,0.001,814.0,pacing,,False,False,61,early_winter
2026-09-24,summit_haus,2026-11-25,980.0,0.001,1038.0,pacing,,False,False,62,early_winter
2026-09-24,summit_haus,2026-11-26,1025.0,0.001,1085.0,pacing,,False,False,63,early_winter
2026-09-24,summit_haus,2026-11-27,1070.0,0.001,1131.0,pacing,,False,False,64,early_winter
2026-09-24,summit_haus,2026-11-28,910.0,0.023312373485698604,1067.0,pacing,,False,False,65,early_winter
2026-09-24,summit_haus,2026-12-03,570.0,0.049421306547378155,614.0,pacing,,False,False,70,early_winter
2026-09-24,summit_haus,2026-12-04,720.0,0.12508580387685292,794.0,pacing,,False,False,71,early_winter
2026-09-24,summit_haus,2026-12-05,710.0,0.07414748890304416,758.0,pacing,,False,False,72,early_winter
2026-09-24,summit_haus,2026-12-06,610.0,0.040456752607156206,645.0,pacing,,False,False,73,early_winter
2026-09-24,summit_haus,2026-12-07,575.0,0.04842914920696507,611.0,pacing,,False,False,74,early_winter
2026-09-24,summit_haus,2026-12-08,550.0,0.053894043578253024,593.0,pacing,,False,False,75,early_winter
2026-09-24,summit_haus,2026-12-09,555.0,0.052689767318467494,602.0,pacing,,False,False,76,early_winter
2026-09-24,summit_haus,2026-12-10,650.0,0.03231780221116426,777.0,pacing,,False,False,77,early_winter
2026-09-24,summit_haus,2026-12-11,895.0,0.07124408810526912,1041.0,pacing,,False,False,78,early_winter
2026-09-24,summit_haus,2026-12-12,1000.0,0.04479508383598032,1142.0,pacing,,False,False,79,early_winter
2026-09-24,summit_haus,2026-12-13,705.0,0.021186631477040647,799.0,pacing,,False,False,80,early_winter
2026-09-24,summit_haus,2026-12-14,645.0,0.034397639216342764,731.0,pacing,,False,False,81,early_winter
2026-09-24,summit_haus,2026-12-15,680.0,0.0056097765363128495,776.0,pacing,,False,False,82,peak_ski
2026-09-24,summit_haus,2026-12-16,740.0,0.004541314521984799,854.0,pacing,,False,False,83,peak_ski
2026-09-24,summit_haus,2026-12-17,945.0,0.001,1078.0,pacing,,False,False,84,peak_ski
2026-09-24,summit_haus,2026-12-18,1455.0,0.001,1609.0,pacing,,False,False,85,peak_ski
2026-09-24,summit_haus,2026-12-19,2075.0,0.001,2242.0,pacing,,False,False,86,peak_ski
2026-09-24,summit_haus,2026-12-20,2325.0,0.001,2519.0,pacing,,False,False,87,peak_ski
2026-09-24,summit_haus,2026-12-21,2645.0,0.001,2697.0,pacing,,False,False,88,peak_ski
2026-09-24,summit_haus,2026-12-22,2675.0,0.001,2724.0,pacing,,False,False,89,peak_ski
2026-09-24,summit_haus,2026-12-23,2695.0,0.001,2871.0,pacing,,False,False,90,peak_ski
2026-09-24,summit_haus,2026-12-24,2805.0,0.001,2970.0,pacing,,False,False,91,peak_ski
2026-09-24,summit_haus,2026-12-25,2875.0,0.001,2964.0,pacing,,False,False,92,peak_ski
2026-09-24,summit_haus,2026-12-26,2890.0,0.001,2986.0,pacing,,False,False,93,peak_ski
2026-09-24,summit_haus,2027-01-02,3435.0,0.001,3428.0,pacing,,False,False,100,peak_ski
2026-09-24,summit_haus,2027-01-03,1790.0,0.0873566836049055,1883.0,pacing,,False,False,101,peak_ski
2026-09-24,summit_haus,2027-01-04,1865.0,0.0821441911531247,1709.0,pacing,,False,False,102,peak_ski
2026-09-24,summit_haus,2027-01-05,1780.0,0.09930558957726962,1259.0,pacing,,False,False,103,peak_ski
2026-09-24,summit_haus,2027-01-06,1435.0,0.14704707434225922,1222.0,pacing,,False,False,104,peak_ski
2026-09-24,summit_haus,2027-01-07,1135.0,0.001,1262.0,pacing,,False,False,105,peak_ski
2026-09-24,summit_haus,2027-01-08,1505.0,0.001,1653.0,pacing,,False,False,106,peak_ski
2026-09-24,summit_haus,2027-01-09,1350.0,0.001943555052080559,1530.0,pacing,,False,False,107,peak_ski
2026-09-24,summit_haus,2027-01-10,1240.0,0.001,1403.0,pacing,,False,False,108,peak_ski
2026-09-24,summit_haus,2027-01-11,925.0,0.0013967855084049518,1068.0,pacing,,False,False,109,peak_ski
2026-09-24,summit_haus,2027-01-12,1150.0,0.18292733958750146,1002.0,pacing,,False,False,110,peak_ski
2026-09-24,summit_haus,2027-01-13,1460.0,0.13511658205178376,1291.0,pacing,,False,False,111,peak_ski
2026-09-24,summit_haus,2027-01-14,1420.0,0.001,1647.0,pacing,,False,False,112,peak_ski
2026-09-24,summit_haus,2027-01-15,1855.0,0.001,2429.0,pacing,,False,False,113,peak_ski
2026-09-24,summit_haus,2027-01-16,1855.0,0.001,2353.0,pacing,,False,False,114,peak_ski
2026-09-24,summit_haus,2027-01-17,1855.0,0.001,2277.0,pacing,,False,False,115,peak_ski
2026-09-24,summit_haus,2027-01-18,1075.0,0.001,1245.0,pacing,,False,False,116,peak_ski
2026-09-24,summit_haus,2027-01-19,1330.0,0.14894412266122525,1133.0,pacing,,False,False,117,peak_ski
2026-09-24,summit_haus,2027-01-20,1305.0,0.14817533899417432,1154.0,pacing,,False,False,118,peak_ski
2026-09-24,summit_haus,2027-01-21,1285.0,0.001,1467.0,pacing,,False,False,119,peak_ski
2026-09-24,summit_haus,2027-01-22,1855.0,0.001,2165.0,pacing,,False,False,120,peak_ski
2026-09-24,summit_haus,2027-01-23,1855.0,0.021816444174757265,2237.0,pacing,,False,False,121,peak_ski
2026-09-24,summit_haus,2027-01-24,1420.0,0.001,1637.0,pacing,,False,False,122,peak_ski
2026-09-24,summit_haus,2027-01-25,1375.0,0.001,1583.0,pacing,,False,False,123,peak_ski
2026-09-24,summit_haus,2027-01-26,1410.0,0.001,1640.0,pacing,,False,False,124,peak_ski
2026-09-24,summit_haus,2027-01-27,1445.0,0.001,1658.0,pacing,,False,False,125,peak_ski
2026-09-24,summit_haus,2027-02-02,1115.0,0.001,1282.0,pacing,,False,False,131,peak_ski
2026-09-24,summit_haus,2027-02-03,1160.0,0.001,1336.0,pacing,,False,False,132,peak_ski
2026-09-24,summit_haus,2027-02-04,1795.0,0.001,1994.0,pacing,,False,False,133,peak_ski
2026-09-24,summit_haus,2027-02-05,1855.0,0.001,2714.0,pacing,,False,False,134,peak_ski
2026-09-24,summit_haus,2027-02-06,1855.0,0.001,2835.0,pacing,,False,False,135,peak_ski
2026-09-24,summit_haus,2027-02-07,1800.0,0.001,2034.0,pacing,,False,False,136,peak_ski
2026-09-24,summit_haus,2027-02-08,1785.0,0.001,2013.0,pacing,,False,False,137,peak_ski
2026-09-24,summit_haus,2027-02-09,1785.0,0.001,2000.0,pacing,,False,False,138,peak_ski
2026-09-24,summit_haus,2027-02-10,1795.0,0.001,2037.0,pacing,,False,False,139,peak_ski
2026-09-24,summit_haus,2027-02-11,1855.0,0.001,2479.0,pacing,,False,False,140,peak_ski
2026-09-24,summit_haus,2027-02-12,1855.0,0.001,3795.0,pacing,,False,False,141,peak_ski
2026-09-24,summit_haus,2027-02-13,1855.0,0.001,3747.0,pacing,,False,False,142,peak_ski
2026-09-24,summit_haus,2027-02-14,1855.0,0.001,3726.0,pacing,,False,False,143,peak_ski
2026-09-24,summit_haus,2027-02-15,1855.0,0.001,2225.0,pacing,,False,False,144,peak_ski
2026-09-24,summit_haus,2027-02-16,1855.0,0.001,2062.0,pacing,,False,False,145,peak_ski
2026-09-24,summit_haus,2027-02-17,1855.0,0.001,2076.0,pacing,,False,False,146,peak_ski
2026-09-24,summit_haus,2027-02-18,1855.0,0.001,2465.0,pacing,,False,False,147,peak_ski
2026-09-24,summit_haus,2027-02-19,1855.0,0.0010627122524596068,3280.0,pacing,,False,False,148,peak_ski
2026-09-24,summit_haus,2027-02-20,1855.0,0.0014725333627614017,3096.0,pacing,,False,False,149,peak_ski
2026-09-24,summit_haus,2027-02-21,1855.0,0.001,2175.0,pacing,,False,False,150,peak_ski
2026-09-24,summit_haus,2027-02-22,1550.0,0.001,1774.0,pacing,,False,False,151,peak_ski
2026-09-24,summit_haus,2027-02-23,1380.0,0.001,1615.0,pacing,,False,False,152,peak_ski
2026-09-24,summit_haus,2027-02-24,1475.0,0.001,1702.0,pacing,,False,False,153,peak_ski
2026-09-24,summit_haus,2027-02-25,1855.0,0.001,2423.0,pacing,,False,False,154,peak_ski
2026-09-24,summit_haus,2027-02-26,1855.0,0.0018299064941398788,2943.0,pacing,,False,False,155,peak_ski
2026-09-24,summit_haus,2027-02-27,1855.0,0.00215589436075987,2953.0,pacing,,False,False,156,peak_ski
2026-09-24,summit_haus,2027-02-28,1810.0,0.001,2000.0,pacing,,False,False,157,peak_ski
2026-09-24,summit_haus,2027-03-01,1385.0,0.001,1621.0,pacing,,False,False,158,peak_ski
2026-09-24,summit_haus,2027-03-02,1385.0,0.001,1631.0,pacing,,False,False,159,peak_ski
2026-09-24,summit_haus,2027-03-03,1400.0,0.001,1648.0,pacing,,False,False,160,peak_ski
2026-09-24,summit_haus,2027-03-04,1780.0,0.001,2022.0,pacing,,False,False,161,peak_ski
2026-09-24,summit_haus,2027-03-05,1855.0,0.002451165045549243,2630.0,pacing,,False,False,162,peak_ski
2026-09-24,summit_haus,2027-03-06,1855.0,0.0026803988274805104,2867.0,pacing,,False,False,163,peak_ski
2026-09-24,summit_haus,2027-03-07,1855.0,0.001,2450.0,pacing,,False,False,164,peak_ski
2026-09-24,summit_haus,2027-03-08,1855.0,0.001,2328.0,pacing,,False,False,165,peak_ski
2026-09-24,summit_haus,2027-03-09,1855.0,0.001,2259.0,pacing,,False,False,166,peak_ski
2026-09-24,summit_haus,2027-03-10,1855.0,0.001,2292.0,pacing,,False,False,167,peak_ski
2026-09-24,summit_haus,2027-03-11,1855.0,0.001,2457.0,pacing,,False,False,168,peak_ski
2026-09-24,summit_haus,2027-03-12,1855.0,0.002929874514560713,2895.0,pacing,,False,False,169,peak_ski
2026-09-24,summit_haus,2027-03-13,1855.0,0.0031745855513412346,2951.0,pacing,,False,False,170,peak_ski
2026-09-24,summit_haus,2027-03-14,1855.0,0.001,2974.0,pacing,,False,False,171,peak_ski
2026-09-24,summit_haus,2027-03-15,1855.0,0.001,2857.0,pacing,,False,False,172,peak_ski
2026-09-24,summit_haus,2027-03-16,1855.0,0.001,2862.0,pacing,,False,False,173,peak_ski
2026-09-24,summit_haus,2027-03-17,1855.0,0.001,2865.0,pacing,,False,False,174,peak_ski
2026-09-24,summit_haus,2027-03-18,1855.0,0.001,2862.0,pacing,,False,False,175,peak_ski
2026-09-24,summit_haus,2027-03-19,1855.0,0.0034129611644877563,2729.0,pacing,,False,False,176,peak_ski
2026-09-24,summit_haus,2027-03-20,1855.0,0.0036018507936730927,2596.0,pacing,,False,False,177,peak_ski
2026-09-24,summit_haus,2027-03-21,1580.0,0.001,1843.0,pacing,,False,False,178,peak_ski
2026-09-24,summit_haus,2027-03-22,1855.0,0.001,2137.0,pacing,,False,False,179,peak_ski
2026-09-24,summit_haus,2027-03-23,1850.0,0.001,2162.0,pacing,,False,False,180,peak_ski
2026-09-24,summit_haus,2027-03-24,1275.0,0.0026926402166005327,1358.0,pacing,,False,False,181,peak_ski
2026-09-24,summit_haus,2027-03-25,1355.0,0.0018644375704786975,1612.0,pacing,,False,False,182,peak_ski
2026-09-24,summit_haus,2027-03-26,1535.0,0.007375858866882059,1778.0,pacing,,False,False,183,peak_ski
2026-09-24,summit_haus,2027-03-27,1380.0,0.009133444912155245,1591.0,pacing,,False,False,184,peak_ski
2026-09-24,summit_haus,2027-03-28,1120.0,0.0044377743694817414,1295.0,pacing,,False,False,185,peak_ski
2026-09-24,summit_haus,2027-03-29,905.0,0.006772925846600928,1012.0,pacing,,False,False,186,peak_ski
2026-09-24,summit_haus,2027-03-30,905.0,0.006784640685491921,917.0,pacing,,False,False,187,peak_ski
2026-09-24,summit_haus,2027-03-31,905.0,0.006793989756143215,911.0,pacing,,False,False,188,peak_ski
2026-09-24,summit_haus,2027-04-01,890.0,0.001,1022.0,pacing,,False,False,189,shoulder_spring
2026-09-24,summit_haus,2027-04-02,910.0,0.007532053398745226,1063.0,pacing,,False,False,190,shoulder_spring
2026-09-24,summit_haus,2027-04-03,850.0,0.010614737132283503,980.0,pacing,,False,False,191,shoulder_spring
2026-09-24,summit_haus,2027-04-04,680.0,0.0017000461126463345,788.0,pacing,,False,False,192,shoulder_spring
2026-09-24,summit_haus,2027-04-05,575.0,0.005775691701789601,633.0,pacing,,False,False,193,shoulder_spring
2026-09-24,summit_haus,2027-04-06,535.0,0.007302865799362722,588.0,pacing,,False,False,194,shoulder_spring
2026-09-24,summit_haus,2027-04-07,545.0,0.006922227913929672,599.0,pacing,,False,False,195,shoulder_spring
2026-09-24,summit_haus,2027-04-08,595.0,0.00505012286625929,664.0,pacing,,False,False,196,shoulder_spring
2026-09-24,summit_haus,2027-04-09,620.0,0.021652015105553153,705.0,pacing,,False,False,197,shoulder_spring
2026-09-24,summit_haus,2027-04-10,620.0,0.02142762631880834,681.0,pacing,,False,False,198,shoulder_spring
2026-09-24,summit_haus,2027-04-11,545.0,0.00692885355345074,599.0,pacing,,False,False,199,shoulder_spring
2026-09-24,summit_haus,2027-04-12,520.0,0.007850858566691207,563.0,pacing,,False,False,200,shoulder_spring
2026-09-24,summit_haus,2027-04-13,495.0,0.008778522207644985,531.0,pacing,,False,False,201,shoulder_spring
2026-09-24,summit_haus,2027-04-14,505.0,0.00843177340026238,541.0,pacing,,False,False,202,shoulder_spring
2026-09-24,summit_haus,2027-04-15,525.0,0.007719513761075203,575.0,pacing,,False,False,203,shoulder_spring
2026-09-24,summit_haus,2027-04-16,615.0,0.02143130913390812,641.0,pacing,,False,False,204,shoulder_spring
2026-09-24,summit_haus,2027-04-17,600.0,0.021887163569861628,617.0,pacing,,False,False,205,shoulder_spring
2026-09-24,summit_haus,2027-04-18,525.0,0.007745300420215388,563.0,pacing,,False,False,206,shoulder_spring
2026-09-24,summit_haus,2027-04-19,480.0,0.009418299840518304,504.0,pacing,,False,False,207,shoulder_spring
2026-09-24,summit_haus,2027-04-20,470.0,0.009801687346141001,489.0,pacing,,False,False,208,shoulder_spring
2026-09-24,summit_haus,2027-04-21,480.0,0.009451699260848597,500.0,pacing,,False,False,209,shoulder_spring
2026-09-24,summit_haus,2027-04-22,515.0,0.008190287422981115,551.0,pacing,,False,False,210,shoulder_spring
2026-09-24,summit_haus,2027-04-23,620.0,0.020731135918432952,639.0,pacing,,False,False,211,shoulder_spring
2026-09-24,summit_haus,2027-04-24,615.0,0.02073962783768491,623.0,pacing,,False,False,212,shoulder_spring
2026-09-24,summit_haus,2027-04-25,535.0,0.007482927588841255,575.0,pacing,,False,False,213,shoulder_spring
2026-09-24,summit_haus,2027-04-26,500.0,0.008783746389887331,529.0,pacing,,False,False,214,shoulder_spring
2026-09-24,summit_haus,2027-04-27,495.0,0.008984932419592667,528.0,pacing,,False,False,215,shoulder_spring
2026-09-24,summit_haus,2027-04-28,490.0,0.00918544123627491,517.0,pacing,,False,False,216,shoulder_spring
2026-09-24,summit_haus,2027-04-29,500.0,0.00883998344114827,528.0,pacing,,False,False,217,shoulder_spring
2026-09-24,summit_haus,2027-04-30,580.0,0.022077937135817436,579.0,pacing,,False,False,218,shoulder_spring
2026-09-24,summit_haus,2027-05-01,575.0,0.02205320340234924,566.0,pacing,,False,False,219,shoulder_spring
2026-09-24,summit_haus,2027-05-02,505.0,0.008677164571817978,531.0,pacing,,False,False,220,shoulder_spring
2026-09-24,summit_haus,2027-05-03,480.0,0.009602384801654816,499.0,pacing,,False,False,221,shoulder_spring
2026-09-24,summit_haus,2027-05-04,485.0,0.009436627004655973,512.0,pacing,,False,False,222,shoulder_spring
2026-09-24,summit_haus,2027-05-05,500.0,0.008909882387457766,527.0,pacing,,False,False,223,shoulder_spring
2026-09-24,summit_haus,2027-05-06,510.0,0.008566393140776665,546.0,pacing,,False,False,224,shoulder_spring
2026-09-24,summit_haus,2027-05-07,585.0,0.02137307433845998,594.0,pacing,,False,False,225,shoulder_spring
2026-09-24,summit_haus,2027-05-08,570.0,0.021789401752828008,579.0,pacing,,False,False,226,shoulder_spring
2026-09-24,summit_haus,2027-05-09,505.0,0.008766189668835118,536.0,pacing,,False,False,227,shoulder_spring
2026-09-24,summit_haus,2027-05-10,490.0,0.009325450308530945,522.0,pacing,,False,False,228,shoulder_spring
2026-09-24,summit_haus,2027-05-11,485.0,0.009521705830998824,518.0,pacing,,False,False,229,shoulder_spring
2026-09-24,summit_haus,2027-05-12,500.0,0.00899675265774101,538.0,pacing,,False,False,230,shoulder_spring
2026-09-24,summit_haus,2027-05-13,510.0,0.008654022373968773,556.0,pacing,,False,False,231,shoulder_spring
2026-09-24,summit_haus,2027-05-14,585.0,0.02091200928936662,594.0,pacing,,False,False,232,shoulder_spring
2026-09-24,summit_haus,2027-05-15,590.0,0.020479802513536302,599.0,pacing,,False,False,233,shoulder_spring
2026-09-24,summit_haus,2027-05-16,520.0,0.008312669570544712,555.0,pacing,,False,False,234,shoulder_spring
2026-09-24,summit_haus,2027-05-17,505.0,0.008870679128782892,538.0,pacing,,False,False,235,shoulder_spring
2026-09-24,summit_haus,2027-05-18,500.0,0.009066953003202411,530.0,pacing,,False,False,236,shoulder_spring
2026-09-24,summit_haus,2027-05-19,500.0,0.009082923649701159,538.0,pacing,,False,False,237,shoulder_spring
2026-09-24,summit_haus,2027-05-20,510.0,0.008741189194892899,544.0,pacing,,False,False,238,shoulder_spring
2026-09-24,summit_haus,2027-05-21,590.0,0.020268821346976988,597.0,pacing,,False,False,239,shoulder_spring
2026-09-24,summit_haus,2027-05-22,585.0,0.020267444202047326,592.0,pacing,,False,False,240,shoulder_spring
2026-09-24,summit_haus,2027-05-23,525.0,0.008222073743906252,561.0,pacing,,False,False,241,shoulder_spring
2026-09-24,summit_haus,2027-05-24,505.0,0.008955848660033376,537.0,pacing,,False,False,242,shoulder_spring
2026-09-24,summit_haus,2027-05-25,515.0,0.008615026909538057,554.0,pacing,,False,False,243,shoulder_spring
2026-09-24,summit_haus,2027-05-26,510.0,0.008810901509048695,546.0,pacing,,False,False,244,shoulder_spring
2026-09-24,summit_haus,2027-05-27,555.0,0.007224110587226749,603.0,pacing,,False,False,245,shoulder_spring
2026-09-24,summit_haus,2027-05-28,645.0,0.017592703191970753,747.0,pacing,,False,False,246,shoulder_spring
2026-09-24,summit_haus,2027-05-29,645.0,0.017459111415957417,750.0,pacing,,False,False,247,shoulder_spring
2026-09-24,summit_haus,2027-05-30,620.0,0.004933713389076736,719.0,pacing,,False,False,248,shoulder_spring
2026-09-24,summit_haus,2027-05-31,510.0,0.008882528971439716,557.0,pacing,,False,False,249,shoulder_spring
2026-09-24,summit_haus,2027-06-01,555.0,0.02078123578447656,595.0,pacing,,False,False,250,summer
2026-09-24,summit_haus,2027-06-02,545.0,0.0214252066784606,585.0,pacing,,False,False,251,summer
2026-09-24,summit_haus,2027-06-03,600.0,0.01773161563249019,647.0,pacing,,False,False,252,summer
2026-09-24,summit_haus,2027-06-04,725.0,0.02748779259811213,762.0,pacing,,False,False,253,summer
2026-09-24,summit_haus,2027-06-05,695.0,0.02889944962944542,770.0,pacing,,False,False,254,summer
2026-09-24,summit_haus,2027-06-06,620.0,0.01639959373621356,681.0,pacing,,False,False,255,summer
2026-09-24,summit_haus,2027-06-07,585.0,0.018714460204515875,734.0,pacing,,False,False,256,summer
2026-09-24,summit_haus,2027-06-08,570.0,0.019688069453184184,622.0,pacing,,False,False,257,summer
2026-09-24,summit_haus,2027-06-09,610.0,0.017047226505465807,665.0,pacing,,False,False,258,summer
2026-09-24,summit_haus,2027-06-10,745.0,0.0025841258205815463,865.0,pacing,,False,False,259,summer
2026-09-24,summit_haus,2027-06-11,840.0,0.01842183222425902,991.0,pacing,,False,False,260,summer
2026-09-24,summit_haus,2027-06-12,855.0,0.01749323124388875,996.0,pacing,,False,False,261,summer
2026-09-24,summit_haus,2027-06-20,940.0,0.001,1078.0,pacing,,False,False,269,summer
2026-09-24,summit_haus,2027-06-21,910.0,0.001,1020.0,pacing,,False,False,270,summer
2026-09-24,summit_haus,2027-06-22,810.0,0.001,1031.0,pacing,,False,False,271,summer
2026-09-24,summit_haus,2027-06-23,875.0,0.001,975.0,pacing,,False,False,272,summer
2026-09-24,summit_haus,2027-06-24,1080.0,0.001,1193.0,pacing,,False,False,273,summer
2026-09-24,summit_haus,2027-06-25,1315.0,0.001,1468.0,pacing,,False,False,274,summer
2026-09-24,summit_haus,2027-06-26,1250.0,0.001847911061123918,1380.0,pacing,,False,False,275,summer
2026-09-24,summit_haus,2027-06-27,1080.0,0.001,1188.0,pacing,,False,False,276,summer
2026-09-24,summit_haus,2027-06-28,965.0,0.001,1037.0,pacing,,False,False,277,summer
2026-09-24,summit_haus,2027-06-29,930.0,0.001,1014.0,pacing,,False,False,278,summer
2026-09-24,summit_haus,2027-06-30,1110.0,0.001,1202.0,pacing,,False,False,279,summer
2026-09-24,summit_haus,2027-07-01,1175.0,0.001,1280.0,pacing,,False,False,280,summer
2026-09-24,summit_haus,2027-07-02,1855.0,0.001,2039.0,pacing,,False,False,281,summer
2026-09-24,summit_haus,2027-07-03,1855.0,0.001,2084.0,pacing,,False,False,282,summer
2026-09-24,summit_haus,2027-07-04,1855.0,0.001,2010.0,pacing,,False,False,283,summer
2026-09-24,summit_haus,2027-07-05,970.0,0.001,1081.0,pacing,,False,False,284,summer
2026-09-24,summit_haus,2027-07-06,960.0,0.001,1055.0,pacing,,False,False,285,summer
2026-09-24,summit_haus,2027-07-07,1035.0,0.001,1139.0,pacing,,False,False,286,summer
2026-09-24,summit_haus,2027-07-08,1355.0,0.001,1484.0,pacing,,False,False,287,summer
2026-09-24,summit_haus,2027-07-09,1855.0,0.001,2054.0,pacing,,False,False,288,summer
2026-09-24,summit_haus,2027-07-10,1855.0,0.001,2122.0,pacing,,False,False,289,summer
2026-09-24,summit_haus,2027-07-11,1370.0,0.001,1464.0,pacing,,False,False,290,summer
2026-09-24,summit_haus,2027-07-12,1380.0,0.001,1450.0,pacing,,False,False,291,summer
2026-09-24,summit_haus,2027-07-13,1360.0,0.001,1428.0,pacing,,False,False,292,summer
2026-09-24,summit_haus,2027-07-14,1355.0,0.001,1444.0,pacing,,False,False,293,summer
2026-09-24,summit_haus,2027-07-15,1425.0,0.001,1523.0,pacing,,False,False,294,summer
2026-09-24,summit_haus,2027-07-16,1820.0,0.001,1911.0,pacing,,False,False,295,summer
2026-09-24,summit_haus,2027-07-17,1825.0,0.001,1968.0,pacing,,False,False,296,summer
2026-09-24,summit_haus,2027-07-18,1505.0,0.001,1631.0,pacing,,False,False,297,summer
2026-09-24,summit_haus,2027-07-19,1310.0,0.001,1445.0,pacing,,False,False,298,summer
2026-09-24,summit_haus,2027-07-20,1295.0,0.001,1427.0,pacing,,False,False,299,summer
2026-09-24,summit_haus,2027-07-21,1275.0,0.001,1235.0,pacing,,False,False,300,summer
2026-09-24,summit_haus,2027-07-22,1300.0,0.001,1441.0,pacing,,False,False,301,summer
2026-09-24,summit_haus,2027-07-23,1630.0,0.001,1788.0,pacing,,False,False,302,summer
2026-09-24,summit_haus,2027-07-24,1630.0,0.001,1815.0,pacing,,False,False,303,summer
2026-09-24,summit_haus,2027-07-25,1310.0,0.001,1486.0,pacing,,False,False,304,summer
2026-09-24,summit_haus,2027-07-26,1150.0,0.001,1284.0,pacing,,False,False,305,summer
2026-09-24,summit_haus,2027-07-27,1150.0,0.001,1284.0,pacing,,False,False,306,summer
2026-09-24,summit_haus,2027-07-28,1120.0,0.001,1269.0,pacing,,False,False,307,summer
2026-09-24,summit_haus,2027-07-29,1245.0,0.001,1400.0,pacing,,False,False,308,summer
2026-09-24,summit_haus,2027-07-30,1500.0,0.001,1676.0,pacing,,False,False,309,summer
2026-09-24,summit_haus,2027-07-31,1375.0,0.001921322837119745,1523.0,pacing,,False,False,310,summer
2026-09-24,summit_haus,2027-08-01,1050.0,0.001,1192.0,pacing,,False,False,311,summer
2026-09-24,summit_haus,2027-08-02,895.0,0.006061907395180804,1015.0,pacing,,False,False,312,summer
2026-09-24,summit_haus,2027-08-03,870.0,0.00760233215447936,991.0,pacing,,False,False,313,summer
2026-09-24,summit_haus,2027-08-04,865.0,0.007963678953209378,989.0,pacing,,False,False,314,summer
2026-09-24,summit_haus,2027-08-05,990.0,0.001,1134.0,pacing,,False,False,315,summer
2026-09-24,summit_haus,2027-08-06,1115.0,0.013424988740368638,1300.0,pacing,,False,False,316,summer
2026-09-24,summit_haus,2027-08-07,1085.0,0.014797727249844402,1260.0,pacing,,False,False,317,summer
2026-09-24,summit_haus,2027-08-08,845.0,0.00927402499786635,979.0,pacing,,False,False,318,summer
2026-09-24,summit_haus,2027-08-09,745.0,0.015031567449914896,872.0,pacing,,False,False,319,summer
2026-09-24,summit_haus,2027-08-10,730.0,0.015900204137845132,849.0,pacing,,False,False,320,summer
2026-09-24,summit_haus,2027-08-11,735.0,0.015627673041998896,850.0,pacing,,False,False,321,summer
2026-09-24,summit_haus,2027-08-12,810.0,0.011415032655557263,941.0,pacing,,False,False,322,summer
2026-09-24,summit_haus,2027-08-13,1025.0,0.017386457794461338,1202.0,pacing,,False,False,323,summer
2026-09-24,summit_haus,2027-08-14,1025.0,0.01738675826016315,1202.0,pacing,,False,False,324,summer
2026-09-24,summit_haus,2027-08-15,720.0,0.01650633237242536,905.0,pacing,,False,False,325,summer
2026-09-24,summit_haus,2027-08-16,720.0,0.016511287077569402,839.0,pacing,,False,False,326,summer
2026-09-24,summit_haus,2027-08-17,685.0,0.01845740536614172,801.0,pacing,,False,False,327,summer
2026-09-24,summit_haus,2027-08-18,680.0,0.0187277767240709,794.0,pacing,,False,False,328,summer
2026-09-24,summit_haus,2027-08-19,690.0,0.018165931635002294,802.0,pacing,,False,False,329,summer
2026-09-24,summit_haus,2027-08-20,1445.0,0.001,1694.0,pacing,,False,False,330,summer
2026-09-24,summit_haus,2027-08-21,1450.0,0.001,1698.0,pacing,,False,False,331,summer
2026-09-24,summit_haus,2027-08-22,685.0,0.018436710987963924,809.0,pacing,,False,False,332,summer
2026-09-24,summit_haus,2027-08-23,670.0,0.019252306648308445,783.0,pacing,,False,False,333,summer
2026-09-24,summit_haus,2027-08-24,665.0,0.01951192731747542,625.0,pacing,,False,False,334,summer
2026-09-24,summit_haus,2027-08-25,670.0,0.019221720207286106,735.0,pacing,,False,False,335,summer
2026-09-24,summit_haus,2027-08-26,665.0,0.01947553274856759,721.0,pacing,,False,False,336,summer
2026-09-24,summit_haus,2027-08-27,850.0,0.024517787899319972,995.0,pacing,,False,False,337,summer
2026-09-24,summit_haus,2027-08-28,860.0,0.024007115581131142,1008.0,pacing,,False,False,338,summer
2026-09-24,summit_haus,2027-08-29,655.0,0.01999727535678993,682.0,pacing,,False,False,339,summer
2026-09-24,summit_haus,2027-08-30,575.0,0.024286489880811224,590.0,pacing,,False,False,340,summer
2026-09-24,summit_haus,2027-08-31,555.0,0.025310279317353784,564.0,pacing,,False,False,341,summer
2026-09-24,summit_haus,2027-09-01,565.0,0.024718029600762075,569.0,pacing,,False,False,342,summer
2026-09-24,summit_haus,2027-09-02,645.0,0.020386721552215967,670.0,pacing,,False,False,343,summer
2026-09-24,summit_haus,2027-09-03,915.0,0.021704954538545793,1033.0,pacing,,False,False,344,summer
2026-09-24,summit_haus,2027-09-04,915.0,0.02165741235014903,1033.0,pacing,,False,False,345,summer
2026-09-24,summit_haus,2027-09-05,875.0,0.008097047086665117,990.0,pacing,,False,False,346,summer
2026-09-24,summit_haus,2027-09-06,560.0,0.0248852107063813,558.0,pacing,,False,False,347,summer
2026-09-24,summit_haus,2027-09-07,620.0,0.021655816095180868,624.0,pacing,,False,False,348,summer
2026-09-24,summit_haus,2027-09-08,620.0,0.0216169427357391,563.0,pacing,,False,False,349,summer
2026-09-24,summit_haus,2027-09-09,665.0,0.019211131559870954,669.0,pacing,,False,False,350,summer
2026-09-24,summit_haus,2027-09-10,715.0,0.029449839420752418,768.0,pacing,,False,False,351,summer
2026-09-24,summit_haus,2027-09-11,695.0,0.030061979170717595,753.0,pacing,,False,False,352,summer
2026-09-24,summit_haus,2027-09-12,630.0,0.021023960250846546,618.0,pacing,,False,False,353,summer
2026-09-24,summit_haus,2027-09-13,600.0,0.022562228476945827,610.0,pacing,,False,False,354,summer
2026-09-24,summit_haus,2027-09-14,595.0,0.022779499899665476,607.0,pacing,,False,False,355,summer
2026-09-24,summit_haus,2027-09-15,600.0,0.022475177884444128,607.0,pacing,,False,False,356,summer
2026-09-24,summit_haus,2027-09-16,620.0,0.00731324004349718,659.0,pacing,,False,False,357,shoulder_fall
2026-09-24,summit_haus,2027-09-17,690.0,0.022432691369961413,746.0,pacing,,False,False,358,shoulder_fall
2026-09-24,summit_haus,2027-09-18,645.0,0.02512600102184435,724.0,pacing,,False,False,359,shoulder_fall
2026-09-24,summit_haus,2027-09-19,560.0,0.01162019144901036,616.0,pacing,,False,False,360,shoulder_fall
2026-09-24,summit_haus,2027-09-20,505.0,0.015501170587090095,530.0,pacing,,False,False,361,shoulder_fall
2026-09-24,summit_haus,2027-09-21,500.0,0.01582953491619964,526.0,pacing,,False,False,362,shoulder_fall
2026-09-24,summit_haus,2027-09-22,510.0,0.015122965974467967,,none,,False,False,363,shoulder_fall
2026-09-24,summit_haus,2027-09-23,580.0,0.01025182520325658,,none,,False,False,364,shoulder_fall
2026-09-24,summit_haus,2027-09-24,635.0,0.025567056098441985,,none,,False,False,365,shoulder_fall
2026-09-24,overlook_ridge,2026-09-28,336.0,0.995,368.0,pacing,,False,True,4,shoulder_fall
2026-09-24,overlook_ridge,2026-09-29,336.0,0.9146570376499407,325.0,pacing,,False,True,5,shoulder_fall
2026-09-24,overlook_ridge,2026-09-30,336.0,0.8757242503775415,337.0,pacing,,False,False,6,shoulder_fall
2026-09-24,overlook_ridge,2026-10-05,355.0,0.014568156424581005,469.0,pacing,,False,False,11,shoulder_fall
2026-09-24,overlook_ridge,2026-10-06,350.0,0.014828085208411978,466.0,pacing,,False,False,12,shoulder_fall
2026-09-24,overlook_ridge,2026-10-07,340.0,0.015334018384528731,426.0,pacing,,False,False,13,shoulder_fall
2026-09-24,overlook_ridge,2026-10-12,425.0,0.01363614845057465,421.0,pacing,,False,False,18,shoulder_fall
2026-09-24,overlook_ridge,2026-10-13,430.0,0.01331773751261048,411.0,pacing,,False,False,19,shoulder_fall
2026-09-24,overlook_ridge,2026-10-14,370.0,0.016861017532113796,446.0,pacing,,False,False,20,shoulder_fall
2026-09-24,overlook_ridge,2026-10-15,380.0,0.016229587388553367,461.0,pacing,,False,False,21,shoulder_fall
2026-09-24,overlook_ridge,2026-10-16,495.0,0.9389185769041443,531.0,pacing,,False,False,22,shoulder_fall
2026-09-24,overlook_ridge,2026-10-17,495.0,0.943386860189082,527.0,pacing,,False,False,23,shoulder_fall
2026-09-24,overlook_ridge,2026-10-25,350.0,0.030053198279414557,393.0,pacing,,False,False,31,shoulder_fall
2026-09-24,overlook_ridge,2026-10-26,336.0,0.03138535621734972,360.0,pacing,,False,False,32,shoulder_fall
2026-09-24,overlook_ridge,2026-10-27,336.0,0.03130759577069281,364.0,pacing,,False,False,33,shoulder_fall
2026-09-24,overlook_ridge,2026-10-28,336.0,0.03122995544192114,366.0,pacing,,False,False,34,shoulder_fall
2026-09-24,overlook_ridge,2026-10-29,370.0,0.027861833868222014,380.0,pacing,,False,False,35,shoulder_fall
2026-09-24,overlook_ridge,2026-10-30,495.0,0.9486977502230723,500.0,pacing,,False,False,36,shoulder_fall
2026-09-24,overlook_ridge,2026-10-31,495.0,0.9190285875810223,500.0,pacing,,False,False,37,shoulder_fall
2026-09-24,overlook_ridge,2026-11-01,336.0,0.03108169513728823,324.0,pacing,,False,False,38,shoulder_fall
2026-09-24,overlook_ridge,2026-11-02,336.0,0.031032515676883338,315.0,pacing,,False,False,39,shoulder_fall
2026-09-24,overlook_ridge,2026-11-03,336.0,0.030945676592800238,318.0,pacing,,False,False,40,shoulder_fall
2026-09-24,overlook_ridge,2026-11-04,336.0,0.030859459664476084,323.0,pacing,,False,False,41,shoulder_fall
2026-09-24,overlook_ridge,2026-11-05,350.0,0.02944050314595403,352.0,pacing,,False,False,42,shoulder_fall
2026-09-24,overlook_ridge,2026-11-06,495.0,0.026586142388825545,500.0,pacing,,False,False,43,shoulder_fall
2026-09-24,overlook_ridge,2026-11-07,495.0,0.030402107156778175,500.0,pacing,,False,False,44,shoulder_fall
2026-09-24,overlook_ridge,2026-11-08,345.0,0.029840130911930027,348.0,pacing,,False,False,45,shoulder_fall
2026-09-24,overlook_ridge,2026-11-09,336.0,0.030614113809419356,311.0,pacing,,False,False,46,shoulder_fall
2026-09-24,overlook_ridge,2026-11-10,345.0,0.02967989920657149,337.0,pacing,,False,False,47,shoulder_fall
2026-09-24,overlook_ridge,2026-11-11,350.0,0.029132336866336202,345.0,pacing,,False,False,48,shoulder_fall
2026-09-24,overlook_ridge,2026-11-12,365.0,0.0276520060955102,373.0,pacing,,False,False,49,shoulder_fall
2026-09-24,overlook_ridge,2026-11-13,490.0,0.9044548443141601,500.0,pacing,,False,False,50,shoulder_fall
2026-09-24,overlook_ridge,2026-11-14,485.0,0.860018773309968,500.0,pacing,,False,False,51,shoulder_fall
2026-09-24,overlook_ridge,2026-11-15,350.0,0.028987359429271286,347.0,pacing,,False,False,52,shoulder_fall
2026-09-24,overlook_ridge,2026-11-16,336.0,0.030217492459012632,311.0,pacing,,False,False,53,shoulder_fall
2026-09-24,overlook_ridge,2026-11-17,360.0,0.05073024276862396,323.0,pacing,,False,False,54,shoulder_fall
2026-09-24,overlook_ridge,2026-11-18,375.0,0.04809764687868391,332.0,pacing,,False,False,55,shoulder_fall
2026-09-24,overlook_ridge,2026-11-19,375.0,0.026514972006736495,372.0,pacing,,False,False,56,shoulder_fall
2026-09-24,overlook_ridge,2026-11-23,600.0,0.009187147889063675,699.0,pacing,,False,False,60,early_winter
2026-09-24,overlook_ridge,2026-12-03,555.0,0.05283210231563992,614.0,pacing,,False,False,70,early_winter
2026-09-24,overlook_ridge,2026-12-04,695.0,0.1350915051311289,794.0,pacing,,False,False,71,early_winter
2026-09-24,overlook_ridge,2026-12-05,685.0,0.07917596640645812,758.0,pacing,,False,False,72,early_winter
2026-09-24,overlook_ridge,2026-12-06,590.0,0.044945158259380606,645.0,pacing,,False,False,73,early_winter
2026-09-24,overlook_ridge,2026-12-07,555.0,0.052856166012042495,611.0,pacing,,False,False,74,early_winter
2026-09-24,overlook_ridge,2026-12-08,530.0,0.058264767704687984,593.0,pacing,,False,False,75,early_winter
2026-09-24,overlook_ridge,2026-12-09,535.0,0.057007307946877285,602.0,pacing,,False,False,76,early_winter
2026-09-24,overlook_ridge,2026-12-10,655.0,0.031251456296755215,777.0,pacing,,False,False,77,early_winter
2026-09-24,overlook_ridge,2026-12-11,865.0,0.08378862241577834,1041.0,pacing,,False,False,78,early_winter
2026-09-24,overlook_ridge,2026-12-12,965.0,0.057883855901721015,1142.0,pacing,,False,False,79,early_winter
2026-09-24,overlook_ridge,2026-12-13,680.0,0.026442848101915356,799.0,pacing,,False,False,80,early_winter
2026-09-24,overlook_ridge,2026-12-14,650.0,0.03336267297752628,731.0,pacing,,False,False,81,early_winter
2026-09-24,overlook_ridge,2026-12-15,655.0,0.0060818435754189945,776.0,pacing,,False,False,82,peak_ski
2026-09-24,overlook_ridge,2026-12-16,710.0,0.005105180149471902,854.0,pacing,,False,False,83,peak_ski
2026-09-24,overlook_ridge,2026-12-17,915.0,0.0013374704410598426,1078.0,pacing,,False,False,84,peak_ski
2026-09-24,overlook_ridge,2026-12-18,1400.0,0.001,1609.0,pacing,,False,False,85,peak_ski
2026-09-24,overlook_ridge,2026-12-19,1990.0,0.001,2242.0,pacing,,False,False,86,peak_ski
2026-09-24,overlook_ridge,2026-12-20,2235.0,0.001,2519.0,pacing,,False,False,87,peak_ski
2026-09-24,overlook_ridge,2026-12-21,2545.0,0.001,2697.0,pacing,,False,False,88,peak_ski
2026-09-24,overlook_ridge,2026-12-22,2570.0,0.001,2724.0,pacing,,False,False,89,peak_ski
2026-09-24,overlook_ridge,2026-12-23,2595.0,0.001,2871.0,pacing,,False,False,90,peak_ski
2026-09-24,overlook_ridge,2026-12-24,2695.0,0.001,2970.0,pacing,,False,False,91,peak_ski
2026-09-24,overlook_ridge,2026-12-25,2765.0,0.001,2964.0,pacing,,False,False,92,peak_ski
2026-09-24,overlook_ridge,2026-12-26,2780.0,0.001,2986.0,pacing,,False,False,93,peak_ski
2026-09-24,overlook_ridge,2027-01-02,3305.0,0.001,3428.0,pacing,,False,False,100,peak_ski
2026-09-24,overlook_ridge,2027-01-03,1740.0,0.0947788975390155,1883.0,pacing,,False,False,101,peak_ski
2026-09-24,overlook_ridge,2027-01-04,1805.0,0.09095771536582532,1709.0,pacing,,False,False,102,peak_ski
2026-09-24,overlook_ridge,2027-01-05,1720.0,0.10805795791759099,1259.0,pacing,,False,False,103,peak_ski
2026-09-24,overlook_ridge,2027-01-06,1385.0,0.15418062575890526,1222.0,pacing,,False,False,104,peak_ski
2026-09-24,overlook_ridge,2027-01-07,1095.0,0.001,1262.0,pacing,,False,False,105,peak_ski
2026-09-24,overlook_ridge,2027-01-08,1445.0,0.001,1653.0,pacing,,False,False,106,peak_ski
2026-09-24,overlook_ridge,2027-01-09,1300.0,0.0027875033364538246,1530.0,pacing,,False,False,107,peak_ski
2026-09-24,overlook_ridge,2027-01-10,1195.0,0.001,1403.0,pacing,,False,False,108,peak_ski
2026-09-24,overlook_ridge,2027-01-11,905.0,0.0017655036595745743,1068.0,pacing,,False,False,109,peak_ski
2026-09-24,overlook_ridge,2027-01-12,1105.0,0.1891770772309719,1002.0,pacing,,False,False,110,peak_ski
2026-09-24,overlook_ridge,2027-01-13,1410.0,0.1419265742565302,1291.0,pacing,,False,False,111,peak_ski
2026-09-24,overlook_ridge,2027-01-14,1370.0,0.001,1647.0,pacing,,False,False,112,peak_ski
2026-09-24,overlook_ridge,2027-01-15,1855.0,0.001,2429.0,pacing,,False,False,113,peak_ski
2026-09-24,overlook_ridge,2027-01-16,1855.0,0.001,2353.0,pacing,,False,False,114,peak_ski
2026-09-24,overlook_ridge,2027-01-17,1855.0,0.001,2277.0,pacing,,False,False,115,peak_ski
2026-09-24,overlook_ridge,2027-01-18,1035.0,0.001,1245.0,pacing,,False,False,116,peak_ski
2026-09-24,overlook_ridge,2027-01-19,1285.0,0.15492533655614618,1133.0,pacing,,False,False,117,peak_ski
2026-09-24,overlook_ridge,2027-01-20,1260.0,0.1540269995107857,1154.0,pacing,,False,False,118,peak_ski
2026-09-24,overlook_ridge,2027-01-21,1240.0,0.001,1467.0,pacing,,False,False,119,peak_ski
2026-09-24,overlook_ridge,2027-01-22,1855.0,0.001,2165.0,pacing,,False,False,120,peak_ski
2026-09-24,overlook_ridge,2027-01-23,1855.0,0.021816444174757265,2237.0,pacing,,False,False,121,peak_ski
2026-09-24,overlook_ridge,2027-01-24,1370.0,0.001,1637.0,pacing,,False,False,122,peak_ski
2026-09-24,overlook_ridge,2027-01-25,1325.0,0.001,1583.0,pacing,,False,False,123,peak_ski
2026-09-24,overlook_ridge,2027-01-26,1360.0,0.001,1640.0,pacing,,False,False,124,peak_ski
2026-09-24,overlook_ridge,2027-01-27,1390.0,0.001,1658.0,pacing,,False,False,125,peak_ski
2026-09-24,overlook_ridge,2027-01-28,1505.0,0.001,1789.0,pacing,,False,False,126,peak_ski
2026-09-24,overlook_ridge,2027-01-29,1855.0,0.001,2555.0,pacing,,False,False,127,peak_ski
2026-09-24,overlook_ridge,2027-01-30,1855.0,0.001,2480.0,pacing,,False,False,128,peak_ski
2026-09-24,overlook_ridge,2027-01-31,1400.0,0.001,1642.0,pacing,,False,False,129,peak_ski
2026-09-24,overlook_ridge,2027-02-01,1080.0,0.001,1294.0,pacing,,False,False,130,peak_ski
2026-09-24,overlook_ridge,2027-02-02,1075.0,0.001,1282.0,pacing,,False,False,131,peak_ski
2026-09-24,overlook_ridge,2027-02-03,1115.0,0.001,1336.0,pacing,,False,False,132,peak_ski
2026-09-24,overlook_ridge,2027-02-04,1720.0,0.001,1994.0,pacing,,False,False,133,peak_ski
2026-09-24,overlook_ridge,2027-02-05,1855.0,0.001,2714.0,pacing,,False,False,134,peak_ski
2026-09-24,overlook_ridge,2027-02-06,1855.0,0.001,2835.0,pacing,,False,False,135,peak_ski
2026-09-24,overlook_ridge,2027-02-07,1730.0,0.001,2034.0,pacing,,False,False,136,peak_ski
2026-09-24,overlook_ridge,2027-02-08,1710.0,0.001,2013.0,pacing,,False,False,137,peak_ski
2026-09-24,overlook_ridge,2027-02-09,1710.0,0.001,2000.0,pacing,,False,False,138,peak_ski
2026-09-24,overlook_ridge,2027-02-10,1720.0,0.001,2037.0,pacing,,False,False,139,peak_ski
2026-09-24,overlook_ridge,2027-02-11,1855.0,0.001,2479.0,pacing,,False,False,140,peak_ski
2026-09-24,overlook_ridge,2027-02-12,1855.0,0.001,3795.0,pacing,,False,False,141,peak_ski
2026-09-24,overlook_ridge,2027-02-13,1855.0,0.001,3747.0,pacing,,False,False,142,peak_ski
2026-09-24,overlook_ridge,2027-02-14,1855.0,0.001,3726.0,pacing,,False,False,143,peak_ski
2026-09-24,overlook_ridge,2027-02-15,1855.0,0.001,2225.0,pacing,,False,False,144,peak_ski
2026-09-24,overlook_ridge,2027-02-16,1800.0,0.001,2062.0,pacing,,False,False,145,peak_ski
2026-09-24,overlook_ridge,2027-02-17,1780.0,0.001,2076.0,pacing,,False,False,146,peak_ski
2026-09-24,overlook_ridge,2027-02-18,1855.0,0.001,2465.0,pacing,,False,False,147,peak_ski
2026-09-24,overlook_ridge,2027-02-19,1855.0,0.0010627122524596068,3280.0,pacing,,False,False,148,peak_ski
2026-09-24,overlook_ridge,2027-02-20,1855.0,0.0014725333627614017,3096.0,pacing,,False,False,149,peak_ski
2026-09-24,overlook_ridge,2027-02-21,1855.0,0.001,2175.0,pacing,,False,False,150,peak_ski
2026-09-24,overlook_ridge,2027-02-22,1485.0,0.001,1774.0,pacing,,False,False,151,peak_ski
2026-09-24,overlook_ridge,2027-02-23,1330.0,0.001,1615.0,pacing,,False,False,152,peak_ski
2026-09-24,overlook_ridge,2027-02-24,1415.0,0.001,1702.0,pacing,,False,False,153,peak_ski
2026-09-24,overlook_ridge,2027-02-25,1855.0,0.001,2423.0,pacing,,False,False,154,peak_ski
2026-09-24,overlook_ridge,2027-02-26,1855.0,0.0018299064941398788,2943.0,pacing,,False,False,155,peak_ski
2026-09-24,overlook_ridge,2027-02-27,1855.0,0.00215589436075987,2953.0,pacing,,False,False,156,peak_ski
2026-09-24,overlook_ridge,2027-02-28,1740.0,0.001,2000.0,pacing,,False,False,157,peak_ski
2026-09-24,overlook_ridge,2027-03-01,1335.0,0.001,1621.0,pacing,,False,False,158,peak_ski
2026-09-24,overlook_ridge,2027-03-02,1335.0,0.001,1631.0,pacing,,False,False,159,peak_ski
2026-09-24,overlook_ridge,2027-03-03,1350.0,0.001,1648.0,pacing,,False,False,160,peak_ski
2026-09-24,overlook_ridge,2027-03-04,1705.0,0.001,2022.0,pacing,,False,False,161,peak_ski
2026-09-24,overlook_ridge,2027-03-05,1855.0,0.002451165045549243,2630.0,pacing,,False,False,162,peak_ski
2026-09-24,overlook_ridge,2027-03-06,1855.0,0.0026803988274805104,2867.0,pacing,,False,False,163,peak_ski
2026-09-24,overlook_ridge,2027-03-07,1855.0,0.001,2450.0,pacing,,False,False,164,peak_ski
2026-09-24,overlook_ridge,2027-03-08,1855.0,0.001,2328.0,pacing,,False,False,165,peak_ski
2026-09-24,overlook_ridge,2027-03-09,1855.0,0.001,2259.0,pacing,,False,False,166,peak_ski
2026-09-24,overlook_ridge,2027-03-10,1855.0,0.001,2292.0,pacing,,False,False,167,peak_ski
2026-09-24,overlook_ridge,2027-03-11,1855.0,0.001,2457.0,pacing,,False,False,168,peak_ski
2026-09-24,overlook_ridge,2027-03-12,1855.0,0.002929874514560713,2895.0,pacing,,False,False,169,peak_ski
2026-09-24,overlook_ridge,2027-03-13,1855.0,0.0031745855513412346,2951.0,pacing,,False,False,170,peak_ski
2026-09-24,overlook_ridge,2027-03-14,1855.0,0.001,2974.0,pacing,,False,False,171,peak_ski
2026-09-24,overlook_ridge,2027-03-15,1855.0,0.001,2857.0,pacing,,False,False,172,peak_ski
2026-09-24,overlook_ridge,2027-03-16,1855.0,0.001,2862.0,pacing,,False,False,173,peak_ski
2026-09-24,overlook_ridge,2027-03-17,1855.0,0.001,2865.0,pacing,,False,False,174,peak_ski
2026-09-24,overlook_ridge,2027-03-18,1855.0,0.001,2862.0,pacing,,False,False,175,peak_ski
2026-09-24,overlook_ridge,2027-03-19,1855.0,0.0034129611644877563,2729.0,pacing,,False,False,176,peak_ski
2026-09-24,overlook_ridge,2027-03-20,1855.0,0.0036018507936730927,2596.0,pacing,,False,False,177,peak_ski
2026-09-24,overlook_ridge,2027-03-21,1515.0,0.001,1843.0,pacing,,False,False,178,peak_ski
2026-09-24,overlook_ridge,2027-03-22,1835.0,0.001,2137.0,pacing,,False,False,179,peak_ski
2026-09-24,overlook_ridge,2027-03-23,1775.0,0.001,2162.0,pacing,,False,False,180,peak_ski
2026-09-24,overlook_ridge,2027-03-24,1230.0,0.0031799587971911036,1358.0,pacing,,False,False,181,peak_ski
2026-09-24,overlook_ridge,2027-03-25,1310.0,0.002350489459281988,1612.0,pacing,,False,False,182,peak_ski
2026-09-24,overlook_ridge,2027-03-26,1475.0,0.008050464735054656,1778.0,pacing,,False,False,183,peak_ski
2026-09-24,overlook_ridge,2027-03-27,1330.0,0.009689560156529251,1591.0,pacing,,False,False,184,peak_ski
2026-09-24,overlook_ridge,2027-03-28,1085.0,0.004814718920435438,1295.0,pacing,,False,False,185,peak_ski
2026-09-24,overlook_ridge,2027-03-29,905.0,0.006772925846600928,1012.0,pacing,,False,False,186,peak_ski
2026-09-24,overlook_ridge,2027-03-30,885.0,0.006999344758740718,917.0,pacing,,False,False,187,peak_ski
2026-09-24,overlook_ridge,2027-03-31,880.0,0.007062111586084011,911.0,pacing,,False,False,188,peak_ski
2026-09-24,overlook_ridge,2027-04-01,860.0,0.001,1022.0,pacing,,False,False,189,shoulder_spring
2026-09-24,overlook_ridge,2027-04-02,875.0,0.009258196141327418,1063.0,pacing,,False,False,190,shoulder_spring
2026-09-24,overlook_ridge,2027-04-03,820.0,0.012068416724605102,980.0,pacing,,False,False,191,shoulder_spring
2026-09-24,overlook_ridge,2027-04-04,655.0,0.002661137307722021,788.0,pacing,,False,False,192,shoulder_spring
2026-09-24,overlook_ridge,2027-04-05,555.0,0.006538583487776951,633.0,pacing,,False,False,193,shoulder_spring
2026-09-24,overlook_ridge,2027-04-06,520.0,0.007871304996099575,588.0,pacing,,False,False,194,shoulder_spring
2026-09-24,overlook_ridge,2027-04-07,530.0,0.007487124627600552,599.0,pacing,,False,False,195,shoulder_spring
2026-09-24,overlook_ridge,2027-04-08,575.0,0.005798611074412708,664.0,pacing,,False,False,196,shoulder_spring
2026-09-24,overlook_ridge,2027-04-09,620.0,0.021652015105553153,705.0,pacing,,False,False,197,shoulder_spring
2026-09-24,overlook_ridge,2027-04-10,620.0,0.02142762631880834,681.0,pacing,,False,False,198,shoulder_spring
2026-09-24,overlook_ridge,2027-04-11,530.0,0.0074864914065764405,599.0,pacing,,False,False,199,shoulder_spring
2026-09-24,overlook_ridge,2027-04-12,505.0,0.008405053138698299,563.0,pacing,,False,False,200,shoulder_spring
2026-09-24,overlook_ridge,2027-04-13,480.0,0.009330688201352712,531.0,pacing,,False,False,201,shoulder_spring
2026-09-24,overlook_ridge,2027-04-14,490.0,0.008983304883422905,541.0,pacing,,False,False,202,shoulder_spring
2026-09-24,overlook_ridge,2027-04-15,510.0,0.008270384796473056,575.0,pacing,,False,False,203,shoulder_spring
2026-09-24,overlook_ridge,2027-04-16,600.0,0.022129476710526966,641.0,pacing,,False,False,204,shoulder_spring
2026-09-24,overlook_ridge,2027-04-17,585.0,0.022577484480615088,617.0,pacing,,False,False,205,shoulder_spring
2026-09-24,overlook_ridge,2027-04-18,505.0,0.008478812785159565,563.0,pacing,,False,False,206,shoulder_spring
2026-09-24,overlook_ridge,2027-04-19,465.0,0.009967727970502107,504.0,pacing,,False,False,207,shoulder_spring
2026-09-24,overlook_ridge,2027-04-20,455.0,0.01035056966488118,489.0,pacing,,False,False,208,shoulder_spring
2026-09-24,overlook_ridge,2027-04-21,465.0,0.010000083658947079,500.0,pacing,,False,False,209,shoulder_spring
2026-09-24,overlook_ridge,2027-04-22,500.0,0.00873814312910788,551.0,pacing,,False,False,210,shoulder_spring
2026-09-24,overlook_ridge,2027-04-23,605.0,0.02141399659676225,639.0,pacing,,False,False,211,shoulder_spring
2026-09-24,overlook_ridge,2027-04-24,600.0,0.021414854306118895,623.0,pacing,,False,False,212,shoulder_spring
2026-09-24,overlook_ridge,2027-04-25,520.0,0.008030135226537297,575.0,pacing,,False,False,213,shoulder_spring
2026-09-24,overlook_ridge,2027-04-26,485.0,0.009330233998190713,529.0,pacing,,False,False,214,shoulder_spring
2026-09-24,overlook_ridge,2027-04-27,485.0,0.009348873178792814,528.0,pacing,,False,False,215,shoulder_spring
2026-09-24,overlook_ridge,2027-04-28,480.0,0.0095490036600244,517.0,pacing,,False,False,216,shoulder_spring
2026-09-24,overlook_ridge,2027-04-29,485.0,0.009384783937913822,528.0,pacing,,False,False,217,shoulder_spring
2026-09-24,overlook_ridge,2027-04-30,565.0,0.02274583253247177,579.0,pacing,,False,False,218,shoulder_spring
2026-09-24,overlook_ridge,2027-05-01,560.0,0.022714257670669084,566.0,pacing,,False,False,219,shoulder_spring
2026-09-24,overlook_ridge,2027-05-02,490.0,0.009221407208298631,531.0,pacing,,False,False,220,shoulder_spring
2026-09-24,overlook_ridge,2027-05-03,465.0,0.010146060276603107,499.0,pacing,,False,False,221,shoulder_spring
2026-09-24,overlook_ridge,2027-05-04,470.0,0.00997982410760476,512.0,pacing,,False,False,222,shoulder_spring
2026-09-24,overlook_ridge,2027-05-05,485.0,0.009452585915834033,527.0,pacing,,False,False,223,shoulder_spring
2026-09-24,overlook_ridge,2027-05-06,495.0,0.009108558048400881,546.0,pacing,,False,False,224,shoulder_spring
2026-09-24,overlook_ridge,2027-05-07,570.0,0.022027475941117553,594.0,pacing,,False,False,225,shoulder_spring
2026-09-24,overlook_ridge,2027-05-08,555.0,0.022437213548806217,579.0,pacing,,False,False,226,shoulder_spring
2026-09-24,overlook_ridge,2027-05-09,490.0,0.009307787995503383,536.0,pacing,,False,False,227,shoulder_spring
2026-09-24,overlook_ridge,2027-05-10,475.0,0.009866507952147345,522.0,pacing,,False,False,228,shoulder_spring
2026-09-24,overlook_ridge,2027-05-11,470.0,0.010062271630040096,518.0,pacing,,False,False,229,shoulder_spring
2026-09-24,overlook_ridge,2027-05-12,485.0,0.009536850078008781,538.0,pacing,,False,False,230,shoulder_spring
2026-09-24,overlook_ridge,2027-05-13,490.0,0.00937347247695039,556.0,pacing,,False,False,231,shoulder_spring
2026-09-24,overlook_ridge,2027-05-14,570.0,0.0215534407191661,594.0,pacing,,False,False,232,shoulder_spring
2026-09-24,overlook_ridge,2027-05-15,575.0,0.021114871526076974,599.0,pacing,,False,False,233,shoulder_spring
2026-09-24,overlook_ridge,2027-05-16,505.0,0.008851727179086692,555.0,pacing,,False,False,234,shoulder_spring
2026-09-24,overlook_ridge,2027-05-17,490.0,0.009409173808125972,538.0,pacing,,False,False,235,shoulder_spring
2026-09-24,overlook_ridge,2027-05-18,485.0,0.009604944413106338,530.0,pacing,,False,False,236,shoulder_spring
2026-09-24,overlook_ridge,2027-05-19,490.0,0.00944126517670714,538.0,pacing,,False,False,237,shoulder_spring
2026-09-24,overlook_ridge,2027-05-20,495.0,0.009278213042101932,544.0,pacing,,False,False,238,shoulder_spring
2026-09-24,overlook_ridge,2027-05-21,575.0,0.020897580126291133,597.0,pacing,,False,False,239,shoulder_spring
2026-09-24,overlook_ridge,2027-05-22,570.0,0.020890073837892265,592.0,pacing,,False,False,240,shoulder_spring
2026-09-24,overlook_ridge,2027-05-23,510.0,0.008758585922651791,561.0,pacing,,False,False,241,shoulder_spring
2026-09-24,overlook_ridge,2027-05-24,490.0,0.009491813551319514,537.0,pacing,,False,False,242,shoulder_spring
2026-09-24,overlook_ridge,2027-05-25,500.0,0.009150511562658307,554.0,pacing,,False,False,243,shoulder_spring
2026-09-24,overlook_ridge,2027-05-26,495.0,0.009345874994076672,546.0,pacing,,False,False,244,shoulder_spring
2026-09-24,overlook_ridge,2027-05-27,540.0,0.0077585940848692685,603.0,pacing,,False,False,245,shoulder_spring
2026-09-24,overlook_ridge,2027-05-28,625.0,0.01841491118264109,747.0,pacing,,False,False,246,shoulder_spring
2026-09-24,overlook_ridge,2027-05-29,625.0,0.01827205278564045,750.0,pacing,,False,False,247,shoulder_spring
2026-09-24,overlook_ridge,2027-05-30,620.0,0.004933713389076736,719.0,pacing,,False,False,248,shoulder_spring
2026-09-24,overlook_ridge,2027-05-31,495.0,0.00941539576639737,557.0,pacing,,False,False,249,shoulder_spring
2026-09-24,overlook_ridge,2027-06-01,540.0,0.021788536425885744,595.0,pacing,,False,False,250,summer
2026-09-24,overlook_ridge,2027-06-02,530.0,0.0224284534494414,585.0,pacing,,False,False,251,summer
2026-09-24,overlook_ridge,2027-06-03,585.0,0.018730892809245506,647.0,pacing,,False,False,252,summer
2026-09-24,overlook_ridge,2027-06-04,695.0,0.029061800454306404,762.0,pacing,,False,False,253,summer
2026-09-24,overlook_ridge,2027-06-05,695.0,0.02889944962944542,770.0,pacing,,False,False,254,summer
2026-09-24,overlook_ridge,2027-06-06,600.0,0.01772637910342475,681.0,pacing,,False,False,255,summer
2026-09-24,overlook_ridge,2027-06-07,570.0,0.01970532555709813,734.0,pacing,,False,False,256,summer
2026-09-24,overlook_ridge,2027-06-08,555.0,0.020674896572837234,622.0,pacing,,False,False,257,summer
2026-09-24,overlook_ridge,2027-06-09,590.0,0.01835773724805062,665.0,pacing,,False,False,258,summer
2026-09-24,overlook_ridge,2027-06-10,715.0,0.005129028581311072,865.0,pacing,,False,False,259,summer
2026-09-24,overlook_ridge,2027-06-11,810.0,0.020431766787678333,991.0,pacing,,False,False,260,summer
2026-09-24,overlook_ridge,2027-06-12,825.0,0.019481213842142395,996.0,pacing,,False,False,261,summer
2026-09-24,overlook_ridge,2027-06-13,725.0,0.004405527736159095,907.0,pacing,,False,False,262,summer
2026-09-24,overlook_ridge,2027-06-14,735.0,0.0038173006630991897,893.0,pacing,,False,False,263,summer
2026-09-24,overlook_ridge,2027-06-15,795.0,0.001,972.0,pacing,,False,False,264,summer
2026-09-24,overlook_ridge,2027-06-16,850.0,0.001,1039.0,pacing,,False,False,265,summer
2026-09-24,overlook_ridge,2027-06-17,1170.0,0.001,1396.0,pacing,,False,False,266,summer
2026-09-24,overlook_ridge,2027-06-18,1230.0,0.001,1464.0,pacing,,False,False,267,summer
2026-09-24,overlook_ridge,2027-06-19,1205.0,0.001,1403.0,pacing,,False,False,268,summer
2026-09-24,overlook_ridge,2027-06-20,910.0,0.001,1078.0,pacing,,False,False,269,summer
2026-09-24,overlook_ridge,2027-06-21,875.0,0.001,1020.0,pacing,,False,False,270,summer
2026-09-24,overlook_ridge,2027-06-22,780.0,0.001327252901576411,1031.0,pacing,,False,False,271,summer
2026-09-24,overlook_ridge,2027-06-23,845.0,0.001,975.0,pacing,,False,False,272,summer
2026-09-24,overlook_ridge,2027-06-24,1040.0,0.001,1193.0,pacing,,False,False,273,summer
2026-09-24,overlook_ridge,2027-06-25,1265.0,0.001,1468.0,pacing,,False,False,274,summer
2026-09-24,overlook_ridge,2027-06-26,1205.0,0.004161636710150653,1380.0,pacing,,False,False,275,summer
2026-09-24,overlook_ridge,2027-06-27,1040.0,0.001,1188.0,pacing,,False,False,276,summer
2026-09-24,overlook_ridge,2027-06-28,930.0,0.001,1037.0,pacing,,False,False,277,summer
2026-09-24,overlook_ridge,2027-06-29,900.0,0.001,1014.0,pacing,,False,False,278,summer
2026-09-24,overlook_ridge,2027-06-30,1070.0,0.001,1202.0,pacing,,False,False,279,summer
2026-09-24,overlook_ridge,2027-07-01,1135.0,0.001,1280.0,pacing,,False,False,280,summer
2026-09-24,overlook_ridge,2027-07-02,1855.0,0.001,2039.0,pacing,,False,False,281,summer
2026-09-24,overlook_ridge,2027-07-03,1855.0,0.001,2084.0,pacing,,False,False,282,summer
2026-09-24,overlook_ridge,2027-07-04,1855.0,0.001,2010.0,pacing,,False,False,283,summer
2026-09-24,overlook_ridge,2027-07-05,935.0,0.001,1081.0,pacing,,False,False,284,summer
2026-09-24,overlook_ridge,2027-07-06,925.0,0.001,1055.0,pacing,,False,False,285,summer
2026-09-24,overlook_ridge,2027-07-07,1000.0,0.001,1139.0,pacing,,False,False,286,summer
2026-09-24,overlook_ridge,2027-07-08,1305.0,0.001,1484.0,pacing,,False,False,287,summer
2026-09-24,overlook_ridge,2027-07-09,1855.0,0.001,2054.0,pacing,,False,False,288,summer
2026-09-24,overlook_ridge,2027-07-10,1855.0,0.001,2122.0,pacing,,False,False,289,summer
2026-09-24,overlook_ridge,2027-07-11,1320.0,0.001,1464.0,pacing,,False,False,290,summer
2026-09-24,overlook_ridge,2027-07-12,1330.0,0.001,1450.0,pacing,,False,False,291,summer
2026-09-24,overlook_ridge,2027-07-13,1310.0,0.001,1428.0,pacing,,False,False,292,summer
2026-09-24,overlook_ridge,2027-07-14,1310.0,0.001,1444.0,pacing,,False,False,293,summer
2026-09-24,overlook_ridge,2027-07-15,1375.0,0.001,1523.0,pacing,,False,False,294,summer
2026-09-24,overlook_ridge,2027-07-16,1745.0,0.001,1911.0,pacing,,False,False,295,summer
2026-09-24,overlook_ridge,2027-07-17,1755.0,0.001,1968.0,pacing,,False,False,296,summer
2026-09-24,overlook_ridge,2027-07-18,1445.0,0.001,1631.0,pacing,,False,False,297,summer
2026-09-24,overlook_ridge,2027-07-19,1265.0,0.001,1445.0,pacing,,False,False,298,summer
2026-09-24,overlook_ridge,2027-07-20,1250.0,0.001,1427.0,pacing,,False,False,299,summer
2026-09-24,overlook_ridge,2027-07-21,1230.0,0.001,1235.0,pacing,,False,False,300,summer
2026-09-24,overlook_ridge,2027-07-22,1255.0,0.001,1441.0,pacing,,False,False,301,summer
2026-09-24,overlook_ridge,2027-07-23,1565.0,0.001,1788.0,pacing,,False,False,302,summer
2026-09-24,overlook_ridge,2027-07-24,1565.0,0.001,1815.0,pacing,,False,False,303,summer
2026-09-24,overlook_ridge,2027-07-25,1265.0,0.001,1486.0,pacing,,False,False,304,summer
2026-09-24,overlook_ridge,2027-07-26,1110.0,0.001,1284.0,pacing,,False,False,305,summer
2026-09-24,overlook_ridge,2027-07-27,1105.0,0.001,1284.0,pacing,,False,False,306,summer
2026-09-24,overlook_ridge,2027-07-28,1080.0,0.001,1269.0,pacing,,False,False,307,summer
2026-09-24,overlook_ridge,2027-07-29,1200.0,0.001,1400.0,pacing,,False,False,308,summer
2026-09-24,overlook_ridge,2027-07-30,1440.0,0.001,1676.0,pacing,,False,False,309,summer
2026-09-24,overlook_ridge,2027-07-31,1325.0,0.004095196118076807,1523.0,pacing,,False,False,310,summer
2026-09-24,overlook_ridge,2027-08-01,1015.0,0.001,1192.0,pacing,,False,False,311,summer
2026-09-24,overlook_ridge,2027-08-02,865.0,0.0078108937394764134,1015.0,pacing,,False,False,312,summer
2026-09-24,overlook_ridge,2027-08-03,840.0,0.009343117472703479,991.0,pacing,,False,False,313,summer
2026-09-24,overlook_ridge,2027-08-04,835.0,0.009696650821286231,989.0,pacing,,False,False,314,summer
2026-09-24,overlook_ridge,2027-08-05,955.0,0.0028559204876210807,1134.0,pacing,,False,False,315,summer
2026-09-24,overlook_ridge,2027-08-06,1075.0,0.015142245909801455,1300.0,pacing,,False,False,316,summer
2026-09-24,overlook_ridge,2027-08-07,1045.0,0.016496967575649762,1260.0,pacing,,False,False,317,summer
2026-09-24,overlook_ridge,2027-08-08,815.0,0.010990639370083048,979.0,pacing,,False,False,318,summer
2026-09-24,overlook_ridge,2027-08-09,720.0,0.01645579955597568,872.0,pacing,,False,False,319,summer
2026-09-24,overlook_ridge,2027-08-10,705.0,0.01731878737441445,849.0,pacing,,False,False,320,summer
2026-09-24,overlook_ridge,2027-08-11,705.0,0.01732339148392179,850.0,pacing,,False,False,321,summer
2026-09-24,overlook_ridge,2027-08-12,785.0,0.012822701360463422,941.0,pacing,,False,False,322,summer
2026-09-24,overlook_ridge,2027-08-13,905.0,0.022432843031793333,1096.0,pacing,,False,False,323,summer
2026-09-24,overlook_ridge,2027-08-14,860.0,0.02426215577045456,1037.0,pacing,,False,False,324,summer
2026-09-24,overlook_ridge,2027-08-15,695.0,0.017908022220605037,905.0,pacing,,False,False,325,summer
2026-09-24,overlook_ridge,2027-08-16,695.0,0.017907675468184104,839.0,pacing,,False,False,326,summer
2026-09-24,overlook_ridge,2027-08-17,695.0,0.017900866599503944,801.0,pacing,,False,False,327,summer
2026-09-24,overlook_ridge,2027-08-18,695.0,0.01789601940488573,794.0,pacing,,False,False,328,summer
2026-09-24,overlook_ridge,2027-08-19,695.0,0.017889679981677568,802.0,pacing,,False,False,329,summer
2026-09-24,overlook_ridge,2027-08-20,815.0,0.026046919188393153,998.0,pacing,,False,False,330,summer
2026-09-24,overlook_ridge,2027-08-21,810.0,0.026197297252653507,974.0,pacing,,False,False,331,summer
2026-09-24,overlook_ridge,2027-08-22,695.0,0.017886240215979538,809.0,pacing,,False,False,332,summer
2026-09-24,overlook_ridge,2027-08-23,695.0,0.017881124060558765,783.0,pacing,,False,False,333,summer
2026-09-24,overlook_ridge,2027-08-24,675.0,0.018965388217082477,625.0,pacing,,False,False,334,summer
2026-09-24,overlook_ridge,2027-08-25,670.0,0.019221720207286106,735.0,pacing,,False,False,335,summer
2026-09-24,overlook_ridge,2027-08-26,660.0,0.019746938660863845,721.0,pacing,,False,False,336,summer
2026-09-24,overlook_ridge,2027-08-27,735.0,0.029175907616966156,883.0,pacing,,False,False,337,summer
2026-09-24,overlook_ridge,2027-08-28,710.0,0.030036169703870866,842.0,pacing,,False,False,338,summer
2026-09-24,overlook_ridge,2027-08-29,695.0,0.017833354946137813,768.0,pacing,,False,False,339,summer
2026-09-24,overlook_ridge,2027-08-30,560.0,0.02509530682062936,590.0,pacing,,False,False,340,summer
2026-09-24,overlook_ridge,2027-08-31,540.0,0.026116799204763556,564.0,pacing,,False,False,341,summer
2026-09-24,overlook_ridge,2027-09-01,550.0,0.025522310083709233,569.0,pacing,,False,False,342,summer
2026-09-24,overlook_ridge,2027-09-02,625.0,0.021456106057861874,670.0,pacing,,False,False,343,summer
2026-09-24,overlook_ridge,2027-09-03,880.0,0.02310112059918143,1033.0,pacing,,False,False,344,summer
2026-09-24,overlook_ridge,2027-09-04,880.0,0.02304146012423066,1033.0,pacing,,False,False,345,summer
2026-09-24,overlook_ridge,2027-09-05,845.0,0.00969612577301705,990.0,pacing,,False,False,346,summer
2026-09-24,overlook_ridge,2027-09-06,545.0,0.02568114256246037,558.0,pacing,,False,False,347,summer
2026-09-24,overlook_ridge,2027-09-07,605.0,0.022449558618660426,624.0,pacing,,False,False,348,summer
2026-09-24,overlook_ridge,2027-09-08,605.0,0.022408347948800787,563.0,pacing,,False,False,349,summer
2026-09-24,overlook_ridge,2027-09-09,650.0,0.020000208631161764,669.0,pacing,,False,False,350,summer
2026-09-24,overlook_ridge,2027-09-10,695.0,0.030233915517391043,768.0,pacing,,False,False,351,summer
2026-09-24,overlook_ridge,2027-09-11,695.0,0.030061979170717595,753.0,pacing,,False,False,352,summer
2026-09-24,overlook_ridge,2027-09-12,695.0,0.01761554125111069,768.0,pacing,,False,False,353,summer
2026-09-24,overlook_ridge,2027-09-13,585.0,0.023346320913170335,610.0,pacing,,False,False,354,summer
2026-09-24,overlook_ridge,2027-09-14,580.0,0.023561355451311116,607.0,pacing,,False,False,355,summer
2026-09-24,overlook_ridge,2027-09-15,585.0,0.023254821778856363,607.0,pacing,,False,False,356,summer
2026-09-24,overlook_ridge,2027-09-16,610.0,0.00802477764648225,659.0,pacing,,False,False,357,shoulder_fall
2026-09-24,overlook_ridge,2027-09-17,665.0,0.024009557569357104,746.0,pacing,,False,False,358,shoulder_fall
2026-09-24,overlook_ridge,2027-09-18,620.0,0.026682732476194595,724.0,pacing,,False,False,359,shoulder_fall
2026-09-24,overlook_ridge,2027-09-19,545.0,0.012681153165055142,616.0,pacing,,False,False,360,shoulder_fall
2026-09-24,overlook_ridge,2027-09-20,490.0,0.016556536487426776,530.0,pacing,,False,False,361,shoulder_fall
2026-09-24,overlook_ridge,2027-09-21,485.0,0.01687972091482316,526.0,pacing,,False,False,362,shoulder_fall
2026-09-24,overlook_ridge,2027-09-22,495.0,0.016167618396552997,,none,,False,False,363,shoulder_fall
2026-09-24,overlook_ridge,2027-09-23,565.0,0.011291382631392993,,none,,False,False,364,shoulder_fall
2026-09-24,overlook_ridge,2027-09-24,620.0,0.026490001324227404,,none,,False,False,365,shoulder_fall
2026-09-24,cloud_9,2026-09-28,710.0,0.10555476291129788,800.0,pacing,,False,True,4,shoulder_fall
2026-09-24,cloud_9,2026-10-05,750.0,0.001,850.0,pacing,,False,False,11,shoulder_fall
2026-09-24,cloud_9,2026-10-06,750.0,0.001,850.0,pacing,,False,False,12,shoulder_fall
2026-09-24,cloud_9,2026-10-07,750.0,0.001,850.0,pacing,,False,False,13,shoulder_fall
2026-09-24,cloud_9,2026-10-08,750.0,0.001,850.0,pacing,,False,False,14,shoulder_fall
2026-09-24,cloud_9,2026-10-09,760.0,0.24297217311050356,850.0,pacing,,False,False,15,shoulder_fall
2026-09-24,cloud_9,2026-10-10,760.0,0.25428473098396637,850.0,pacing,,False,False,16,shoulder_fall
2026-09-24,cloud_9,2026-10-11,750.0,0.001,850.0,pacing,,False,False,17,shoulder_fall
2026-09-24,cloud_9,2026-10-12,750.0,0.001,850.0,pacing,,False,False,18,shoulder_fall
2026-09-24,cloud_9,2026-10-13,750.0,0.001,850.0,pacing,,False,False,19,shoulder_fall
2026-09-24,cloud_9,2026-10-19,750.0,0.001,850.0,pacing,,False,False,25,shoulder_fall
2026-09-24,cloud_9,2026-10-20,750.0,0.001,850.0,pacing,,False,False,26,shoulder_fall
2026-09-24,cloud_9,2026-10-21,750.0,0.001,850.0,pacing,,False,False,27,shoulder_fall
2026-09-24,cloud_9,2026-10-22,750.0,0.001,850.0,pacing,,False,False,28,shoulder_fall
2026-09-24,cloud_9,2026-10-23,760.0,0.27884349746721854,850.0,pacing,,False,False,29,shoulder_fall
2026-09-24,cloud_9,2026-10-24,760.0,0.28306413421287957,850.0,pacing,,False,False,30,shoulder_fall
2026-09-24,cloud_9,2026-10-25,750.0,0.001,850.0,pacing,,False,False,31,shoulder_fall
2026-09-24,cloud_9,2026-10-26,750.0,0.001,850.0,pacing,,False,False,32,shoulder_fall
2026-09-24,cloud_9,2026-10-27,750.0,0.001,850.0,pacing,,False,False,33,shoulder_fall
2026-09-24,cloud_9,2026-10-28,750.0,0.001,850.0,pacing,,False,False,34,shoulder_fall
2026-09-24,cloud_9,2026-10-29,750.0,0.001,850.0,pacing,,False,False,35,shoulder_fall
2026-09-24,cloud_9,2026-10-30,760.0,0.28638009558058986,850.0,pacing,,False,False,36,shoulder_fall
2026-09-24,cloud_9,2026-10-31,760.0,0.2806526462523441,850.0,pacing,,False,False,37,shoulder_fall
2026-09-24,cloud_9,2026-11-01,685.0,0.001,765.0,pacing,,False,False,38,shoulder_fall
2026-09-24,cloud_9,2026-11-02,685.0,0.001,765.0,pacing,,False,False,39,shoulder_fall
2026-09-24,cloud_9,2026-11-03,685.0,0.001,765.0,pacing,,False,False,40,shoulder_fall
2026-09-24,cloud_9,2026-11-04,685.0,0.001,765.0,pacing,,False,False,41,shoulder_fall
2026-09-24,cloud_9,2026-11-05,685.0,0.001,765.0,pacing,,False,False,42,shoulder_fall
2026-09-24,cloud_9,2026-11-06,695.0,0.01503635143481566,765.0,pacing,,False,False,43,shoulder_fall
2026-09-24,cloud_9,2026-11-07,695.0,0.01721558088076028,765.0,pacing,,False,False,44,shoulder_fall
2026-09-24,cloud_9,2026-11-08,685.0,0.001,765.0,pacing,,False,False,45,shoulder_fall
2026-09-24,cloud_9,2026-11-09,685.0,0.001,765.0,pacing,,False,False,46,shoulder_fall
2026-09-24,cloud_9,2026-11-10,685.0,0.001,765.0,pacing,,False,False,47,shoulder_fall
2026-09-24,cloud_9,2026-11-11,685.0,0.001,765.0,pacing,,False,False,48,shoulder_fall
2026-09-24,cloud_9,2026-11-12,685.0,0.001,765.0,pacing,,False,False,49,shoulder_fall
2026-09-24,cloud_9,2026-11-13,690.0,0.43836498485055203,765.0,pacing,,False,False,50,shoulder_fall
2026-09-24,cloud_9,2026-11-14,685.0,0.42043888601510954,765.0,pacing,,False,False,51,shoulder_fall
2026-09-24,cloud_9,2026-11-15,685.0,0.001,765.0,pacing,,False,False,52,shoulder_fall
2026-09-24,cloud_9,2026-11-16,685.0,0.001,765.0,pacing,,False,False,53,shoulder_fall
2026-09-24,cloud_9,2026-11-17,685.0,0.001,765.0,pacing,,False,False,54,shoulder_fall
2026-09-24,cloud_9,2026-11-18,685.0,0.001,765.0,pacing,,False,False,55,shoulder_fall
2026-09-24,cloud_9,2026-11-19,685.0,0.001,765.0,pacing,,False,False,56,shoulder_fall
2026-09-24,cloud_9,2026-11-20,695.0,0.01936979287766763,765.0,pacing,,False,False,57,shoulder_fall
2026-09-24,cloud_9,2026-11-21,705.0,0.049723498997365626,765.0,pacing,,False,False,58,early_winter
2026-09-24,cloud_9,2026-11-22,685.0,0.0015499923471339974,765.0,pacing,,False,False,59,early_winter
2026-09-24,cloud_9,2026-11-23,770.0,0.001,931.0,pacing,,False,False,60,early_winter
2026-09-24,cloud_9,2026-11-29,750.0,0.001,850.0,pacing,,False,False,66,early_winter
2026-09-24,cloud_9,2026-11-30,750.0,0.0014680050193047768,850.0,pacing,,False,False,67,early_winter
2026-09-24,cloud_9,2026-12-01,750.0,0.003507356489477119,850.0,pacing,,False,False,68,early_winter
2026-09-24,cloud_9,2026-12-02,750.0,0.0058591081772605665,850.0,pacing,,False,False,69,early_winter
2026-09-24,cloud_9,2026-12-03,750.0,0.00849175732823708,850.0,pacing,,False,False,70,early_winter
2026-09-24,cloud_9,2026-12-06,770.0,0.004549507389361124,850.0,pacing,,False,False,73,early_winter
2026-09-24,cloud_9,2026-12-07,750.0,0.009692752162537547,850.0,pacing,,False,False,74,early_winter
2026-09-24,cloud_9,2026-12-08,750.0,0.010186802313903308,850.0,pacing,,False,False,75,early_winter
2026-09-24,cloud_9,2026-12-09,750.0,0.010593746191472143,850.0,pacing,,False,False,76,early_winter
2026-09-24,cloud_9,2026-12-10,790.0,0.0024601166077115834,939.0,pacing,,False,False,77,early_winter
2026-09-24,cloud_9,2026-12-11,1095.0,0.001,1315.0,pacing,,False,False,78,early_winter
2026-09-24,cloud_9,2026-12-12,1240.0,0.001,1446.0,pacing,,False,False,79,early_winter
2026-09-24,cloud_9,2026-12-13,885.0,0.001,1017.0,pacing,,False,False,80,early_winter
2026-09-24,cloud_9,2026-12-14,800.0,0.002313685813031914,912.0,pacing,,False,False,81,early_winter
2026-09-24,cloud_9,2027-01-06,1795.0,0.0956855041424079,1328.0,pacing,,False,False,104,peak_ski
2026-09-24,cloud_9,2027-01-07,1215.0,0.001,1410.0,pacing,,False,False,105,peak_ski
2026-09-24,cloud_9,2027-01-08,1535.0,0.001,1763.0,pacing,,False,False,106,peak_ski
2026-09-24,cloud_9,2027-01-09,1385.0,0.0013527912530192714,1632.0,pacing,,False,False,107,peak_ski
2026-09-24,cloud_9,2027-01-10,1300.0,0.001,1521.0,pacing,,False,False,108,peak_ski
2026-09-24,cloud_9,2027-01-11,980.0,0.001,1156.0,pacing,,False,False,109,peak_ski
2026-09-24,cloud_9,2027-01-12,1225.0,0.1725111101817174,1095.0,pacing,,False,False,110,peak_ski
2026-09-24,cloud_9,2027-01-13,1575.0,0.11945359998086699,1448.0,pacing,,False,False,111,peak_ski
2026-09-24,cloud_9,2027-01-14,1590.0,0.001,1899.0,pacing,,False,False,112,peak_ski
2026-09-24,cloud_9,2027-01-15,2385.0,0.001,2714.0,pacing,,False,False,113,peak_ski
2026-09-24,cloud_9,2027-01-16,2275.0,0.001,2647.0,pacing,,False,False,114,peak_ski
2026-09-24,cloud_9,2027-01-17,2260.0,0.001,2593.0,pacing,,False,False,115,peak_ski
2026-09-24,cloud_9,2027-01-18,1165.0,0.001,1379.0,pacing,,False,False,116,peak_ski
2026-09-24,cloud_9,2027-01-19,1475.0,0.12967132233314665,1321.0,pacing,,False,False,117,peak_ski
2026-09-24,cloud_9,2027-01-20,1420.0,0.1332210954517231,1290.0,pacing,,False,False,118,peak_ski
2026-09-24,cloud_9,2027-01-21,1475.0,0.001,1729.0,pacing,,False,False,119,peak_ski
2026-09-24,cloud_9,2027-01-22,2240.0,0.001,2467.0,pacing,,False,False,120,peak_ski
2026-09-24,cloud_9,2027-01-23,2385.0,0.001,2646.0,pacing,,False,False,121,peak_ski
2026-09-24,cloud_9,2027-01-24,1615.0,0.001,1884.0,pacing,,False,False,122,peak_ski
2026-09-24,cloud_9,2027-01-25,1610.0,0.001,1895.0,pacing,,False,False,123,peak_ski
2026-09-24,cloud_9,2027-01-26,1605.0,0.001,1910.0,pacing,,False,False,124,peak_ski
2026-09-24,cloud_9,2027-01-27,1670.0,0.001,1945.0,pacing,,False,False,125,peak_ski
2026-09-24,cloud_9,2027-01-28,1860.0,0.001,2149.0,pacing,,False,False,126,peak_ski
2026-09-24,cloud_9,2027-01-29,2385.0,0.001,2945.0,pacing,,False,False,127,peak_ski
2026-09-24,cloud_9,2027-01-30,2385.0,0.001,2973.0,pacing,,False,False,128,peak_ski
2026-09-24,cloud_9,2027-01-31,1670.0,0.001,1915.0,pacing,,False,False,129,peak_ski
2026-09-24,cloud_9,2027-02-01,1190.0,0.001,1420.0,pacing,,False,False,130,peak_ski
2026-09-24,cloud_9,2027-02-02,1185.0,0.001,1401.0,pacing,,False,False,131,peak_ski
2026-09-24,cloud_9,2027-02-03,1230.0,0.001,1458.0,pacing,,False,False,132,peak_ski
2026-09-24,cloud_9,2027-02-04,2030.0,0.001,2288.0,pacing,,False,False,133,peak_ski
2026-09-24,cloud_9,2027-02-05,2385.0,0.001,2907.0,pacing,,False,False,134,peak_ski
2026-09-24,cloud_9,2027-02-06,2385.0,0.001,3114.0,pacing,,False,False,135,peak_ski
2026-09-24,cloud_9,2027-02-07,1980.0,0.001,2285.0,pacing,,False,False,136,peak_ski
2026-09-24,cloud_9,2027-02-08,1895.0,0.001,2200.0,pacing,,False,False,137,peak_ski
2026-09-24,cloud_9,2027-02-09,1880.0,0.001,2175.0,pacing,,False,False,138,peak_ski
2026-09-24,cloud_9,2027-02-10,1940.0,0.001,2216.0,pacing,,False,False,139,peak_ski
2026-09-24,cloud_9,2027-02-11,2345.0,0.001,2667.0,pacing,,False,False,140,peak_ski
2026-09-24,cloud_9,2027-02-12,2385.0,0.001,3976.0,pacing,,False,False,141,peak_ski
2026-09-24,cloud_9,2027-02-13,2385.0,0.001,3903.0,pacing,,False,False,142,peak_ski
2026-09-24,cloud_9,2027-02-14,2385.0,0.001,3945.0,pacing,,False,False,143,peak_ski
2026-09-24,cloud_9,2027-02-15,2150.0,0.001,2399.0,pacing,,False,False,144,peak_ski
2026-09-24,cloud_9,2027-02-16,1945.0,0.001,2210.0,pacing,,False,False,145,peak_ski
2026-09-24,cloud_9,2027-02-17,1980.0,0.001,2228.0,pacing,,False,False,146,peak_ski
2026-09-24,cloud_9,2027-02-18,2260.0,0.001,2564.0,pacing,,False,False,147,peak_ski
2026-09-24,cloud_9,2027-02-19,2385.0,0.001,3605.0,pacing,,False,False,148,peak_ski
2026-09-24,cloud_9,2027-02-20,2385.0,0.001,3319.0,pacing,,False,False,149,peak_ski
2026-09-24,cloud_9,2027-02-21,2060.0,0.001,2343.0,pacing,,False,False,150,peak_ski
2026-09-24,cloud_9,2027-02-22,1590.0,0.001,1870.0,pacing,,False,False,151,peak_ski
2026-09-24,cloud_9,2027-02-23,1385.0,0.001,1681.0,pacing,,False,False,152,peak_ski
2026-09-24,cloud_9,2027-02-24,1505.0,0.001,1792.0,pacing,,False,False,153,peak_ski
2026-09-24,cloud_9,2027-02-25,2305.0,0.001,2521.0,pacing,,False,False,154,peak_ski
2026-09-24,cloud_9,2027-02-26,2385.0,0.001,3155.0,pacing,,False,False,155,peak_ski
2026-09-24,cloud_9,2027-02-27,2385.0,0.001,3038.0,pacing,,False,False,156,peak_ski
2026-09-24,cloud_9,2027-02-28,1810.0,0.001,2086.0,pacing,,False,False,157,peak_ski
2026-09-24,cloud_9,2027-03-01,1365.0,0.001,1638.0,pacing,,False,False,158,peak_ski
2026-09-24,cloud_9,2027-03-02,1370.0,0.001,1641.0,pacing,,False,False,159,peak_ski
2026-09-24,cloud_9,2027-03-03,1375.0,0.001,1654.0,pacing,,False,False,160,peak_ski
2026-09-24,cloud_9,2027-03-04,1765.0,0.001,2042.0,pacing,,False,False,161,peak_ski
2026-09-24,cloud_9,2027-03-05,2385.0,0.001,2795.0,pacing,,False,False,162,peak_ski
2026-09-24,cloud_9,2027-03-06,2385.0,0.001,2928.0,pacing,,False,False,163,peak_ski
2026-09-24,cloud_9,2027-03-07,2195.0,0.001,2522.0,pacing,,False,False,164,peak_ski
2026-09-24,cloud_9,2027-03-08,2025.0,0.001,2360.0,pacing,,False,False,165,peak_ski
2026-09-24,cloud_9,2027-03-09,1985.0,0.001,2311.0,pacing,,False,False,166,peak_ski
2026-09-24,cloud_9,2027-03-10,1985.0,0.001,2304.0,pacing,,False,False,167,peak_ski
2026-09-24,cloud_9,2027-03-11,2235.0,0.001,2562.0,pacing,,False,False,168,peak_ski
2026-09-24,cloud_9,2027-03-12,2385.0,0.001,3012.0,pacing,,False,False,169,peak_ski
2026-09-24,cloud_9,2027-03-13,2385.0,0.001,3061.0,pacing,,False,False,170,peak_ski
2026-09-24,cloud_9,2027-03-14,2385.0,0.001,3107.0,pacing,,False,False,171,peak_ski
2026-09-24,cloud_9,2027-03-15,2385.0,0.001,2982.0,pacing,,False,False,172,peak_ski
2026-09-24,cloud_9,2027-03-16,2385.0,0.001,2952.0,pacing,,False,False,173,peak_ski
2026-09-24,cloud_9,2027-03-17,2385.0,0.001,2972.0,pacing,,False,False,174,peak_ski
2026-09-24,cloud_9,2027-03-18,2385.0,0.001,2993.0,pacing,,False,False,175,peak_ski
2026-09-24,cloud_9,2027-03-19,2385.0,0.001,2765.0,pacing,,False,False,176,peak_ski
2026-09-24,cloud_9,2027-03-20,2385.0,0.001,2656.0,pacing,,False,False,177,peak_ski
2026-09-24,cloud_9,2027-03-21,1580.0,0.001,1902.0,pacing,,False,False,178,peak_ski
2026-09-24,cloud_9,2027-03-22,1945.0,0.001,2237.0,pacing,,False,False,179,peak_ski
2026-09-24,cloud_9,2027-03-23,1925.0,0.001,2276.0,pacing,,False,False,180,peak_ski
2026-09-24,cloud_9,2027-03-24,1350.0,0.0018804425822829185,1491.0,pacing,,False,False,181,peak_ski
2026-09-24,cloud_9,2027-03-25,1460.0,0.001,1743.0,pacing,,False,False,182,peak_ski
2026-09-24,cloud_9,2027-03-26,1645.0,0.006139081441898973,1937.0,pacing,,False,False,183,peak_ski
2026-09-24,cloud_9,2027-03-27,1460.0,0.008243660521156826,1727.0,pacing,,False,False,184,peak_ski
2026-09-24,cloud_9,2027-03-28,1195.0,0.003630036046009537,1425.0,pacing,,False,False,185,peak_ski
2026-09-24,cloud_9,2027-03-29,1035.0,0.005375666575946918,1147.0,pacing,,False,False,186,peak_ski
2026-09-24,cloud_9,2027-03-30,1020.0,0.005550092264311336,1079.0,pacing,,False,False,187,peak_ski
2026-09-24,cloud_9,2027-03-31,1035.0,0.0053997562404510795,1093.0,pacing,,False,False,188,peak_ski
2026-09-24,cloud_9,2027-04-01,1055.0,0.001,1240.0,pacing,,False,False,189,shoulder_spring
2026-09-24,cloud_9,2027-04-02,1110.0,0.001,1337.0,pacing,,False,False,190,shoulder_spring
2026-09-24,cloud_9,2027-04-03,1040.0,0.0014080997142467376,1241.0,pacing,,False,False,191,shoulder_spring
2026-09-24,cloud_9,2027-04-04,855.0,0.001,1018.0,pacing,,False,False,192,shoulder_spring
2026-09-24,cloud_9,2027-04-05,750.0,0.001,850.0,pacing,,False,False,193,shoulder_spring
2026-09-24,cloud_9,2027-04-06,750.0,0.001,850.0,pacing,,False,False,194,shoulder_spring
2026-09-24,cloud_9,2027-04-07,750.0,0.001,850.0,pacing,,False,False,195,shoulder_spring
2026-09-24,cloud_9,2027-04-08,780.0,0.001,889.0,pacing,,False,False,196,shoulder_spring
2026-09-24,cloud_9,2027-04-09,795.0,0.013309911471553273,930.0,pacing,,False,False,197,shoulder_spring
2026-09-24,cloud_9,2027-04-10,780.0,0.013892820207533074,850.0,pacing,,False,False,198,shoulder_spring
2026-09-24,cloud_9,2027-04-11,750.0,0.001,850.0,pacing,,False,False,199,shoulder_spring
2026-09-24,cloud_9,2027-04-12,750.0,0.001,850.0,pacing,,False,False,200,shoulder_spring
2026-09-24,cloud_9,2027-04-13,750.0,0.001,850.0,pacing,,False,False,201,shoulder_spring
2026-09-24,cloud_9,2027-04-14,750.0,0.001,850.0,pacing,,False,False,202,shoulder_spring
2026-09-24,cloud_9,2027-04-15,750.0,0.001,850.0,pacing,,False,False,203,shoulder_spring
2026-09-24,cloud_9,2027-04-16,795.0,0.013053298214481937,890.0,pacing,,False,False,204,shoulder_spring
2026-09-24,cloud_9,2027-04-17,775.0,0.013833419611071273,850.0,pacing,,False,False,205,shoulder_spring
2026-09-24,cloud_9,2027-04-18,750.0,0.001,850.0,pacing,,False,False,206,shoulder_spring
2026-09-24,cloud_9,2027-04-19,750.0,0.001,850.0,pacing,,False,False,207,shoulder_spring
2026-09-24,cloud_9,2027-04-20,750.0,0.001,850.0,pacing,,False,False,208,shoulder_spring
2026-09-24,cloud_9,2027-04-21,750.0,0.001,850.0,pacing,,False,False,209,shoulder_spring
2026-09-24,cloud_9,2027-04-22,750.0,0.001,850.0,pacing,,False,False,210,shoulder_spring
2026-09-24,cloud_9,2027-04-23,795.0,0.01276442800459113,907.0,pacing,,False,False,211,shoulder_spring
2026-09-24,cloud_9,2027-04-24,795.0,0.012636910216477101,887.0,pacing,,False,False,212,shoulder_spring
2026-09-24,cloud_9,2027-04-25,750.0,0.001,850.0,pacing,,False,False,213,shoulder_spring
2026-09-24,cloud_9,2027-04-26,750.0,0.001,850.0,pacing,,False,False,214,shoulder_spring
2026-09-24,cloud_9,2027-04-27,750.0,0.001,850.0,pacing,,False,False,215,shoulder_spring
2026-09-24,cloud_9,2027-04-28,750.0,0.001,850.0,pacing,,False,False,216,shoulder_spring
2026-09-24,cloud_9,2027-04-29,750.0,0.001,850.0,pacing,,False,False,217,shoulder_spring
2026-09-24,cloud_9,2027-04-30,775.0,0.01339529697931112,850.0,pacing,,False,False,218,shoulder_spring
2026-09-24,cloud_9,2027-05-01,775.0,0.01323914649141799,850.0,pacing,,False,False,219,shoulder_spring
2026-09-24,cloud_9,2027-05-02,750.0,0.001,850.0,pacing,,False,False,220,shoulder_spring
2026-09-24,cloud_9,2027-05-03,750.0,0.001,850.0,pacing,,False,False,221,shoulder_spring
2026-09-24,cloud_9,2027-05-04,750.0,0.001,850.0,pacing,,False,False,222,shoulder_spring
2026-09-24,cloud_9,2027-05-05,750.0,0.001,850.0,pacing,,False,False,223,shoulder_spring
2026-09-24,cloud_9,2027-05-06,750.0,0.001,850.0,pacing,,False,False,224,shoulder_spring
2026-09-24,cloud_9,2027-05-07,775.0,0.013083987371464078,850.0,pacing,,False,False,225,shoulder_spring
2026-09-24,cloud_9,2027-05-08,775.0,0.012935973874459128,850.0,pacing,,False,False,226,shoulder_spring
2026-09-24,cloud_9,2027-05-09,750.0,0.001,850.0,pacing,,False,False,227,shoulder_spring
2026-09-24,cloud_9,2027-05-10,750.0,0.001,850.0,pacing,,False,False,228,shoulder_spring
2026-09-24,cloud_9,2027-05-11,750.0,0.001,850.0,pacing,,False,False,229,shoulder_spring
2026-09-24,cloud_9,2027-05-12,750.0,0.001,850.0,pacing,,False,False,230,shoulder_spring
2026-09-24,cloud_9,2027-05-13,750.0,0.001,850.0,pacing,,False,False,231,shoulder_spring
2026-09-24,cloud_9,2027-05-14,780.0,0.012573400701973362,874.0,pacing,,False,False,232,shoulder_spring
2026-09-24,cloud_9,2027-05-15,795.0,0.011800526008813787,891.0,pacing,,False,False,233,shoulder_spring
2026-09-24,cloud_9,2027-05-16,750.0,0.001,850.0,pacing,,False,False,234,shoulder_spring
2026-09-24,cloud_9,2027-05-17,750.0,0.001,850.0,pacing,,False,False,235,shoulder_spring
2026-09-24,cloud_9,2027-05-18,750.0,0.001,850.0,pacing,,False,False,236,shoulder_spring
2026-09-24,cloud_9,2027-05-19,750.0,0.001,850.0,pacing,,False,False,237,shoulder_spring
2026-09-24,cloud_9,2027-05-20,750.0,0.001,850.0,pacing,,False,False,238,shoulder_spring
2026-09-24,cloud_9,2027-05-21,775.0,0.012514129735435874,850.0,pacing,,False,False,239,shoulder_spring
2026-09-24,cloud_9,2027-05-22,775.0,0.01238080214801141,850.0,pacing,,False,False,240,shoulder_spring
2026-09-24,cloud_9,2027-05-23,750.0,0.001,850.0,pacing,,False,False,241,shoulder_spring
2026-09-24,cloud_9,2027-05-24,750.0,0.001,850.0,pacing,,False,False,242,shoulder_spring
2026-09-24,cloud_9,2027-05-25,750.0,0.001,850.0,pacing,,False,False,243,shoulder_spring
2026-09-24,cloud_9,2027-05-26,750.0,0.001,850.0,pacing,,False,False,244,shoulder_spring
2026-09-24,cloud_9,2027-05-27,750.0,0.001,850.0,pacing,,False,False,245,shoulder_spring
2026-09-24,cloud_9,2027-05-28,860.0,0.008753967292264634,1015.0,pacing,,False,False,246,shoulder_spring
2026-09-24,cloud_9,2027-05-29,860.0,0.00871999169186479,1015.0,pacing,,False,False,247,shoulder_spring
2026-09-24,cloud_9,2027-05-30,825.0,0.001,973.0,pacing,,False,False,248,shoulder_spring
2026-09-24,cloud_9,2027-05-31,750.0,0.001,850.0,pacing,,False,False,249,shoulder_spring
2026-09-24,cloud_9,2027-06-01,750.0,0.00768632744615719,850.0,pacing,,False,False,250,summer
2026-09-24,cloud_9,2027-06-02,750.0,0.0077141674750563155,850.0,pacing,,False,False,251,summer
2026-09-24,cloud_9,2027-06-03,750.0,0.007738843864937059,850.0,pacing,,False,False,252,summer
2026-09-24,cloud_9,2027-06-04,870.0,0.019880087959839813,1021.0,pacing,,False,False,253,summer
2026-09-24,cloud_9,2027-06-05,850.0,0.020839926047394326,1000.0,pacing,,False,False,254,summer
2026-09-24,cloud_9,2027-06-06,750.0,0.007775488849340811,858.0,pacing,,False,False,255,summer
2026-09-24,cloud_9,2027-06-07,750.0,0.00781494132611105,850.0,pacing,,False,False,256,summer
2026-09-24,cloud_9,2027-06-08,750.0,0.007846144017347609,850.0,pacing,,False,False,257,summer
2026-09-24,cloud_9,2027-06-09,750.0,0.007873651307372097,850.0,pacing,,False,False,258,summer
2026-09-24,cloud_9,2027-06-10,930.0,0.001,1117.0,pacing,,False,False,259,summer
2026-09-24,cloud_9,2027-06-11,1145.0,0.001,1379.0,pacing,,False,False,260,summer
2026-09-24,cloud_9,2027-06-12,1135.0,0.001,1364.0,pacing,,False,False,261,summer
2026-09-24,cloud_9,2027-06-13,970.0,0.001,1200.0,pacing,,False,False,262,summer
2026-09-24,cloud_9,2027-06-14,1010.0,0.001,1211.0,pacing,,False,False,263,summer
2026-09-24,cloud_9,2027-06-15,1070.0,0.001,1283.0,pacing,,False,False,264,summer
2026-09-24,cloud_9,2027-06-16,1115.0,0.001,1349.0,pacing,,False,False,265,summer
2026-09-24,cloud_9,2027-06-17,1550.0,0.001,1813.0,pacing,,False,False,266,summer
2026-09-24,cloud_9,2027-06-18,1550.0,0.001,1802.0,pacing,,False,False,267,summer
2026-09-24,cloud_9,2027-06-19,1545.0,0.001,1758.0,pacing,,False,False,268,summer
2026-09-24,cloud_9,2027-06-20,1135.0,0.001,1354.0,pacing,,False,False,269,summer
2026-09-24,cloud_9,2027-06-21,1000.0,0.001,1302.0,pacing,,False,False,270,summer
2026-09-24,cloud_9,2027-06-22,1095.0,0.001,1305.0,pacing,,False,False,271,summer
2026-09-24,cloud_9,2027-06-23,1050.0,0.001,1281.0,pacing,,False,False,272,summer
2026-09-24,cloud_9,2027-06-24,1335.0,0.001,1539.0,pacing,,False,False,273,summer
2026-09-24,cloud_9,2027-06-25,1605.0,0.001,1820.0,pacing,,False,False,274,summer
2026-09-24,cloud_9,2027-06-26,1470.0,0.001,1701.0,pacing,,False,False,275,summer
2026-09-24,cloud_9,2027-06-27,1245.0,0.001,1435.0,pacing,,False,False,276,summer
2026-09-24,cloud_9,2027-06-28,1105.0,0.001,1254.0,pacing,,False,False,277,summer
2026-09-24,cloud_9,2027-06-29,1075.0,0.001,1230.0,pacing,,False,False,278,summer
2026-09-24,cloud_9,2027-06-30,1290.0,0.001,1467.0,pacing,,False,False,279,summer
2026-09-24,cloud_9,2027-07-01,1330.0,0.001,1523.0,pacing,,False,False,280,summer
2026-09-24,cloud_9,2027-07-02,2385.0,0.001,2610.0,pacing,,False,False,281,summer
2026-09-24,cloud_9,2027-07-03,2385.0,0.001,2677.0,pacing,,False,False,282,summer
2026-09-24,cloud_9,2027-07-04,2380.0,0.001,2574.0,pacing,,False,False,283,summer
2026-09-24,cloud_9,2027-07-05,1085.0,0.001,1265.0,pacing,,False,False,284,summer
2026-09-24,cloud_9,2027-07-06,1080.0,0.001,1241.0,pacing,,False,False,285,summer
2026-09-24,cloud_9,2027-07-07,1120.0,0.001,1287.0,pacing,,False,False,286,summer
2026-09-24,cloud_9,2027-07-08,1445.0,0.001,1665.0,pacing,,False,False,287,summer
2026-09-24,cloud_9,2027-07-09,2155.0,0.001,2379.0,pacing,,False,False,288,summer
2026-09-24,cloud_9,2027-07-10,2235.0,0.001,2449.0,pacing,,False,False,289,summer
2026-09-24,cloud_9,2027-07-11,1450.0,0.001,1613.0,pacing,,False,False,290,summer
2026-09-24,cloud_9,2027-07-12,1420.0,0.001,1541.0,pacing,,False,False,291,summer
2026-09-24,cloud_9,2027-07-13,1380.0,0.001,1295.0,pacing,,False,False,292,summer
2026-09-24,cloud_9,2027-07-14,1390.0,0.001,1335.0,pacing,,False,False,293,summer
2026-09-24,cloud_9,2027-07-15,1445.0,0.001,1618.0,pacing,,False,False,294,summer
2026-09-24,cloud_9,2027-07-16,1905.0,0.001,2062.0,pacing,,False,False,295,summer
2026-09-24,cloud_9,2027-07-17,2025.0,0.001,2197.0,pacing,,False,False,296,summer
2026-09-24,cloud_9,2027-07-18,1690.0,0.001,1805.0,pacing,,False,False,297,summer
2026-09-24,cloud_9,2027-07-19,1420.0,0.001,1605.0,pacing,,False,False,298,summer
2026-09-24,cloud_9,2027-07-20,1395.0,0.001,1562.0,pacing,,False,False,299,summer
2026-09-24,cloud_9,2027-07-21,1355.0,0.001,1365.0,pacing,,False,False,300,summer
2026-09-24,cloud_9,2027-07-22,1360.0,0.001,1552.0,pacing,,False,False,301,summer
2026-09-24,cloud_9,2027-07-23,1750.0,0.001,1952.0,pacing,,False,False,302,summer
2026-09-24,cloud_9,2027-07-24,1795.0,0.001,2051.0,pacing,,False,False,303,summer
2026-09-24,cloud_9,2027-07-25,1495.0,0.001,1751.0,pacing,,False,False,304,summer
2026-09-24,cloud_9,2027-07-26,1265.0,0.001,1476.0,pacing,,False,False,305,summer
2026-09-24,cloud_9,2027-07-27,1260.0,0.001,1476.0,pacing,,False,False,306,summer
2026-09-24,cloud_9,2027-07-28,1245.0,0.001,1476.0,pacing,,False,False,307,summer
2026-09-24,cloud_9,2027-07-29,1440.0,0.001,1679.0,pacing,,False,False,308,summer
2026-09-24,cloud_9,2027-07-30,1795.0,0.001,2024.0,pacing,,False,False,309,summer
2026-09-24,cloud_9,2027-07-31,1590.0,0.001,1803.0,pacing,,False,False,310,summer
2026-09-24,cloud_9,2027-08-01,1230.0,0.001,1449.0,pacing,,False,False,311,summer
2026-09-24,cloud_9,2027-08-02,1040.0,0.001,1224.0,pacing,,False,False,312,summer
2026-09-24,cloud_9,2027-08-03,965.0,0.0020898453134363254,1134.0,pacing,,False,False,313,summer
2026-09-24,cloud_9,2027-08-04,955.0,0.0027647633489788176,1123.0,pacing,,False,False,314,summer
2026-09-24,cloud_9,2027-08-05,1135.0,0.001,1334.0,pacing,,False,False,315,summer
2026-09-24,cloud_9,2027-08-06,1340.0,0.003765417162309029,1572.0,pacing,,False,False,316,summer
2026-09-24,cloud_9,2027-08-07,1280.0,0.0065139306615432935,1514.0,pacing,,False,False,317,summer
2026-09-24,cloud_9,2027-08-08,995.0,0.001,1176.0,pacing,,False,False,318,summer
2026-09-24,cloud_9,2027-08-09,910.0,0.005631635549913704,1088.0,pacing,,False,False,319,summer
2026-09-24,cloud_9,2027-08-10,885.0,0.007104988071115347,1212.0,pacing,,False,False,320,summer
2026-09-24,cloud_9,2027-08-11,875.0,0.007714320313025355,1045.0,pacing,,False,False,321,summer
2026-09-24,cloud_9,2027-08-12,1010.0,0.001,1204.0,pacing,,False,False,322,summer
2026-09-24,cloud_9,2027-08-13,1160.0,0.011709274402462845,1375.0,pacing,,False,False,323,summer
2026-09-24,cloud_9,2027-08-14,1090.0,0.014678268331866537,1294.0,pacing,,False,False,324,summer
2026-09-24,cloud_9,2027-08-15,880.0,0.007535517344075434,1041.0,pacing,,False,False,325,summer
2026-09-24,cloud_9,2027-08-16,795.0,0.012322121905725307,1074.0,pacing,,False,False,326,summer
2026-09-24,cloud_9,2027-08-17,880.0,0.007604899416705186,1048.0,pacing,,False,False,327,summer
2026-09-24,cloud_9,2027-08-18,870.0,0.00819218401439212,887.0,pacing,,False,False,328,summer
2026-09-24,cloud_9,2027-08-19,910.0,0.006010858888714367,1073.0,pacing,,False,False,329,summer
2026-09-24,cloud_9,2027-08-20,1145.0,0.012416789814106636,1350.0,pacing,,False,False,330,summer
2026-09-24,cloud_9,2027-08-21,1130.0,0.013109476830342113,1334.0,pacing,,False,False,331,summer
2026-09-24,cloud_9,2027-08-22,890.0,0.007152060162283945,1074.0,pacing,,False,False,332,summer
2026-09-24,cloud_9,2027-08-23,850.0,0.00937979201651071,850.0,pacing,,False,False,333,summer
2026-09-24,cloud_9,2027-08-24,845.0,0.00967422351040245,850.0,pacing,,False,False,334,summer
2026-09-24,cloud_9,2027-08-25,855.0,0.009145414806099648,1007.0,pacing,,False,False,335,summer
2026-09-24,cloud_9,2027-08-26,865.0,0.008619296256717405,1017.0,pacing,,False,False,336,summer
2026-09-24,cloud_9,2027-08-27,1055.0,0.016214183185255034,1239.0,pacing,,False,False,337,summer
2026-09-24,cloud_9,2027-08-28,1030.0,0.017174187575359455,1213.0,pacing,,False,False,338,summer
2026-09-24,cloud_9,2027-08-29,795.0,0.012423553919507533,907.0,pacing,,False,False,339,summer
2026-09-24,cloud_9,2027-08-30,770.0,0.013771869663175495,850.0,pacing,,False,False,340,summer
2026-09-24,cloud_9,2027-08-31,770.0,0.013750160931147127,850.0,pacing,,False,False,341,summer
2026-09-24,cloud_9,2027-09-01,770.0,0.013726196333817612,850.0,pacing,,False,False,342,summer
2026-09-24,cloud_9,2027-09-02,795.0,0.012366337759871657,938.0,pacing,,False,False,343,summer
2026-09-24,cloud_9,2027-09-03,1295.0,0.006546580165930329,1495.0,pacing,,False,False,344,summer
2026-09-24,cloud_9,2027-09-04,1295.0,0.006630607945834204,1495.0,pacing,,False,False,345,summer
2026-09-24,cloud_9,2027-09-05,1240.0,0.001,1435.0,pacing,,False,False,346,summer
2026-09-24,cloud_9,2027-09-06,770.0,0.013742164721274278,850.0,pacing,,False,False,347,summer
2026-09-24,cloud_9,2027-09-07,785.0,0.012924648336905762,870.0,pacing,,False,False,348,summer
2026-09-24,cloud_9,2027-09-08,785.0,0.012911485392060619,850.0,pacing,,False,False,349,summer
2026-09-24,cloud_9,2027-09-09,835.0,0.010268258085241795,961.0,pacing,,False,False,350,summer
2026-09-24,cloud_9,2027-09-10,970.0,0.019452869188609972,1122.0,pacing,,False,False,351,summer
2026-09-24,cloud_9,2027-09-11,930.0,0.02091110824016209,1075.0,pacing,,False,False,352,summer
2026-09-24,cloud_9,2027-09-12,795.0,0.012371819713055524,892.0,pacing,,False,False,353,summer
2026-09-24,cloud_9,2027-09-13,785.0,0.012891755096843635,862.0,pacing,,False,False,354,summer
2026-09-24,cloud_9,2027-09-14,780.0,0.013136614762702576,860.0,pacing,,False,False,355,summer
2026-09-24,cloud_9,2027-09-15,785.0,0.012859569853359853,861.0,pacing,,False,False,356,summer
2026-09-24,cloud_9,2027-09-16,845.0,0.001,970.0,pacing,,False,False,357,shoulder_fall
2026-09-24,cloud_9,2027-09-17,965.0,0.005087163176608825,1092.0,pacing,,False,False,358,shoulder_fall
2026-09-24,cloud_9,2027-09-18,895.0,0.009558686478341925,1063.0,pacing,,False,False,359,shoulder_fall
2026-09-24,cloud_9,2027-09-19,760.0,0.001,856.0,pacing,,False,False,360,shoulder_fall
2026-09-24,cloud_9,2027-09-20,750.0,0.001,850.0,pacing,,False,False,361,shoulder_fall
2026-09-24,cloud_9,2027-09-21,890.0,0.001,850.0,pacing,,False,False,362,shoulder_fall
2026-09-24,cloud_9,2027-09-22,750.0,0.001,,none,,False,False,363,shoulder_fall
2026-09-24,cloud_9,2027-09-23,790.0,0.001,,none,,False,False,364,shoulder_fall
2026-09-24,cloud_9,2027-09-24,895.0,0.009569338851494621,,none,,False,False,365,shoulder_fall
2026-09-25,summit_haus,2026-09-28,335.0,0.995,360.0,pacing,,False,True,3,shoulder_fall
2026-09-25,summit_haus,2026-09-29,335.0,0.9169163491875473,369.0,pacing,,False,True,4,shoulder_fall
2026-09-25,summit_haus,2026-09-30,340.0,0.8669191243259684,334.0,pacing,,False,False,5,shoulder_fall
2026-09-25,summit_haus,2026-10-01,360.0,0.634807767259081,372.0,pacing,,False,False,6,shoulder_fall
2026-09-25,summit_haus,2026-10-12,405.0,0.014833148661751854,426.0,pacing,,False,False,17,shoulder_fall
2026-09-25,summit_haus,2026-10-13,405.0,0.014807973168562144,430.0,pacing,,False,False,18,shoulder_fall
2026-09-25,summit_haus,2026-10-14,425.0,0.013595663333571793,430.0,pacing,,False,False,19,shoulder_fall
2026-09-25,summit_haus,2026-10-15,435.0,0.012970468163573872,447.0,pacing,,False,False,20,shoulder_fall
2026-09-25,summit_haus,2026-10-20,335.0,0.025273952426945252,303.0,pacing,,False,False,25,shoulder_fall
2026-09-25,summit_haus,2026-10-21,335.0,0.026825198858888157,302.0,pacing,,False,False,26,shoulder_fall
2026-09-25,summit_haus,2026-10-26,405.0,0.024633167996370428,387.0,pacing,,False,False,31,shoulder_fall
2026-09-25,summit_haus,2026-10-27,405.0,0.024579756794813296,387.0,pacing,,False,False,32,shoulder_fall
2026-09-25,summit_haus,2026-10-28,410.0,0.0240404686524651,391.0,pacing,,False,False,33,shoulder_fall
2026-09-25,summit_haus,2026-10-29,420.0,0.023021519263479062,406.0,pacing,,False,False,34,shoulder_fall
2026-09-25,summit_haus,2026-11-02,365.0,0.02824238761961103,339.0,pacing,,False,False,38,shoulder_fall
2026-09-25,summit_haus,2026-11-03,365.0,0.02816452497055662,341.0,pacing,,False,False,39,shoulder_fall
2026-09-25,summit_haus,2026-11-04,370.0,0.027609270210032337,346.0,pacing,,False,False,40,shoulder_fall
2026-09-25,summit_haus,2026-11-05,395.0,0.02515265680107541,379.0,pacing,,False,False,41,shoulder_fall
2026-09-25,summit_haus,2026-11-08,390.0,0.025566715151578264,373.0,pacing,,False,False,44,shoulder_fall
2026-09-25,summit_haus,2026-11-09,360.0,0.028342502891044546,336.0,pacing,,False,False,45,shoulder_fall
2026-09-25,summit_haus,2026-11-10,390.0,0.02543404423274151,362.0,pacing,,False,False,46,shoulder_fall
2026-09-25,summit_haus,2026-11-11,395.0,0.02490040824196573,367.0,pacing,,False,False,47,shoulder_fall
2026-09-25,summit_haus,2026-11-12,410.0,0.023434051216025886,394.0,pacing,,False,False,48,shoulder_fall
2026-09-25,summit_haus,2026-11-13,495.0,0.9511077087550834,500.0,pacing,,False,False,49,shoulder_fall
2026-09-25,summit_haus,2026-11-14,490.0,0.9044799347394262,500.0,pacing,,False,False,50,shoulder_fall
2026-09-25,summit_haus,2026-11-15,395.0,0.02478371740631205,373.0,pacing,,False,False,51,shoulder_fall
2026-09-25,summit_haus,2026-11-16,365.0,0.027517387576028198,335.0,pacing,,False,False,52,shoulder_fall
2026-09-25,summit_haus,2026-11-17,410.0,0.042367705664958656,346.0,pacing,,False,False,53,shoulder_fall
2026-09-25,summit_haus,2026-11-23,680.0,0.0021376982105634013,720.0,pacing,,False,False,59,early_winter
2026-09-25,summit_haus,2026-11-24,780.0,0.001,840.0,pacing,,False,False,60,early_winter
2026-09-25,summit_haus,2026-11-25,980.0,0.001,1060.0,pacing,,False,False,61,early_winter
2026-09-25,summit_haus,2026-11-26,1025.0,0.001,1120.0,pacing,,False,False,62,early_winter
2026-09-25,summit_haus,2026-11-27,1070.0,0.001,1166.0,pacing,,False,False,63,early_winter
2026-09-25,summit_haus,2026-11-28,910.0,0.025577545879740662,1080.0,pacing,,False,False,64,early_winter
2026-09-25,summit_haus,2026-12-03,570.0,0.049421306547378155,622.0,pacing,,False,False,69,early_winter
2026-09-25,summit_haus,2026-12-04,720.0,0.12508580387685292,815.0,pacing,,False,False,70,early_winter
2026-09-25,summit_haus,2026-12-05,710.0,0.07988845808823503,782.0,pacing,,False,False,71,early_winter
2026-09-25,summit_haus,2026-12-06,610.0,0.040456752607156206,647.0,pacing,,False,False,72,early_winter
2026-09-25,summit_haus,2026-12-07,570.0,0.049535903408234425,624.0,pacing,,False,False,73,early_winter
2026-09-25,summit_haus,2026-12-08,550.0,0.053894043578253024,601.0,pacing,,False,False,74,early_winter
2026-09-25,summit_haus,2026-12-09,550.0,0.05376915247556994,607.0,pacing,,False,False,75,early_winter
2026-09-25,summit_haus,2026-12-10,675.0,0.026986072639119132,781.0,pacing,,False,False,76,early_winter
2026-09-25,summit_haus,2026-12-11,895.0,0.07124408810526912,1065.0,pacing,,False,False,77,early_winter
2026-09-25,summit_haus,2026-12-12,1000.0,0.04479508383598032,1175.0,pacing,,False,False,78,early_winter
2026-09-25,summit_haus,2026-12-13,705.0,0.021186631477040647,818.0,pacing,,False,False,79,early_winter
2026-09-25,summit_haus,2026-12-14,670.0,0.029222808022260374,744.0,pacing,,False,False,80,early_winter
2026-09-25,summit_haus,2026-12-15,680.0,0.0056097765363128495,788.0,pacing,,False,False,81,peak_ski
2026-09-25,summit_haus,2026-12-16,740.0,0.004541314521984799,864.0,pacing,,False,False,82,peak_ski
2026-09-25,summit_haus,2026-12-17,945.0,0.001,1103.0,pacing,,False,False,83,peak_ski
2026-09-25,summit_haus,2026-12-18,1455.0,0.001,1661.0,pacing,,False,False,84,peak_ski
2026-09-25,summit_haus,2026-12-19,2075.0,0.001,2299.0,pacing,,False,False,85,peak_ski
2026-09-25,summit_haus,2026-12-20,2325.0,0.001,2574.0,pacing,,False,False,86,peak_ski
2026-09-25,summit_haus,2026-12-21,2645.0,0.001,2760.0,pacing,,False,False,87,peak_ski
2026-09-25,summit_haus,2026-12-22,2675.0,0.001,2798.0,pacing,,False,False,88,peak_ski
2026-09-25,summit_haus,2026-12-23,2695.0,0.001,2792.0,pacing,,False,False,89,peak_ski
2026-09-25,summit_haus,2026-12-24,2805.0,0.001,3105.0,pacing,,False,False,90,peak_ski
2026-09-25,summit_haus,2026-12-25,2875.0,0.001,3092.0,pacing,,False,False,91,peak_ski
2026-09-25,summit_haus,2026-12-26,2890.0,0.001,3085.0,pacing,,False,False,92,peak_ski
2026-09-25,summit_haus,2027-01-02,3435.0,0.001,3511.0,pacing,,False,False,99,peak_ski
2026-09-25,summit_haus,2027-01-03,1790.0,0.0873566836049055,1903.0,pacing,,False,False,100,peak_ski
2026-09-25,summit_haus,2027-01-04,1865.0,0.0821441911531247,1738.0,pacing,,False,False,101,peak_ski
2026-09-25,summit_haus,2027-01-05,1780.0,0.09930558957726962,1646.0,pacing,,False,False,102,peak_ski
2026-09-25,summit_haus,2027-01-06,1435.0,0.14704707434225922,1263.0,pacing,,False,False,103,peak_ski
2026-09-25,summit_haus,2027-01-07,1135.0,0.001,1308.0,pacing,,False,False,104,peak_ski
2026-09-25,summit_haus,2027-01-08,1505.0,0.001,1725.0,pacing,,False,False,105,peak_ski
2026-09-25,summit_haus,2027-01-09,1350.0,0.001943555052080559,1575.0,pacing,,False,False,106,peak_ski
2026-09-25,summit_haus,2027-01-10,1240.0,0.001,1445.0,pacing,,False,False,107,peak_ski
2026-09-25,summit_haus,2027-01-11,925.0,0.0013967855084049518,1092.0,pacing,,False,False,108,peak_ski
2026-09-25,summit_haus,2027-01-12,1150.0,0.18292733958750146,1014.0,pacing,,False,False,109,peak_ski
2026-09-25,summit_haus,2027-01-13,1460.0,0.13511658205178376,1311.0,pacing,,False,False,110,peak_ski
2026-09-25,summit_haus,2027-01-14,1420.0,0.001,1669.0,pacing,,False,False,111,peak_ski
2026-09-25,summit_haus,2027-01-15,1855.0,0.001,2459.0,pacing,,False,False,112,peak_ski
2026-09-25,summit_haus,2027-01-16,1855.0,0.001,2365.0,pacing,,False,False,113,peak_ski
2026-09-25,summit_haus,2027-01-17,1855.0,0.001,2319.0,pacing,,False,False,114,peak_ski
2026-09-25,summit_haus,2027-01-18,1075.0,0.001,1263.0,pacing,,False,False,115,peak_ski
2026-09-25,summit_haus,2027-01-19,1330.0,0.14894412266122525,1165.0,pacing,,False,False,116,peak_ski
2026-09-25,summit_haus,2027-01-20,1305.0,0.14817533899417432,1184.0,pacing,,False,False,117,peak_ski
2026-09-25,summit_haus,2027-01-21,1285.0,0.001,1506.0,pacing,,False,False,118,peak_ski
2026-09-25,summit_haus,2027-01-22,1855.0,0.001,2222.0,pacing,,False,False,119,peak_ski
2026-09-25,summit_haus,2027-01-23,1855.0,0.021816444174757265,2295.0,pacing,,False,False,120,peak_ski
2026-09-25,summit_haus,2027-01-24,1420.0,0.001,1667.0,pacing,,False,False,121,peak_ski
2026-09-25,summit_haus,2027-01-25,1375.0,0.001,1621.0,pacing,,False,False,122,peak_ski
2026-09-25,summit_haus,2027-01-26,1410.0,0.001,1663.0,pacing,,False,False,123,peak_ski
2026-09-25,summit_haus,2027-01-27,1445.0,0.001,1682.0,pacing,,False,False,124,peak_ski
2026-09-25,summit_haus,2027-02-02,1115.0,0.001,1308.0,pacing,,False,False,130,peak_ski
2026-09-25,summit_haus,2027-02-03,1160.0,0.001,1363.0,pacing,,False,False,131,peak_ski
2026-09-25,summit_haus,2027-02-04,1795.0,0.001,2031.0,pacing,,False,False,132,peak_ski
2026-09-25,summit_haus,2027-02-05,1855.0,0.001,2738.0,pacing,,False,False,133,peak_ski
2026-09-25,summit_haus,2027-02-06,1855.0,0.001,2855.0,pacing,,False,False,134,peak_ski
2026-09-25,summit_haus,2027-02-07,1800.0,0.001,2041.0,pacing,,False,False,135,peak_ski
2026-09-25,summit_haus,2027-02-08,1785.0,0.001,2043.0,pacing,,False,False,136,peak_ski
2026-09-25,summit_haus,2027-02-09,1785.0,0.001,2031.0,pacing,,False,False,137,peak_ski
2026-09-25,summit_haus,2027-02-10,1795.0,0.001,2043.0,pacing,,False,False,138,peak_ski
2026-09-25,summit_haus,2027-02-11,1855.0,0.001,2499.0,pacing,,False,False,139,peak_ski
2026-09-25,summit_haus,2027-02-12,1855.0,0.001,3839.0,pacing,,False,False,140,peak_ski
2026-09-25,summit_haus,2027-02-13,1855.0,0.001,3843.0,pacing,,False,False,141,peak_ski
2026-09-25,summit_haus,2027-02-14,1855.0,0.001,3825.0,pacing,,False,False,142,peak_ski
2026-09-25,summit_haus,2027-02-15,1855.0,0.001,2293.0,pacing,,False,False,143,peak_ski
2026-09-25,summit_haus,2027-02-16,1855.0,0.001,2110.0,pacing,,False,False,144,peak_ski
2026-09-25,summit_haus,2027-02-17,1855.0,0.001,2099.0,pacing,,False,False,145,peak_ski
2026-09-25,summit_haus,2027-02-18,1855.0,0.001,2471.0,pacing,,False,False,146,peak_ski
2026-09-25,summit_haus,2027-02-19,1855.0,0.0010627122524596068,3294.0,pacing,,False,False,147,peak_ski
2026-09-25,summit_haus,2027-02-20,1855.0,0.0014725333627614017,3139.0,pacing,,False,False,148,peak_ski
2026-09-25,summit_haus,2027-02-21,1855.0,0.001,2224.0,pacing,,False,False,149,peak_ski
2026-09-25,summit_haus,2027-02-22,1550.0,0.001,1788.0,pacing,,False,False,150,peak_ski
2026-09-25,summit_haus,2027-02-23,1380.0,0.001,1633.0,pacing,,False,False,151,peak_ski
2026-09-25,summit_haus,2027-02-24,1475.0,0.001,1724.0,pacing,,False,False,152,peak_ski
2026-09-25,summit_haus,2027-02-25,1855.0,0.001,2480.0,pacing,,False,False,153,peak_ski
2026-09-25,summit_haus,2027-02-26,1855.0,0.0018299064941398788,3027.0,pacing,,False,False,154,peak_ski
2026-09-25,summit_haus,2027-02-27,1855.0,0.00215589436075987,3036.0,pacing,,False,False,155,peak_ski
2026-09-25,summit_haus,2027-02-28,1810.0,0.001,2057.0,pacing,,False,False,156,peak_ski
2026-09-25,summit_haus,2027-03-01,1385.0,0.001,1645.0,pacing,,False,False,157,peak_ski
2026-09-25,summit_haus,2027-03-02,1385.0,0.001,1661.0,pacing,,False,False,158,peak_ski
2026-09-25,summit_haus,2027-03-03,1400.0,0.001,1677.0,pacing,,False,False,159,peak_ski
2026-09-25,summit_haus,2027-03-04,1780.0,0.001,2040.0,pacing,,False,False,160,peak_ski
2026-09-25,summit_haus,2027-03-05,1855.0,0.002451165045549243,2670.0,pacing,,False,False,161,peak_ski
2026-09-25,summit_haus,2027-03-06,1855.0,0.0026803988274805104,2942.0,pacing,,False,False,162,peak_ski
2026-09-25,summit_haus,2027-03-07,1855.0,0.001,2504.0,pacing,,False,False,163,peak_ski
2026-09-25,summit_haus,2027-03-08,1855.0,0.001,2364.0,pacing,,False,False,164,peak_ski
2026-09-25,summit_haus,2027-03-09,1855.0,0.001,2302.0,pacing,,False,False,165,peak_ski
2026-09-25,summit_haus,2027-03-10,1855.0,0.001,2325.0,pacing,,False,False,166,peak_ski
2026-09-25,summit_haus,2027-03-11,1855.0,0.001,2491.0,pacing,,False,False,167,peak_ski
2026-09-25,summit_haus,2027-03-12,1855.0,0.002929874514560713,2960.0,pacing,,False,False,168,peak_ski
2026-09-25,summit_haus,2027-03-13,1855.0,0.0031745855513412346,2989.0,pacing,,False,False,169,peak_ski
2026-09-25,summit_haus,2027-03-14,1855.0,0.001,3042.0,pacing,,False,False,170,peak_ski
2026-09-25,summit_haus,2027-03-15,1855.0,0.001,2915.0,pacing,,False,False,171,peak_ski
2026-09-25,summit_haus,2027-03-16,1855.0,0.001,2903.0,pacing,,False,False,172,peak_ski
2026-09-25,summit_haus,2027-03-17,1855.0,0.001,2890.0,pacing,,False,False,173,peak_ski
2026-09-25,summit_haus,2027-03-18,1855.0,0.001,2935.0,pacing,,False,False,174,peak_ski
2026-09-25,summit_haus,2027-03-19,1855.0,0.0034129611644877563,2773.0,pacing,,False,False,175,peak_ski
2026-09-25,summit_haus,2027-03-20,1855.0,0.0036018507936730927,2648.0,pacing,,False,False,176,peak_ski
2026-09-25,summit_haus,2027-03-21,1580.0,0.001,1853.0,pacing,,False,False,177,peak_ski
2026-09-25,summit_haus,2027-03-22,1855.0,0.001,1829.0,pacing,,False,False,178,peak_ski
2026-09-25,summit_haus,2027-03-23,1850.0,0.001,2131.0,pacing,,False,False,179,peak_ski
2026-09-25,summit_haus,2027-03-24,1275.0,0.0026926402166005327,1360.0,pacing,,False,False,180,peak_ski
2026-09-25,summit_haus,2027-03-25,1355.0,0.0018644375704786975,1607.0,pacing,,False,False,181,peak_ski
2026-09-25,summit_haus,2027-03-26,1535.0,0.007375858866882059,1755.0,pacing,,False,False,182,peak_ski
2026-09-25,summit_haus,2027-03-27,1380.0,0.009133444912155245,1605.0,pacing,,False,False,183,peak_ski
2026-09-25,summit_haus,2027-03-28,1120.0,0.0044377743694817414,1300.0,pacing,,False,False,184,peak_ski
2026-09-25,summit_haus,2027-03-29,905.0,0.006772925846600928,1011.0,pacing,,False,False,185,peak_ski
2026-09-25,summit_haus,2027-03-30,905.0,0.006784640685491921,916.0,pacing,,False,False,186,peak_ski
2026-09-25,summit_haus,2027-03-31,905.0,0.006793989756143215,905.0,pacing,,False,False,187,peak_ski
2026-09-25,summit_haus,2027-04-01,890.0,0.001,1023.0,pacing,,False,False,188,shoulder_spring
2026-09-25,summit_haus,2027-04-02,910.0,0.007532053398745226,1065.0,pacing,,False,False,189,shoulder_spring
2026-09-25,summit_haus,2027-04-03,850.0,0.010614737132283503,985.0,pacing,,False,False,190,shoulder_spring
2026-09-25,summit_haus,2027-04-04,680.0,0.0017000461126463345,791.0,pacing,,False,False,191,shoulder_spring
2026-09-25,summit_haus,2027-04-05,575.0,0.005775691701789601,642.0,pacing,,False,False,192,shoulder_spring
2026-09-25,summit_haus,2027-04-06,535.0,0.007302865799362722,595.0,pacing,,False,False,193,shoulder_spring
2026-09-25,summit_haus,2027-04-07,545.0,0.006922227913929672,602.0,pacing,,False,False,194,shoulder_spring
2026-09-25,summit_haus,2027-04-08,595.0,0.00505012286625929,668.0,pacing,,False,False,195,shoulder_spring
2026-09-25,summit_haus,2027-04-09,620.0,0.021652015105553153,705.0,pacing,,False,False,196,shoulder_spring
2026-09-25,summit_haus,2027-04-10,620.0,0.02142762631880834,688.0,pacing,,False,False,197,shoulder_spring
2026-09-25,summit_haus,2027-04-11,545.0,0.00692885355345074,605.0,pacing,,False,False,198,shoulder_spring
2026-09-25,summit_haus,2027-04-12,520.0,0.007850858566691207,577.0,pacing,,False,False,199,shoulder_spring
2026-09-25,summit_haus,2027-04-13,495.0,0.008778522207644985,537.0,pacing,,False,False,200,shoulder_spring
2026-09-25,summit_haus,2027-04-14,505.0,0.00843177340026238,548.0,pacing,,False,False,201,shoulder_spring
2026-09-25,summit_haus,2027-04-15,525.0,0.007719513761075203,581.0,pacing,,False,False,202,shoulder_spring
2026-09-25,summit_haus,2027-04-16,615.0,0.02143130913390812,643.0,pacing,,False,False,203,shoulder_spring
2026-09-25,summit_haus,2027-04-17,600.0,0.021887163569861628,624.0,pacing,,False,False,204,shoulder_spring
2026-09-25,summit_haus,2027-04-18,525.0,0.007745300420215388,570.0,pacing,,False,False,205,shoulder_spring
2026-09-25,summit_haus,2027-04-19,480.0,0.009418299840518304,517.0,pacing,,False,False,206,shoulder_spring
2026-09-25,summit_haus,2027-04-20,470.0,0.009801687346141001,499.0,pacing,,False,False,207,shoulder_spring
2026-09-25,summit_haus,2027-04-21,480.0,0.009451699260848597,513.0,pacing,,False,False,208,shoulder_spring
2026-09-25,summit_haus,2027-04-22,515.0,0.008190287422981115,560.0,pacing,,False,False,209,shoulder_spring
2026-09-25,summit_haus,2027-04-23,620.0,0.020731135918432952,652.0,pacing,,False,False,210,shoulder_spring
2026-09-25,summit_haus,2027-04-24,615.0,0.02073962783768491,637.0,pacing,,False,False,211,shoulder_spring
2026-09-25,summit_haus,2027-04-25,535.0,0.007482927588841255,588.0,pacing,,False,False,212,shoulder_spring
2026-09-25,summit_haus,2027-04-26,500.0,0.008783746389887331,542.0,pacing,,False,False,213,shoulder_spring
2026-09-25,summit_haus,2027-04-27,495.0,0.008984932419592667,539.0,pacing,,False,False,214,shoulder_spring
2026-09-25,summit_haus,2027-04-28,490.0,0.00918544123627491,530.0,pacing,,False,False,215,shoulder_spring
2026-09-25,summit_haus,2027-04-29,500.0,0.00883998344114827,538.0,pacing,,False,False,216,shoulder_spring
2026-09-25,summit_haus,2027-04-30,580.0,0.022077937135817436,593.0,pacing,,False,False,217,shoulder_spring
2026-09-25,summit_haus,2027-05-01,575.0,0.02205320340234924,581.0,pacing,,False,False,218,shoulder_spring
2026-09-25,summit_haus,2027-05-02,505.0,0.008677164571817978,543.0,pacing,,False,False,219,shoulder_spring
2026-09-25,summit_haus,2027-05-03,480.0,0.009602384801654816,510.0,pacing,,False,False,220,shoulder_spring
2026-09-25,summit_haus,2027-05-04,485.0,0.009436627004655973,519.0,pacing,,False,False,221,shoulder_spring
2026-09-25,summit_haus,2027-05-05,500.0,0.008909882387457766,541.0,pacing,,False,False,222,shoulder_spring
2026-09-25,summit_haus,2027-05-06,510.0,0.008566393140776665,557.0,pacing,,False,False,223,shoulder_spring
2026-09-25,summit_haus,2027-05-07,585.0,0.02137307433845998,604.0,pacing,,False,False,224,shoulder_spring
2026-09-25,summit_haus,2027-05-08,570.0,0.021789401752828008,586.0,pacing,,False,False,225,shoulder_spring
2026-09-25,summit_haus,2027-05-09,505.0,0.008766189668835118,548.0,pacing,,False,False,226,shoulder_spring
2026-09-25,summit_haus,2027-05-10,490.0,0.009325450308530945,533.0,pacing,,False,False,227,shoulder_spring
2026-09-25,summit_haus,2027-05-11,485.0,0.009521705830998824,525.0,pacing,,False,False,228,shoulder_spring
2026-09-25,summit_haus,2027-05-12,500.0,0.00899675265774101,545.0,pacing,,False,False,229,shoulder_spring
2026-09-25,summit_haus,2027-05-13,510.0,0.008654022373968773,556.0,pacing,,False,False,230,shoulder_spring
2026-09-25,summit_haus,2027-05-14,585.0,0.02091200928936662,600.0,pacing,,False,False,231,shoulder_spring
2026-09-25,summit_haus,2027-05-15,590.0,0.020479802513536302,604.0,pacing,,False,False,232,shoulder_spring
2026-09-25,summit_haus,2027-05-16,520.0,0.008312669570544712,566.0,pacing,,False,False,233,shoulder_spring
2026-09-25,summit_haus,2027-05-17,505.0,0.008870679128782892,546.0,pacing,,False,False,234,shoulder_spring
2026-09-25,summit_haus,2027-05-18,500.0,0.009066953003202411,538.0,pacing,,False,False,235,shoulder_spring
2026-09-25,summit_haus,2027-05-19,500.0,0.009082923649701159,544.0,pacing,,False,False,236,shoulder_spring
2026-09-25,summit_haus,2027-05-20,510.0,0.008741189194892899,554.0,pacing,,False,False,237,shoulder_spring
2026-09-25,summit_haus,2027-05-21,590.0,0.020268821346976988,609.0,pacing,,False,False,238,shoulder_spring
2026-09-25,summit_haus,2027-05-22,585.0,0.020267444202047326,597.0,pacing,,False,False,239,shoulder_spring
2026-09-25,summit_haus,2027-05-23,525.0,0.008222073743906252,573.0,pacing,,False,False,240,shoulder_spring
2026-09-25,summit_haus,2027-05-24,505.0,0.008955848660033376,544.0,pacing,,False,False,241,shoulder_spring
2026-09-25,summit_haus,2027-05-25,515.0,0.008615026909538057,561.0,pacing,,False,False,242,shoulder_spring
2026-09-25,summit_haus,2027-05-26,510.0,0.008810901509048695,552.0,pacing,,False,False,243,shoulder_spring
2026-09-25,summit_haus,2027-05-27,555.0,0.007224110587226749,614.0,pacing,,False,False,244,shoulder_spring
2026-09-25,summit_haus,2027-05-28,645.0,0.017592703191970753,755.0,pacing,,False,False,245,shoulder_spring
2026-09-25,summit_haus,2027-05-29,645.0,0.017459111415957417,754.0,pacing,,False,False,246,shoulder_spring
2026-09-25,summit_haus,2027-05-30,620.0,0.004933713389076736,721.0,pacing,,False,False,247,shoulder_spring
2026-09-25,summit_haus,2027-05-31,510.0,0.008882528971439716,557.0,pacing,,False,False,248,shoulder_spring
2026-09-25,summit_haus,2027-06-01,555.0,0.02078123578447656,600.0,pacing,,False,False,249,summer
2026-09-25,summit_haus,2027-06-02,545.0,0.0214252066784606,589.0,pacing,,False,False,250,summer
2026-09-25,summit_haus,2027-06-03,600.0,0.01773161563249019,668.0,pacing,,False,False,251,summer
2026-09-25,summit_haus,2027-06-04,725.0,0.02748779259811213,789.0,pacing,,False,False,252,summer
2026-09-25,summit_haus,2027-06-05,695.0,0.02889944962944542,793.0,pacing,,False,False,253,summer
2026-09-25,summit_haus,2027-06-06,620.0,0.01639959373621356,683.0,pacing,,False,False,254,summer
2026-09-25,summit_haus,2027-06-07,585.0,0.018714460204515875,735.0,pacing,,False,False,255,summer
2026-09-25,summit_haus,2027-06-08,570.0,0.019688069453184184,622.0,pacing,,False,False,256,summer
2026-09-25,summit_haus,2027-06-09,610.0,0.017047226505465807,674.0,pacing,,False,False,257,summer
2026-09-25,summit_haus,2027-06-10,745.0,0.0025841258205815463,876.0,pacing,,False,False,258,summer
2026-09-25,summit_haus,2027-06-11,840.0,0.01842183222425902,997.0,pacing,,False,False,259,summer
2026-09-25,summit_haus,2027-06-12,855.0,0.01749323124388875,1010.0,pacing,,False,False,260,summer
2026-09-25,summit_haus,2027-06-20,940.0,0.001,1094.0,pacing,,False,False,268,summer
2026-09-25,summit_haus,2027-06-21,910.0,0.001,1061.0,pacing,,False,False,269,summer
2026-09-25,summit_haus,2027-06-22,810.0,0.001,1048.0,pacing,,False,False,270,summer
2026-09-25,summit_haus,2027-06-23,875.0,0.001,997.0,pacing,,False,False,271,summer
2026-09-25,summit_haus,2027-06-24,1080.0,0.001,1234.0,pacing,,False,False,272,summer
2026-09-25,summit_haus,2027-06-25,1315.0,0.001,1504.0,pacing,,False,False,273,summer
2026-09-25,summit_haus,2027-06-26,1250.0,0.001,1390.0,pacing,,False,False,274,summer
2026-09-25,summit_haus,2027-06-27,1080.0,0.001,1208.0,pacing,,False,False,275,summer
2026-09-25,summit_haus,2027-06-28,965.0,0.001,1059.0,pacing,,False,False,276,summer
2026-09-25,summit_haus,2027-06-29,930.0,0.001,1047.0,pacing,,False,False,277,summer
2026-09-25,summit_haus,2027-06-30,1110.0,0.001,1124.0,pacing,,False,False,278,summer
2026-09-25,summit_haus,2027-07-01,1175.0,0.001,1294.0,pacing,,False,False,279,summer
2026-09-25,summit_haus,2027-07-02,1855.0,0.001,2077.0,pacing,,False,False,280,summer
2026-09-25,summit_haus,2027-07-03,1855.0,0.001,2100.0,pacing,,False,False,281,summer
2026-09-25,summit_haus,2027-07-04,1855.0,0.001,2077.0,pacing,,False,False,282,summer
2026-09-25,summit_haus,2027-07-05,970.0,0.001,1078.0,pacing,,False,False,283,summer
2026-09-25,summit_haus,2027-07-06,960.0,0.001,1070.0,pacing,,False,False,284,summer
2026-09-25,summit_haus,2027-07-07,1035.0,0.001,1156.0,pacing,,False,False,285,summer
2026-09-25,summit_haus,2027-07-08,1355.0,0.001,1525.0,pacing,,False,False,286,summer
2026-09-25,summit_haus,2027-07-09,1855.0,0.001,2103.0,pacing,,False,False,287,summer
2026-09-25,summit_haus,2027-07-10,1855.0,0.001,2150.0,pacing,,False,False,288,summer
2026-09-25,summit_haus,2027-07-11,1370.0,0.001,1521.0,pacing,,False,False,289,summer
2026-09-25,summit_haus,2027-07-12,1380.0,0.001,1533.0,pacing,,False,False,290,summer
2026-09-25,summit_haus,2027-07-13,1360.0,0.001,1494.0,pacing,,False,False,291,summer
2026-09-25,summit_haus,2027-07-14,1355.0,0.001,1515.0,pacing,,False,False,292,summer
2026-09-25,summit_haus,2027-07-15,1425.0,0.001,1630.0,pacing,,False,False,293,summer
2026-09-25,summit_haus,2027-07-16,1820.0,0.001,1985.0,pacing,,False,False,294,summer
2026-09-25,summit_haus,2027-07-17,1825.0,0.001,2003.0,pacing,,False,False,295,summer
2026-09-25,summit_haus,2027-07-18,1505.0,0.001,1737.0,pacing,,False,False,296,summer
2026-09-25,summit_haus,2027-07-19,1310.0,0.001,1535.0,pacing,,False,False,297,summer
2026-09-25,summit_haus,2027-07-20,1295.0,0.001,1493.0,pacing,,False,False,298,summer
2026-09-25,summit_haus,2027-07-21,1275.0,0.001,1453.0,pacing,,False,False,299,summer
2026-09-25,summit_haus,2027-07-22,1300.0,0.001,1500.0,pacing,,False,False,300,summer
2026-09-25,summit_haus,2027-07-23,1630.0,0.001,1874.0,pacing,,False,False,301,summer
2026-09-25,summit_haus,2027-07-24,1630.0,0.001,1862.0,pacing,,False,False,302,summer
2026-09-25,summit_haus,2027-07-25,1310.0,0.001,1512.0,pacing,,False,False,303,summer
2026-09-25,summit_haus,2027-07-26,1150.0,0.001,1325.0,pacing,,False,False,304,summer
2026-09-25,summit_haus,2027-07-27,1150.0,0.001,1325.0,pacing,,False,False,305,summer
2026-09-25,summit_haus,2027-07-28,1120.0,0.001,1291.0,pacing,,False,False,306,summer
2026-09-25,summit_haus,2027-07-29,1245.0,0.001,1418.0,pacing,,False,False,307,summer
2026-09-25,summit_haus,2027-07-30,1500.0,0.001,1713.0,pacing,,False,False,308,summer
2026-09-25,summit_haus,2027-07-31,1375.0,0.001921322837119745,1559.0,pacing,,False,False,309,summer
2026-09-25,summit_haus,2027-08-01,1050.0,0.001,1221.0,pacing,,False,False,310,summer
2026-09-25,summit_haus,2027-08-02,895.0,0.006061907395180804,1038.0,pacing,,False,False,311,summer
2026-09-25,summit_haus,2027-08-03,870.0,0.00760233215447936,1014.0,pacing,,False,False,312,summer
2026-09-25,summit_haus,2027-08-04,865.0,0.007963678953209378,1010.0,pacing,,False,False,313,summer
2026-09-25,summit_haus,2027-08-05,990.0,0.001,1148.0,pacing,,False,False,314,summer
2026-09-25,summit_haus,2027-08-06,1115.0,0.013424988740368638,1304.0,pacing,,False,False,315,summer
2026-09-25,summit_haus,2027-08-07,1085.0,0.014797727249844402,1263.0,pacing,,False,False,316,summer
2026-09-25,summit_haus,2027-08-08,845.0,0.00927402499786635,986.0,pacing,,False,False,317,summer
2026-09-25,summit_haus,2027-08-09,745.0,0.015031567449914896,873.0,pacing,,False,False,318,summer
2026-09-25,summit_haus,2027-08-10,730.0,0.015900204137845132,854.0,pacing,,False,False,319,summer
2026-09-25,summit_haus,2027-08-11,735.0,0.015627673041998896,855.0,pacing,,False,False,320,summer
2026-09-25,summit_haus,2027-08-12,810.0,0.011415032655557263,944.0,pacing,,False,False,321,summer
2026-09-25,summit_haus,2027-08-13,1025.0,0.017386457794461338,1202.0,pacing,,False,False,322,summer
2026-09-25,summit_haus,2027-08-14,1025.0,0.01738675826016315,1202.0,pacing,,False,False,323,summer
2026-09-25,summit_haus,2027-08-15,720.0,0.01650633237242536,915.0,pacing,,False,False,324,summer
2026-09-25,summit_haus,2027-08-16,720.0,0.016511287077569402,844.0,pacing,,False,False,325,summer
2026-09-25,summit_haus,2027-08-17,685.0,0.01845740536614172,800.0,pacing,,False,False,326,summer
2026-09-25,summit_haus,2027-08-18,680.0,0.0187277767240709,794.0,pacing,,False,False,327,summer
2026-09-25,summit_haus,2027-08-19,690.0,0.018165931635002294,803.0,pacing,,False,False,328,summer
2026-09-25,summit_haus,2027-08-20,1445.0,0.001,1694.0,pacing,,False,False,329,summer
2026-09-25,summit_haus,2027-08-21,1450.0,0.001,1698.0,pacing,,False,False,330,summer
2026-09-25,summit_haus,2027-08-22,685.0,0.018436710987963924,803.0,pacing,,False,False,331,summer
2026-09-25,summit_haus,2027-08-23,670.0,0.019252306648308445,788.0,pacing,,False,False,332,summer
2026-09-25,summit_haus,2027-08-24,665.0,0.01951192731747542,630.0,pacing,,False,False,333,summer
2026-09-25,summit_haus,2027-08-25,670.0,0.019221720207286106,743.0,pacing,,False,False,334,summer
2026-09-25,summit_haus,2027-08-26,665.0,0.01947553274856759,729.0,pacing,,False,False,335,summer
2026-09-25,summit_haus,2027-08-27,850.0,0.024517787899319972,995.0,pacing,,False,False,336,summer
2026-09-25,summit_haus,2027-08-28,860.0,0.024007115581131142,1008.0,pacing,,False,False,337,summer
2026-09-25,summit_haus,2027-08-29,655.0,0.01999727535678993,688.0,pacing,,False,False,338,summer
2026-09-25,summit_haus,2027-08-30,575.0,0.024286489880811224,594.0,pacing,,False,False,339,summer
2026-09-25,summit_haus,2027-08-31,555.0,0.025310279317353784,570.0,pacing,,False,False,340,summer
2026-09-25,summit_haus,2027-09-01,565.0,0.024718029600762075,580.0,pacing,,False,False,341,summer
2026-09-25,summit_haus,2027-09-02,645.0,0.020386721552215967,681.0,pacing,,False,False,342,summer
2026-09-25,summit_haus,2027-09-03,915.0,0.021704954538545793,1078.0,pacing,,False,False,343,summer
2026-09-25,summit_haus,2027-09-04,915.0,0.02165741235014903,1077.0,pacing,,False,False,344,summer
2026-09-25,summit_haus,2027-09-05,875.0,0.008097047086665117,1032.0,pacing,,False,False,345,summer
2026-09-25,summit_haus,2027-09-06,560.0,0.0248852107063813,566.0,pacing,,False,False,346,summer
2026-09-25,summit_haus,2027-09-07,620.0,0.021655816095180868,629.0,pacing,,False,False,347,summer
2026-09-25,summit_haus,2027-09-08,620.0,0.0216169427357391,629.0,pacing,,False,False,348,summer
2026-09-25,summit_haus,2027-09-09,665.0,0.019211131559870954,676.0,pacing,,False,False,349,summer
2026-09-25,summit_haus,2027-09-10,715.0,0.029449839420752418,782.0,pacing,,False,False,350,summer
2026-09-25,summit_haus,2027-09-11,695.0,0.030061979170717595,768.0,pacing,,False,False,351,summer
2026-09-25,summit_haus,2027-09-12,630.0,0.021023960250846546,626.0,pacing,,False,False,352,summer
2026-09-25,summit_haus,2027-09-13,600.0,0.022562228476945827,605.0,pacing,,False,False,353,summer
2026-09-25,summit_haus,2027-09-14,595.0,0.022779499899665476,605.0,pacing,,False,False,354,summer
2026-09-25,summit_haus,2027-09-15,600.0,0.022475177884444128,604.0,pacing,,False,False,355,summer
2026-09-25,summit_haus,2027-09-16,625.0,0.007314994110826019,662.0,pacing,,False,False,356,shoulder_fall
2026-09-25,summit_haus,2027-09-17,690.0,0.02475663896101155,762.0,pacing,,False,False,357,shoulder_fall
2026-09-25,summit_haus,2027-09-18,645.0,0.027731643042562877,738.0,pacing,,False,False,358,shoulder_fall
2026-09-25,summit_haus,2027-09-19,560.0,0.012215315837545818,627.0,pacing,,False,False,359,shoulder_fall
2026-09-25,summit_haus,2027-09-20,505.0,0.016294060890266762,550.0,pacing,,False,False,360,shoulder_fall
2026-09-25,summit_haus,2027-09-21,500.0,0.016639138941344646,544.0,pacing,,False,False,361,shoulder_fall
2026-09-25,summit_haus,2027-09-22,510.0,0.015896538799132894,551.0,pacing,,False,False,362,shoulder_fall
2026-09-25,summit_haus,2027-09-23,580.0,0.010777121823687367,624.0,pacing,,False,False,363,shoulder_fall
2026-09-25,summit_haus,2027-09-24,635.0,0.02821909631066603,740.0,pacing,,False,False,364,shoulder_fall
2026-09-25,summit_haus,2027-09-25,645.0,0.02734603504806055,739.0,pacing,,False,False,365,shoulder_fall
2026-09-25,overlook_ridge,2026-09-28,336.0,0.995,304.0,pacing,,False,True,3,shoulder_fall
2026-09-25,overlook_ridge,2026-09-29,336.0,0.9146570376499407,312.0,pacing,,False,True,4,shoulder_fall
2026-09-25,overlook_ridge,2026-09-30,336.0,0.8757242503775415,300.0,pacing,,False,False,5,shoulder_fall
2026-09-25,overlook_ridge,2026-10-05,355.0,0.014568156424581005,372.0,pacing,,False,False,10,shoulder_fall
2026-09-25,overlook_ridge,2026-10-06,350.0,0.014828085208411978,364.0,pacing,,False,False,11,shoulder_fall
2026-09-25,overlook_ridge,2026-10-07,340.0,0.015334018384528731,342.0,pacing,,False,False,12,shoulder_fall
2026-09-25,overlook_ridge,2026-10-12,425.0,0.01363614845057465,384.0,pacing,,False,False,17,shoulder_fall
2026-09-25,overlook_ridge,2026-10-13,430.0,0.01331773751261048,387.0,pacing,,False,False,18,shoulder_fall
2026-09-25,overlook_ridge,2026-10-14,370.0,0.016861017532113796,387.0,pacing,,False,False,19,shoulder_fall
2026-09-25,overlook_ridge,2026-10-15,380.0,0.016229587388553367,403.0,pacing,,False,False,20,shoulder_fall
2026-09-25,overlook_ridge,2026-10-16,500.0,0.995,500.0,pacing,,False,False,21,shoulder_fall
2026-09-25,overlook_ridge,2026-10-17,500.0,0.995,500.0,pacing,,False,False,22,shoulder_fall
2026-09-25,overlook_ridge,2026-10-25,350.0,0.030053198279414557,399.0,pacing,,False,False,30,shoulder_fall
2026-09-25,overlook_ridge,2026-10-26,336.0,0.03138535621734972,363.0,pacing,,False,False,31,shoulder_fall
2026-09-25,overlook_ridge,2026-10-27,336.0,0.03130759577069281,363.0,pacing,,False,False,32,shoulder_fall
2026-09-25,overlook_ridge,2026-10-28,336.0,0.03122995544192114,367.0,pacing,,False,False,33,shoulder_fall
2026-09-25,overlook_ridge,2026-10-29,370.0,0.027861833868222014,382.0,pacing,,False,False,34,shoulder_fall
2026-09-25,overlook_ridge,2026-10-30,500.0,0.995,500.0,pacing,,False,False,35,shoulder_fall
2026-09-25,overlook_ridge,2026-10-31,500.0,0.9682115567205356,500.0,pacing,,False,False,36,shoulder_fall
2026-09-25,overlook_ridge,2026-11-01,336.0,0.03108169513728823,328.0,pacing,,False,False,37,shoulder_fall
2026-09-25,overlook_ridge,2026-11-02,336.0,0.031032515676883338,319.0,pacing,,False,False,38,shoulder_fall
2026-09-25,overlook_ridge,2026-11-03,336.0,0.030945676592800238,321.0,pacing,,False,False,39,shoulder_fall
2026-09-25,overlook_ridge,2026-11-04,336.0,0.030859459664476084,325.0,pacing,,False,False,40,shoulder_fall
2026-09-25,overlook_ridge,2026-11-05,350.0,0.02944050314595403,357.0,pacing,,False,False,41,shoulder_fall
2026-09-25,overlook_ridge,2026-11-06,495.0,0.026586142388825545,500.0,pacing,,False,False,42,shoulder_fall
2026-09-25,overlook_ridge,2026-11-07,495.0,0.030402107156778175,500.0,pacing,,False,False,43,shoulder_fall
2026-09-25,overlook_ridge,2026-11-08,345.0,0.029840130911930027,351.0,pacing,,False,False,44,shoulder_fall
2026-09-25,overlook_ridge,2026-11-09,336.0,0.030614113809419356,316.0,pacing,,False,False,45,shoulder_fall
2026-09-25,overlook_ridge,2026-11-10,345.0,0.02967989920657149,340.0,pacing,,False,False,46,shoulder_fall
2026-09-25,overlook_ridge,2026-11-11,350.0,0.029132336866336202,345.0,pacing,,False,False,47,shoulder_fall
2026-09-25,overlook_ridge,2026-11-12,365.0,0.0276520060955102,371.0,pacing,,False,False,48,shoulder_fall
2026-09-25,overlook_ridge,2026-11-13,495.0,0.9511077087550834,500.0,pacing,,False,False,49,shoulder_fall
2026-09-25,overlook_ridge,2026-11-14,490.0,0.9044799347394262,500.0,pacing,,False,False,50,shoulder_fall
2026-09-25,overlook_ridge,2026-11-15,350.0,0.028987359429271286,351.0,pacing,,False,False,51,shoulder_fall
2026-09-25,overlook_ridge,2026-11-16,336.0,0.030217492459012632,315.0,pacing,,False,False,52,shoulder_fall
2026-09-25,overlook_ridge,2026-11-17,360.0,0.05073024276862396,325.0,pacing,,False,False,53,shoulder_fall
2026-09-25,overlook_ridge,2026-11-18,370.0,0.04893137316888903,332.0,pacing,,False,False,54,shoulder_fall
2026-09-25,overlook_ridge,2026-11-19,375.0,0.026514972006736495,377.0,pacing,,False,False,55,shoulder_fall
2026-09-25,overlook_ridge,2026-11-23,600.0,0.009187147889063675,677.0,pacing,,False,False,59,early_winter
2026-09-25,overlook_ridge,2026-12-03,555.0,0.05283210231563992,600.0,pacing,,False,False,69,early_winter
2026-09-25,overlook_ridge,2026-12-04,695.0,0.1350915051311289,787.0,pacing,,False,False,70,early_winter
2026-09-25,overlook_ridge,2026-12-05,685.0,0.08532108280343802,755.0,pacing,,False,False,71,early_winter
2026-09-25,overlook_ridge,2026-12-06,590.0,0.044945158259380606,624.0,pacing,,False,False,72,early_winter
2026-09-25,overlook_ridge,2026-12-07,555.0,0.052856166012042495,602.0,pacing,,False,False,73,early_winter
2026-09-25,overlook_ridge,2026-12-08,530.0,0.058264767704687984,580.0,pacing,,False,False,74,early_winter
2026-09-25,overlook_ridge,2026-12-09,535.0,0.057007307946877285,585.0,pacing,,False,False,75,early_winter
2026-09-25,overlook_ridge,2026-12-10,655.0,0.031251456296755215,754.0,pacing,,False,False,76,early_winter
2026-09-25,overlook_ridge,2026-12-11,865.0,0.08378862241577834,1027.0,pacing,,False,False,77,early_winter
2026-09-25,overlook_ridge,2026-12-12,965.0,0.057883855901721015,1134.0,pacing,,False,False,78,early_winter
2026-09-25,overlook_ridge,2026-12-13,680.0,0.026442848101915356,789.0,pacing,,False,False,79,early_winter
2026-09-25,overlook_ridge,2026-12-14,650.0,0.03336267297752628,718.0,pacing,,False,False,80,early_winter
2026-09-25,overlook_ridge,2026-12-15,655.0,0.0060818435754189945,761.0,pacing,,False,False,81,peak_ski
2026-09-25,overlook_ridge,2026-12-16,710.0,0.005105180149471902,833.0,pacing,,False,False,82,peak_ski
2026-09-25,overlook_ridge,2026-12-17,915.0,0.0013374704410598426,1064.0,pacing,,False,False,83,peak_ski
2026-09-25,overlook_ridge,2026-12-18,1400.0,0.001,1603.0,pacing,,False,False,84,peak_ski
2026-09-25,overlook_ridge,2026-12-19,1990.0,0.001,2218.0,pacing,,False,False,85,peak_ski
2026-09-25,overlook_ridge,2026-12-20,2235.0,0.001,2483.0,pacing,,False,False,86,peak_ski
2026-09-25,overlook_ridge,2026-12-21,2545.0,0.001,2662.0,pacing,,False,False,87,peak_ski
2026-09-25,overlook_ridge,2026-12-22,2570.0,0.001,2699.0,pacing,,False,False,88,peak_ski
2026-09-25,overlook_ridge,2026-12-23,2595.0,0.001,2694.0,pacing,,False,False,89,peak_ski
2026-09-25,overlook_ridge,2026-12-24,2695.0,0.001,2996.0,pacing,,False,False,90,peak_ski
2026-09-25,overlook_ridge,2026-12-25,2765.0,0.001,2983.0,pacing,,False,False,91,peak_ski
2026-09-25,overlook_ridge,2026-12-26,2780.0,0.001,2976.0,pacing,,False,False,92,peak_ski
2026-09-25,overlook_ridge,2027-01-02,3305.0,0.001,3388.0,pacing,,False,False,99,peak_ski
2026-09-25,overlook_ridge,2027-01-03,1740.0,0.0947788975390155,1836.0,pacing,,False,False,100,peak_ski
2026-09-25,overlook_ridge,2027-01-04,1805.0,0.09095771536582532,1677.0,pacing,,False,False,101,peak_ski
2026-09-25,overlook_ridge,2027-01-05,1720.0,0.10805795791759099,1588.0,pacing,,False,False,102,peak_ski
2026-09-25,overlook_ridge,2027-01-06,1385.0,0.15418062575890526,1218.0,pacing,,False,False,103,peak_ski
2026-09-25,overlook_ridge,2027-01-07,1095.0,0.001,1262.0,pacing,,False,False,104,peak_ski
2026-09-25,overlook_ridge,2027-01-08,1445.0,0.001,1664.0,pacing,,False,False,105,peak_ski
2026-09-25,overlook_ridge,2027-01-09,1300.0,0.0027875033364538246,1520.0,pacing,,False,False,106,peak_ski
2026-09-25,overlook_ridge,2027-01-10,1195.0,0.001,1395.0,pacing,,False,False,107,peak_ski
2026-09-25,overlook_ridge,2027-01-11,905.0,0.0017655036595745743,1054.0,pacing,,False,False,108,peak_ski
2026-09-25,overlook_ridge,2027-01-12,1105.0,0.1891770772309719,978.0,pacing,,False,False,109,peak_ski
2026-09-25,overlook_ridge,2027-01-13,1410.0,0.1419265742565302,1264.0,pacing,,False,False,110,peak_ski
2026-09-25,overlook_ridge,2027-01-14,1370.0,0.001,1610.0,pacing,,False,False,111,peak_ski
2026-09-25,overlook_ridge,2027-01-15,1855.0,0.001,2371.0,pacing,,False,False,112,peak_ski
2026-09-25,overlook_ridge,2027-01-16,1855.0,0.001,2281.0,pacing,,False,False,113,peak_ski
2026-09-25,overlook_ridge,2027-01-17,1855.0,0.001,2237.0,pacing,,False,False,114,peak_ski
2026-09-25,overlook_ridge,2027-01-18,1035.0,0.001,1218.0,pacing,,False,False,115,peak_ski
2026-09-25,overlook_ridge,2027-01-19,1285.0,0.15492533655614618,1123.0,pacing,,False,False,116,peak_ski
2026-09-25,overlook_ridge,2027-01-20,1260.0,0.1540269995107857,1142.0,pacing,,False,False,117,peak_ski
2026-09-25,overlook_ridge,2027-01-21,1240.0,0.001,1452.0,pacing,,False,False,118,peak_ski
2026-09-25,overlook_ridge,2027-01-22,1855.0,0.001,2143.0,pacing,,False,False,119,peak_ski
2026-09-25,overlook_ridge,2027-01-23,1855.0,0.021816444174757265,2213.0,pacing,,False,False,120,peak_ski
2026-09-25,overlook_ridge,2027-01-24,1370.0,0.001,1608.0,pacing,,False,False,121,peak_ski
2026-09-25,overlook_ridge,2027-01-25,1325.0,0.001,1564.0,pacing,,False,False,122,peak_ski
2026-09-25,overlook_ridge,2027-01-26,1360.0,0.001,1604.0,pacing,,False,False,123,peak_ski
2026-09-25,overlook_ridge,2027-01-27,1390.0,0.001,1622.0,pacing,,False,False,124,peak_ski
2026-09-25,overlook_ridge,2027-01-28,1505.0,0.001,1750.0,pacing,,False,False,125,peak_ski
2026-09-25,overlook_ridge,2027-01-29,1855.0,0.001,2506.0,pacing,,False,False,126,peak_ski
2026-09-25,overlook_ridge,2027-01-30,1855.0,0.001,2458.0,pacing,,False,False,127,peak_ski
2026-09-25,overlook_ridge,2027-01-31,1400.0,0.001,1628.0,pacing,,False,False,128,peak_ski
2026-09-25,overlook_ridge,2027-02-01,1080.0,0.001,1267.0,pacing,,False,False,129,peak_ski
2026-09-25,overlook_ridge,2027-02-02,1075.0,0.001,1262.0,pacing,,False,False,130,peak_ski
2026-09-25,overlook_ridge,2027-02-03,1115.0,0.001,1315.0,pacing,,False,False,131,peak_ski
2026-09-25,overlook_ridge,2027-02-04,1720.0,0.001,1959.0,pacing,,False,False,132,peak_ski
2026-09-25,overlook_ridge,2027-02-05,1855.0,0.001,2641.0,pacing,,False,False,133,peak_ski
2026-09-25,overlook_ridge,2027-02-06,1855.0,0.001,2753.0,pacing,,False,False,134,peak_ski
2026-09-25,overlook_ridge,2027-02-07,1730.0,0.001,1968.0,pacing,,False,False,135,peak_ski
2026-09-25,overlook_ridge,2027-02-08,1710.0,0.001,1971.0,pacing,,False,False,136,peak_ski
2026-09-25,overlook_ridge,2027-02-09,1710.0,0.001,1959.0,pacing,,False,False,137,peak_ski
2026-09-25,overlook_ridge,2027-02-10,1720.0,0.001,1970.0,pacing,,False,False,138,peak_ski
2026-09-25,overlook_ridge,2027-02-11,1855.0,0.001,2410.0,pacing,,False,False,139,peak_ski
2026-09-25,overlook_ridge,2027-02-12,1855.0,0.001,3703.0,pacing,,False,False,140,peak_ski
2026-09-25,overlook_ridge,2027-02-13,1855.0,0.001,3707.0,pacing,,False,False,141,peak_ski
2026-09-25,overlook_ridge,2027-02-14,1855.0,0.001,3690.0,pacing,,False,False,142,peak_ski
2026-09-25,overlook_ridge,2027-02-15,1855.0,0.001,2211.0,pacing,,False,False,143,peak_ski
2026-09-25,overlook_ridge,2027-02-16,1800.0,0.001,2035.0,pacing,,False,False,144,peak_ski
2026-09-25,overlook_ridge,2027-02-17,1780.0,0.001,2025.0,pacing,,False,False,145,peak_ski
2026-09-25,overlook_ridge,2027-02-18,1855.0,0.001,2383.0,pacing,,False,False,146,peak_ski
2026-09-25,overlook_ridge,2027-02-19,1855.0,0.0010627122524596068,3177.0,pacing,,False,False,147,peak_ski
2026-09-25,overlook_ridge,2027-02-20,1855.0,0.0014725333627614017,3028.0,pacing,,False,False,148,peak_ski
2026-09-25,overlook_ridge,2027-02-21,1855.0,0.001,2145.0,pacing,,False,False,149,peak_ski
2026-09-25,overlook_ridge,2027-02-22,1485.0,0.001,1725.0,pacing,,False,False,150,peak_ski
2026-09-25,overlook_ridge,2027-02-23,1330.0,0.001,1575.0,pacing,,False,False,151,peak_ski
2026-09-25,overlook_ridge,2027-02-24,1415.0,0.001,1663.0,pacing,,False,False,152,peak_ski
2026-09-25,overlook_ridge,2027-02-25,1855.0,0.001,2392.0,pacing,,False,False,153,peak_ski
2026-09-25,overlook_ridge,2027-02-26,1855.0,0.0018299064941398788,2920.0,pacing,,False,False,154,peak_ski
2026-09-25,overlook_ridge,2027-02-27,1855.0,0.00215589436075987,2928.0,pacing,,False,False,155,peak_ski
2026-09-25,overlook_ridge,2027-02-28,1740.0,0.001,1984.0,pacing,,False,False,156,peak_ski
2026-09-25,overlook_ridge,2027-03-01,1335.0,0.001,1587.0,pacing,,False,False,157,peak_ski
2026-09-25,overlook_ridge,2027-03-02,1335.0,0.001,1602.0,pacing,,False,False,158,peak_ski
2026-09-25,overlook_ridge,2027-03-03,1350.0,0.001,1618.0,pacing,,False,False,159,peak_ski
2026-09-25,overlook_ridge,2027-03-04,1705.0,0.001,1968.0,pacing,,False,False,160,peak_ski
2026-09-25,overlook_ridge,2027-03-05,1855.0,0.002451165045549243,2575.0,pacing,,False,False,161,peak_ski
2026-09-25,overlook_ridge,2027-03-06,1855.0,0.0026803988274805104,2837.0,pacing,,False,False,162,peak_ski
2026-09-25,overlook_ridge,2027-03-07,1855.0,0.001,2415.0,pacing,,False,False,163,peak_ski
2026-09-25,overlook_ridge,2027-03-08,1855.0,0.001,2280.0,pacing,,False,False,164,peak_ski
2026-09-25,overlook_ridge,2027-03-09,1855.0,0.001,2221.0,pacing,,False,False,165,peak_ski
2026-09-25,overlook_ridge,2027-03-10,1855.0,0.001,2242.0,pacing,,False,False,166,peak_ski
2026-09-25,overlook_ridge,2027-03-11,1855.0,0.001,2403.0,pacing,,False,False,167,peak_ski
2026-09-25,overlook_ridge,2027-03-12,1855.0,0.002929874514560713,2855.0,pacing,,False,False,168,peak_ski
2026-09-25,overlook_ridge,2027-03-13,1855.0,0.0031745855513412346,2883.0,pacing,,False,False,169,peak_ski
2026-09-25,overlook_ridge,2027-03-14,1855.0,0.001,2934.0,pacing,,False,False,170,peak_ski
2026-09-25,overlook_ridge,2027-03-15,1855.0,0.001,2812.0,pacing,,False,False,171,peak_ski
2026-09-25,overlook_ridge,2027-03-16,1855.0,0.001,2800.0,pacing,,False,False,172,peak_ski
2026-09-25,overlook_ridge,2027-03-17,1855.0,0.001,2787.0,pacing,,False,False,173,peak_ski
2026-09-25,overlook_ridge,2027-03-18,1855.0,0.001,2831.0,pacing,,False,False,174,peak_ski
2026-09-25,overlook_ridge,2027-03-19,1855.0,0.0034129611644877563,2674.0,pacing,,False,False,175,peak_ski
2026-09-25,overlook_ridge,2027-03-20,1855.0,0.0036018507936730927,2554.0,pacing,,False,False,176,peak_ski
2026-09-25,overlook_ridge,2027-03-21,1515.0,0.001,1787.0,pacing,,False,False,177,peak_ski
2026-09-25,overlook_ridge,2027-03-22,1835.0,0.001,1764.0,pacing,,False,False,178,peak_ski
2026-09-25,overlook_ridge,2027-03-23,1775.0,0.001,2055.0,pacing,,False,False,179,peak_ski
2026-09-25,overlook_ridge,2027-03-24,1230.0,0.0031799587971911036,1312.0,pacing,,False,False,180,peak_ski
2026-09-25,overlook_ridge,2027-03-25,1310.0,0.002350489459281988,1551.0,pacing,,False,False,181,peak_ski
2026-09-25,overlook_ridge,2027-03-26,1475.0,0.008050464735054656,1693.0,pacing,,False,False,182,peak_ski
2026-09-25,overlook_ridge,2027-03-27,1330.0,0.009689560156529251,1548.0,pacing,,False,False,183,peak_ski
2026-09-25,overlook_ridge,2027-03-28,1085.0,0.004814718920435438,1254.0,pacing,,False,False,184,peak_ski
2026-09-25,overlook_ridge,2027-03-29,905.0,0.006772925846600928,975.0,pacing,,False,False,185,peak_ski
2026-09-25,overlook_ridge,2027-03-30,885.0,0.006999344758740718,883.0,pacing,,False,False,186,peak_ski
2026-09-25,overlook_ridge,2027-03-31,880.0,0.007062111586084011,873.0,pacing,,False,False,187,peak_ski
2026-09-25,overlook_ridge,2027-04-01,860.0,0.001,987.0,pacing,,False,False,188,shoulder_spring
2026-09-25,overlook_ridge,2027-04-02,875.0,0.009258196141327418,1027.0,pacing,,False,False,189,shoulder_spring
2026-09-25,overlook_ridge,2027-04-03,820.0,0.012068416724605102,951.0,pacing,,False,False,190,shoulder_spring
2026-09-25,overlook_ridge,2027-04-04,655.0,0.002661137307722021,763.0,pacing,,False,False,191,shoulder_spring
2026-09-25,overlook_ridge,2027-04-05,555.0,0.006538583487776951,620.0,pacing,,False,False,192,shoulder_spring
2026-09-25,overlook_ridge,2027-04-06,520.0,0.007871304996099575,574.0,pacing,,False,False,193,shoulder_spring
2026-09-25,overlook_ridge,2027-04-07,530.0,0.007487124627600552,581.0,pacing,,False,False,194,shoulder_spring
2026-09-25,overlook_ridge,2027-04-08,575.0,0.005798611074412708,645.0,pacing,,False,False,195,shoulder_spring
2026-09-25,overlook_ridge,2027-04-09,620.0,0.021652015105553153,680.0,pacing,,False,False,196,shoulder_spring
2026-09-25,overlook_ridge,2027-04-10,620.0,0.02142762631880834,663.0,pacing,,False,False,197,shoulder_spring
2026-09-25,overlook_ridge,2027-04-11,530.0,0.0074864914065764405,584.0,pacing,,False,False,198,shoulder_spring
2026-09-25,overlook_ridge,2027-04-12,505.0,0.008405053138698299,557.0,pacing,,False,False,199,shoulder_spring
2026-09-25,overlook_ridge,2027-04-13,480.0,0.009330688201352712,518.0,pacing,,False,False,200,shoulder_spring
2026-09-25,overlook_ridge,2027-04-14,490.0,0.008983304883422905,529.0,pacing,,False,False,201,shoulder_spring
2026-09-25,overlook_ridge,2027-04-15,510.0,0.008270384796473056,560.0,pacing,,False,False,202,shoulder_spring
2026-09-25,overlook_ridge,2027-04-16,600.0,0.022129476710526966,621.0,pacing,,False,False,203,shoulder_spring
2026-09-25,overlook_ridge,2027-04-17,585.0,0.022577484480615088,602.0,pacing,,False,False,204,shoulder_spring
2026-09-25,overlook_ridge,2027-04-18,505.0,0.008478812785159565,550.0,pacing,,False,False,205,shoulder_spring
2026-09-25,overlook_ridge,2027-04-19,465.0,0.009967727970502107,498.0,pacing,,False,False,206,shoulder_spring
2026-09-25,overlook_ridge,2027-04-20,455.0,0.01035056966488118,481.0,pacing,,False,False,207,shoulder_spring
2026-09-25,overlook_ridge,2027-04-21,465.0,0.010000083658947079,495.0,pacing,,False,False,208,shoulder_spring
2026-09-25,overlook_ridge,2027-04-22,500.0,0.00873814312910788,541.0,pacing,,False,False,209,shoulder_spring
2026-09-25,overlook_ridge,2027-04-23,605.0,0.02141399659676225,629.0,pacing,,False,False,210,shoulder_spring
2026-09-25,overlook_ridge,2027-04-24,600.0,0.021414854306118895,615.0,pacing,,False,False,211,shoulder_spring
2026-09-25,overlook_ridge,2027-04-25,520.0,0.008030135226537297,568.0,pacing,,False,False,212,shoulder_spring
2026-09-25,overlook_ridge,2027-04-26,485.0,0.009330233998190713,523.0,pacing,,False,False,213,shoulder_spring
2026-09-25,overlook_ridge,2027-04-27,485.0,0.009348873178792814,520.0,pacing,,False,False,214,shoulder_spring
2026-09-25,overlook_ridge,2027-04-28,480.0,0.0095490036600244,511.0,pacing,,False,False,215,shoulder_spring
2026-09-25,overlook_ridge,2027-04-29,485.0,0.009384783937913822,519.0,pacing,,False,False,216,shoulder_spring
2026-09-25,overlook_ridge,2027-04-30,565.0,0.02274583253247177,572.0,pacing,,False,False,217,shoulder_spring
2026-09-25,overlook_ridge,2027-05-01,560.0,0.022714257670669084,561.0,pacing,,False,False,218,shoulder_spring
2026-09-25,overlook_ridge,2027-05-02,490.0,0.009221407208298631,524.0,pacing,,False,False,219,shoulder_spring
2026-09-25,overlook_ridge,2027-05-03,465.0,0.010146060276603107,492.0,pacing,,False,False,220,shoulder_spring
2026-09-25,overlook_ridge,2027-05-04,470.0,0.00997982410760476,501.0,pacing,,False,False,221,shoulder_spring
2026-09-25,overlook_ridge,2027-05-05,485.0,0.009452585915834033,522.0,pacing,,False,False,222,shoulder_spring
2026-09-25,overlook_ridge,2027-05-06,495.0,0.009108558048400881,537.0,pacing,,False,False,223,shoulder_spring
2026-09-25,overlook_ridge,2027-05-07,570.0,0.022027475941117553,582.0,pacing,,False,False,224,shoulder_spring
2026-09-25,overlook_ridge,2027-05-08,555.0,0.022437213548806217,566.0,pacing,,False,False,225,shoulder_spring
2026-09-25,overlook_ridge,2027-05-09,490.0,0.009307787995503383,528.0,pacing,,False,False,226,shoulder_spring
2026-09-25,overlook_ridge,2027-05-10,475.0,0.009866507952147345,514.0,pacing,,False,False,227,shoulder_spring
2026-09-25,overlook_ridge,2027-05-11,470.0,0.010062271630040096,507.0,pacing,,False,False,228,shoulder_spring
2026-09-25,overlook_ridge,2027-05-12,485.0,0.009536850078008781,526.0,pacing,,False,False,229,shoulder_spring
2026-09-25,overlook_ridge,2027-05-13,490.0,0.00937347247695039,537.0,pacing,,False,False,230,shoulder_spring
2026-09-25,overlook_ridge,2027-05-14,570.0,0.0215534407191661,579.0,pacing,,False,False,231,shoulder_spring
2026-09-25,overlook_ridge,2027-05-15,575.0,0.021114871526076974,583.0,pacing,,False,False,232,shoulder_spring
2026-09-25,overlook_ridge,2027-05-16,505.0,0.008851727179086692,546.0,pacing,,False,False,233,shoulder_spring
2026-09-25,overlook_ridge,2027-05-17,490.0,0.009409173808125972,527.0,pacing,,False,False,234,shoulder_spring
2026-09-25,overlook_ridge,2027-05-18,485.0,0.009604944413106338,519.0,pacing,,False,False,235,shoulder_spring
2026-09-25,overlook_ridge,2027-05-19,490.0,0.00944126517670714,525.0,pacing,,False,False,236,shoulder_spring
2026-09-25,overlook_ridge,2027-05-20,495.0,0.009278213042101932,535.0,pacing,,False,False,237,shoulder_spring
2026-09-25,overlook_ridge,2027-05-21,575.0,0.020897580126291133,587.0,pacing,,False,False,238,shoulder_spring
2026-09-25,overlook_ridge,2027-05-22,570.0,0.020890073837892265,576.0,pacing,,False,False,239,shoulder_spring
2026-09-25,overlook_ridge,2027-05-23,510.0,0.008758585922651791,553.0,pacing,,False,False,240,shoulder_spring
2026-09-25,overlook_ridge,2027-05-24,490.0,0.009491813551319514,525.0,pacing,,False,False,241,shoulder_spring
2026-09-25,overlook_ridge,2027-05-25,500.0,0.009150511562658307,542.0,pacing,,False,False,242,shoulder_spring
2026-09-25,overlook_ridge,2027-05-26,495.0,0.009345874994076672,532.0,pacing,,False,False,243,shoulder_spring
2026-09-25,overlook_ridge,2027-05-27,540.0,0.0077585940848692685,593.0,pacing,,False,False,244,shoulder_spring
2026-09-25,overlook_ridge,2027-05-28,625.0,0.01841491118264109,729.0,pacing,,False,False,245,shoulder_spring
2026-09-25,overlook_ridge,2027-05-29,625.0,0.01827205278564045,727.0,pacing,,False,False,246,shoulder_spring
2026-09-25,overlook_ridge,2027-05-30,620.0,0.004933713389076736,696.0,pacing,,False,False,247,shoulder_spring
2026-09-25,overlook_ridge,2027-05-31,495.0,0.00941539576639737,537.0,pacing,,False,False,248,shoulder_spring
2026-09-25,overlook_ridge,2027-06-01,540.0,0.021788536425885744,579.0,pacing,,False,False,249,summer
2026-09-25,overlook_ridge,2027-06-02,530.0,0.0224284534494414,569.0,pacing,,False,False,250,summer
2026-09-25,overlook_ridge,2027-06-03,585.0,0.018730892809245506,645.0,pacing,,False,False,251,summer
2026-09-25,overlook_ridge,2027-06-04,695.0,0.029061800454306404,761.0,pacing,,False,False,252,summer
2026-09-25,overlook_ridge,2027-06-05,695.0,0.02889944962944542,765.0,pacing,,False,False,253,summer
2026-09-25,overlook_ridge,2027-06-06,600.0,0.01772637910342475,659.0,pacing,,False,False,254,summer
2026-09-25,overlook_ridge,2027-06-07,570.0,0.01970532555709813,710.0,pacing,,False,False,255,summer
2026-09-25,overlook_ridge,2027-06-08,555.0,0.020674896572837234,600.0,pacing,,False,False,256,summer
2026-09-25,overlook_ridge,2027-06-09,590.0,0.01835773724805062,650.0,pacing,,False,False,257,summer
2026-09-25,overlook_ridge,2027-06-10,715.0,0.005129028581311072,845.0,pacing,,False,False,258,summer
2026-09-25,overlook_ridge,2027-06-11,810.0,0.020431766787678333,962.0,pacing,,False,False,259,summer
2026-09-25,overlook_ridge,2027-06-12,825.0,0.019481213842142395,974.0,pacing,,False,False,260,summer
2026-09-25,overlook_ridge,2027-06-13,725.0,0.004405527736159095,917.0,pacing,,False,False,261,summer
2026-09-25,overlook_ridge,2027-06-14,735.0,0.0038173006630991897,902.0,pacing,,False,False,262,summer
2026-09-25,overlook_ridge,2027-06-15,795.0,0.001,970.0,pacing,,False,False,263,summer
2026-09-25,overlook_ridge,2027-06-16,850.0,0.001,1043.0,pacing,,False,False,264,summer
2026-09-25,overlook_ridge,2027-06-17,1170.0,0.001,1371.0,pacing,,False,False,265,summer
2026-09-25,overlook_ridge,2027-06-18,1230.0,0.001,1422.0,pacing,,False,False,266,summer
2026-09-25,overlook_ridge,2027-06-19,1205.0,0.001,1393.0,pacing,,False,False,267,summer
2026-09-25,overlook_ridge,2027-06-20,910.0,0.001,1056.0,pacing,,False,False,268,summer
2026-09-25,overlook_ridge,2027-06-21,875.0,0.001,1023.0,pacing,,False,False,269,summer
2026-09-25,overlook_ridge,2027-06-22,780.0,0.001327252901576411,1011.0,pacing,,False,False,270,summer
2026-09-25,overlook_ridge,2027-06-23,845.0,0.001,962.0,pacing,,False,False,271,summer
2026-09-25,overlook_ridge,2027-06-24,1040.0,0.001,1190.0,pacing,,False,False,272,summer
2026-09-25,overlook_ridge,2027-06-25,1265.0,0.001,1451.0,pacing,,False,False,273,summer
2026-09-25,overlook_ridge,2027-06-26,1205.0,0.001,1340.0,pacing,,False,False,274,summer
2026-09-25,overlook_ridge,2027-06-27,1040.0,0.001,1165.0,pacing,,False,False,275,summer
2026-09-25,overlook_ridge,2027-06-28,930.0,0.001,1022.0,pacing,,False,False,276,summer
2026-09-25,overlook_ridge,2027-06-29,900.0,0.001,1010.0,pacing,,False,False,277,summer
2026-09-25,overlook_ridge,2027-06-30,1070.0,0.001,1084.0,pacing,,False,False,278,summer
2026-09-25,overlook_ridge,2027-07-01,1135.0,0.001,1249.0,pacing,,False,False,279,summer
2026-09-25,overlook_ridge,2027-07-02,1855.0,0.001,2003.0,pacing,,False,False,280,summer
2026-09-25,overlook_ridge,2027-07-03,1855.0,0.001,2026.0,pacing,,False,False,281,summer
2026-09-25,overlook_ridge,2027-07-04,1855.0,0.001,2003.0,pacing,,False,False,282,summer
2026-09-25,overlook_ridge,2027-07-05,935.0,0.001,1040.0,pacing,,False,False,283,summer
2026-09-25,overlook_ridge,2027-07-06,925.0,0.001,1032.0,pacing,,False,False,284,summer
2026-09-25,overlook_ridge,2027-07-07,1000.0,0.001,1115.0,pacing,,False,False,285,summer
2026-09-25,overlook_ridge,2027-07-08,1305.0,0.001,1471.0,pacing,,False,False,286,summer
2026-09-25,overlook_ridge,2027-07-09,1855.0,0.001,2029.0,pacing,,False,False,287,summer
2026-09-25,overlook_ridge,2027-07-10,1855.0,0.001,2074.0,pacing,,False,False,288,summer
2026-09-25,overlook_ridge,2027-07-11,1320.0,0.001,1467.0,pacing,,False,False,289,summer
2026-09-25,overlook_ridge,2027-07-12,1330.0,0.001,1479.0,pacing,,False,False,290,summer
2026-09-25,overlook_ridge,2027-07-13,1310.0,0.001,1441.0,pacing,,False,False,291,summer
2026-09-25,overlook_ridge,2027-07-14,1310.0,0.001,1462.0,pacing,,False,False,292,summer
2026-09-25,overlook_ridge,2027-07-15,1375.0,0.001,1572.0,pacing,,False,False,293,summer
2026-09-25,overlook_ridge,2027-07-16,1745.0,0.001,1915.0,pacing,,False,False,294,summer
2026-09-25,overlook_ridge,2027-07-17,1755.0,0.001,1933.0,pacing,,False,False,295,summer
2026-09-25,overlook_ridge,2027-07-18,1445.0,0.001,1675.0,pacing,,False,False,296,summer
2026-09-25,overlook_ridge,2027-07-19,1265.0,0.001,1480.0,pacing,,False,False,297,summer
2026-09-25,overlook_ridge,2027-07-20,1250.0,0.001,1440.0,pacing,,False,False,298,summer
2026-09-25,overlook_ridge,2027-07-21,1230.0,0.001,1402.0,pacing,,False,False,299,summer
2026-09-25,overlook_ridge,2027-07-22,1255.0,0.001,1447.0,pacing,,False,False,300,summer
2026-09-25,overlook_ridge,2027-07-23,1565.0,0.001,1807.0,pacing,,False,False,301,summer
2026-09-25,overlook_ridge,2027-07-24,1565.0,0.001,1796.0,pacing,,False,False,302,summer
2026-09-25,overlook_ridge,2027-07-25,1265.0,0.001,1458.0,pacing,,False,False,303,summer
2026-09-25,overlook_ridge,2027-07-26,1110.0,0.001,1278.0,pacing,,False,False,304,summer
2026-09-25,overlook_ridge,2027-07-27,1105.0,0.001,1278.0,pacing,,False,False,305,summer
2026-09-25,overlook_ridge,2027-07-28,1080.0,0.001,1245.0,pacing,,False,False,306,summer
2026-09-25,overlook_ridge,2027-07-29,1200.0,0.001,1368.0,pacing,,False,False,307,summer
2026-09-25,overlook_ridge,2027-07-30,1440.0,0.001,1653.0,pacing,,False,False,308,summer
2026-09-25,overlook_ridge,2027-07-31,1325.0,0.004095196118076807,1503.0,pacing,,False,False,309,summer
2026-09-25,overlook_ridge,2027-08-01,1015.0,0.001,1177.0,pacing,,False,False,310,summer
2026-09-25,overlook_ridge,2027-08-02,865.0,0.0078108937394764134,1001.0,pacing,,False,False,311,summer
2026-09-25,overlook_ridge,2027-08-03,840.0,0.009343117472703479,978.0,pacing,,False,False,312,summer
2026-09-25,overlook_ridge,2027-08-04,835.0,0.009696650821286231,975.0,pacing,,False,False,313,summer
2026-09-25,overlook_ridge,2027-08-05,955.0,0.0028559204876210807,1108.0,pacing,,False,False,314,summer
2026-09-25,overlook_ridge,2027-08-06,1075.0,0.015142245909801455,1258.0,pacing,,False,False,315,summer
2026-09-25,overlook_ridge,2027-08-07,1045.0,0.016496967575649762,1219.0,pacing,,False,False,316,summer
2026-09-25,overlook_ridge,2027-08-08,815.0,0.010990639370083048,951.0,pacing,,False,False,317,summer
2026-09-25,overlook_ridge,2027-08-09,720.0,0.01645579955597568,842.0,pacing,,False,False,318,summer
2026-09-25,overlook_ridge,2027-08-10,705.0,0.01731878737441445,824.0,pacing,,False,False,319,summer
2026-09-25,overlook_ridge,2027-08-11,705.0,0.01732339148392179,825.0,pacing,,False,False,320,summer
2026-09-25,overlook_ridge,2027-08-12,785.0,0.012822701360463422,911.0,pacing,,False,False,321,summer
2026-09-25,overlook_ridge,2027-08-13,905.0,0.022432843031793333,1055.0,pacing,,False,False,322,summer
2026-09-25,overlook_ridge,2027-08-14,860.0,0.02426215577045456,1005.0,pacing,,False,False,323,summer
2026-09-25,overlook_ridge,2027-08-15,695.0,0.017908022220605037,883.0,pacing,,False,False,324,summer
2026-09-25,overlook_ridge,2027-08-16,695.0,0.017907675468184104,814.0,pacing,,False,False,325,summer
2026-09-25,overlook_ridge,2027-08-17,695.0,0.017900866599503944,772.0,pacing,,False,False,326,summer
2026-09-25,overlook_ridge,2027-08-18,695.0,0.01789601940488573,766.0,pacing,,False,False,327,summer
2026-09-25,overlook_ridge,2027-08-19,695.0,0.017889679981677568,775.0,pacing,,False,False,328,summer
2026-09-25,overlook_ridge,2027-08-20,815.0,0.026046919188393153,956.0,pacing,,False,False,329,summer
2026-09-25,overlook_ridge,2027-08-21,810.0,0.026197297252653507,946.0,pacing,,False,False,330,summer
2026-09-25,overlook_ridge,2027-08-22,695.0,0.017886240215979538,774.0,pacing,,False,False,331,summer
2026-09-25,overlook_ridge,2027-08-23,695.0,0.017881124060558765,760.0,pacing,,False,False,332,summer
2026-09-25,overlook_ridge,2027-08-24,675.0,0.018965388217082477,608.0,pacing,,False,False,333,summer
2026-09-25,overlook_ridge,2027-08-25,670.0,0.019221720207286106,717.0,pacing,,False,False,334,summer
2026-09-25,overlook_ridge,2027-08-26,660.0,0.019746938660863845,703.0,pacing,,False,False,335,summer
2026-09-25,overlook_ridge,2027-08-27,735.0,0.029175907616966156,849.0,pacing,,False,False,336,summer
2026-09-25,overlook_ridge,2027-08-28,710.0,0.030036169703870866,821.0,pacing,,False,False,337,summer
2026-09-25,overlook_ridge,2027-08-29,695.0,0.017833354946137813,768.0,pacing,,False,False,338,summer
2026-09-25,overlook_ridge,2027-08-30,560.0,0.02509530682062936,573.0,pacing,,False,False,339,summer
2026-09-25,overlook_ridge,2027-08-31,540.0,0.026116799204763556,550.0,pacing,,False,False,340,summer
2026-09-25,overlook_ridge,2027-09-01,550.0,0.025522310083709233,560.0,pacing,,False,False,341,summer
2026-09-25,overlook_ridge,2027-09-02,625.0,0.021456106057861874,657.0,pacing,,False,False,342,summer
2026-09-25,overlook_ridge,2027-09-03,880.0,0.02310112059918143,1040.0,pacing,,False,False,343,summer
2026-09-25,overlook_ridge,2027-09-04,880.0,0.02304146012423066,1039.0,pacing,,False,False,344,summer
2026-09-25,overlook_ridge,2027-09-05,845.0,0.00969612577301705,996.0,pacing,,False,False,345,summer
2026-09-25,overlook_ridge,2027-09-06,545.0,0.02568114256246037,546.0,pacing,,False,False,346,summer
2026-09-25,overlook_ridge,2027-09-07,605.0,0.022449558618660426,607.0,pacing,,False,False,347,summer
2026-09-25,overlook_ridge,2027-09-08,605.0,0.022408347948800787,606.0,pacing,,False,False,348,summer
2026-09-25,overlook_ridge,2027-09-09,650.0,0.020000208631161764,652.0,pacing,,False,False,349,summer
2026-09-25,overlook_ridge,2027-09-10,695.0,0.030233915517391043,754.0,pacing,,False,False,350,summer
2026-09-25,overlook_ridge,2027-09-11,695.0,0.030061979170717595,741.0,pacing,,False,False,351,summer
2026-09-25,overlook_ridge,2027-09-12,695.0,0.01761554125111069,768.0,pacing,,False,False,352,summer
2026-09-25,overlook_ridge,2027-09-13,585.0,0.023346320913170335,583.0,pacing,,False,False,353,summer
2026-09-25,overlook_ridge,2027-09-14,580.0,0.023561355451311116,583.0,pacing,,False,False,354,summer
2026-09-25,overlook_ridge,2027-09-15,585.0,0.023254821778856363,583.0,pacing,,False,False,355,summer
2026-09-25,overlook_ridge,2027-09-16,610.0,0.008436693727384858,639.0,pacing,,False,False,356,shoulder_fall
2026-09-25,overlook_ridge,2027-09-17,665.0,0.026498225501587792,735.0,pacing,,False,False,357,shoulder_fall
2026-09-25,overlook_ridge,2027-09-18,620.0,0.029450985564198257,712.0,pacing,,False,False,358,shoulder_fall
2026-09-25,overlook_ridge,2027-09-19,545.0,0.01333034778523153,605.0,pacing,,False,False,359,shoulder_fall
2026-09-25,overlook_ridge,2027-09-20,490.0,0.017403212160308677,531.0,pacing,,False,False,360,shoulder_fall
2026-09-25,overlook_ridge,2027-09-21,485.0,0.01774284661748471,525.0,pacing,,False,False,361,shoulder_fall
2026-09-25,overlook_ridge,2027-09-22,495.0,0.01699443119865179,532.0,pacing,,False,False,362,shoulder_fall
2026-09-25,overlook_ridge,2027-09-23,565.0,0.011869659853509336,602.0,pacing,,False,False,363,shoulder_fall
2026-09-25,overlook_ridge,2027-09-24,620.0,0.0292384461081854,714.0,pacing,,False,False,364,shoulder_fall
2026-09-25,overlook_ridge,2027-09-25,620.0,0.029025129296843734,713.0,pacing,,False,False,365,shoulder_fall
2026-09-25,cloud_9,2026-09-28,710.0,0.10555476291129788,800.0,pacing,,False,True,3,shoulder_fall
2026-09-25,cloud_9,2026-10-05,750.0,0.001,850.0,pacing,,False,False,10,shoulder_fall
2026-09-25,cloud_9,2026-10-06,750.0,0.001,850.0,pacing,,False,False,11,shoulder_fall
2026-09-25,cloud_9,2026-10-07,750.0,0.001,850.0,pacing,,False,False,12,shoulder_fall
2026-09-25,cloud_9,2026-10-08,750.0,0.001,850.0,pacing,,False,False,13,shoulder_fall
2026-09-25,cloud_9,2026-10-09,770.0,0.2428239116200225,850.0,pacing,,False,False,14,shoulder_fall
2026-09-25,cloud_9,2026-10-10,770.0,0.2528971512639193,850.0,pacing,,False,False,15,shoulder_fall
2026-09-25,cloud_9,2026-10-11,750.0,0.001,850.0,pacing,,False,False,16,shoulder_fall
2026-09-25,cloud_9,2026-10-12,750.0,0.001,850.0,pacing,,False,False,17,shoulder_fall
2026-09-25,cloud_9,2026-10-13,750.0,0.001,850.0,pacing,,False,False,18,shoulder_fall
2026-09-25,cloud_9,2026-10-19,750.0,0.001,850.0,pacing,,False,False,24,shoulder_fall
2026-09-25,cloud_9,2026-10-20,750.0,0.001,850.0,pacing,,False,False,25,shoulder_fall
2026-09-25,cloud_9,2026-10-21,750.0,0.001,850.0,pacing,,False,False,26,shoulder_fall
2026-09-25,cloud_9,2026-10-22,750.0,0.001,850.0,pacing,,False,False,27,shoulder_fall
2026-09-25,cloud_9,2026-10-23,765.0,0.28777004459830835,850.0,pacing,,False,False,28,shoulder_fall
2026-09-25,cloud_9,2026-10-24,765.0,0.2907545052118803,850.0,pacing,,False,False,29,shoulder_fall
2026-09-25,cloud_9,2026-10-25,750.0,0.001,850.0,pacing,,False,False,30,shoulder_fall
2026-09-25,cloud_9,2026-10-26,750.0,0.001,850.0,pacing,,False,False,31,shoulder_fall
2026-09-25,cloud_9,2026-10-27,750.0,0.001,850.0,pacing,,False,False,32,shoulder_fall
2026-09-25,cloud_9,2026-10-28,750.0,0.001,850.0,pacing,,False,False,33,shoulder_fall
2026-09-25,cloud_9,2026-10-29,750.0,0.001,850.0,pacing,,False,False,34,shoulder_fall
2026-09-25,cloud_9,2026-10-30,765.0,0.2929399662386018,850.0,pacing,,False,False,35,shoulder_fall
2026-09-25,cloud_9,2026-10-31,765.0,0.28667301511575266,850.0,pacing,,False,False,36,shoulder_fall
2026-09-25,cloud_9,2026-11-01,685.0,0.001,765.0,pacing,,False,False,37,shoulder_fall
2026-09-25,cloud_9,2026-11-02,685.0,0.001,765.0,pacing,,False,False,38,shoulder_fall
2026-09-25,cloud_9,2026-11-03,685.0,0.001,765.0,pacing,,False,False,39,shoulder_fall
2026-09-25,cloud_9,2026-11-04,685.0,0.001,765.0,pacing,,False,False,40,shoulder_fall
2026-09-25,cloud_9,2026-11-05,685.0,0.001,765.0,pacing,,False,False,41,shoulder_fall
2026-09-25,cloud_9,2026-11-06,695.0,0.01503635143481566,765.0,pacing,,False,False,42,shoulder_fall
2026-09-25,cloud_9,2026-11-07,695.0,0.01721558088076028,765.0,pacing,,False,False,43,shoulder_fall
2026-09-25,cloud_9,2026-11-08,685.0,0.001,765.0,pacing,,False,False,44,shoulder_fall
2026-09-25,cloud_9,2026-11-09,685.0,0.001,765.0,pacing,,False,False,45,shoulder_fall
2026-09-25,cloud_9,2026-11-10,685.0,0.001,765.0,pacing,,False,False,46,shoulder_fall
2026-09-25,cloud_9,2026-11-11,685.0,0.001,765.0,pacing,,False,False,47,shoulder_fall
2026-09-25,cloud_9,2026-11-12,685.0,0.001,765.0,pacing,,False,False,48,shoulder_fall
2026-09-25,cloud_9,2026-11-13,695.0,0.45453506582784453,765.0,pacing,,False,False,49,shoulder_fall
2026-09-25,cloud_9,2026-11-14,690.0,0.4361524171060588,765.0,pacing,,False,False,50,shoulder_fall
2026-09-25,cloud_9,2026-11-15,685.0,0.001,765.0,pacing,,False,False,51,shoulder_fall
2026-09-25,cloud_9,2026-11-16,685.0,0.001,765.0,pacing,,False,False,52,shoulder_fall
2026-09-25,cloud_9,2026-11-17,685.0,0.001,765.0,pacing,,False,False,53,shoulder_fall
2026-09-25,cloud_9,2026-11-18,685.0,0.001,765.0,pacing,,False,False,54,shoulder_fall
2026-09-25,cloud_9,2026-11-19,685.0,0.001,765.0,pacing,,False,False,55,shoulder_fall
2026-09-25,cloud_9,2026-11-20,695.0,0.01936979287766763,765.0,pacing,,False,False,56,shoulder_fall
2026-09-25,cloud_9,2026-11-21,705.0,0.049723498997365626,765.0,pacing,,False,False,57,early_winter
2026-09-25,cloud_9,2026-11-22,685.0,0.0015499923471339974,765.0,pacing,,False,False,58,early_winter
2026-09-25,cloud_9,2026-11-23,770.0,0.001,874.0,pacing,,False,False,59,early_winter
2026-09-25,cloud_9,2026-11-29,750.0,0.001,850.0,pacing,,False,False,65,early_winter
2026-09-25,cloud_9,2026-11-30,750.0,0.0014680050193047768,850.0,pacing,,False,False,66,early_winter
2026-09-25,cloud_9,2026-12-01,750.0,0.003507356489477119,850.0,pacing,,False,False,67,early_winter
2026-09-25,cloud_9,2026-12-02,750.0,0.0058591081772605665,850.0,pacing,,False,False,68,early_winter
2026-09-25,cloud_9,2026-12-03,750.0,0.00849175732823708,850.0,pacing,,False,False,69,early_winter
2026-09-25,cloud_9,2026-12-06,770.0,0.004549507389361124,850.0,pacing,,False,False,72,early_winter
2026-09-25,cloud_9,2026-12-07,750.0,0.009692752162537547,850.0,pacing,,False,False,73,early_winter
2026-09-25,cloud_9,2026-12-08,750.0,0.010186802313903308,850.0,pacing,,False,False,74,early_winter
2026-09-25,cloud_9,2026-12-09,750.0,0.010593746191472143,850.0,pacing,,False,False,75,early_winter
2026-09-25,cloud_9,2026-12-10,790.0,0.0024601166077115834,930.0,pacing,,False,False,76,early_winter
2026-09-25,cloud_9,2026-12-11,1095.0,0.001,1314.0,pacing,,False,False,77,early_winter
2026-09-25,cloud_9,2026-12-12,1240.0,0.001,1453.0,pacing,,False,False,78,early_winter
2026-09-25,cloud_9,2026-12-13,885.0,0.001,1036.0,pacing,,False,False,79,early_winter
2026-09-25,cloud_9,2026-12-14,800.0,0.002313685813031914,911.0,pacing,,False,False,80,early_winter
2026-09-25,cloud_9,2027-01-06,1795.0,0.0956855041424079,1329.0,pacing,,False,False,103,peak_ski
2026-09-25,cloud_9,2027-01-07,1215.0,0.001,1410.0,pacing,,False,False,104,peak_ski
2026-09-25,cloud_9,2027-01-08,1535.0,0.001,1778.0,pacing,,False,False,105,peak_ski
2026-09-25,cloud_9,2027-01-09,1385.0,0.0013527912530192714,1624.0,pacing,,False,False,106,peak_ski
2026-09-25,cloud_9,2027-01-10,1300.0,0.001,1522.0,pacing,,False,False,107,peak_ski
2026-09-25,cloud_9,2027-01-11,980.0,0.001,1150.0,pacing,,False,False,108,peak_ski
2026-09-25,cloud_9,2027-01-12,1225.0,0.1725111101817174,1091.0,pacing,,False,False,109,peak_ski
2026-09-25,cloud_9,2027-01-13,1575.0,0.11945359998086699,1446.0,pacing,,False,False,110,peak_ski
2026-09-25,cloud_9,2027-01-14,1590.0,0.001,1862.0,pacing,,False,False,111,peak_ski
2026-09-25,cloud_9,2027-01-15,2385.0,0.001,2678.0,pacing,,False,False,112,peak_ski
2026-09-25,cloud_9,2027-01-16,2275.0,0.001,2588.0,pacing,,False,False,113,peak_ski
2026-09-25,cloud_9,2027-01-17,2260.0,0.001,2557.0,pacing,,False,False,114,peak_ski
2026-09-25,cloud_9,2027-01-18,1165.0,0.001,1368.0,pacing,,False,False,115,peak_ski
2026-09-25,cloud_9,2027-01-19,1475.0,0.12967132233314665,1311.0,pacing,,False,False,116,peak_ski
2026-09-25,cloud_9,2027-01-20,1420.0,0.1332210954517231,1277.0,pacing,,False,False,117,peak_ski
2026-09-25,cloud_9,2027-01-21,1475.0,0.001,1725.0,pacing,,False,False,118,peak_ski
2026-09-25,cloud_9,2027-01-22,2240.0,0.001,2472.0,pacing,,False,False,119,peak_ski
2026-09-25,cloud_9,2027-01-23,2385.0,0.001,2635.0,pacing,,False,False,120,peak_ski
2026-09-25,cloud_9,2027-01-24,1615.0,0.001,1870.0,pacing,,False,False,121,peak_ski
2026-09-25,cloud_9,2027-01-25,1610.0,0.001,1883.0,pacing,,False,False,122,peak_ski
2026-09-25,cloud_9,2027-01-26,1605.0,0.001,1889.0,pacing,,False,False,123,peak_ski
2026-09-25,cloud_9,2027-01-27,1670.0,0.001,1934.0,pacing,,False,False,124,peak_ski
2026-09-25,cloud_9,2027-01-28,1860.0,0.001,2120.0,pacing,,False,False,125,peak_ski
2026-09-25,cloud_9,2027-01-29,2385.0,0.001,2921.0,pacing,,False,False,126,peak_ski
2026-09-25,cloud_9,2027-01-30,2385.0,0.001,2954.0,pacing,,False,False,127,peak_ski
2026-09-25,cloud_9,2027-01-31,1670.0,0.001,1910.0,pacing,,False,False,128,peak_ski
2026-09-25,cloud_9,2027-02-01,1190.0,0.001,1400.0,pacing,,False,False,129,peak_ski
2026-09-25,cloud_9,2027-02-02,1185.0,0.001,1396.0,pacing,,False,False,130,peak_ski
2026-09-25,cloud_9,2027-02-03,1230.0,0.001,1450.0,pacing,,False,False,131,peak_ski
2026-09-25,cloud_9,2027-02-04,2030.0,0.001,2259.0,pacing,,False,False,132,peak_ski
2026-09-25,cloud_9,2027-02-05,2385.0,0.001,2871.0,pacing,,False,False,133,peak_ski
2026-09-25,cloud_9,2027-02-06,2385.0,0.001,3047.0,pacing,,False,False,134,peak_ski
2026-09-25,cloud_9,2027-02-07,1980.0,0.001,2226.0,pacing,,False,False,135,peak_ski
2026-09-25,cloud_9,2027-02-08,1895.0,0.001,2147.0,pacing,,False,False,136,peak_ski
2026-09-25,cloud_9,2027-02-09,1880.0,0.001,2122.0,pacing,,False,False,137,peak_ski
2026-09-25,cloud_9,2027-02-10,1940.0,0.001,2186.0,pacing,,False,False,138,peak_ski
2026-09-25,cloud_9,2027-02-11,2345.0,0.001,2616.0,pacing,,False,False,139,peak_ski
2026-09-25,cloud_9,2027-02-12,2385.0,0.001,3934.0,pacing,,False,False,140,peak_ski
2026-09-25,cloud_9,2027-02-13,2385.0,0.001,3897.0,pacing,,False,False,141,peak_ski
2026-09-25,cloud_9,2027-02-14,2385.0,0.001,3983.0,pacing,,False,False,142,peak_ski
2026-09-25,cloud_9,2027-02-15,2150.0,0.001,2369.0,pacing,,False,False,143,peak_ski
2026-09-25,cloud_9,2027-02-16,1945.0,0.001,2169.0,pacing,,False,False,144,peak_ski
2026-09-25,cloud_9,2027-02-17,1980.0,0.001,2215.0,pacing,,False,False,145,peak_ski
2026-09-25,cloud_9,2027-02-18,2260.0,0.001,2520.0,pacing,,False,False,146,peak_ski
2026-09-25,cloud_9,2027-02-19,2385.0,0.001,3550.0,pacing,,False,False,147,peak_ski
2026-09-25,cloud_9,2027-02-20,2385.0,0.001,3279.0,pacing,,False,False,148,peak_ski
2026-09-25,cloud_9,2027-02-21,2060.0,0.001,2312.0,pacing,,False,False,149,peak_ski
2026-09-25,cloud_9,2027-02-22,1590.0,0.001,1842.0,pacing,,False,False,150,peak_ski
2026-09-25,cloud_9,2027-02-23,1385.0,0.001,1649.0,pacing,,False,False,151,peak_ski
2026-09-25,cloud_9,2027-02-24,1505.0,0.001,1763.0,pacing,,False,False,152,peak_ski
2026-09-25,cloud_9,2027-02-25,2305.0,0.001,2584.0,pacing,,False,False,153,peak_ski
2026-09-25,cloud_9,2027-02-26,2385.0,0.001,3144.0,pacing,,False,False,154,peak_ski
2026-09-25,cloud_9,2027-02-27,2385.0,0.001,3014.0,pacing,,False,False,155,peak_ski
2026-09-25,cloud_9,2027-02-28,1810.0,0.001,2051.0,pacing,,False,False,156,peak_ski
2026-09-25,cloud_9,2027-03-01,1365.0,0.001,1619.0,pacing,,False,False,157,peak_ski
2026-09-25,cloud_9,2027-03-02,1370.0,0.001,1626.0,pacing,,False,False,158,peak_ski
2026-09-25,cloud_9,2027-03-03,1375.0,0.001,1635.0,pacing,,False,False,159,peak_ski
2026-09-25,cloud_9,2027-03-04,1765.0,0.001,2020.0,pacing,,False,False,160,peak_ski
2026-09-25,cloud_9,2027-03-05,2385.0,0.001,2771.0,pacing,,False,False,161,peak_ski
2026-09-25,cloud_9,2027-03-06,2385.0,0.001,2939.0,pacing,,False,False,162,peak_ski
2026-09-25,cloud_9,2027-03-07,2195.0,0.001,2492.0,pacing,,False,False,163,peak_ski
2026-09-25,cloud_9,2027-03-08,2025.0,0.001,2336.0,pacing,,False,False,164,peak_ski
2026-09-25,cloud_9,2027-03-09,1985.0,0.001,2296.0,pacing,,False,False,165,peak_ski
2026-09-25,cloud_9,2027-03-10,1985.0,0.001,2293.0,pacing,,False,False,166,peak_ski
2026-09-25,cloud_9,2027-03-11,2235.0,0.001,2533.0,pacing,,False,False,167,peak_ski
2026-09-25,cloud_9,2027-03-12,2385.0,0.001,3014.0,pacing,,False,False,168,peak_ski
2026-09-25,cloud_9,2027-03-13,2385.0,0.001,3052.0,pacing,,False,False,169,peak_ski
2026-09-25,cloud_9,2027-03-14,2385.0,0.001,3101.0,pacing,,False,False,170,peak_ski
2026-09-25,cloud_9,2027-03-15,2385.0,0.001,2971.0,pacing,,False,False,171,peak_ski
2026-09-25,cloud_9,2027-03-16,2385.0,0.001,2936.0,pacing,,False,False,172,peak_ski
2026-09-25,cloud_9,2027-03-17,2385.0,0.001,2938.0,pacing,,False,False,173,peak_ski
2026-09-25,cloud_9,2027-03-18,2385.0,0.001,2960.0,pacing,,False,False,174,peak_ski
2026-09-25,cloud_9,2027-03-19,2385.0,0.001,2719.0,pacing,,False,False,175,peak_ski
2026-09-25,cloud_9,2027-03-20,2385.0,0.001,2614.0,pacing,,False,False,176,peak_ski
2026-09-25,cloud_9,2027-03-21,1580.0,0.001,1851.0,pacing,,False,False,177,peak_ski
2026-09-25,cloud_9,2027-03-22,1945.0,0.001,1835.0,pacing,,False,False,178,peak_ski
2026-09-25,cloud_9,2027-03-23,1925.0,0.001,2189.0,pacing,,False,False,179,peak_ski
2026-09-25,cloud_9,2027-03-24,1350.0,0.0018804425822829185,1471.0,pacing,,False,False,180,peak_ski
2026-09-25,cloud_9,2027-03-25,1460.0,0.001,1729.0,pacing,,False,False,181,peak_ski
2026-09-25,cloud_9,2027-03-26,1645.0,0.006139081441898973,1870.0,pacing,,False,False,182,peak_ski
2026-09-25,cloud_9,2027-03-27,1460.0,0.008243660521156826,1701.0,pacing,,False,False,183,peak_ski
2026-09-25,cloud_9,2027-03-28,1195.0,0.003630036046009537,1392.0,pacing,,False,False,184,peak_ski
2026-09-25,cloud_9,2027-03-29,1035.0,0.005375666575946918,1108.0,pacing,,False,False,185,peak_ski
2026-09-25,cloud_9,2027-03-30,1020.0,0.005550092264311336,1056.0,pacing,,False,False,186,peak_ski
2026-09-25,cloud_9,2027-03-31,1035.0,0.0053997562404510795,1082.0,pacing,,False,False,187,peak_ski
2026-09-25,cloud_9,2027-04-01,1055.0,0.001,1236.0,pacing,,False,False,188,shoulder_spring
2026-09-25,cloud_9,2027-04-02,1110.0,0.001,1319.0,pacing,,False,False,189,shoulder_spring
2026-09-25,cloud_9,2027-04-03,1040.0,0.0014080997142467376,1233.0,pacing,,False,False,190,shoulder_spring
2026-09-25,cloud_9,2027-04-04,855.0,0.001,1011.0,pacing,,False,False,191,shoulder_spring
2026-09-25,cloud_9,2027-04-05,750.0,0.001,850.0,pacing,,False,False,192,shoulder_spring
2026-09-25,cloud_9,2027-04-06,750.0,0.001,850.0,pacing,,False,False,193,shoulder_spring
2026-09-25,cloud_9,2027-04-07,750.0,0.001,850.0,pacing,,False,False,194,shoulder_spring
2026-09-25,cloud_9,2027-04-08,780.0,0.001,889.0,pacing,,False,False,195,shoulder_spring
2026-09-25,cloud_9,2027-04-09,795.0,0.013309911471553273,953.0,pacing,,False,False,196,shoulder_spring
2026-09-25,cloud_9,2027-04-10,780.0,0.013892820207533074,866.0,pacing,,False,False,197,shoulder_spring
2026-09-25,cloud_9,2027-04-11,750.0,0.001,850.0,pacing,,False,False,198,shoulder_spring
2026-09-25,cloud_9,2027-04-12,750.0,0.001,850.0,pacing,,False,False,199,shoulder_spring
2026-09-25,cloud_9,2027-04-13,750.0,0.001,850.0,pacing,,False,False,200,shoulder_spring
2026-09-25,cloud_9,2027-04-14,750.0,0.001,850.0,pacing,,False,False,201,shoulder_spring
2026-09-25,cloud_9,2027-04-15,750.0,0.001,850.0,pacing,,False,False,202,shoulder_spring
2026-09-25,cloud_9,2027-04-16,795.0,0.013053298214481937,889.0,pacing,,False,False,203,shoulder_spring
2026-09-25,cloud_9,2027-04-17,775.0,0.013833419611071273,850.0,pacing,,False,False,204,shoulder_spring
2026-09-25,cloud_9,2027-04-18,750.0,0.001,850.0,pacing,,False,False,205,shoulder_spring
2026-09-25,cloud_9,2027-04-19,750.0,0.001,850.0,pacing,,False,False,206,shoulder_spring
2026-09-25,cloud_9,2027-04-20,750.0,0.001,850.0,pacing,,False,False,207,shoulder_spring
2026-09-25,cloud_9,2027-04-21,750.0,0.001,850.0,pacing,,False,False,208,shoulder_spring
2026-09-25,cloud_9,2027-04-22,750.0,0.001,850.0,pacing,,False,False,209,shoulder_spring
2026-09-25,cloud_9,2027-04-23,795.0,0.01276442800459113,910.0,pacing,,False,False,210,shoulder_spring
2026-09-25,cloud_9,2027-04-24,795.0,0.012636910216477101,885.0,pacing,,False,False,211,shoulder_spring
2026-09-25,cloud_9,2027-04-25,750.0,0.001,850.0,pacing,,False,False,212,shoulder_spring
2026-09-25,cloud_9,2027-04-26,750.0,0.001,850.0,pacing,,False,False,213,shoulder_spring
2026-09-25,cloud_9,2027-04-27,750.0,0.001,850.0,pacing,,False,False,214,shoulder_spring
2026-09-25,cloud_9,2027-04-28,750.0,0.001,850.0,pacing,,False,False,215,shoulder_spring
2026-09-25,cloud_9,2027-04-29,750.0,0.001,850.0,pacing,,False,False,216,shoulder_spring
2026-09-25,cloud_9,2027-04-30,775.0,0.01339529697931112,850.0,pacing,,False,False,217,shoulder_spring
2026-09-25,cloud_9,2027-05-01,775.0,0.01323914649141799,850.0,pacing,,False,False,218,shoulder_spring
2026-09-25,cloud_9,2027-05-02,750.0,0.001,850.0,pacing,,False,False,219,shoulder_spring
2026-09-25,cloud_9,2027-05-03,750.0,0.001,850.0,pacing,,False,False,220,shoulder_spring
2026-09-25,cloud_9,2027-05-04,750.0,0.001,850.0,pacing,,False,False,221,shoulder_spring
2026-09-25,cloud_9,2027-05-05,750.0,0.001,850.0,pacing,,False,False,222,shoulder_spring
2026-09-25,cloud_9,2027-05-06,750.0,0.001,850.0,pacing,,False,False,223,shoulder_spring
2026-09-25,cloud_9,2027-05-07,775.0,0.013083987371464078,850.0,pacing,,False,False,224,shoulder_spring
2026-09-25,cloud_9,2027-05-08,775.0,0.012935973874459128,850.0,pacing,,False,False,225,shoulder_spring
2026-09-25,cloud_9,2027-05-09,750.0,0.001,850.0,pacing,,False,False,226,shoulder_spring
2026-09-25,cloud_9,2027-05-10,750.0,0.001,850.0,pacing,,False,False,227,shoulder_spring
2026-09-25,cloud_9,2027-05-11,750.0,0.001,850.0,pacing,,False,False,228,shoulder_spring
2026-09-25,cloud_9,2027-05-12,750.0,0.001,850.0,pacing,,False,False,229,shoulder_spring
2026-09-25,cloud_9,2027-05-13,750.0,0.001,850.0,pacing,,False,False,230,shoulder_spring
2026-09-25,cloud_9,2027-05-14,780.0,0.012573400701973362,862.0,pacing,,False,False,231,shoulder_spring
2026-09-25,cloud_9,2027-05-15,795.0,0.011800526008813787,881.0,pacing,,False,False,232,shoulder_spring
2026-09-25,cloud_9,2027-05-16,750.0,0.001,850.0,pacing,,False,False,233,shoulder_spring
2026-09-25,cloud_9,2027-05-17,750.0,0.001,850.0,pacing,,False,False,234,shoulder_spring
2026-09-25,cloud_9,2027-05-18,750.0,0.001,850.0,pacing,,False,False,235,shoulder_spring
2026-09-25,cloud_9,2027-05-19,750.0,0.001,850.0,pacing,,False,False,236,shoulder_spring
2026-09-25,cloud_9,2027-05-20,750.0,0.001,850.0,pacing,,False,False,237,shoulder_spring
2026-09-25,cloud_9,2027-05-21,775.0,0.012514129735435874,850.0,pacing,,False,False,238,shoulder_spring
2026-09-25,cloud_9,2027-05-22,775.0,0.01238080214801141,850.0,pacing,,False,False,239,shoulder_spring
2026-09-25,cloud_9,2027-05-23,750.0,0.001,850.0,pacing,,False,False,240,shoulder_spring
2026-09-25,cloud_9,2027-05-24,750.0,0.001,850.0,pacing,,False,False,241,shoulder_spring
2026-09-25,cloud_9,2027-05-25,750.0,0.001,850.0,pacing,,False,False,242,shoulder_spring
2026-09-25,cloud_9,2027-05-26,750.0,0.001,850.0,pacing,,False,False,243,shoulder_spring
2026-09-25,cloud_9,2027-05-27,750.0,0.001,850.0,pacing,,False,False,244,shoulder_spring
2026-09-25,cloud_9,2027-05-28,860.0,0.008753967292264634,1006.0,pacing,,False,False,245,shoulder_spring
2026-09-25,cloud_9,2027-05-29,860.0,0.00871999169186479,1004.0,pacing,,False,False,246,shoulder_spring
2026-09-25,cloud_9,2027-05-30,825.0,0.001,964.0,pacing,,False,False,247,shoulder_spring
2026-09-25,cloud_9,2027-05-31,750.0,0.001,850.0,pacing,,False,False,248,shoulder_spring
2026-09-25,cloud_9,2027-06-01,750.0,0.00768632744615719,850.0,pacing,,False,False,249,summer
2026-09-25,cloud_9,2027-06-02,750.0,0.0077141674750563155,850.0,pacing,,False,False,250,summer
2026-09-25,cloud_9,2027-06-03,750.0,0.007738843864937059,854.0,pacing,,False,False,251,summer
2026-09-25,cloud_9,2027-06-04,870.0,0.019880087959839813,1036.0,pacing,,False,False,252,summer
2026-09-25,cloud_9,2027-06-05,850.0,0.020839926047394326,1006.0,pacing,,False,False,253,summer
2026-09-25,cloud_9,2027-06-06,750.0,0.007775488849340811,850.0,pacing,,False,False,254,summer
2026-09-25,cloud_9,2027-06-07,750.0,0.00781494132611105,850.0,pacing,,False,False,255,summer
2026-09-25,cloud_9,2027-06-08,750.0,0.007846144017347609,850.0,pacing,,False,False,256,summer
2026-09-25,cloud_9,2027-06-09,750.0,0.007873651307372097,850.0,pacing,,False,False,257,summer
2026-09-25,cloud_9,2027-06-10,930.0,0.001,1094.0,pacing,,False,False,258,summer
2026-09-25,cloud_9,2027-06-11,1145.0,0.001,1349.0,pacing,,False,False,259,summer
2026-09-25,cloud_9,2027-06-12,1135.0,0.001,1344.0,pacing,,False,False,260,summer
2026-09-25,cloud_9,2027-06-13,970.0,0.001,1209.0,pacing,,False,False,261,summer
2026-09-25,cloud_9,2027-06-14,1010.0,0.001,1229.0,pacing,,False,False,262,summer
2026-09-25,cloud_9,2027-06-15,1070.0,0.001,1306.0,pacing,,False,False,263,summer
2026-09-25,cloud_9,2027-06-16,1115.0,0.001,1394.0,pacing,,False,False,264,summer
2026-09-25,cloud_9,2027-06-17,1550.0,0.001,1827.0,pacing,,False,False,265,summer
2026-09-25,cloud_9,2027-06-18,1550.0,0.001,1805.0,pacing,,False,False,266,summer
2026-09-25,cloud_9,2027-06-19,1545.0,0.001,1804.0,pacing,,False,False,267,summer
2026-09-25,cloud_9,2027-06-20,1135.0,0.001,1364.0,pacing,,False,False,268,summer
2026-09-25,cloud_9,2027-06-21,1000.0,0.001,1305.0,pacing,,False,False,269,summer
2026-09-25,cloud_9,2027-06-22,1095.0,0.001,1305.0,pacing,,False,False,270,summer
2026-09-25,cloud_9,2027-06-23,1050.0,0.001,1263.0,pacing,,False,False,271,summer
2026-09-25,cloud_9,2027-06-24,1335.0,0.001,1549.0,pacing,,False,False,272,summer
2026-09-25,cloud_9,2027-06-25,1605.0,0.001,1825.0,pacing,,False,False,273,summer
2026-09-25,cloud_9,2027-06-26,1470.0,0.001,1674.0,pacing,,False,False,274,summer
2026-09-25,cloud_9,2027-06-27,1245.0,0.001,1431.0,pacing,,False,False,275,summer
2026-09-25,cloud_9,2027-06-28,1105.0,0.001,1250.0,pacing,,False,False,276,summer
2026-09-25,cloud_9,2027-06-29,1075.0,0.001,1234.0,pacing,,False,False,277,summer
2026-09-25,cloud_9,2027-06-30,1290.0,0.001,1432.0,pacing,,False,False,278,summer
2026-09-25,cloud_9,2027-07-01,1330.0,0.001,1498.0,pacing,,False,False,279,summer
2026-09-25,cloud_9,2027-07-02,2385.0,0.001,2552.0,pacing,,False,False,280,summer
2026-09-25,cloud_9,2027-07-03,2385.0,0.001,2616.0,pacing,,False,False,281,summer
2026-09-25,cloud_9,2027-07-04,2380.0,0.001,2522.0,pacing,,False,False,282,summer
2026-09-25,cloud_9,2027-07-05,1085.0,0.001,1231.0,pacing,,False,False,283,summer
2026-09-25,cloud_9,2027-07-06,1080.0,0.001,1226.0,pacing,,False,False,284,summer
2026-09-25,cloud_9,2027-07-07,1120.0,0.001,1271.0,pacing,,False,False,285,summer
2026-09-25,cloud_9,2027-07-08,1445.0,0.001,1652.0,pacing,,False,False,286,summer
2026-09-25,cloud_9,2027-07-09,2155.0,0.001,2331.0,pacing,,False,False,287,summer
2026-09-25,cloud_9,2027-07-10,2235.0,0.001,2416.0,pacing,,False,False,288,summer
2026-09-25,cloud_9,2027-07-11,1450.0,0.001,1619.0,pacing,,False,False,289,summer
2026-09-25,cloud_9,2027-07-12,1420.0,0.001,1560.0,pacing,,False,False,290,summer
2026-09-25,cloud_9,2027-07-13,1380.0,0.001,1316.0,pacing,,False,False,291,summer
2026-09-25,cloud_9,2027-07-14,1390.0,0.001,1554.0,pacing,,False,False,292,summer
2026-09-25,cloud_9,2027-07-15,1445.0,0.001,1655.0,pacing,,False,False,293,summer
2026-09-25,cloud_9,2027-07-16,1905.0,0.001,2074.0,pacing,,False,False,294,summer
2026-09-25,cloud_9,2027-07-17,2025.0,0.001,2208.0,pacing,,False,False,295,summer
2026-09-25,cloud_9,2027-07-18,1690.0,0.001,1875.0,pacing,,False,False,296,summer
2026-09-25,cloud_9,2027-07-19,1420.0,0.001,1653.0,pacing,,False,False,297,summer
2026-09-25,cloud_9,2027-07-20,1395.0,0.001,1604.0,pacing,,False,False,298,summer
2026-09-25,cloud_9,2027-07-21,1355.0,0.001,1381.0,pacing,,False,False,299,summer
2026-09-25,cloud_9,2027-07-22,1360.0,0.001,1583.0,pacing,,False,False,300,summer
2026-09-25,cloud_9,2027-07-23,1750.0,0.001,1980.0,pacing,,False,False,301,summer
2026-09-25,cloud_9,2027-07-24,1795.0,0.001,2030.0,pacing,,False,False,302,summer
2026-09-25,cloud_9,2027-07-25,1495.0,0.001,1729.0,pacing,,False,False,303,summer
2026-09-25,cloud_9,2027-07-26,1265.0,0.001,1484.0,pacing,,False,False,304,summer
2026-09-25,cloud_9,2027-07-27,1260.0,0.001,1483.0,pacing,,False,False,305,summer
2026-09-25,cloud_9,2027-07-28,1245.0,0.001,1462.0,pacing,,False,False,306,summer
2026-09-25,cloud_9,2027-07-29,1440.0,0.001,1671.0,pacing,,False,False,307,summer
2026-09-25,cloud_9,2027-07-30,1795.0,0.001,2019.0,pacing,,False,False,308,summer
2026-09-25,cloud_9,2027-07-31,1590.0,0.001,1797.0,pacing,,False,False,309,summer
2026-09-25,cloud_9,2027-08-01,1230.0,0.001,1442.0,pacing,,False,False,310,summer
2026-09-25,cloud_9,2027-08-02,1040.0,0.001,1222.0,pacing,,False,False,311,summer
2026-09-25,cloud_9,2027-08-03,965.0,0.0020898453134363254,1133.0,pacing,,False,False,312,summer
2026-09-25,cloud_9,2027-08-04,955.0,0.0027647633489788176,1120.0,pacing,,False,False,313,summer
2026-09-25,cloud_9,2027-08-05,1135.0,0.001,1334.0,pacing,,False,False,314,summer
2026-09-25,cloud_9,2027-08-06,1340.0,0.003765417162309029,1571.0,pacing,,False,False,315,summer
2026-09-25,cloud_9,2027-08-07,1280.0,0.0065139306615432935,1504.0,pacing,,False,False,316,summer
2026-09-25,cloud_9,2027-08-08,995.0,0.001,1169.0,pacing,,False,False,317,summer
2026-09-25,cloud_9,2027-08-09,910.0,0.005631635549913704,1073.0,pacing,,False,False,318,summer
2026-09-25,cloud_9,2027-08-10,885.0,0.007104988071115347,1042.0,pacing,,False,False,319,summer
2026-09-25,cloud_9,2027-08-11,875.0,0.007714320313025355,1031.0,pacing,,False,False,320,summer
2026-09-25,cloud_9,2027-08-12,1010.0,0.001,1191.0,pacing,,False,False,321,summer
2026-09-25,cloud_9,2027-08-13,1160.0,0.011709274402462845,1363.0,pacing,,False,False,322,summer
2026-09-25,cloud_9,2027-08-14,1090.0,0.014678268331866537,1280.0,pacing,,False,False,323,summer
2026-09-25,cloud_9,2027-08-15,880.0,0.007535517344075434,1029.0,pacing,,False,False,324,summer
2026-09-25,cloud_9,2027-08-16,795.0,0.012322121905725307,906.0,pacing,,False,False,325,summer
2026-09-25,cloud_9,2027-08-17,880.0,0.007604899416705186,1039.0,pacing,,False,False,326,summer
2026-09-25,cloud_9,2027-08-18,870.0,0.00819218401439212,1025.0,pacing,,False,False,327,summer
2026-09-25,cloud_9,2027-08-19,910.0,0.006010858888714367,1070.0,pacing,,False,False,328,summer
2026-09-25,cloud_9,2027-08-20,1145.0,0.012416789814106636,1346.0,pacing,,False,False,329,summer
2026-09-25,cloud_9,2027-08-21,1130.0,0.013109476830342113,1328.0,pacing,,False,False,330,summer
2026-09-25,cloud_9,2027-08-22,890.0,0.007152060162283945,1046.0,pacing,,False,False,331,summer
2026-09-25,cloud_9,2027-08-23,850.0,0.00937979201651071,999.0,pacing,,False,False,332,summer
2026-09-25,cloud_9,2027-08-24,845.0,0.00967422351040245,850.0,pacing,,False,False,333,summer
2026-09-25,cloud_9,2027-08-25,855.0,0.009145414806099648,1007.0,pacing,,False,False,334,summer
2026-09-25,cloud_9,2027-08-26,865.0,0.008619296256717405,1023.0,pacing,,False,False,335,summer
2026-09-25,cloud_9,2027-08-27,1055.0,0.016214183185255034,1237.0,pacing,,False,False,336,summer
2026-09-25,cloud_9,2027-08-28,1030.0,0.017174187575359455,1207.0,pacing,,False,False,337,summer
2026-09-25,cloud_9,2027-08-29,795.0,0.012423553919507533,905.0,pacing,,False,False,338,summer
2026-09-25,cloud_9,2027-08-30,770.0,0.013771869663175495,850.0,pacing,,False,False,339,summer
2026-09-25,cloud_9,2027-08-31,770.0,0.013750160931147127,850.0,pacing,,False,False,340,summer
2026-09-25,cloud_9,2027-09-01,770.0,0.013726196333817612,850.0,pacing,,False,False,341,summer
2026-09-25,cloud_9,2027-09-02,795.0,0.012366337759871657,935.0,pacing,,False,False,342,summer
2026-09-25,cloud_9,2027-09-03,1295.0,0.006546580165930329,1527.0,pacing,,False,False,343,summer
2026-09-25,cloud_9,2027-09-04,1295.0,0.006630607945834204,1531.0,pacing,,False,False,344,summer
2026-09-25,cloud_9,2027-09-05,1240.0,0.001,1475.0,pacing,,False,False,345,summer
2026-09-25,cloud_9,2027-09-06,770.0,0.013742164721274278,850.0,pacing,,False,False,346,summer
2026-09-25,cloud_9,2027-09-07,785.0,0.012924648336905762,870.0,pacing,,False,False,347,summer
2026-09-25,cloud_9,2027-09-08,785.0,0.012911485392060619,869.0,pacing,,False,False,348,summer
2026-09-25,cloud_9,2027-09-09,835.0,0.010268258085241795,956.0,pacing,,False,False,349,summer
2026-09-25,cloud_9,2027-09-10,970.0,0.019452869188609972,1109.0,pacing,,False,False,350,summer
2026-09-25,cloud_9,2027-09-11,930.0,0.02091110824016209,1072.0,pacing,,False,False,351,summer
2026-09-25,cloud_9,2027-09-12,795.0,0.012371819713055524,884.0,pacing,,False,False,352,summer
2026-09-25,cloud_9,2027-09-13,785.0,0.012891755096843635,859.0,pacing,,False,False,353,summer
2026-09-25,cloud_9,2027-09-14,780.0,0.013136614762702576,857.0,pacing,,False,False,354,summer
2026-09-25,cloud_9,2027-09-15,785.0,0.012859569853359853,857.0,pacing,,False,False,355,summer
2026-09-25,cloud_9,2027-09-16,845.0,0.001,956.0,pacing,,False,False,356,shoulder_fall
2026-09-25,cloud_9,2027-09-17,965.0,0.005599187014672796,1079.0,pacing,,False,False,357,shoulder_fall
2026-09-25,cloud_9,2027-09-18,895.0,0.010538217826209085,1056.0,pacing,,False,False,358,shoulder_fall
2026-09-25,cloud_9,2027-09-19,760.0,0.001,874.0,pacing,,False,False,359,shoulder_fall
2026-09-25,cloud_9,2027-09-20,750.0,0.001,850.0,pacing,,False,False,360,shoulder_fall
2026-09-25,cloud_9,2027-09-21,890.0,0.001,1046.0,pacing,,False,False,361,shoulder_fall
2026-09-25,cloud_9,2027-09-22,750.0,0.001,850.0,pacing,,False,False,362,shoulder_fall
2026-09-25,cloud_9,2027-09-23,790.0,0.001,882.0,pacing,,False,False,363,shoulder_fall
2026-09-25,cloud_9,2027-09-24,895.0,0.010550366486997014,1063.0,pacing,,False,False,364,shoulder_fall
2026-09-25,cloud_9,2027-09-25,900.0,0.010219273710472081,1054.0,pacing,,False,False,365,shoulder_fall
2026-09-26,summit_haus,2026-09-28,335.0,0.995,360.0,pacing,,False,True,2,shoulder_fall
2026-09-26,summit_haus,2026-09-29,335.0,0.9169163491875473,369.0,pacing,,False,True,3,shoulder_fall
2026-09-26,summit_haus,2026-09-30,340.0,0.8669191243259684,334.0,pacing,,False,False,4,shoulder_fall
2026-09-26,summit_haus,2026-10-01,360.0,0.634807767259081,372.0,pacing,,False,False,5,shoulder_fall
2026-09-26,summit_haus,2026-10-12,405.0,0.014833148661751854,426.0,pacing,,False,False,16,shoulder_fall
2026-09-26,summit_haus,2026-10-13,405.0,0.014807973168562144,430.0,pacing,,False,False,17,shoulder_fall
2026-09-26,summit_haus,2026-10-14,425.0,0.013595663333571793,430.0,pacing,,False,False,18,shoulder_fall
2026-09-26,summit_haus,2026-10-15,435.0,0.012970468163573872,447.0,pacing,,False,False,19,shoulder_fall
2026-09-26,summit_haus,2026-10-20,335.0,0.025273952426945252,303.0,pacing,,False,False,24,shoulder_fall
2026-09-26,summit_haus,2026-10-21,335.0,0.026825198858888157,302.0,pacing,,False,False,25,shoulder_fall
2026-09-26,summit_haus,2026-10-26,405.0,0.024633167996370428,387.0,pacing,,False,False,30,shoulder_fall
2026-09-26,summit_haus,2026-10-27,405.0,0.024579756794813296,387.0,pacing,,False,False,31,shoulder_fall
2026-09-26,summit_haus,2026-10-28,410.0,0.0240404686524651,391.0,pacing,,False,False,32,shoulder_fall
2026-09-26,summit_haus,2026-10-29,420.0,0.023021519263479062,406.0,pacing,,False,False,33,shoulder_fall
2026-09-26,summit_haus,2026-11-02,365.0,0.02824238761961103,339.0,pacing,,False,False,37,shoulder_fall
2026-09-26,summit_haus,2026-11-03,365.0,0.02816452497055662,341.0,pacing,,False,False,38,shoulder_fall
2026-09-26,summit_haus,2026-11-04,370.0,0.027609270210032337,346.0,pacing,,False,False,39,shoulder_fall
2026-09-26,summit_haus,2026-11-05,395.0,0.02515265680107541,379.0,pacing,,False,False,40,shoulder_fall
2026-09-26,summit_haus,2026-11-08,390.0,0.025566715151578264,373.0,pacing,,False,False,43,shoulder_fall
2026-09-26,summit_haus,2026-11-09,360.0,0.028342502891044546,336.0,pacing,,False,False,44,shoulder_fall
2026-09-26,summit_haus,2026-11-10,390.0,0.02543404423274151,362.0,pacing,,False,False,45,shoulder_fall
2026-09-26,summit_haus,2026-11-11,395.0,0.02490040824196573,367.0,pacing,,False,False,46,shoulder_fall
2026-09-26,summit_haus,2026-11-12,410.0,0.023434051216025886,394.0,pacing,,False,False,47,shoulder_fall
2026-09-26,summit_haus,2026-11-13,495.0,0.9511077087550834,500.0,pacing,,False,False,48,shoulder_fall
2026-09-26,summit_haus,2026-11-14,490.0,0.9044799347394262,500.0,pacing,,False,False,49,shoulder_fall
2026-09-26,summit_haus,2026-11-15,395.0,0.02478371740631205,373.0,pacing,,False,False,50,shoulder_fall
2026-09-26,summit_haus,2026-11-16,365.0,0.027517387576028198,335.0,pacing,,False,False,51,shoulder_fall
2026-09-26,summit_haus,2026-11-17,410.0,0.042367705664958656,346.0,pacing,,False,False,52,shoulder_fall
2026-09-26,summit_haus,2026-11-23,680.0,0.0021376982105634013,720.0,pacing,,False,False,58,early_winter
2026-09-26,summit_haus,2026-11-24,780.0,0.001,840.0,pacing,,False,False,59,early_winter
2026-09-26,summit_haus,2026-11-25,980.0,0.001,1060.0,pacing,,False,False,60,early_winter
2026-09-26,summit_haus,2026-11-26,1025.0,0.001,1120.0,pacing,,False,False,61,early_winter
2026-09-26,summit_haus,2026-11-27,1070.0,0.001,1166.0,pacing,,False,False,62,early_winter
2026-09-26,summit_haus,2026-11-28,910.0,0.025577545879740662,1080.0,pacing,,False,False,63,early_winter
2026-09-26,summit_haus,2026-12-03,570.0,0.049421306547378155,622.0,pacing,,False,False,68,early_winter
2026-09-26,summit_haus,2026-12-04,720.0,0.12508580387685292,815.0,pacing,,False,False,69,early_winter
2026-09-26,summit_haus,2026-12-05,710.0,0.07988845808823503,782.0,pacing,,False,False,70,early_winter
2026-09-26,summit_haus,2026-12-06,610.0,0.040456752607156206,647.0,pacing,,False,False,71,early_winter
2026-09-26,summit_haus,2026-12-07,570.0,0.049535903408234425,624.0,pacing,,False,False,72,early_winter
2026-09-26,summit_haus,2026-12-08,550.0,0.053894043578253024,601.0,pacing,,False,False,73,early_winter
2026-09-26,summit_haus,2026-12-09,550.0,0.05376915247556994,607.0,pacing,,False,False,74,early_winter
2026-09-26,summit_haus,2026-12-10,675.0,0.026986072639119132,781.0,pacing,,False,False,75,early_winter
2026-09-26,summit_haus,2026-12-11,895.0,0.07124408810526912,1065.0,pacing,,False,False,76,early_winter
2026-09-26,summit_haus,2026-12-12,1000.0,0.04479508383598032,1175.0,pacing,,False,False,77,early_winter
2026-09-26,summit_haus,2026-12-13,705.0,0.021186631477040647,818.0,pacing,,False,False,78,early_winter
2026-09-26,summit_haus,2026-12-14,670.0,0.029222808022260374,744.0,pacing,,False,False,79,early_winter
2026-09-26,summit_haus,2026-12-15,680.0,0.0056097765363128495,788.0,pacing,,False,False,80,peak_ski
2026-09-26,summit_haus,2026-12-16,740.0,0.004541314521984799,864.0,pacing,,False,False,81,peak_ski
2026-09-26,summit_haus,2026-12-17,945.0,0.001,1103.0,pacing,,False,False,82,peak_ski
2026-09-26,summit_haus,2026-12-18,1455.0,0.001,1661.0,pacing,,False,False,83,peak_ski
2026-09-26,summit_haus,2026-12-19,2075.0,0.001,2299.0,pacing,,False,False,84,peak_ski
2026-09-26,summit_haus,2026-12-20,2325.0,0.001,2574.0,pacing,,False,False,85,peak_ski
2026-09-26,summit_haus,2026-12-21,2645.0,0.001,2760.0,pacing,,False,False,86,peak_ski
2026-09-26,summit_haus,2026-12-22,2675.0,0.001,2798.0,pacing,,False,False,87,peak_ski
2026-09-26,summit_haus,2026-12-23,2695.0,0.001,2792.0,pacing,,False,False,88,peak_ski
2026-09-26,summit_haus,2026-12-24,2805.0,0.001,3105.0,pacing,,False,False,89,peak_ski
2026-09-26,summit_haus,2026-12-25,2875.0,0.001,3092.0,pacing,,False,False,90,peak_ski
2026-09-26,summit_haus,2026-12-26,2890.0,0.001,3085.0,pacing,,False,False,91,peak_ski
2026-09-26,summit_haus,2027-01-02,3435.0,0.001,3511.0,pacing,,False,False,98,peak_ski
2026-09-26,summit_haus,2027-01-03,1790.0,0.0873566836049055,1903.0,pacing,,False,False,99,peak_ski
2026-09-26,summit_haus,2027-01-04,1865.0,0.0821441911531247,1738.0,pacing,,False,False,100,peak_ski
2026-09-26,summit_haus,2027-01-05,1780.0,0.09930558957726962,1646.0,pacing,,False,False,101,peak_ski
2026-09-26,summit_haus,2027-01-06,1435.0,0.14704707434225922,1263.0,pacing,,False,False,102,peak_ski
2026-09-26,summit_haus,2027-01-07,1135.0,0.001,1308.0,pacing,,False,False,103,peak_ski
2026-09-26,summit_haus,2027-01-08,1505.0,0.001,1725.0,pacing,,False,False,104,peak_ski
2026-09-26,summit_haus,2027-01-09,1350.0,0.001943555052080559,1575.0,pacing,,False,False,105,peak_ski
2026-09-26,summit_haus,2027-01-10,1240.0,0.001,1445.0,pacing,,False,False,106,peak_ski
2026-09-26,summit_haus,2027-01-11,925.0,0.0013967855084049518,1092.0,pacing,,False,False,107,peak_ski
2026-09-26,summit_haus,2027-01-12,1150.0,0.18292733958750146,1014.0,pacing,,False,False,108,peak_ski
2026-09-26,summit_haus,2027-01-13,1460.0,0.13511658205178376,1311.0,pacing,,False,False,109,peak_ski
2026-09-26,summit_haus,2027-01-14,1420.0,0.001,1669.0,pacing,,False,False,110,peak_ski
2026-09-26,summit_haus,2027-01-15,1855.0,0.001,2459.0,pacing,,False,False,111,peak_ski
2026-09-26,summit_haus,2027-01-16,1855.0,0.001,2365.0,pacing,,False,False,112,peak_ski
2026-09-26,summit_haus,2027-01-17,1855.0,0.001,2319.0,pacing,,False,False,113,peak_ski
2026-09-26,summit_haus,2027-01-18,1075.0,0.001,1263.0,pacing,,False,False,114,peak_ski
2026-09-26,summit_haus,2027-01-19,1330.0,0.14894412266122525,1165.0,pacing,,False,False,115,peak_ski
2026-09-26,summit_haus,2027-01-20,1305.0,0.14817533899417432,1184.0,pacing,,False,False,116,peak_ski
2026-09-26,summit_haus,2027-01-21,1285.0,0.001,1506.0,pacing,,False,False,117,peak_ski
2026-09-26,summit_haus,2027-01-22,1855.0,0.001,2222.0,pacing,,False,False,118,peak_ski
2026-09-26,summit_haus,2027-01-23,1855.0,0.021816444174757265,2295.0,pacing,,False,False,119,peak_ski
2026-09-26,summit_haus,2027-01-24,1420.0,0.001,1667.0,pacing,,False,False,120,peak_ski
2026-09-26,summit_haus,2027-01-25,1375.0,0.001,1621.0,pacing,,False,False,121,peak_ski
2026-09-26,summit_haus,2027-01-26,1410.0,0.001,1663.0,pacing,,False,False,122,peak_ski
2026-09-26,summit_haus,2027-01-27,1445.0,0.001,1682.0,pacing,,False,False,123,peak_ski
2026-09-26,summit_haus,2027-02-02,1115.0,0.001,1308.0,pacing,,False,False,129,peak_ski
2026-09-26,summit_haus,2027-02-03,1160.0,0.001,1363.0,pacing,,False,False,130,peak_ski
2026-09-26,summit_haus,2027-02-04,1795.0,0.001,2031.0,pacing,,False,False,131,peak_ski
2026-09-26,summit_haus,2027-02-05,1855.0,0.001,2738.0,pacing,,False,False,132,peak_ski
2026-09-26,summit_haus,2027-02-06,1855.0,0.001,2855.0,pacing,,False,False,133,peak_ski
2026-09-26,summit_haus,2027-02-07,1800.0,0.001,2041.0,pacing,,False,False,134,peak_ski
2026-09-26,summit_haus,2027-02-08,1785.0,0.001,2043.0,pacing,,False,False,135,peak_ski
2026-09-26,summit_haus,2027-02-09,1785.0,0.001,2031.0,pacing,,False,False,136,peak_ski
2026-09-26,summit_haus,2027-02-10,1795.0,0.001,2043.0,pacing,,False,False,137,peak_ski
2026-09-26,summit_haus,2027-02-11,1855.0,0.001,2499.0,pacing,,False,False,138,peak_ski
2026-09-26,summit_haus,2027-02-12,1855.0,0.001,3839.0,pacing,,False,False,139,peak_ski
2026-09-26,summit_haus,2027-02-13,1855.0,0.001,3843.0,pacing,,False,False,140,peak_ski
2026-09-26,summit_haus,2027-02-14,1855.0,0.001,3825.0,pacing,,False,False,141,peak_ski
2026-09-26,summit_haus,2027-02-15,1855.0,0.001,2293.0,pacing,,False,False,142,peak_ski
2026-09-26,summit_haus,2027-02-16,1855.0,0.001,2110.0,pacing,,False,False,143,peak_ski
2026-09-26,summit_haus,2027-02-17,1855.0,0.001,2099.0,pacing,,False,False,144,peak_ski
2026-09-26,summit_haus,2027-02-18,1855.0,0.001,2471.0,pacing,,False,False,145,peak_ski
2026-09-26,summit_haus,2027-02-19,1855.0,0.0010627122524596068,3294.0,pacing,,False,False,146,peak_ski
2026-09-26,summit_haus,2027-02-20,1855.0,0.0014725333627614017,3139.0,pacing,,False,False,147,peak_ski
2026-09-26,summit_haus,2027-02-21,1855.0,0.001,2224.0,pacing,,False,False,148,peak_ski
2026-09-26,summit_haus,2027-02-22,1550.0,0.001,1788.0,pacing,,False,False,149,peak_ski
2026-09-26,summit_haus,2027-02-23,1380.0,0.001,1633.0,pacing,,False,False,150,peak_ski
2026-09-26,summit_haus,2027-02-24,1475.0,0.001,1724.0,pacing,,False,False,151,peak_ski
2026-09-26,summit_haus,2027-02-25,1855.0,0.001,2480.0,pacing,,False,False,152,peak_ski
2026-09-26,summit_haus,2027-02-26,1855.0,0.0018299064941398788,3027.0,pacing,,False,False,153,peak_ski
2026-09-26,summit_haus,2027-02-27,1855.0,0.00215589436075987,3036.0,pacing,,False,False,154,peak_ski
2026-09-26,summit_haus,2027-02-28,1810.0,0.001,2057.0,pacing,,False,False,155,peak_ski
2026-09-26,summit_haus,2027-03-01,1385.0,0.001,1645.0,pacing,,False,False,156,peak_ski
2026-09-26,summit_haus,2027-03-02,1385.0,0.001,1661.0,pacing,,False,False,157,peak_ski
2026-09-26,summit_haus,2027-03-03,1400.0,0.001,1677.0,pacing,,False,False,158,peak_ski
2026-09-26,summit_haus,2027-03-04,1780.0,0.001,2040.0,pacing,,False,False,159,peak_ski
2026-09-26,summit_haus,2027-03-05,1855.0,0.002451165045549243,2670.0,pacing,,False,False,160,peak_ski
2026-09-26,summit_haus,2027-03-06,1855.0,0.0026803988274805104,2942.0,pacing,,False,False,161,peak_ski
2026-09-26,summit_haus,2027-03-07,1855.0,0.001,2504.0,pacing,,False,False,162,peak_ski
2026-09-26,summit_haus,2027-03-08,1855.0,0.001,2364.0,pacing,,False,False,163,peak_ski
2026-09-26,summit_haus,2027-03-09,1855.0,0.001,2302.0,pacing,,False,False,164,peak_ski
2026-09-26,summit_haus,2027-03-10,1855.0,0.001,2325.0,pacing,,False,False,165,peak_ski
2026-09-26,summit_haus,2027-03-11,1855.0,0.001,2491.0,pacing,,False,False,166,peak_ski
2026-09-26,summit_haus,2027-03-12,1855.0,0.002929874514560713,2960.0,pacing,,False,False,167,peak_ski
2026-09-26,summit_haus,2027-03-13,1855.0,0.0031745855513412346,2989.0,pacing,,False,False,168,peak_ski
2026-09-26,summit_haus,2027-03-14,1855.0,0.001,3042.0,pacing,,False,False,169,peak_ski
2026-09-26,summit_haus,2027-03-15,1855.0,0.001,2915.0,pacing,,False,False,170,peak_ski
2026-09-26,summit_haus,2027-03-16,1855.0,0.001,2903.0,pacing,,False,False,171,peak_ski
2026-09-26,summit_haus,2027-03-17,1855.0,0.001,2890.0,pacing,,False,False,172,peak_ski
2026-09-26,summit_haus,2027-03-18,1855.0,0.001,2935.0,pacing,,False,False,173,peak_ski
2026-09-26,summit_haus,2027-03-19,1855.0,0.0034129611644877563,2773.0,pacing,,False,False,174,peak_ski
2026-09-26,summit_haus,2027-03-20,1855.0,0.0036018507936730927,2648.0,pacing,,False,False,175,peak_ski
2026-09-26,summit_haus,2027-03-21,1580.0,0.001,1853.0,pacing,,False,False,176,peak_ski
2026-09-26,summit_haus,2027-03-22,1855.0,0.001,1829.0,pacing,,False,False,177,peak_ski
2026-09-26,summit_haus,2027-03-23,1850.0,0.001,2131.0,pacing,,False,False,178,peak_ski
2026-09-26,summit_haus,2027-03-24,1275.0,0.0026926402166005327,1360.0,pacing,,False,False,179,peak_ski
2026-09-26,summit_haus,2027-03-25,1355.0,0.0018644375704786975,1607.0,pacing,,False,False,180,peak_ski
2026-09-26,summit_haus,2027-03-26,1535.0,0.007375858866882059,1755.0,pacing,,False,False,181,peak_ski
2026-09-26,summit_haus,2027-03-27,1380.0,0.009133444912155245,1605.0,pacing,,False,False,182,peak_ski
2026-09-26,summit_haus,2027-03-28,1120.0,0.0044377743694817414,1300.0,pacing,,False,False,183,peak_ski
2026-09-26,summit_haus,2027-03-29,905.0,0.006772925846600928,1011.0,pacing,,False,False,184,peak_ski
2026-09-26,summit_haus,2027-03-30,905.0,0.006784640685491921,916.0,pacing,,False,False,185,peak_ski
2026-09-26,summit_haus,2027-03-31,905.0,0.006793989756143215,905.0,pacing,,False,False,186,peak_ski
2026-09-26,summit_haus,2027-04-01,890.0,0.001,1023.0,pacing,,False,False,187,shoulder_spring
2026-09-26,summit_haus,2027-04-02,910.0,0.007532053398745226,1065.0,pacing,,False,False,188,shoulder_spring
2026-09-26,summit_haus,2027-04-03,850.0,0.010614737132283503,985.0,pacing,,False,False,189,shoulder_spring
2026-09-26,summit_haus,2027-04-04,680.0,0.0017000461126463345,791.0,pacing,,False,False,190,shoulder_spring
2026-09-26,summit_haus,2027-04-05,575.0,0.005775691701789601,642.0,pacing,,False,False,191,shoulder_spring
2026-09-26,summit_haus,2027-04-06,535.0,0.007302865799362722,595.0,pacing,,False,False,192,shoulder_spring
2026-09-26,summit_haus,2027-04-07,545.0,0.006922227913929672,602.0,pacing,,False,False,193,shoulder_spring
2026-09-26,summit_haus,2027-04-08,595.0,0.00505012286625929,668.0,pacing,,False,False,194,shoulder_spring
2026-09-26,summit_haus,2027-04-09,620.0,0.021652015105553153,705.0,pacing,,False,False,195,shoulder_spring
2026-09-26,summit_haus,2027-04-10,620.0,0.02142762631880834,688.0,pacing,,False,False,196,shoulder_spring
2026-09-26,summit_haus,2027-04-11,545.0,0.00692885355345074,605.0,pacing,,False,False,197,shoulder_spring
2026-09-26,summit_haus,2027-04-12,520.0,0.007850858566691207,577.0,pacing,,False,False,198,shoulder_spring
2026-09-26,summit_haus,2027-04-13,495.0,0.008778522207644985,537.0,pacing,,False,False,199,shoulder_spring
2026-09-26,summit_haus,2027-04-14,505.0,0.00843177340026238,548.0,pacing,,False,False,200,shoulder_spring
2026-09-26,summit_haus,2027-04-15,525.0,0.007719513761075203,581.0,pacing,,False,False,201,shoulder_spring
2026-09-26,summit_haus,2027-04-16,615.0,0.02143130913390812,643.0,pacing,,False,False,202,shoulder_spring
2026-09-26,summit_haus,2027-04-17,600.0,0.021887163569861628,624.0,pacing,,False,False,203,shoulder_spring
2026-09-26,summit_haus,2027-04-18,525.0,0.007745300420215388,570.0,pacing,,False,False,204,shoulder_spring
2026-09-26,summit_haus,2027-04-19,480.0,0.009418299840518304,517.0,pacing,,False,False,205,shoulder_spring
2026-09-26,summit_haus,2027-04-20,470.0,0.009801687346141001,499.0,pacing,,False,False,206,shoulder_spring
2026-09-26,summit_haus,2027-04-21,480.0,0.009451699260848597,513.0,pacing,,False,False,207,shoulder_spring
2026-09-26,summit_haus,2027-04-22,515.0,0.008190287422981115,560.0,pacing,,False,False,208,shoulder_spring
2026-09-26,summit_haus,2027-04-23,620.0,0.020731135918432952,652.0,pacing,,False,False,209,shoulder_spring
2026-09-26,summit_haus,2027-04-24,615.0,0.02073962783768491,637.0,pacing,,False,False,210,shoulder_spring
2026-09-26,summit_haus,2027-04-25,535.0,0.007482927588841255,588.0,pacing,,False,False,211,shoulder_spring
2026-09-26,summit_haus,2027-04-26,500.0,0.008783746389887331,542.0,pacing,,False,False,212,shoulder_spring
2026-09-26,summit_haus,2027-04-27,495.0,0.008984932419592667,539.0,pacing,,False,False,213,shoulder_spring
2026-09-26,summit_haus,2027-04-28,490.0,0.00918544123627491,530.0,pacing,,False,False,214,shoulder_spring
2026-09-26,summit_haus,2027-04-29,500.0,0.00883998344114827,538.0,pacing,,False,False,215,shoulder_spring
2026-09-26,summit_haus,2027-04-30,580.0,0.022077937135817436,593.0,pacing,,False,False,216,shoulder_spring
2026-09-26,summit_haus,2027-05-01,575.0,0.02205320340234924,581.0,pacing,,False,False,217,shoulder_spring
2026-09-26,summit_haus,2027-05-02,505.0,0.008677164571817978,543.0,pacing,,False,False,218,shoulder_spring
2026-09-26,summit_haus,2027-05-03,480.0,0.009602384801654816,510.0,pacing,,False,False,219,shoulder_spring
2026-09-26,summit_haus,2027-05-04,485.0,0.009436627004655973,519.0,pacing,,False,False,220,shoulder_spring
2026-09-26,summit_haus,2027-05-05,500.0,0.008909882387457766,541.0,pacing,,False,False,221,shoulder_spring
2026-09-26,summit_haus,2027-05-06,510.0,0.008566393140776665,557.0,pacing,,False,False,222,shoulder_spring
2026-09-26,summit_haus,2027-05-07,585.0,0.02137307433845998,604.0,pacing,,False,False,223,shoulder_spring
2026-09-26,summit_haus,2027-05-08,570.0,0.021789401752828008,586.0,pacing,,False,False,224,shoulder_spring
2026-09-26,summit_haus,2027-05-09,505.0,0.008766189668835118,548.0,pacing,,False,False,225,shoulder_spring
2026-09-26,summit_haus,2027-05-10,490.0,0.009325450308530945,533.0,pacing,,False,False,226,shoulder_spring
2026-09-26,summit_haus,2027-05-11,485.0,0.009521705830998824,525.0,pacing,,False,False,227,shoulder_spring
2026-09-26,summit_haus,2027-05-12,500.0,0.00899675265774101,545.0,pacing,,False,False,228,shoulder_spring
2026-09-26,summit_haus,2027-05-13,510.0,0.008654022373968773,556.0,pacing,,False,False,229,shoulder_spring
2026-09-26,summit_haus,2027-05-14,585.0,0.02091200928936662,600.0,pacing,,False,False,230,shoulder_spring
2026-09-26,summit_haus,2027-05-15,590.0,0.020479802513536302,604.0,pacing,,False,False,231,shoulder_spring
2026-09-26,summit_haus,2027-05-16,520.0,0.008312669570544712,566.0,pacing,,False,False,232,shoulder_spring
2026-09-26,summit_haus,2027-05-17,505.0,0.008870679128782892,546.0,pacing,,False,False,233,shoulder_spring
2026-09-26,summit_haus,2027-05-18,500.0,0.009066953003202411,538.0,pacing,,False,False,234,shoulder_spring
2026-09-26,summit_haus,2027-05-19,500.0,0.009082923649701159,544.0,pacing,,False,False,235,shoulder_spring
2026-09-26,summit_haus,2027-05-20,510.0,0.008741189194892899,554.0,pacing,,False,False,236,shoulder_spring
2026-09-26,summit_haus,2027-05-21,590.0,0.020268821346976988,609.0,pacing,,False,False,237,shoulder_spring
2026-09-26,summit_haus,2027-05-22,585.0,0.020267444202047326,597.0,pacing,,False,False,238,shoulder_spring
2026-09-26,summit_haus,2027-05-23,525.0,0.008222073743906252,573.0,pacing,,False,False,239,shoulder_spring
2026-09-26,summit_haus,2027-05-24,505.0,0.008955848660033376,544.0,pacing,,False,False,240,shoulder_spring
2026-09-26,summit_haus,2027-05-25,515.0,0.008615026909538057,561.0,pacing,,False,False,241,shoulder_spring
2026-09-26,summit_haus,2027-05-26,510.0,0.008810901509048695,552.0,pacing,,False,False,242,shoulder_spring
2026-09-26,summit_haus,2027-05-27,555.0,0.007224110587226749,614.0,pacing,,False,False,243,shoulder_spring
2026-09-26,summit_haus,2027-05-28,645.0,0.017592703191970753,755.0,pacing,,False,False,244,shoulder_spring
2026-09-26,summit_haus,2027-05-29,645.0,0.017459111415957417,754.0,pacing,,False,False,245,shoulder_spring
2026-09-26,summit_haus,2027-05-30,620.0,0.004933713389076736,721.0,pacing,,False,False,246,shoulder_spring
2026-09-26,summit_haus,2027-05-31,510.0,0.008882528971439716,557.0,pacing,,False,False,247,shoulder_spring
2026-09-26,summit_haus,2027-06-01,555.0,0.02078123578447656,600.0,pacing,,False,False,248,summer
2026-09-26,summit_haus,2027-06-02,545.0,0.0214252066784606,589.0,pacing,,False,False,249,summer
2026-09-26,summit_haus,2027-06-03,600.0,0.01773161563249019,668.0,pacing,,False,False,250,summer
2026-09-26,summit_haus,2027-06-04,725.0,0.02748779259811213,789.0,pacing,,False,False,251,summer
2026-09-26,summit_haus,2027-06-05,695.0,0.02889944962944542,793.0,pacing,,False,False,252,summer
2026-09-26,summit_haus,2027-06-06,620.0,0.01639959373621356,683.0,pacing,,False,False,253,summer
2026-09-26,summit_haus,2027-06-07,585.0,0.018714460204515875,735.0,pacing,,False,False,254,summer
2026-09-26,summit_haus,2027-06-08,570.0,0.019688069453184184,622.0,pacing,,False,False,255,summer
2026-09-26,summit_haus,2027-06-09,610.0,0.017047226505465807,674.0,pacing,,False,False,256,summer
2026-09-26,summit_haus,2027-06-10,745.0,0.0025841258205815463,876.0,pacing,,False,False,257,summer
2026-09-26,summit_haus,2027-06-11,840.0,0.01842183222425902,997.0,pacing,,False,False,258,summer
2026-09-26,summit_haus,2027-06-12,855.0,0.01749323124388875,1010.0,pacing,,False,False,259,summer
2026-09-26,summit_haus,2027-06-20,940.0,0.001,1094.0,pacing,,False,False,267,summer
2026-09-26,summit_haus,2027-06-21,910.0,0.001,1061.0,pacing,,False,False,268,summer
2026-09-26,summit_haus,2027-06-22,810.0,0.001,1048.0,pacing,,False,False,269,summer
2026-09-26,summit_haus,2027-06-23,875.0,0.001,997.0,pacing,,False,False,270,summer
2026-09-26,summit_haus,2027-06-24,1080.0,0.001,1234.0,pacing,,False,False,271,summer
2026-09-26,summit_haus,2027-06-25,1315.0,0.001,1504.0,pacing,,False,False,272,summer
2026-09-26,summit_haus,2027-06-26,1250.0,0.001,1390.0,pacing,,False,False,273,summer
2026-09-26,summit_haus,2027-06-27,1080.0,0.001,1208.0,pacing,,False,False,274,summer
2026-09-26,summit_haus,2027-06-28,965.0,0.001,1059.0,pacing,,False,False,275,summer
2026-09-26,summit_haus,2027-06-29,930.0,0.001,1047.0,pacing,,False,False,276,summer
2026-09-26,summit_haus,2027-06-30,1110.0,0.001,1124.0,pacing,,False,False,277,summer
2026-09-26,summit_haus,2027-07-01,1175.0,0.001,1294.0,pacing,,False,False,278,summer
2026-09-26,summit_haus,2027-07-02,1855.0,0.001,2077.0,pacing,,False,False,279,summer
2026-09-26,summit_haus,2027-07-03,1855.0,0.001,2100.0,pacing,,False,False,280,summer
2026-09-26,summit_haus,2027-07-04,1855.0,0.001,2077.0,pacing,,False,False,281,summer
2026-09-26,summit_haus,2027-07-05,970.0,0.001,1078.0,pacing,,False,False,282,summer
2026-09-26,summit_haus,2027-07-06,960.0,0.001,1070.0,pacing,,False,False,283,summer
2026-09-26,summit_haus,2027-07-07,1035.0,0.001,1156.0,pacing,,False,False,284,summer
2026-09-26,summit_haus,2027-07-08,1355.0,0.001,1525.0,pacing,,False,False,285,summer
2026-09-26,summit_haus,2027-07-09,1855.0,0.001,2103.0,pacing,,False,False,286,summer
2026-09-26,summit_haus,2027-07-10,1855.0,0.001,2150.0,pacing,,False,False,287,summer
2026-09-26,summit_haus,2027-07-11,1370.0,0.001,1521.0,pacing,,False,False,288,summer
2026-09-26,summit_haus,2027-07-12,1380.0,0.001,1533.0,pacing,,False,False,289,summer
2026-09-26,summit_haus,2027-07-13,1360.0,0.001,1494.0,pacing,,False,False,290,summer
2026-09-26,summit_haus,2027-07-14,1355.0,0.001,1515.0,pacing,,False,False,291,summer
2026-09-26,summit_haus,2027-07-15,1425.0,0.001,1630.0,pacing,,False,False,292,summer
2026-09-26,summit_haus,2027-07-16,1820.0,0.001,1985.0,pacing,,False,False,293,summer
2026-09-26,summit_haus,2027-07-17,1825.0,0.001,2003.0,pacing,,False,False,294,summer
2026-09-26,summit_haus,2027-07-18,1505.0,0.001,1737.0,pacing,,False,False,295,summer
2026-09-26,summit_haus,2027-07-19,1310.0,0.001,1535.0,pacing,,False,False,296,summer
2026-09-26,summit_haus,2027-07-20,1295.0,0.001,1493.0,pacing,,False,False,297,summer
2026-09-26,summit_haus,2027-07-21,1275.0,0.001,1453.0,pacing,,False,False,298,summer
2026-09-26,summit_haus,2027-07-22,1300.0,0.001,1500.0,pacing,,False,False,299,summer
2026-09-26,summit_haus,2027-07-23,1630.0,0.001,1874.0,pacing,,False,False,300,summer
2026-09-26,summit_haus,2027-07-24,1630.0,0.001,1862.0,pacing,,False,False,301,summer
2026-09-26,summit_haus,2027-07-25,1310.0,0.001,1512.0,pacing,,False,False,302,summer
2026-09-26,summit_haus,2027-07-26,1150.0,0.001,1325.0,pacing,,False,False,303,summer
2026-09-26,summit_haus,2027-07-27,1150.0,0.001,1325.0,pacing,,False,False,304,summer
2026-09-26,summit_haus,2027-07-28,1120.0,0.001,1291.0,pacing,,False,False,305,summer
2026-09-26,summit_haus,2027-07-29,1245.0,0.001,1418.0,pacing,,False,False,306,summer
2026-09-26,summit_haus,2027-07-30,1500.0,0.001,1713.0,pacing,,False,False,307,summer
2026-09-26,summit_haus,2027-07-31,1375.0,0.001921322837119745,1559.0,pacing,,False,False,308,summer
2026-09-26,summit_haus,2027-08-01,1050.0,0.001,1221.0,pacing,,False,False,309,summer
2026-09-26,summit_haus,2027-08-02,895.0,0.006061907395180804,1038.0,pacing,,False,False,310,summer
2026-09-26,summit_haus,2027-08-03,870.0,0.00760233215447936,1014.0,pacing,,False,False,311,summer
2026-09-26,summit_haus,2027-08-04,865.0,0.007963678953209378,1010.0,pacing,,False,False,312,summer
2026-09-26,summit_haus,2027-08-05,990.0,0.001,1148.0,pacing,,False,False,313,summer
2026-09-26,summit_haus,2027-08-06,1115.0,0.013424988740368638,1304.0,pacing,,False,False,314,summer
2026-09-26,summit_haus,2027-08-07,1085.0,0.014797727249844402,1263.0,pacing,,False,False,315,summer
2026-09-26,summit_haus,2027-08-08,845.0,0.00927402499786635,986.0,pacing,,False,False,316,summer
2026-09-26,summit_haus,2027-08-09,745.0,0.015031567449914896,873.0,pacing,,False,False,317,summer
2026-09-26,summit_haus,2027-08-10,730.0,0.015900204137845132,854.0,pacing,,False,False,318,summer
2026-09-26,summit_haus,2027-08-11,735.0,0.015627673041998896,855.0,pacing,,False,False,319,summer
2026-09-26,summit_haus,2027-08-12,810.0,0.011415032655557263,944.0,pacing,,False,False,320,summer
2026-09-26,summit_haus,2027-08-13,1025.0,0.017386457794461338,1202.0,pacing,,False,False,321,summer
2026-09-26,summit_haus,2027-08-14,1025.0,0.01738675826016315,1202.0,pacing,,False,False,322,summer
2026-09-26,summit_haus,2027-08-15,720.0,0.01650633237242536,915.0,pacing,,False,False,323,summer
2026-09-26,summit_haus,2027-08-16,720.0,0.016511287077569402,844.0,pacing,,False,False,324,summer
2026-09-26,summit_haus,2027-08-17,685.0,0.01845740536614172,800.0,pacing,,False,False,325,summer
2026-09-26,summit_haus,2027-08-18,680.0,0.0187277767240709,794.0,pacing,,False,False,326,summer
2026-09-26,summit_haus,2027-08-19,690.0,0.018165931635002294,803.0,pacing,,False,False,327,summer
2026-09-26,summit_haus,2027-08-20,1445.0,0.001,1694.0,pacing,,False,False,328,summer
2026-09-26,summit_haus,2027-08-21,1450.0,0.001,1698.0,pacing,,False,False,329,summer
2026-09-26,summit_haus,2027-08-22,685.0,0.018436710987963924,803.0,pacing,,False,False,330,summer
2026-09-26,summit_haus,2027-08-23,670.0,0.019252306648308445,788.0,pacing,,False,False,331,summer
2026-09-26,summit_haus,2027-08-24,665.0,0.01951192731747542,630.0,pacing,,False,False,332,summer
2026-09-26,summit_haus,2027-08-25,670.0,0.019221720207286106,743.0,pacing,,False,False,333,summer
2026-09-26,summit_haus,2027-08-26,665.0,0.01947553274856759,729.0,pacing,,False,False,334,summer
2026-09-26,summit_haus,2027-08-27,850.0,0.024517787899319972,995.0,pacing,,False,False,335,summer
2026-09-26,summit_haus,2027-08-28,860.0,0.024007115581131142,1008.0,pacing,,False,False,336,summer
2026-09-26,summit_haus,2027-08-29,655.0,0.01999727535678993,688.0,pacing,,False,False,337,summer
2026-09-26,summit_haus,2027-08-30,575.0,0.024286489880811224,594.0,pacing,,False,False,338,summer
2026-09-26,summit_haus,2027-08-31,555.0,0.025310279317353784,570.0,pacing,,False,False,339,summer
2026-09-26,summit_haus,2027-09-01,565.0,0.024718029600762075,580.0,pacing,,False,False,340,summer
2026-09-26,summit_haus,2027-09-02,645.0,0.020386721552215967,681.0,pacing,,False,False,341,summer
2026-09-26,summit_haus,2027-09-03,915.0,0.021704954538545793,1078.0,pacing,,False,False,342,summer
2026-09-26,summit_haus,2027-09-04,915.0,0.02165741235014903,1077.0,pacing,,False,False,343,summer
2026-09-26,summit_haus,2027-09-05,875.0,0.008097047086665117,1032.0,pacing,,False,False,344,summer
2026-09-26,summit_haus,2027-09-06,560.0,0.0248852107063813,566.0,pacing,,False,False,345,summer
2026-09-26,summit_haus,2027-09-07,620.0,0.021655816095180868,629.0,pacing,,False,False,346,summer
2026-09-26,summit_haus,2027-09-08,620.0,0.0216169427357391,629.0,pacing,,False,False,347,summer
2026-09-26,summit_haus,2027-09-09,665.0,0.019211131559870954,676.0,pacing,,False,False,348,summer
2026-09-26,summit_haus,2027-09-10,715.0,0.029449839420752418,782.0,pacing,,False,False,349,summer
2026-09-26,summit_haus,2027-09-11,695.0,0.030061979170717595,768.0,pacing,,False,False,350,summer
2026-09-26,summit_haus,2027-09-12,630.0,0.021023960250846546,626.0,pacing,,False,False,351,summer
2026-09-26,summit_haus,2027-09-13,600.0,0.022562228476945827,605.0,pacing,,False,False,352,summer
2026-09-26,summit_haus,2027-09-14,595.0,0.022779499899665476,605.0,pacing,,False,False,353,summer
2026-09-26,summit_haus,2027-09-15,600.0,0.022475177884444128,604.0,pacing,,False,False,354,summer
2026-09-26,summit_haus,2027-09-16,625.0,0.007314994110826019,662.0,pacing,,False,False,355,shoulder_fall
2026-09-26,summit_haus,2027-09-17,690.0,0.02475663896101155,762.0,pacing,,False,False,356,shoulder_fall
2026-09-26,summit_haus,2027-09-18,645.0,0.027731643042562877,738.0,pacing,,False,False,357,shoulder_fall
2026-09-26,summit_haus,2027-09-19,560.0,0.012215315837545818,627.0,pacing,,False,False,358,shoulder_fall
2026-09-26,summit_haus,2027-09-20,505.0,0.016294060890266762,550.0,pacing,,False,False,359,shoulder_fall
2026-09-26,summit_haus,2027-09-21,500.0,0.016639138941344646,544.0,pacing,,False,False,360,shoulder_fall
2026-09-26,summit_haus,2027-09-22,510.0,0.015896538799132894,551.0,pacing,,False,False,361,shoulder_fall
2026-09-26,summit_haus,2027-09-23,580.0,0.010777121823687367,624.0,pacing,,False,False,362,shoulder_fall
2026-09-26,summit_haus,2027-09-24,635.0,0.02821909631066603,740.0,pacing,,False,False,363,shoulder_fall
2026-09-26,summit_haus,2027-09-25,645.0,0.02734603504806055,739.0,pacing,,False,False,364,shoulder_fall
2026-09-26,summit_haus,2027-09-26,560.0,0.01225127295098798,,none,,False,False,365,shoulder_fall
2026-09-26,overlook_ridge,2026-09-28,336.0,0.995,304.0,pacing,,False,True,2,shoulder_fall
2026-09-26,overlook_ridge,2026-09-29,336.0,0.9146570376499407,312.0,pacing,,False,True,3,shoulder_fall
2026-09-26,overlook_ridge,2026-09-30,336.0,0.8757242503775415,300.0,pacing,,False,False,4,shoulder_fall
2026-09-26,overlook_ridge,2026-10-05,355.0,0.014568156424581005,372.0,pacing,,False,False,9,shoulder_fall
2026-09-26,overlook_ridge,2026-10-06,350.0,0.014828085208411978,364.0,pacing,,False,False,10,shoulder_fall
2026-09-26,overlook_ridge,2026-10-07,340.0,0.015334018384528731,342.0,pacing,,False,False,11,shoulder_fall
2026-09-26,overlook_ridge,2026-10-12,425.0,0.01363614845057465,384.0,pacing,,False,False,16,shoulder_fall
2026-09-26,overlook_ridge,2026-10-13,430.0,0.01331773751261048,387.0,pacing,,False,False,17,shoulder_fall
2026-09-26,overlook_ridge,2026-10-14,370.0,0.016861017532113796,387.0,pacing,,False,False,18,shoulder_fall
2026-09-26,overlook_ridge,2026-10-15,380.0,0.016229587388553367,403.0,pacing,,False,False,19,shoulder_fall
2026-09-26,overlook_ridge,2026-10-16,500.0,0.995,500.0,pacing,,False,False,20,shoulder_fall
2026-09-26,overlook_ridge,2026-10-17,500.0,0.995,500.0,pacing,,False,False,21,shoulder_fall
2026-09-26,overlook_ridge,2026-10-25,350.0,0.030053198279414557,399.0,pacing,,False,False,29,shoulder_fall
2026-09-26,overlook_ridge,2026-10-26,336.0,0.03138535621734972,363.0,pacing,,False,False,30,shoulder_fall
2026-09-26,overlook_ridge,2026-10-27,336.0,0.03130759577069281,363.0,pacing,,False,False,31,shoulder_fall
2026-09-26,overlook_ridge,2026-10-28,336.0,0.03122995544192114,367.0,pacing,,False,False,32,shoulder_fall
2026-09-26,overlook_ridge,2026-10-29,370.0,0.027861833868222014,382.0,pacing,,False,False,33,shoulder_fall
2026-09-26,overlook_ridge,2026-10-30,500.0,0.995,500.0,pacing,,False,False,34,shoulder_fall
2026-09-26,overlook_ridge,2026-10-31,500.0,0.9682115567205356,500.0,pacing,,False,False,35,shoulder_fall
2026-09-26,overlook_ridge,2026-11-01,336.0,0.03108169513728823,328.0,pacing,,False,False,36,shoulder_fall
2026-09-26,overlook_ridge,2026-11-02,336.0,0.031032515676883338,319.0,pacing,,False,False,37,shoulder_fall
2026-09-26,overlook_ridge,2026-11-03,336.0,0.030945676592800238,321.0,pacing,,False,False,38,shoulder_fall
2026-09-26,overlook_ridge,2026-11-04,336.0,0.030859459664476084,325.0,pacing,,False,False,39,shoulder_fall
2026-09-26,overlook_ridge,2026-11-05,350.0,0.02944050314595403,357.0,pacing,,False,False,40,shoulder_fall
2026-09-26,overlook_ridge,2026-11-06,495.0,0.026586142388825545,500.0,pacing,,False,False,41,shoulder_fall
2026-09-26,overlook_ridge,2026-11-07,495.0,0.030402107156778175,500.0,pacing,,False,False,42,shoulder_fall
2026-09-26,overlook_ridge,2026-11-08,345.0,0.029840130911930027,351.0,pacing,,False,False,43,shoulder_fall
2026-09-26,overlook_ridge,2026-11-09,336.0,0.030614113809419356,316.0,pacing,,False,False,44,shoulder_fall
2026-09-26,overlook_ridge,2026-11-10,345.0,0.02967989920657149,340.0,pacing,,False,False,45,shoulder_fall
2026-09-26,overlook_ridge,2026-11-11,350.0,0.029132336866336202,345.0,pacing,,False,False,46,shoulder_fall
2026-09-26,overlook_ridge,2026-11-12,365.0,0.0276520060955102,371.0,pacing,,False,False,47,shoulder_fall
2026-09-26,overlook_ridge,2026-11-13,495.0,0.9511077087550834,500.0,pacing,,False,False,48,shoulder_fall
2026-09-26,overlook_ridge,2026-11-14,490.0,0.9044799347394262,500.0,pacing,,False,False,49,shoulder_fall
2026-09-26,overlook_ridge,2026-11-15,350.0,0.028987359429271286,351.0,pacing,,False,False,50,shoulder_fall
2026-09-26,overlook_ridge,2026-11-16,336.0,0.030217492459012632,315.0,pacing,,False,False,51,shoulder_fall
2026-09-26,overlook_ridge,2026-11-17,355.0,0.05156649647899049,325.0,pacing,,False,False,52,shoulder_fall
2026-09-26,overlook_ridge,2026-11-18,370.0,0.04893137316888903,332.0,pacing,,False,False,53,shoulder_fall
2026-09-26,overlook_ridge,2026-11-19,375.0,0.026514972006736495,377.0,pacing,,False,False,54,shoulder_fall
2026-09-26,overlook_ridge,2026-11-23,600.0,0.009187147889063675,677.0,pacing,,False,False,58,early_winter
2026-09-26,overlook_ridge,2026-12-03,555.0,0.05283210231563992,600.0,pacing,,False,False,68,early_winter
2026-09-26,overlook_ridge,2026-12-04,695.0,0.1350915051311289,787.0,pacing,,False,False,69,early_winter
2026-09-26,overlook_ridge,2026-12-05,685.0,0.08532108280343802,755.0,pacing,,False,False,70,early_winter
2026-09-26,overlook_ridge,2026-12-06,590.0,0.044945158259380606,624.0,pacing,,False,False,71,early_winter
2026-09-26,overlook_ridge,2026-12-07,555.0,0.052856166012042495,602.0,pacing,,False,False,72,early_winter
2026-09-26,overlook_ridge,2026-12-08,530.0,0.058264767704687984,580.0,pacing,,False,False,73,early_winter
2026-09-26,overlook_ridge,2026-12-09,535.0,0.057007307946877285,585.0,pacing,,False,False,74,early_winter
2026-09-26,overlook_ridge,2026-12-10,655.0,0.031251456296755215,754.0,pacing,,False,False,75,early_winter
2026-09-26,overlook_ridge,2026-12-11,865.0,0.08378862241577834,1027.0,pacing,,False,False,76,early_winter
2026-09-26,overlook_ridge,2026-12-12,965.0,0.057883855901721015,1134.0,pacing,,False,False,77,early_winter
2026-09-26,overlook_ridge,2026-12-13,680.0,0.026442848101915356,789.0,pacing,,False,False,78,early_winter
2026-09-26,overlook_ridge,2026-12-14,650.0,0.03336267297752628,718.0,pacing,,False,False,79,early_winter
2026-09-26,overlook_ridge,2026-12-15,655.0,0.0060818435754189945,761.0,pacing,,False,False,80,peak_ski
2026-09-26,overlook_ridge,2026-12-16,710.0,0.005105180149471902,833.0,pacing,,False,False,81,peak_ski
2026-09-26,overlook_ridge,2026-12-17,915.0,0.0013374704410598426,1064.0,pacing,,False,False,82,peak_ski
2026-09-26,overlook_ridge,2026-12-18,1400.0,0.001,1603.0,pacing,,False,False,83,peak_ski
2026-09-26,overlook_ridge,2026-12-19,1990.0,0.001,2218.0,pacing,,False,False,84,peak_ski
2026-09-26,overlook_ridge,2026-12-20,2235.0,0.001,2483.0,pacing,,False,False,85,peak_ski
2026-09-26,overlook_ridge,2026-12-21,2545.0,0.001,2662.0,pacing,,False,False,86,peak_ski
2026-09-26,overlook_ridge,2026-12-22,2570.0,0.001,2699.0,pacing,,False,False,87,peak_ski
2026-09-26,overlook_ridge,2026-12-23,2595.0,0.001,2694.0,pacing,,False,False,88,peak_ski
2026-09-26,overlook_ridge,2026-12-24,2695.0,0.001,2996.0,pacing,,False,False,89,peak_ski
2026-09-26,overlook_ridge,2026-12-25,2765.0,0.001,2983.0,pacing,,False,False,90,peak_ski
2026-09-26,overlook_ridge,2026-12-26,2780.0,0.001,2976.0,pacing,,False,False,91,peak_ski
2026-09-26,overlook_ridge,2027-01-02,3305.0,0.001,3388.0,pacing,,False,False,98,peak_ski
2026-09-26,overlook_ridge,2027-01-03,1740.0,0.0947788975390155,1836.0,pacing,,False,False,99,peak_ski
2026-09-26,overlook_ridge,2027-01-04,1805.0,0.09095771536582532,1677.0,pacing,,False,False,100,peak_ski
2026-09-26,overlook_ridge,2027-01-05,1720.0,0.10805795791759099,1588.0,pacing,,False,False,101,peak_ski
2026-09-26,overlook_ridge,2027-01-06,1385.0,0.15418062575890526,1218.0,pacing,,False,False,102,peak_ski
2026-09-26,overlook_ridge,2027-01-07,1095.0,0.001,1262.0,pacing,,False,False,103,peak_ski
2026-09-26,overlook_ridge,2027-01-08,1445.0,0.001,1664.0,pacing,,False,False,104,peak_ski
2026-09-26,overlook_ridge,2027-01-09,1300.0,0.0027875033364538246,1520.0,pacing,,False,False,105,peak_ski
2026-09-26,overlook_ridge,2027-01-10,1195.0,0.001,1395.0,pacing,,False,False,106,peak_ski
2026-09-26,overlook_ridge,2027-01-11,905.0,0.0017655036595745743,1054.0,pacing,,False,False,107,peak_ski
2026-09-26,overlook_ridge,2027-01-12,1105.0,0.1891770772309719,978.0,pacing,,False,False,108,peak_ski
2026-09-26,overlook_ridge,2027-01-13,1410.0,0.1419265742565302,1264.0,pacing,,False,False,109,peak_ski
2026-09-26,overlook_ridge,2027-01-14,1370.0,0.001,1610.0,pacing,,False,False,110,peak_ski
2026-09-26,overlook_ridge,2027-01-15,1855.0,0.001,2371.0,pacing,,False,False,111,peak_ski
2026-09-26,overlook_ridge,2027-01-16,1855.0,0.001,2281.0,pacing,,False,False,112,peak_ski
2026-09-26,overlook_ridge,2027-01-17,1855.0,0.001,2237.0,pacing,,False,False,113,peak_ski
2026-09-26,overlook_ridge,2027-01-18,1035.0,0.001,1218.0,pacing,,False,False,114,peak_ski
2026-09-26,overlook_ridge,2027-01-19,1285.0,0.15492533655614618,1123.0,pacing,,False,False,115,peak_ski
2026-09-26,overlook_ridge,2027-01-20,1260.0,0.1540269995107857,1142.0,pacing,,False,False,116,peak_ski
2026-09-26,overlook_ridge,2027-01-21,1240.0,0.001,1452.0,pacing,,False,False,117,peak_ski
2026-09-26,overlook_ridge,2027-01-22,1855.0,0.001,2143.0,pacing,,False,False,118,peak_ski
2026-09-26,overlook_ridge,2027-01-23,1855.0,0.021816444174757265,2213.0,pacing,,False,False,119,peak_ski
2026-09-26,overlook_ridge,2027-01-24,1370.0,0.001,1608.0,pacing,,False,False,120,peak_ski
2026-09-26,overlook_ridge,2027-01-25,1325.0,0.001,1564.0,pacing,,False,False,121,peak_ski
2026-09-26,overlook_ridge,2027-01-26,1360.0,0.001,1604.0,pacing,,False,False,122,peak_ski
2026-09-26,overlook_ridge,2027-01-27,1390.0,0.001,1622.0,pacing,,False,False,123,peak_ski
2026-09-26,overlook_ridge,2027-01-28,1505.0,0.001,1750.0,pacing,,False,False,124,peak_ski
2026-09-26,overlook_ridge,2027-01-29,1855.0,0.001,2506.0,pacing,,False,False,125,peak_ski
2026-09-26,overlook_ridge,2027-01-30,1855.0,0.001,2458.0,pacing,,False,False,126,peak_ski
2026-09-26,overlook_ridge,2027-01-31,1400.0,0.001,1628.0,pacing,,False,False,127,peak_ski
2026-09-26,overlook_ridge,2027-02-01,1080.0,0.001,1267.0,pacing,,False,False,128,peak_ski
2026-09-26,overlook_ridge,2027-02-02,1075.0,0.001,1262.0,pacing,,False,False,129,peak_ski
2026-09-26,overlook_ridge,2027-02-03,1115.0,0.001,1315.0,pacing,,False,False,130,peak_ski
2026-09-26,overlook_ridge,2027-02-04,1720.0,0.001,1959.0,pacing,,False,False,131,peak_ski
2026-09-26,overlook_ridge,2027-02-05,1855.0,0.001,2641.0,pacing,,False,False,132,peak_ski
2026-09-26,overlook_ridge,2027-02-06,1855.0,0.001,2753.0,pacing,,False,False,133,peak_ski
2026-09-26,overlook_ridge,2027-02-07,1730.0,0.001,1968.0,pacing,,False,False,134,peak_ski
2026-09-26,overlook_ridge,2027-02-08,1710.0,0.001,1971.0,pacing,,False,False,135,peak_ski
2026-09-26,overlook_ridge,2027-02-09,1710.0,0.001,1959.0,pacing,,False,False,136,peak_ski
2026-09-26,overlook_ridge,2027-02-10,1720.0,0.001,1970.0,pacing,,False,False,137,peak_ski
2026-09-26,overlook_ridge,2027-02-11,1855.0,0.001,2410.0,pacing,,False,False,138,peak_ski
2026-09-26,overlook_ridge,2027-02-12,1855.0,0.001,3703.0,pacing,,False,False,139,peak_ski
2026-09-26,overlook_ridge,2027-02-13,1855.0,0.001,3707.0,pacing,,False,False,140,peak_ski
2026-09-26,overlook_ridge,2027-02-14,1855.0,0.001,3690.0,pacing,,False,False,141,peak_ski
2026-09-26,overlook_ridge,2027-02-15,1855.0,0.001,2211.0,pacing,,False,False,142,peak_ski
2026-09-26,overlook_ridge,2027-02-16,1800.0,0.001,2035.0,pacing,,False,False,143,peak_ski
2026-09-26,overlook_ridge,2027-02-17,1780.0,0.001,2025.0,pacing,,False,False,144,peak_ski
2026-09-26,overlook_ridge,2027-02-18,1855.0,0.001,2383.0,pacing,,False,False,145,peak_ski
2026-09-26,overlook_ridge,2027-02-19,1855.0,0.0010627122524596068,3177.0,pacing,,False,False,146,peak_ski
2026-09-26,overlook_ridge,2027-02-20,1855.0,0.0014725333627614017,3028.0,pacing,,False,False,147,peak_ski
2026-09-26,overlook_ridge,2027-02-21,1855.0,0.001,2145.0,pacing,,False,False,148,peak_ski
2026-09-26,overlook_ridge,2027-02-22,1485.0,0.001,1725.0,pacing,,False,False,149,peak_ski
2026-09-26,overlook_ridge,2027-02-23,1330.0,0.001,1575.0,pacing,,False,False,150,peak_ski
2026-09-26,overlook_ridge,2027-02-24,1415.0,0.001,1663.0,pacing,,False,False,151,peak_ski
2026-09-26,overlook_ridge,2027-02-25,1855.0,0.001,2392.0,pacing,,False,False,152,peak_ski
2026-09-26,overlook_ridge,2027-02-26,1855.0,0.0018299064941398788,2920.0,pacing,,False,False,153,peak_ski
2026-09-26,overlook_ridge,2027-02-27,1855.0,0.00215589436075987,2928.0,pacing,,False,False,154,peak_ski
2026-09-26,overlook_ridge,2027-02-28,1740.0,0.001,1984.0,pacing,,False,False,155,peak_ski
2026-09-26,overlook_ridge,2027-03-01,1335.0,0.001,1587.0,pacing,,False,False,156,peak_ski
2026-09-26,overlook_ridge,2027-03-02,1335.0,0.001,1602.0,pacing,,False,False,157,peak_ski
2026-09-26,overlook_ridge,2027-03-03,1350.0,0.001,1618.0,pacing,,False,False,158,peak_ski
2026-09-26,overlook_ridge,2027-03-04,1705.0,0.001,1968.0,pacing,,False,False,159,peak_ski
2026-09-26,overlook_ridge,2027-03-05,1855.0,0.002451165045549243,2575.0,pacing,,False,False,160,peak_ski
2026-09-26,overlook_ridge,2027-03-06,1855.0,0.0026803988274805104,2837.0,pacing,,False,False,161,peak_ski
2026-09-26,overlook_ridge,2027-03-07,1855.0,0.001,2415.0,pacing,,False,False,162,peak_ski
2026-09-26,overlook_ridge,2027-03-08,1855.0,0.001,2280.0,pacing,,False,False,163,peak_ski
2026-09-26,overlook_ridge,2027-03-09,1855.0,0.001,2221.0,pacing,,False,False,164,peak_ski
2026-09-26,overlook_ridge,2027-03-10,1855.0,0.001,2242.0,pacing,,False,False,165,peak_ski
2026-09-26,overlook_ridge,2027-03-11,1855.0,0.001,2403.0,pacing,,False,False,166,peak_ski
2026-09-26,overlook_ridge,2027-03-12,1855.0,0.002929874514560713,2855.0,pacing,,False,False,167,peak_ski
2026-09-26,overlook_ridge,2027-03-13,1855.0,0.0031745855513412346,2883.0,pacing,,False,False,168,peak_ski
2026-09-26,overlook_ridge,2027-03-14,1855.0,0.001,2934.0,pacing,,False,False,169,peak_ski
2026-09-26,overlook_ridge,2027-03-15,1855.0,0.001,2812.0,pacing,,False,False,170,peak_ski
2026-09-26,overlook_ridge,2027-03-16,1855.0,0.001,2800.0,pacing,,False,False,171,peak_ski
2026-09-26,overlook_ridge,2027-03-17,1855.0,0.001,2787.0,pacing,,False,False,172,peak_ski
2026-09-26,overlook_ridge,2027-03-18,1855.0,0.001,2831.0,pacing,,False,False,173,peak_ski
2026-09-26,overlook_ridge,2027-03-19,1855.0,0.0034129611644877563,2674.0,pacing,,False,False,174,peak_ski
2026-09-26,overlook_ridge,2027-03-20,1855.0,0.0036018507936730927,2554.0,pacing,,False,False,175,peak_ski
2026-09-26,overlook_ridge,2027-03-21,1515.0,0.001,1787.0,pacing,,False,False,176,peak_ski
2026-09-26,overlook_ridge,2027-03-22,1835.0,0.001,1764.0,pacing,,False,False,177,peak_ski
2026-09-26,overlook_ridge,2027-03-23,1775.0,0.001,2055.0,pacing,,False,False,178,peak_ski
2026-09-26,overlook_ridge,2027-03-24,1230.0,0.0031799587971911036,1312.0,pacing,,False,False,179,peak_ski
2026-09-26,overlook_ridge,2027-03-25,1310.0,0.002350489459281988,1551.0,pacing,,False,False,180,peak_ski
2026-09-26,overlook_ridge,2027-03-26,1475.0,0.008050464735054656,1693.0,pacing,,False,False,181,peak_ski
2026-09-26,overlook_ridge,2027-03-27,1330.0,0.009689560156529251,1548.0,pacing,,False,False,182,peak_ski
2026-09-26,overlook_ridge,2027-03-28,1085.0,0.004814718920435438,1254.0,pacing,,False,False,183,peak_ski
2026-09-26,overlook_ridge,2027-03-29,905.0,0.006772925846600928,975.0,pacing,,False,False,184,peak_ski
2026-09-26,overlook_ridge,2027-03-30,885.0,0.006999344758740718,883.0,pacing,,False,False,185,peak_ski
2026-09-26,overlook_ridge,2027-03-31,880.0,0.007062111586084011,873.0,pacing,,False,False,186,peak_ski
2026-09-26,overlook_ridge,2027-04-01,860.0,0.001,987.0,pacing,,False,False,187,shoulder_spring
2026-09-26,overlook_ridge,2027-04-02,875.0,0.009258196141327418,1027.0,pacing,,False,False,188,shoulder_spring
2026-09-26,overlook_ridge,2027-04-03,820.0,0.012068416724605102,951.0,pacing,,False,False,189,shoulder_spring
2026-09-26,overlook_ridge,2027-04-04,655.0,0.002661137307722021,763.0,pacing,,False,False,190,shoulder_spring
2026-09-26,overlook_ridge,2027-04-05,555.0,0.006538583487776951,620.0,pacing,,False,False,191,shoulder_spring
2026-09-26,overlook_ridge,2027-04-06,520.0,0.007871304996099575,574.0,pacing,,False,False,192,shoulder_spring
2026-09-26,overlook_ridge,2027-04-07,530.0,0.007487124627600552,581.0,pacing,,False,False,193,shoulder_spring
2026-09-26,overlook_ridge,2027-04-08,575.0,0.005798611074412708,645.0,pacing,,False,False,194,shoulder_spring
2026-09-26,overlook_ridge,2027-04-09,620.0,0.021652015105553153,680.0,pacing,,False,False,195,shoulder_spring
2026-09-26,overlook_ridge,2027-04-10,620.0,0.02142762631880834,663.0,pacing,,False,False,196,shoulder_spring
2026-09-26,overlook_ridge,2027-04-11,530.0,0.0074864914065764405,584.0,pacing,,False,False,197,shoulder_spring
2026-09-26,overlook_ridge,2027-04-12,505.0,0.008405053138698299,557.0,pacing,,False,False,198,shoulder_spring
2026-09-26,overlook_ridge,2027-04-13,480.0,0.009330688201352712,518.0,pacing,,False,False,199,shoulder_spring
2026-09-26,overlook_ridge,2027-04-14,490.0,0.008983304883422905,529.0,pacing,,False,False,200,shoulder_spring
2026-09-26,overlook_ridge,2027-04-15,510.0,0.008270384796473056,560.0,pacing,,False,False,201,shoulder_spring
2026-09-26,overlook_ridge,2027-04-16,600.0,0.022129476710526966,621.0,pacing,,False,False,202,shoulder_spring
2026-09-26,overlook_ridge,2027-04-17,585.0,0.022577484480615088,602.0,pacing,,False,False,203,shoulder_spring
2026-09-26,overlook_ridge,2027-04-18,505.0,0.008478812785159565,550.0,pacing,,False,False,204,shoulder_spring
2026-09-26,overlook_ridge,2027-04-19,465.0,0.009967727970502107,498.0,pacing,,False,False,205,shoulder_spring
2026-09-26,overlook_ridge,2027-04-20,455.0,0.01035056966488118,481.0,pacing,,False,False,206,shoulder_spring
2026-09-26,overlook_ridge,2027-04-21,465.0,0.010000083658947079,495.0,pacing,,False,False,207,shoulder_spring
2026-09-26,overlook_ridge,2027-04-22,500.0,0.00873814312910788,541.0,pacing,,False,False,208,shoulder_spring
2026-09-26,overlook_ridge,2027-04-23,605.0,0.02141399659676225,629.0,pacing,,False,False,209,shoulder_spring
2026-09-26,overlook_ridge,2027-04-24,600.0,0.021414854306118895,615.0,pacing,,False,False,210,shoulder_spring
2026-09-26,overlook_ridge,2027-04-25,520.0,0.008030135226537297,568.0,pacing,,False,False,211,shoulder_spring
2026-09-26,overlook_ridge,2027-04-26,485.0,0.009330233998190713,523.0,pacing,,False,False,212,shoulder_spring
2026-09-26,overlook_ridge,2027-04-27,485.0,0.009348873178792814,520.0,pacing,,False,False,213,shoulder_spring
2026-09-26,overlook_ridge,2027-04-28,480.0,0.0095490036600244,511.0,pacing,,False,False,214,shoulder_spring
2026-09-26,overlook_ridge,2027-04-29,485.0,0.009384783937913822,519.0,pacing,,False,False,215,shoulder_spring
2026-09-26,overlook_ridge,2027-04-30,565.0,0.02274583253247177,572.0,pacing,,False,False,216,shoulder_spring
2026-09-26,overlook_ridge,2027-05-01,560.0,0.022714257670669084,561.0,pacing,,False,False,217,shoulder_spring
2026-09-26,overlook_ridge,2027-05-02,490.0,0.009221407208298631,524.0,pacing,,False,False,218,shoulder_spring
2026-09-26,overlook_ridge,2027-05-03,465.0,0.010146060276603107,492.0,pacing,,False,False,219,shoulder_spring
2026-09-26,overlook_ridge,2027-05-04,470.0,0.00997982410760476,501.0,pacing,,False,False,220,shoulder_spring
2026-09-26,overlook_ridge,2027-05-05,485.0,0.009452585915834033,522.0,pacing,,False,False,221,shoulder_spring
2026-09-26,overlook_ridge,2027-05-06,495.0,0.009108558048400881,537.0,pacing,,False,False,222,shoulder_spring
2026-09-26,overlook_ridge,2027-05-07,570.0,0.022027475941117553,582.0,pacing,,False,False,223,shoulder_spring
2026-09-26,overlook_ridge,2027-05-08,555.0,0.022437213548806217,566.0,pacing,,False,False,224,shoulder_spring
2026-09-26,overlook_ridge,2027-05-09,490.0,0.009307787995503383,528.0,pacing,,False,False,225,shoulder_spring
2026-09-26,overlook_ridge,2027-05-10,475.0,0.009866507952147345,514.0,pacing,,False,False,226,shoulder_spring
2026-09-26,overlook_ridge,2027-05-11,470.0,0.010062271630040096,507.0,pacing,,False,False,227,shoulder_spring
2026-09-26,overlook_ridge,2027-05-12,485.0,0.009536850078008781,526.0,pacing,,False,False,228,shoulder_spring
2026-09-26,overlook_ridge,2027-05-13,490.0,0.00937347247695039,537.0,pacing,,False,False,229,shoulder_spring
2026-09-26,overlook_ridge,2027-05-14,570.0,0.0215534407191661,579.0,pacing,,False,False,230,shoulder_spring
2026-09-26,overlook_ridge,2027-05-15,575.0,0.021114871526076974,583.0,pacing,,False,False,231,shoulder_spring
2026-09-26,overlook_ridge,2027-05-16,505.0,0.008851727179086692,546.0,pacing,,False,False,232,shoulder_spring
2026-09-26,overlook_ridge,2027-05-17,490.0,0.009409173808125972,527.0,pacing,,False,False,233,shoulder_spring
2026-09-26,overlook_ridge,2027-05-18,485.0,0.009604944413106338,519.0,pacing,,False,False,234,shoulder_spring
2026-09-26,overlook_ridge,2027-05-19,490.0,0.00944126517670714,525.0,pacing,,False,False,235,shoulder_spring
2026-09-26,overlook_ridge,2027-05-20,495.0,0.009278213042101932,535.0,pacing,,False,False,236,shoulder_spring
2026-09-26,overlook_ridge,2027-05-21,575.0,0.020897580126291133,587.0,pacing,,False,False,237,shoulder_spring
2026-09-26,overlook_ridge,2027-05-22,570.0,0.020890073837892265,576.0,pacing,,False,False,238,shoulder_spring
2026-09-26,overlook_ridge,2027-05-23,510.0,0.008758585922651791,553.0,pacing,,False,False,239,shoulder_spring
2026-09-26,overlook_ridge,2027-05-24,490.0,0.009491813551319514,525.0,pacing,,False,False,240,shoulder_spring
2026-09-26,overlook_ridge,2027-05-25,500.0,0.009150511562658307,542.0,pacing,,False,False,241,shoulder_spring
2026-09-26,overlook_ridge,2027-05-26,495.0,0.009345874994076672,532.0,pacing,,False,False,242,shoulder_spring
2026-09-26,overlook_ridge,2027-05-27,540.0,0.0077585940848692685,593.0,pacing,,False,False,243,shoulder_spring
2026-09-26,overlook_ridge,2027-05-28,625.0,0.01841491118264109,729.0,pacing,,False,False,244,shoulder_spring
2026-09-26,overlook_ridge,2027-05-29,625.0,0.01827205278564045,727.0,pacing,,False,False,245,shoulder_spring
2026-09-26,overlook_ridge,2027-05-30,620.0,0.004933713389076736,696.0,pacing,,False,False,246,shoulder_spring
2026-09-26,overlook_ridge,2027-05-31,495.0,0.00941539576639737,537.0,pacing,,False,False,247,shoulder_spring
2026-09-26,overlook_ridge,2027-06-01,540.0,0.021788536425885744,579.0,pacing,,False,False,248,summer
2026-09-26,overlook_ridge,2027-06-02,530.0,0.0224284534494414,569.0,pacing,,False,False,249,summer
2026-09-26,overlook_ridge,2027-06-03,585.0,0.018730892809245506,645.0,pacing,,False,False,250,summer
2026-09-26,overlook_ridge,2027-06-04,695.0,0.029061800454306404,761.0,pacing,,False,False,251,summer
2026-09-26,overlook_ridge,2027-06-05,695.0,0.02889944962944542,765.0,pacing,,False,False,252,summer
2026-09-26,overlook_ridge,2027-06-06,600.0,0.01772637910342475,659.0,pacing,,False,False,253,summer
2026-09-26,overlook_ridge,2027-06-07,570.0,0.01970532555709813,710.0,pacing,,False,False,254,summer
2026-09-26,overlook_ridge,2027-06-08,555.0,0.020674896572837234,600.0,pacing,,False,False,255,summer
2026-09-26,overlook_ridge,2027-06-09,590.0,0.01835773724805062,650.0,pacing,,False,False,256,summer
2026-09-26,overlook_ridge,2027-06-10,715.0,0.005129028581311072,845.0,pacing,,False,False,257,summer
2026-09-26,overlook_ridge,2027-06-11,810.0,0.020431766787678333,962.0,pacing,,False,False,258,summer
2026-09-26,overlook_ridge,2027-06-12,825.0,0.019481213842142395,974.0,pacing,,False,False,259,summer
2026-09-26,overlook_ridge,2027-06-13,725.0,0.004405527736159095,917.0,pacing,,False,False,260,summer
2026-09-26,overlook_ridge,2027-06-14,735.0,0.0038173006630991897,902.0,pacing,,False,False,261,summer
2026-09-26,overlook_ridge,2027-06-15,795.0,0.001,970.0,pacing,,False,False,262,summer
2026-09-26,overlook_ridge,2027-06-16,850.0,0.001,1043.0,pacing,,False,False,263,summer
2026-09-26,overlook_ridge,2027-06-17,1170.0,0.001,1371.0,pacing,,False,False,264,summer
2026-09-26,overlook_ridge,2027-06-18,1230.0,0.001,1422.0,pacing,,False,False,265,summer
2026-09-26,overlook_ridge,2027-06-19,1205.0,0.001,1393.0,pacing,,False,False,266,summer
2026-09-26,overlook_ridge,2027-06-20,910.0,0.001,1056.0,pacing,,False,False,267,summer
2026-09-26,overlook_ridge,2027-06-21,875.0,0.001,1023.0,pacing,,False,False,268,summer
2026-09-26,overlook_ridge,2027-06-22,780.0,0.001327252901576411,1011.0,pacing,,False,False,269,summer
2026-09-26,overlook_ridge,2027-06-23,845.0,0.001,962.0,pacing,,False,False,270,summer
2026-09-26,overlook_ridge,2027-06-24,1040.0,0.001,1190.0,pacing,,False,False,271,summer
2026-09-26,overlook_ridge,2027-06-25,1265.0,0.001,1451.0,pacing,,False,False,272,summer
2026-09-26,overlook_ridge,2027-06-26,1205.0,0.001,1340.0,pacing,,False,False,273,summer
2026-09-26,overlook_ridge,2027-06-27,1040.0,0.001,1165.0,pacing,,False,False,274,summer
2026-09-26,overlook_ridge,2027-06-28,930.0,0.001,1022.0,pacing,,False,False,275,summer
2026-09-26,overlook_ridge,2027-06-29,900.0,0.001,1010.0,pacing,,False,False,276,summer
2026-09-26,overlook_ridge,2027-06-30,1070.0,0.001,1084.0,pacing,,False,False,277,summer
2026-09-26,overlook_ridge,2027-07-01,1135.0,0.001,1249.0,pacing,,False,False,278,summer
2026-09-26,overlook_ridge,2027-07-02,1855.0,0.001,2003.0,pacing,,False,False,279,summer
2026-09-26,overlook_ridge,2027-07-03,1855.0,0.001,2026.0,pacing,,False,False,280,summer
2026-09-26,overlook_ridge,2027-07-04,1855.0,0.001,2003.0,pacing,,False,False,281,summer
2026-09-26,overlook_ridge,2027-07-05,935.0,0.001,1040.0,pacing,,False,False,282,summer
2026-09-26,overlook_ridge,2027-07-06,925.0,0.001,1032.0,pacing,,False,False,283,summer
2026-09-26,overlook_ridge,2027-07-07,1000.0,0.001,1115.0,pacing,,False,False,284,summer
2026-09-26,overlook_ridge,2027-07-08,1305.0,0.001,1471.0,pacing,,False,False,285,summer
2026-09-26,overlook_ridge,2027-07-09,1855.0,0.001,2029.0,pacing,,False,False,286,summer
2026-09-26,overlook_ridge,2027-07-10,1855.0,0.001,2074.0,pacing,,False,False,287,summer
2026-09-26,overlook_ridge,2027-07-11,1320.0,0.001,1467.0,pacing,,False,False,288,summer
2026-09-26,overlook_ridge,2027-07-12,1330.0,0.001,1479.0,pacing,,False,False,289,summer
2026-09-26,overlook_ridge,2027-07-13,1310.0,0.001,1441.0,pacing,,False,False,290,summer
2026-09-26,overlook_ridge,2027-07-14,1310.0,0.001,1462.0,pacing,,False,False,291,summer
2026-09-26,overlook_ridge,2027-07-15,1375.0,0.001,1572.0,pacing,,False,False,292,summer
2026-09-26,overlook_ridge,2027-07-16,1745.0,0.001,1915.0,pacing,,False,False,293,summer
2026-09-26,overlook_ridge,2027-07-17,1755.0,0.001,1933.0,pacing,,False,False,294,summer
2026-09-26,overlook_ridge,2027-07-18,1445.0,0.001,1675.0,pacing,,False,False,295,summer
2026-09-26,overlook_ridge,2027-07-19,1265.0,0.001,1480.0,pacing,,False,False,296,summer
2026-09-26,overlook_ridge,2027-07-20,1250.0,0.001,1440.0,pacing,,False,False,297,summer
2026-09-26,overlook_ridge,2027-07-21,1230.0,0.001,1402.0,pacing,,False,False,298,summer
2026-09-26,overlook_ridge,2027-07-22,1255.0,0.001,1447.0,pacing,,False,False,299,summer
2026-09-26,overlook_ridge,2027-07-23,1565.0,0.001,1807.0,pacing,,False,False,300,summer
2026-09-26,overlook_ridge,2027-07-24,1565.0,0.001,1796.0,pacing,,False,False,301,summer
2026-09-26,overlook_ridge,2027-07-25,1265.0,0.001,1458.0,pacing,,False,False,302,summer
2026-09-26,overlook_ridge,2027-07-26,1110.0,0.001,1278.0,pacing,,False,False,303,summer
2026-09-26,overlook_ridge,2027-07-27,1105.0,0.001,1278.0,pacing,,False,False,304,summer
2026-09-26,overlook_ridge,2027-07-28,1080.0,0.001,1245.0,pacing,,False,False,305,summer
2026-09-26,overlook_ridge,2027-07-29,1200.0,0.001,1368.0,pacing,,False,False,306,summer
2026-09-26,overlook_ridge,2027-07-30,1440.0,0.001,1653.0,pacing,,False,False,307,summer
2026-09-26,overlook_ridge,2027-07-31,1325.0,0.004095196118076807,1503.0,pacing,,False,False,308,summer
2026-09-26,overlook_ridge,2027-08-01,1015.0,0.001,1177.0,pacing,,False,False,309,summer
2026-09-26,overlook_ridge,2027-08-02,865.0,0.0078108937394764134,1001.0,pacing,,False,False,310,summer
2026-09-26,overlook_ridge,2027-08-03,840.0,0.009343117472703479,978.0,pacing,,False,False,311,summer
2026-09-26,overlook_ridge,2027-08-04,835.0,0.009696650821286231,975.0,pacing,,False,False,312,summer
2026-09-26,overlook_ridge,2027-08-05,955.0,0.0028559204876210807,1108.0,pacing,,False,False,313,summer
2026-09-26,overlook_ridge,2027-08-06,1075.0,0.015142245909801455,1258.0,pacing,,False,False,314,summer
2026-09-26,overlook_ridge,2027-08-07,1045.0,0.016496967575649762,1219.0,pacing,,False,False,315,summer
2026-09-26,overlook_ridge,2027-08-08,815.0,0.010990639370083048,951.0,pacing,,False,False,316,summer
2026-09-26,overlook_ridge,2027-08-09,720.0,0.01645579955597568,842.0,pacing,,False,False,317,summer
2026-09-26,overlook_ridge,2027-08-10,705.0,0.01731878737441445,824.0,pacing,,False,False,318,summer
2026-09-26,overlook_ridge,2027-08-11,705.0,0.01732339148392179,825.0,pacing,,False,False,319,summer
2026-09-26,overlook_ridge,2027-08-12,785.0,0.012822701360463422,911.0,pacing,,False,False,320,summer
2026-09-26,overlook_ridge,2027-08-13,905.0,0.022432843031793333,1055.0,pacing,,False,False,321,summer
2026-09-26,overlook_ridge,2027-08-14,860.0,0.02426215577045456,1005.0,pacing,,False,False,322,summer
2026-09-26,overlook_ridge,2027-08-15,695.0,0.017908022220605037,883.0,pacing,,False,False,323,summer
2026-09-26,overlook_ridge,2027-08-16,695.0,0.017907675468184104,814.0,pacing,,False,False,324,summer
2026-09-26,overlook_ridge,2027-08-17,695.0,0.017900866599503944,772.0,pacing,,False,False,325,summer
2026-09-26,overlook_ridge,2027-08-18,695.0,0.01789601940488573,766.0,pacing,,False,False,326,summer
2026-09-26,overlook_ridge,2027-08-19,695.0,0.017889679981677568,775.0,pacing,,False,False,327,summer
2026-09-26,overlook_ridge,2027-08-20,815.0,0.026046919188393153,956.0,pacing,,False,False,328,summer
2026-09-26,overlook_ridge,2027-08-21,810.0,0.026197297252653507,946.0,pacing,,False,False,329,summer
2026-09-26,overlook_ridge,2027-08-22,695.0,0.017886240215979538,774.0,pacing,,False,False,330,summer
2026-09-26,overlook_ridge,2027-08-23,695.0,0.017881124060558765,760.0,pacing,,False,False,331,summer
2026-09-26,overlook_ridge,2027-08-24,675.0,0.018965388217082477,608.0,pacing,,False,False,332,summer
2026-09-26,overlook_ridge,2027-08-25,670.0,0.019221720207286106,717.0,pacing,,False,False,333,summer
2026-09-26,overlook_ridge,2027-08-26,660.0,0.019746938660863845,703.0,pacing,,False,False,334,summer
2026-09-26,overlook_ridge,2027-08-27,735.0,0.029175907616966156,849.0,pacing,,False,False,335,summer
2026-09-26,overlook_ridge,2027-08-28,710.0,0.030036169703870866,821.0,pacing,,False,False,336,summer
2026-09-26,overlook_ridge,2027-08-29,695.0,0.017833354946137813,768.0,pacing,,False,False,337,summer
2026-09-26,overlook_ridge,2027-08-30,560.0,0.02509530682062936,573.0,pacing,,False,False,338,summer
2026-09-26,overlook_ridge,2027-08-31,540.0,0.026116799204763556,550.0,pacing,,False,False,339,summer
2026-09-26,overlook_ridge,2027-09-01,550.0,0.025522310083709233,560.0,pacing,,False,False,340,summer
2026-09-26,overlook_ridge,2027-09-02,625.0,0.021456106057861874,657.0,pacing,,False,False,341,summer
2026-09-26,overlook_ridge,2027-09-03,880.0,0.02310112059918143,1040.0,pacing,,False,False,342,summer
2026-09-26,overlook_ridge,2027-09-04,880.0,0.02304146012423066,1039.0,pacing,,False,False,343,summer
2026-09-26,overlook_ridge,2027-09-05,845.0,0.00969612577301705,996.0,pacing,,False,False,344,summer
2026-09-26,overlook_ridge,2027-09-06,545.0,0.02568114256246037,546.0,pacing,,False,False,345,summer
2026-09-26,overlook_ridge,2027-09-07,605.0,0.022449558618660426,607.0,pacing,,False,False,346,summer
2026-09-26,overlook_ridge,2027-09-08,605.0,0.022408347948800787,606.0,pacing,,False,False,347,summer
2026-09-26,overlook_ridge,2027-09-09,650.0,0.020000208631161764,652.0,pacing,,False,False,348,summer
2026-09-26,overlook_ridge,2027-09-10,695.0,0.030233915517391043,754.0,pacing,,False,False,349,summer
2026-09-26,overlook_ridge,2027-09-11,695.0,0.030061979170717595,741.0,pacing,,False,False,350,summer
2026-09-26,overlook_ridge,2027-09-12,695.0,0.01761554125111069,768.0,pacing,,False,False,351,summer
2026-09-26,overlook_ridge,2027-09-13,585.0,0.023346320913170335,583.0,pacing,,False,False,352,summer
2026-09-26,overlook_ridge,2027-09-14,580.0,0.023561355451311116,583.0,pacing,,False,False,353,summer
2026-09-26,overlook_ridge,2027-09-15,585.0,0.023254821778856363,583.0,pacing,,False,False,354,summer
2026-09-26,overlook_ridge,2027-09-16,610.0,0.008436693727384858,639.0,pacing,,False,False,355,shoulder_fall
2026-09-26,overlook_ridge,2027-09-17,665.0,0.026498225501587792,735.0,pacing,,False,False,356,shoulder_fall
2026-09-26,overlook_ridge,2027-09-18,620.0,0.029450985564198257,712.0,pacing,,False,False,357,shoulder_fall
2026-09-26,overlook_ridge,2027-09-19,545.0,0.01333034778523153,605.0,pacing,,False,False,358,shoulder_fall
2026-09-26,overlook_ridge,2027-09-20,490.0,0.017403212160308677,531.0,pacing,,False,False,359,shoulder_fall
2026-09-26,overlook_ridge,2027-09-21,485.0,0.01774284661748471,525.0,pacing,,False,False,360,shoulder_fall
2026-09-26,overlook_ridge,2027-09-22,495.0,0.01699443119865179,532.0,pacing,,False,False,361,shoulder_fall
2026-09-26,overlook_ridge,2027-09-23,565.0,0.011869659853509336,602.0,pacing,,False,False,362,shoulder_fall
2026-09-26,overlook_ridge,2027-09-24,620.0,0.0292384461081854,714.0,pacing,,False,False,363,shoulder_fall
2026-09-26,overlook_ridge,2027-09-25,620.0,0.029025129296843734,713.0,pacing,,False,False,364,shoulder_fall
2026-09-26,overlook_ridge,2027-09-26,540.0,0.013700174374899577,,none,,False,False,365,shoulder_fall
2026-09-26,cloud_9,2026-09-28,710.0,0.10555476291129788,800.0,pacing,,False,True,2,shoulder_fall
2026-09-26,cloud_9,2026-10-05,750.0,0.001,850.0,pacing,,False,False,9,shoulder_fall
2026-09-26,cloud_9,2026-10-06,750.0,0.001,850.0,pacing,,False,False,10,shoulder_fall
2026-09-26,cloud_9,2026-10-07,750.0,0.001,850.0,pacing,,False,False,11,shoulder_fall
2026-09-26,cloud_9,2026-10-08,750.0,0.001,850.0,pacing,,False,False,12,shoulder_fall
2026-09-26,cloud_9,2026-10-09,770.0,0.2428239116200225,850.0,pacing,,False,False,13,shoulder_fall
2026-09-26,cloud_9,2026-10-10,770.0,0.2528971512639193,850.0,pacing,,False,False,14,shoulder_fall
2026-09-26,cloud_9,2026-10-11,750.0,0.001,850.0,pacing,,False,False,15,shoulder_fall
2026-09-26,cloud_9,2026-10-12,750.0,0.001,850.0,pacing,,False,False,16,shoulder_fall
2026-09-26,cloud_9,2026-10-13,750.0,0.001,850.0,pacing,,False,False,17,shoulder_fall
2026-09-26,cloud_9,2026-10-19,750.0,0.001,850.0,pacing,,False,False,23,shoulder_fall
2026-09-26,cloud_9,2026-10-20,750.0,0.001,850.0,pacing,,False,False,24,shoulder_fall
2026-09-26,cloud_9,2026-10-21,750.0,0.001,850.0,pacing,,False,False,25,shoulder_fall
2026-09-26,cloud_9,2026-10-22,750.0,0.001,850.0,pacing,,False,False,26,shoulder_fall
2026-09-26,cloud_9,2026-10-23,765.0,0.28777004459830835,850.0,pacing,,False,False,27,shoulder_fall
2026-09-26,cloud_9,2026-10-24,765.0,0.2907545052118803,850.0,pacing,,False,False,28,shoulder_fall
2026-09-26,cloud_9,2026-10-25,750.0,0.001,850.0,pacing,,False,False,29,shoulder_fall
2026-09-26,cloud_9,2026-10-26,750.0,0.001,850.0,pacing,,False,False,30,shoulder_fall
2026-09-26,cloud_9,2026-10-27,750.0,0.001,850.0,pacing,,False,False,31,shoulder_fall
2026-09-26,cloud_9,2026-10-28,750.0,0.001,850.0,pacing,,False,False,32,shoulder_fall
2026-09-26,cloud_9,2026-10-29,750.0,0.001,850.0,pacing,,False,False,33,shoulder_fall
2026-09-26,cloud_9,2026-10-30,765.0,0.2929399662386018,850.0,pacing,,False,False,34,shoulder_fall
2026-09-26,cloud_9,2026-10-31,765.0,0.28667301511575266,850.0,pacing,,False,False,35,shoulder_fall
2026-09-26,cloud_9,2026-11-01,685.0,0.001,765.0,pacing,,False,False,36,shoulder_fall
2026-09-26,cloud_9,2026-11-02,685.0,0.001,765.0,pacing,,False,False,37,shoulder_fall
2026-09-26,cloud_9,2026-11-03,685.0,0.001,765.0,pacing,,False,False,38,shoulder_fall
2026-09-26,cloud_9,2026-11-04,685.0,0.001,765.0,pacing,,False,False,39,shoulder_fall
2026-09-26,cloud_9,2026-11-05,685.0,0.001,765.0,pacing,,False,False,40,shoulder_fall
2026-09-26,cloud_9,2026-11-06,695.0,0.01503635143481566,765.0,pacing,,False,False,41,shoulder_fall
2026-09-26,cloud_9,2026-11-07,695.0,0.01721558088076028,765.0,pacing,,False,False,42,shoulder_fall
2026-09-26,cloud_9,2026-11-08,685.0,0.001,765.0,pacing,,False,False,43,shoulder_fall
2026-09-26,cloud_9,2026-11-09,685.0,0.001,765.0,pacing,,False,False,44,shoulder_fall
2026-09-26,cloud_9,2026-11-10,685.0,0.001,765.0,pacing,,False,False,45,shoulder_fall
2026-09-26,cloud_9,2026-11-11,685.0,0.001,765.0,pacing,,False,False,46,shoulder_fall
2026-09-26,cloud_9,2026-11-12,685.0,0.001,765.0,pacing,,False,False,47,shoulder_fall
2026-09-26,cloud_9,2026-11-13,695.0,0.45453506582784453,765.0,pacing,,False,False,48,shoulder_fall
2026-09-26,cloud_9,2026-11-14,690.0,0.4361524171060588,765.0,pacing,,False,False,49,shoulder_fall
2026-09-26,cloud_9,2026-11-15,685.0,0.001,765.0,pacing,,False,False,50,shoulder_fall
2026-09-26,cloud_9,2026-11-16,685.0,0.001,765.0,pacing,,False,False,51,shoulder_fall
2026-09-26,cloud_9,2026-11-17,685.0,0.001,765.0,pacing,,False,False,52,shoulder_fall
2026-09-26,cloud_9,2026-11-18,685.0,0.001,765.0,pacing,,False,False,53,shoulder_fall
2026-09-26,cloud_9,2026-11-19,685.0,0.001,765.0,pacing,,False,False,54,shoulder_fall
2026-09-26,cloud_9,2026-11-20,695.0,0.01936979287766763,765.0,pacing,,False,False,55,shoulder_fall
2026-09-26,cloud_9,2026-11-21,705.0,0.049723498997365626,765.0,pacing,,False,False,56,early_winter
2026-09-26,cloud_9,2026-11-22,685.0,0.0015499923471339974,765.0,pacing,,False,False,57,early_winter
2026-09-26,cloud_9,2026-11-23,770.0,0.001,874.0,pacing,,False,False,58,early_winter
2026-09-26,cloud_9,2026-11-29,750.0,0.001,850.0,pacing,,False,False,64,early_winter
2026-09-26,cloud_9,2026-11-30,750.0,0.0014680050193047768,850.0,pacing,,False,False,65,early_winter
2026-09-26,cloud_9,2026-12-01,750.0,0.003507356489477119,850.0,pacing,,False,False,66,early_winter
2026-09-26,cloud_9,2026-12-02,750.0,0.0058591081772605665,850.0,pacing,,False,False,67,early_winter
2026-09-26,cloud_9,2026-12-03,750.0,0.00849175732823708,850.0,pacing,,False,False,68,early_winter
2026-09-26,cloud_9,2026-12-06,770.0,0.004549507389361124,850.0,pacing,,False,False,71,early_winter
2026-09-26,cloud_9,2026-12-07,750.0,0.009692752162537547,850.0,pacing,,False,False,72,early_winter
2026-09-26,cloud_9,2026-12-08,750.0,0.010186802313903308,850.0,pacing,,False,False,73,early_winter
2026-09-26,cloud_9,2026-12-09,750.0,0.010593746191472143,850.0,pacing,,False,False,74,early_winter
2026-09-26,cloud_9,2026-12-10,790.0,0.0024601166077115834,930.0,pacing,,False,False,75,early_winter
2026-09-26,cloud_9,2026-12-11,1095.0,0.001,1314.0,pacing,,False,False,76,early_winter
2026-09-26,cloud_9,2026-12-12,1240.0,0.001,1453.0,pacing,,False,False,77,early_winter
2026-09-26,cloud_9,2026-12-13,885.0,0.001,1036.0,pacing,,False,False,78,early_winter
2026-09-26,cloud_9,2026-12-14,800.0,0.002313685813031914,911.0,pacing,,False,False,79,early_winter
2026-09-26,cloud_9,2027-01-06,1795.0,0.0956855041424079,1329.0,pacing,,False,False,102,peak_ski
2026-09-26,cloud_9,2027-01-07,1215.0,0.001,1410.0,pacing,,False,False,103,peak_ski
2026-09-26,cloud_9,2027-01-08,1535.0,0.001,1778.0,pacing,,False,False,104,peak_ski
2026-09-26,cloud_9,2027-01-09,1385.0,0.0013527912530192714,1624.0,pacing,,False,False,105,peak_ski
2026-09-26,cloud_9,2027-01-10,1300.0,0.001,1522.0,pacing,,False,False,106,peak_ski
2026-09-26,cloud_9,2027-01-11,980.0,0.001,1150.0,pacing,,False,False,107,peak_ski
2026-09-26,cloud_9,2027-01-12,1225.0,0.1725111101817174,1091.0,pacing,,False,False,108,peak_ski
2026-09-26,cloud_9,2027-01-13,1575.0,0.11945359998086699,1446.0,pacing,,False,False,109,peak_ski
2026-09-26,cloud_9,2027-01-14,1590.0,0.001,1862.0,pacing,,False,False,110,peak_ski
2026-09-26,cloud_9,2027-01-15,2385.0,0.001,2678.0,pacing,,False,False,111,peak_ski
2026-09-26,cloud_9,2027-01-16,2275.0,0.001,2588.0,pacing,,False,False,112,peak_ski
2026-09-26,cloud_9,2027-01-17,2260.0,0.001,2557.0,pacing,,False,False,113,peak_ski
2026-09-26,cloud_9,2027-01-18,1165.0,0.001,1368.0,pacing,,False,False,114,peak_ski
2026-09-26,cloud_9,2027-01-19,1475.0,0.12967132233314665,1311.0,pacing,,False,False,115,peak_ski
2026-09-26,cloud_9,2027-01-20,1420.0,0.1332210954517231,1277.0,pacing,,False,False,116,peak_ski
2026-09-26,cloud_9,2027-01-21,1475.0,0.001,1725.0,pacing,,False,False,117,peak_ski
2026-09-26,cloud_9,2027-01-22,2240.0,0.001,2472.0,pacing,,False,False,118,peak_ski
2026-09-26,cloud_9,2027-01-23,2385.0,0.001,2635.0,pacing,,False,False,119,peak_ski
2026-09-26,cloud_9,2027-01-24,1615.0,0.001,1870.0,pacing,,False,False,120,peak_ski
2026-09-26,cloud_9,2027-01-25,1610.0,0.001,1883.0,pacing,,False,False,121,peak_ski
2026-09-26,cloud_9,2027-01-26,1605.0,0.001,1889.0,pacing,,False,False,122,peak_ski
2026-09-26,cloud_9,2027-01-27,1670.0,0.001,1934.0,pacing,,False,False,123,peak_ski
2026-09-26,cloud_9,2027-01-28,1860.0,0.001,2120.0,pacing,,False,False,124,peak_ski
2026-09-26,cloud_9,2027-01-29,2385.0,0.001,2921.0,pacing,,False,False,125,peak_ski
2026-09-26,cloud_9,2027-01-30,2385.0,0.001,2954.0,pacing,,False,False,126,peak_ski
2026-09-26,cloud_9,2027-01-31,1670.0,0.001,1910.0,pacing,,False,False,127,peak_ski
2026-09-26,cloud_9,2027-02-01,1190.0,0.001,1400.0,pacing,,False,False,128,peak_ski
2026-09-26,cloud_9,2027-02-02,1185.0,0.001,1396.0,pacing,,False,False,129,peak_ski
2026-09-26,cloud_9,2027-02-03,1230.0,0.001,1450.0,pacing,,False,False,130,peak_ski
2026-09-26,cloud_9,2027-02-04,2030.0,0.001,2259.0,pacing,,False,False,131,peak_ski
2026-09-26,cloud_9,2027-02-05,2385.0,0.001,2871.0,pacing,,False,False,132,peak_ski
2026-09-26,cloud_9,2027-02-06,2385.0,0.001,3047.0,pacing,,False,False,133,peak_ski
2026-09-26,cloud_9,2027-02-07,1980.0,0.001,2226.0,pacing,,False,False,134,peak_ski
2026-09-26,cloud_9,2027-02-08,1895.0,0.001,2147.0,pacing,,False,False,135,peak_ski
2026-09-26,cloud_9,2027-02-09,1880.0,0.001,2122.0,pacing,,False,False,136,peak_ski
2026-09-26,cloud_9,2027-02-10,1940.0,0.001,2186.0,pacing,,False,False,137,peak_ski
2026-09-26,cloud_9,2027-02-11,2345.0,0.001,2616.0,pacing,,False,False,138,peak_ski
2026-09-26,cloud_9,2027-02-12,2385.0,0.001,3934.0,pacing,,False,False,139,peak_ski
2026-09-26,cloud_9,2027-02-13,2385.0,0.001,3897.0,pacing,,False,False,140,peak_ski
2026-09-26,cloud_9,2027-02-14,2385.0,0.001,3983.0,pacing,,False,False,141,peak_ski
2026-09-26,cloud_9,2027-02-15,2150.0,0.001,2369.0,pacing,,False,False,142,peak_ski
2026-09-26,cloud_9,2027-02-16,1945.0,0.001,2169.0,pacing,,False,False,143,peak_ski
2026-09-26,cloud_9,2027-02-17,1980.0,0.001,2215.0,pacing,,False,False,144,peak_ski
2026-09-26,cloud_9,2027-02-18,2260.0,0.001,2520.0,pacing,,False,False,145,peak_ski
2026-09-26,cloud_9,2027-02-19,2385.0,0.001,3550.0,pacing,,False,False,146,peak_ski
2026-09-26,cloud_9,2027-02-20,2385.0,0.001,3279.0,pacing,,False,False,147,peak_ski
2026-09-26,cloud_9,2027-02-21,2060.0,0.001,2312.0,pacing,,False,False,148,peak_ski
2026-09-26,cloud_9,2027-02-22,1590.0,0.001,1842.0,pacing,,False,False,149,peak_ski
2026-09-26,cloud_9,2027-02-23,1385.0,0.001,1649.0,pacing,,False,False,150,peak_ski
2026-09-26,cloud_9,2027-02-24,1505.0,0.001,1763.0,pacing,,False,False,151,peak_ski
2026-09-26,cloud_9,2027-02-25,2305.0,0.001,2584.0,pacing,,False,False,152,peak_ski
2026-09-26,cloud_9,2027-02-26,2385.0,0.001,3144.0,pacing,,False,False,153,peak_ski
2026-09-26,cloud_9,2027-02-27,2385.0,0.001,3014.0,pacing,,False,False,154,peak_ski
2026-09-26,cloud_9,2027-02-28,1810.0,0.001,2051.0,pacing,,False,False,155,peak_ski
2026-09-26,cloud_9,2027-03-01,1365.0,0.001,1619.0,pacing,,False,False,156,peak_ski
2026-09-26,cloud_9,2027-03-02,1370.0,0.001,1626.0,pacing,,False,False,157,peak_ski
2026-09-26,cloud_9,2027-03-03,1375.0,0.001,1635.0,pacing,,False,False,158,peak_ski
2026-09-26,cloud_9,2027-03-04,1765.0,0.001,2020.0,pacing,,False,False,159,peak_ski
2026-09-26,cloud_9,2027-03-05,2385.0,0.001,2771.0,pacing,,False,False,160,peak_ski
2026-09-26,cloud_9,2027-03-06,2385.0,0.001,2939.0,pacing,,False,False,161,peak_ski
2026-09-26,cloud_9,2027-03-07,2195.0,0.001,2492.0,pacing,,False,False,162,peak_ski
2026-09-26,cloud_9,2027-03-08,2025.0,0.001,2336.0,pacing,,False,False,163,peak_ski
2026-09-26,cloud_9,2027-03-09,1985.0,0.001,2296.0,pacing,,False,False,164,peak_ski
2026-09-26,cloud_9,2027-03-10,1985.0,0.001,2293.0,pacing,,False,False,165,peak_ski
2026-09-26,cloud_9,2027-03-11,2235.0,0.001,2533.0,pacing,,False,False,166,peak_ski
2026-09-26,cloud_9,2027-03-12,2385.0,0.001,3014.0,pacing,,False,False,167,peak_ski
2026-09-26,cloud_9,2027-03-13,2385.0,0.001,3052.0,pacing,,False,False,168,peak_ski
2026-09-26,cloud_9,2027-03-14,2385.0,0.001,3101.0,pacing,,False,False,169,peak_ski
2026-09-26,cloud_9,2027-03-15,2385.0,0.001,2971.0,pacing,,False,False,170,peak_ski
2026-09-26,cloud_9,2027-03-16,2385.0,0.001,2936.0,pacing,,False,False,171,peak_ski
2026-09-26,cloud_9,2027-03-17,2385.0,0.001,2938.0,pacing,,False,False,172,peak_ski
2026-09-26,cloud_9,2027-03-18,2385.0,0.001,2960.0,pacing,,False,False,173,peak_ski
2026-09-26,cloud_9,2027-03-19,2385.0,0.001,2719.0,pacing,,False,False,174,peak_ski
2026-09-26,cloud_9,2027-03-20,2385.0,0.001,2614.0,pacing,,False,False,175,peak_ski
2026-09-26,cloud_9,2027-03-21,1580.0,0.001,1851.0,pacing,,False,False,176,peak_ski
2026-09-26,cloud_9,2027-03-22,1945.0,0.001,1835.0,pacing,,False,False,177,peak_ski
2026-09-26,cloud_9,2027-03-23,1925.0,0.001,2189.0,pacing,,False,False,178,peak_ski
2026-09-26,cloud_9,2027-03-24,1350.0,0.0018804425822829185,1471.0,pacing,,False,False,179,peak_ski
2026-09-26,cloud_9,2027-03-25,1460.0,0.001,1729.0,pacing,,False,False,180,peak_ski
2026-09-26,cloud_9,2027-03-26,1645.0,0.006139081441898973,1870.0,pacing,,False,False,181,peak_ski
2026-09-26,cloud_9,2027-03-27,1460.0,0.008243660521156826,1701.0,pacing,,False,False,182,peak_ski
2026-09-26,cloud_9,2027-03-28,1195.0,0.003630036046009537,1392.0,pacing,,False,False,183,peak_ski
2026-09-26,cloud_9,2027-03-29,1035.0,0.005375666575946918,1108.0,pacing,,False,False,184,peak_ski
2026-09-26,cloud_9,2027-03-30,1020.0,0.005550092264311336,1056.0,pacing,,False,False,185,peak_ski
2026-09-26,cloud_9,2027-03-31,1035.0,0.0053997562404510795,1082.0,pacing,,False,False,186,peak_ski
2026-09-26,cloud_9,2027-04-01,1055.0,0.001,1236.0,pacing,,False,False,187,shoulder_spring
2026-09-26,cloud_9,2027-04-02,1110.0,0.001,1319.0,pacing,,False,False,188,shoulder_spring
2026-09-26,cloud_9,2027-04-03,1040.0,0.0014080997142467376,1233.0,pacing,,False,False,189,shoulder_spring
2026-09-26,cloud_9,2027-04-04,855.0,0.001,1011.0,pacing,,False,False,190,shoulder_spring
2026-09-26,cloud_9,2027-04-05,750.0,0.001,850.0,pacing,,False,False,191,shoulder_spring
2026-09-26,cloud_9,2027-04-06,750.0,0.001,850.0,pacing,,False,False,192,shoulder_spring
2026-09-26,cloud_9,2027-04-07,750.0,0.001,850.0,pacing,,False,False,193,shoulder_spring
2026-09-26,cloud_9,2027-04-08,780.0,0.001,889.0,pacing,,False,False,194,shoulder_spring
2026-09-26,cloud_9,2027-04-09,795.0,0.013309911471553273,953.0,pacing,,False,False,195,shoulder_spring
2026-09-26,cloud_9,2027-04-10,780.0,0.013892820207533074,866.0,pacing,,False,False,196,shoulder_spring
2026-09-26,cloud_9,2027-04-11,750.0,0.001,850.0,pacing,,False,False,197,shoulder_spring
2026-09-26,cloud_9,2027-04-12,750.0,0.001,850.0,pacing,,False,False,198,shoulder_spring
2026-09-26,cloud_9,2027-04-13,750.0,0.001,850.0,pacing,,False,False,199,shoulder_spring
2026-09-26,cloud_9,2027-04-14,750.0,0.001,850.0,pacing,,False,False,200,shoulder_spring
2026-09-26,cloud_9,2027-04-15,750.0,0.001,850.0,pacing,,False,False,201,shoulder_spring
2026-09-26,cloud_9,2027-04-16,795.0,0.013053298214481937,889.0,pacing,,False,False,202,shoulder_spring
2026-09-26,cloud_9,2027-04-17,775.0,0.013833419611071273,850.0,pacing,,False,False,203,shoulder_spring
2026-09-26,cloud_9,2027-04-18,750.0,0.001,850.0,pacing,,False,False,204,shoulder_spring
2026-09-26,cloud_9,2027-04-19,750.0,0.001,850.0,pacing,,False,False,205,shoulder_spring
2026-09-26,cloud_9,2027-04-20,750.0,0.001,850.0,pacing,,False,False,206,shoulder_spring
2026-09-26,cloud_9,2027-04-21,750.0,0.001,850.0,pacing,,False,False,207,shoulder_spring
2026-09-26,cloud_9,2027-04-22,750.0,0.001,850.0,pacing,,False,False,208,shoulder_spring
2026-09-26,cloud_9,2027-04-23,795.0,0.01276442800459113,910.0,pacing,,False,False,209,shoulder_spring
2026-09-26,cloud_9,2027-04-24,795.0,0.012636910216477101,885.0,pacing,,False,False,210,shoulder_spring
2026-09-26,cloud_9,2027-04-25,750.0,0.001,850.0,pacing,,False,False,211,shoulder_spring
2026-09-26,cloud_9,2027-04-26,750.0,0.001,850.0,pacing,,False,False,212,shoulder_spring
2026-09-26,cloud_9,2027-04-27,750.0,0.001,850.0,pacing,,False,False,213,shoulder_spring
2026-09-26,cloud_9,2027-04-28,750.0,0.001,850.0,pacing,,False,False,214,shoulder_spring
2026-09-26,cloud_9,2027-04-29,750.0,0.001,850.0,pacing,,False,False,215,shoulder_spring
2026-09-26,cloud_9,2027-04-30,775.0,0.01339529697931112,850.0,pacing,,False,False,216,shoulder_spring
2026-09-26,cloud_9,2027-05-01,775.0,0.01323914649141799,850.0,pacing,,False,False,217,shoulder_spring
2026-09-26,cloud_9,2027-05-02,750.0,0.001,850.0,pacing,,False,False,218,shoulder_spring
2026-09-26,cloud_9,2027-05-03,750.0,0.001,850.0,pacing,,False,False,219,shoulder_spring
2026-09-26,cloud_9,2027-05-04,750.0,0.001,850.0,pacing,,False,False,220,shoulder_spring
2026-09-26,cloud_9,2027-05-05,750.0,0.001,850.0,pacing,,False,False,221,shoulder_spring
2026-09-26,cloud_9,2027-05-06,750.0,0.001,850.0,pacing,,False,False,222,shoulder_spring
2026-09-26,cloud_9,2027-05-07,775.0,0.013083987371464078,850.0,pacing,,False,False,223,shoulder_spring
2026-09-26,cloud_9,2027-05-08,775.0,0.012935973874459128,850.0,pacing,,False,False,224,shoulder_spring
2026-09-26,cloud_9,2027-05-09,750.0,0.001,850.0,pacing,,False,False,225,shoulder_spring
2026-09-26,cloud_9,2027-05-10,750.0,0.001,850.0,pacing,,False,False,226,shoulder_spring
2026-09-26,cloud_9,2027-05-11,750.0,0.001,850.0,pacing,,False,False,227,shoulder_spring
2026-09-26,cloud_9,2027-05-12,750.0,0.001,850.0,pacing,,False,False,228,shoulder_spring
2026-09-26,cloud_9,2027-05-13,750.0,0.001,850.0,pacing,,False,False,229,shoulder_spring
2026-09-26,cloud_9,2027-05-14,780.0,0.012573400701973362,862.0,pacing,,False,False,230,shoulder_spring
2026-09-26,cloud_9,2027-05-15,795.0,0.011800526008813787,881.0,pacing,,False,False,231,shoulder_spring
2026-09-26,cloud_9,2027-05-16,750.0,0.001,850.0,pacing,,False,False,232,shoulder_spring
2026-09-26,cloud_9,2027-05-17,750.0,0.001,850.0,pacing,,False,False,233,shoulder_spring
2026-09-26,cloud_9,2027-05-18,750.0,0.001,850.0,pacing,,False,False,234,shoulder_spring
2026-09-26,cloud_9,2027-05-19,750.0,0.001,850.0,pacing,,False,False,235,shoulder_spring
2026-09-26,cloud_9,2027-05-20,750.0,0.001,850.0,pacing,,False,False,236,shoulder_spring
2026-09-26,cloud_9,2027-05-21,775.0,0.012514129735435874,850.0,pacing,,False,False,237,shoulder_spring
2026-09-26,cloud_9,2027-05-22,775.0,0.01238080214801141,850.0,pacing,,False,False,238,shoulder_spring
2026-09-26,cloud_9,2027-05-23,750.0,0.001,850.0,pacing,,False,False,239,shoulder_spring
2026-09-26,cloud_9,2027-05-24,750.0,0.001,850.0,pacing,,False,False,240,shoulder_spring
2026-09-26,cloud_9,2027-05-25,750.0,0.001,850.0,pacing,,False,False,241,shoulder_spring
2026-09-26,cloud_9,2027-05-26,750.0,0.001,850.0,pacing,,False,False,242,shoulder_spring
2026-09-26,cloud_9,2027-05-27,750.0,0.001,850.0,pacing,,False,False,243,shoulder_spring
2026-09-26,cloud_9,2027-05-28,860.0,0.008753967292264634,1006.0,pacing,,False,False,244,shoulder_spring
2026-09-26,cloud_9,2027-05-29,860.0,0.00871999169186479,1004.0,pacing,,False,False,245,shoulder_spring
2026-09-26,cloud_9,2027-05-30,825.0,0.001,964.0,pacing,,False,False,246,shoulder_spring
2026-09-26,cloud_9,2027-05-31,750.0,0.001,850.0,pacing,,False,False,247,shoulder_spring
2026-09-26,cloud_9,2027-06-01,750.0,0.00768632744615719,850.0,pacing,,False,False,248,summer
2026-09-26,cloud_9,2027-06-02,750.0,0.0077141674750563155,850.0,pacing,,False,False,249,summer
2026-09-26,cloud_9,2027-06-03,750.0,0.007738843864937059,854.0,pacing,,False,False,250,summer
2026-09-26,cloud_9,2027-06-04,870.0,0.019880087959839813,1036.0,pacing,,False,False,251,summer
2026-09-26,cloud_9,2027-06-05,850.0,0.020839926047394326,1006.0,pacing,,False,False,252,summer
2026-09-26,cloud_9,2027-06-06,750.0,0.007775488849340811,850.0,pacing,,False,False,253,summer
2026-09-26,cloud_9,2027-06-07,750.0,0.00781494132611105,850.0,pacing,,False,False,254,summer
2026-09-26,cloud_9,2027-06-08,750.0,0.007846144017347609,850.0,pacing,,False,False,255,summer
2026-09-26,cloud_9,2027-06-09,750.0,0.007873651307372097,850.0,pacing,,False,False,256,summer
2026-09-26,cloud_9,2027-06-10,930.0,0.001,1094.0,pacing,,False,False,257,summer
2026-09-26,cloud_9,2027-06-11,1145.0,0.001,1349.0,pacing,,False,False,258,summer
2026-09-26,cloud_9,2027-06-12,1135.0,0.001,1344.0,pacing,,False,False,259,summer
2026-09-26,cloud_9,2027-06-13,970.0,0.001,1209.0,pacing,,False,False,260,summer
2026-09-26,cloud_9,2027-06-14,1010.0,0.001,1229.0,pacing,,False,False,261,summer
2026-09-26,cloud_9,2027-06-15,1070.0,0.001,1306.0,pacing,,False,False,262,summer
2026-09-26,cloud_9,2027-06-16,1115.0,0.001,1394.0,pacing,,False,False,263,summer
2026-09-26,cloud_9,2027-06-17,1550.0,0.001,1827.0,pacing,,False,False,264,summer
2026-09-26,cloud_9,2027-06-18,1550.0,0.001,1805.0,pacing,,False,False,265,summer
2026-09-26,cloud_9,2027-06-19,1545.0,0.001,1804.0,pacing,,False,False,266,summer
2026-09-26,cloud_9,2027-06-20,1135.0,0.001,1364.0,pacing,,False,False,267,summer
2026-09-26,cloud_9,2027-06-21,1000.0,0.001,1305.0,pacing,,False,False,268,summer
2026-09-26,cloud_9,2027-06-22,1095.0,0.001,1305.0,pacing,,False,False,269,summer
2026-09-26,cloud_9,2027-06-23,1050.0,0.001,1263.0,pacing,,False,False,270,summer
2026-09-26,cloud_9,2027-06-24,1335.0,0.001,1549.0,pacing,,False,False,271,summer
2026-09-26,cloud_9,2027-06-25,1605.0,0.001,1825.0,pacing,,False,False,272,summer
2026-09-26,cloud_9,2027-06-26,1470.0,0.001,1674.0,pacing,,False,False,273,summer
2026-09-26,cloud_9,2027-06-27,1245.0,0.001,1431.0,pacing,,False,False,274,summer
2026-09-26,cloud_9,2027-06-28,1105.0,0.001,1250.0,pacing,,False,False,275,summer
2026-09-26,cloud_9,2027-06-29,1075.0,0.001,1234.0,pacing,,False,False,276,summer
2026-09-26,cloud_9,2027-06-30,1290.0,0.001,1432.0,pacing,,False,False,277,summer
2026-09-26,cloud_9,2027-07-01,1330.0,0.001,1498.0,pacing,,False,False,278,summer
2026-09-26,cloud_9,2027-07-02,2385.0,0.001,2552.0,pacing,,False,False,279,summer
2026-09-26,cloud_9,2027-07-03,2385.0,0.001,2616.0,pacing,,False,False,280,summer
2026-09-26,cloud_9,2027-07-04,2380.0,0.001,2522.0,pacing,,False,False,281,summer
2026-09-26,cloud_9,2027-07-05,1085.0,0.001,1231.0,pacing,,False,False,282,summer
2026-09-26,cloud_9,2027-07-06,1080.0,0.001,1226.0,pacing,,False,False,283,summer
2026-09-26,cloud_9,2027-07-07,1120.0,0.001,1271.0,pacing,,False,False,284,summer
2026-09-26,cloud_9,2027-07-08,1445.0,0.001,1652.0,pacing,,False,False,285,summer
2026-09-26,cloud_9,2027-07-09,2155.0,0.001,2331.0,pacing,,False,False,286,summer
2026-09-26,cloud_9,2027-07-10,2235.0,0.001,2416.0,pacing,,False,False,287,summer
2026-09-26,cloud_9,2027-07-11,1450.0,0.001,1619.0,pacing,,False,False,288,summer
2026-09-26,cloud_9,2027-07-12,1420.0,0.001,1560.0,pacing,,False,False,289,summer
2026-09-26,cloud_9,2027-07-13,1380.0,0.001,1316.0,pacing,,False,False,290,summer
2026-09-26,cloud_9,2027-07-14,1390.0,0.001,1554.0,pacing,,False,False,291,summer
2026-09-26,cloud_9,2027-07-15,1445.0,0.001,1655.0,pacing,,False,False,292,summer
2026-09-26,cloud_9,2027-07-16,1905.0,0.001,2074.0,pacing,,False,False,293,summer
2026-09-26,cloud_9,2027-07-17,2025.0,0.001,2208.0,pacing,,False,False,294,summer
2026-09-26,cloud_9,2027-07-18,1690.0,0.001,1875.0,pacing,,False,False,295,summer
2026-09-26,cloud_9,2027-07-19,1420.0,0.001,1653.0,pacing,,False,False,296,summer
2026-09-26,cloud_9,2027-07-20,1395.0,0.001,1604.0,pacing,,False,False,297,summer
2026-09-26,cloud_9,2027-07-21,1355.0,0.001,1381.0,pacing,,False,False,298,summer
2026-09-26,cloud_9,2027-07-22,1360.0,0.001,1583.0,pacing,,False,False,299,summer
2026-09-26,cloud_9,2027-07-23,1750.0,0.001,1980.0,pacing,,False,False,300,summer
2026-09-26,cloud_9,2027-07-24,1795.0,0.001,2030.0,pacing,,False,False,301,summer
2026-09-26,cloud_9,2027-07-25,1495.0,0.001,1729.0,pacing,,False,False,302,summer
2026-09-26,cloud_9,2027-07-26,1265.0,0.001,1484.0,pacing,,False,False,303,summer
2026-09-26,cloud_9,2027-07-27,1260.0,0.001,1483.0,pacing,,False,False,304,summer
2026-09-26,cloud_9,2027-07-28,1245.0,0.001,1462.0,pacing,,False,False,305,summer
2026-09-26,cloud_9,2027-07-29,1440.0,0.001,1671.0,pacing,,False,False,306,summer
2026-09-26,cloud_9,2027-07-30,1795.0,0.001,2019.0,pacing,,False,False,307,summer
2026-09-26,cloud_9,2027-07-31,1590.0,0.001,1797.0,pacing,,False,False,308,summer
2026-09-26,cloud_9,2027-08-01,1230.0,0.001,1442.0,pacing,,False,False,309,summer
2026-09-26,cloud_9,2027-08-02,1040.0,0.001,1222.0,pacing,,False,False,310,summer
2026-09-26,cloud_9,2027-08-03,965.0,0.0020898453134363254,1133.0,pacing,,False,False,311,summer
2026-09-26,cloud_9,2027-08-04,955.0,0.0027647633489788176,1120.0,pacing,,False,False,312,summer
2026-09-26,cloud_9,2027-08-05,1135.0,0.001,1334.0,pacing,,False,False,313,summer
2026-09-26,cloud_9,2027-08-06,1340.0,0.003765417162309029,1571.0,pacing,,False,False,314,summer
2026-09-26,cloud_9,2027-08-07,1280.0,0.0065139306615432935,1504.0,pacing,,False,False,315,summer
2026-09-26,cloud_9,2027-08-08,995.0,0.001,1169.0,pacing,,False,False,316,summer
2026-09-26,cloud_9,2027-08-09,910.0,0.005631635549913704,1073.0,pacing,,False,False,317,summer
2026-09-26,cloud_9,2027-08-10,885.0,0.007104988071115347,1042.0,pacing,,False,False,318,summer
2026-09-26,cloud_9,2027-08-11,875.0,0.007714320313025355,1031.0,pacing,,False,False,319,summer
2026-09-26,cloud_9,2027-08-12,1010.0,0.001,1191.0,pacing,,False,False,320,summer
2026-09-26,cloud_9,2027-08-13,1160.0,0.011709274402462845,1363.0,pacing,,False,False,321,summer
2026-09-26,cloud_9,2027-08-14,1090.0,0.014678268331866537,1280.0,pacing,,False,False,322,summer
2026-09-26,cloud_9,2027-08-15,880.0,0.007535517344075434,1029.0,pacing,,False,False,323,summer
2026-09-26,cloud_9,2027-08-16,795.0,0.012322121905725307,906.0,pacing,,False,False,324,summer
2026-09-26,cloud_9,2027-08-17,880.0,0.007604899416705186,1039.0,pacing,,False,False,325,summer
2026-09-26,cloud_9,2027-08-18,870.0,0.00819218401439212,1025.0,pacing,,False,False,326,summer
2026-09-26,cloud_9,2027-08-19,910.0,0.006010858888714367,1070.0,pacing,,False,False,327,summer
2026-09-26,cloud_9,2027-08-20,1145.0,0.012416789814106636,1346.0,pacing,,False,False,328,summer
2026-09-26,cloud_9,2027-08-21,1130.0,0.013109476830342113,1328.0,pacing,,False,False,329,summer
2026-09-26,cloud_9,2027-08-22,890.0,0.007152060162283945,1046.0,pacing,,False,False,330,summer
2026-09-26,cloud_9,2027-08-23,850.0,0.00937979201651071,999.0,pacing,,False,False,331,summer
2026-09-26,cloud_9,2027-08-24,845.0,0.00967422351040245,850.0,pacing,,False,False,332,summer
2026-09-26,cloud_9,2027-08-25,855.0,0.009145414806099648,1007.0,pacing,,False,False,333,summer
2026-09-26,cloud_9,2027-08-26,865.0,0.008619296256717405,1023.0,pacing,,False,False,334,summer
2026-09-26,cloud_9,2027-08-27,1055.0,0.016214183185255034,1237.0,pacing,,False,False,335,summer
2026-09-26,cloud_9,2027-08-28,1030.0,0.017174187575359455,1207.0,pacing,,False,False,336,summer
2026-09-26,cloud_9,2027-08-29,795.0,0.012423553919507533,905.0,pacing,,False,False,337,summer
2026-09-26,cloud_9,2027-08-30,770.0,0.013771869663175495,850.0,pacing,,False,False,338,summer
2026-09-26,cloud_9,2027-08-31,770.0,0.013750160931147127,850.0,pacing,,False,False,339,summer
2026-09-26,cloud_9,2027-09-01,770.0,0.013726196333817612,850.0,pacing,,False,False,340,summer
2026-09-26,cloud_9,2027-09-02,795.0,0.012366337759871657,935.0,pacing,,False,False,341,summer
2026-09-26,cloud_9,2027-09-03,1295.0,0.006546580165930329,1527.0,pacing,,False,False,342,summer
2026-09-26,cloud_9,2027-09-04,1295.0,0.006630607945834204,1531.0,pacing,,False,False,343,summer
2026-09-26,cloud_9,2027-09-05,1240.0,0.001,1475.0,pacing,,False,False,344,summer
2026-09-26,cloud_9,2027-09-06,770.0,0.013742164721274278,850.0,pacing,,False,False,345,summer
2026-09-26,cloud_9,2027-09-07,785.0,0.012924648336905762,870.0,pacing,,False,False,346,summer
2026-09-26,cloud_9,2027-09-08,785.0,0.012911485392060619,869.0,pacing,,False,False,347,summer
2026-09-26,cloud_9,2027-09-09,835.0,0.010268258085241795,956.0,pacing,,False,False,348,summer
2026-09-26,cloud_9,2027-09-10,970.0,0.019452869188609972,1109.0,pacing,,False,False,349,summer
2026-09-26,cloud_9,2027-09-11,930.0,0.02091110824016209,1072.0,pacing,,False,False,350,summer
2026-09-26,cloud_9,2027-09-12,795.0,0.012371819713055524,884.0,pacing,,False,False,351,summer
2026-09-26,cloud_9,2027-09-13,785.0,0.012891755096843635,859.0,pacing,,False,False,352,summer
2026-09-26,cloud_9,2027-09-14,780.0,0.013136614762702576,857.0,pacing,,False,False,353,summer
2026-09-26,cloud_9,2027-09-15,785.0,0.012859569853359853,857.0,pacing,,False,False,354,summer
2026-09-26,cloud_9,2027-09-16,845.0,0.001,956.0,pacing,,False,False,355,shoulder_fall
2026-09-26,cloud_9,2027-09-17,965.0,0.005599187014672796,1079.0,pacing,,False,False,356,shoulder_fall
2026-09-26,cloud_9,2027-09-18,895.0,0.010538217826209085,1056.0,pacing,,False,False,357,shoulder_fall
2026-09-26,cloud_9,2027-09-19,760.0,0.001,874.0,pacing,,False,False,358,shoulder_fall
2026-09-26,cloud_9,2027-09-20,750.0,0.001,850.0,pacing,,False,False,359,shoulder_fall
2026-09-26,cloud_9,2027-09-21,890.0,0.001,1046.0,pacing,,False,False,360,shoulder_fall
2026-09-26,cloud_9,2027-09-22,750.0,0.001,850.0,pacing,,False,False,361,shoulder_fall
2026-09-26,cloud_9,2027-09-23,790.0,0.001,882.0,pacing,,False,False,362,shoulder_fall
2026-09-26,cloud_9,2027-09-24,895.0,0.010550366486997014,1063.0,pacing,,False,False,363,shoulder_fall
2026-09-26,cloud_9,2027-09-25,900.0,0.010219273710472081,1054.0,pacing,,False,False,364,shoulder_fall
2026-09-26,cloud_9,2027-09-26,775.0,0.001,,none,,False,False,365,shoulder_fall
2026-09-27,summit_haus,2026-09-28,335.0,0.995,362.0,pacing,,False,True,1,shoulder_fall
2026-09-27,summit_haus,2026-09-29,335.0,0.9169163491875473,337.0,pacing,,False,True,2,shoulder_fall
2026-09-27,summit_haus,2026-09-30,340.0,0.8669191243259684,344.0,pacing,,False,False,3,shoulder_fall
2026-09-27,summit_haus,2026-10-01,360.0,0.634807767259081,364.0,pacing,,False,False,4,shoulder_fall
2026-09-27,summit_haus,2026-10-12,405.0,0.014833148661751854,418.0,pacing,,False,False,15,shoulder_fall
2026-09-27,summit_haus,2026-10-13,405.0,0.014807973168562144,419.0,pacing,,False,False,16,shoulder_fall
2026-09-27,summit_haus,2026-10-14,425.0,0.013595663333571793,421.0,pacing,,False,False,17,shoulder_fall
2026-09-27,summit_haus,2026-10-15,435.0,0.012970468163573872,442.0,pacing,,False,False,18,shoulder_fall
2026-09-27,summit_haus,2026-10-20,335.0,0.025273952426945252,302.0,pacing,,False,False,23,shoulder_fall
2026-09-27,summit_haus,2026-10-21,335.0,0.026825198858888157,300.0,pacing,,False,False,24,shoulder_fall
2026-09-27,summit_haus,2026-10-26,405.0,0.024633167996370428,427.0,pacing,,False,False,29,shoulder_fall
2026-09-27,summit_haus,2026-10-27,405.0,0.024579756794813296,426.0,pacing,,False,False,30,shoulder_fall
2026-09-27,summit_haus,2026-10-28,410.0,0.0240404686524651,430.0,pacing,,False,False,31,shoulder_fall
2026-09-27,summit_haus,2026-10-29,420.0,0.023021519263479062,447.0,pacing,,False,False,32,shoulder_fall
2026-09-27,summit_haus,2026-11-02,365.0,0.02824238761961103,374.0,pacing,,False,False,36,shoulder_fall
2026-09-27,summit_haus,2026-11-03,365.0,0.02816452497055662,376.0,pacing,,False,False,37,shoulder_fall
2026-09-27,summit_haus,2026-11-04,370.0,0.027609270210032337,381.0,pacing,,False,False,38,shoulder_fall
2026-09-27,summit_haus,2026-11-05,395.0,0.02515265680107541,419.0,pacing,,False,False,39,shoulder_fall
2026-09-27,summit_haus,2026-11-08,390.0,0.025566715151578264,410.0,pacing,,False,False,42,shoulder_fall
2026-09-27,summit_haus,2026-11-09,360.0,0.028342502891044546,371.0,pacing,,False,False,43,shoulder_fall
2026-09-27,summit_haus,2026-11-10,390.0,0.02543404423274151,401.0,pacing,,False,False,44,shoulder_fall
2026-09-27,summit_haus,2026-11-11,395.0,0.02490040824196573,411.0,pacing,,False,False,45,shoulder_fall
2026-09-27,summit_haus,2026-11-12,410.0,0.023434051216025886,440.0,pacing,,False,False,46,shoulder_fall
2026-09-27,summit_haus,2026-11-13,495.0,0.9511077087550834,500.0,pacing,,False,False,47,shoulder_fall
2026-09-27,summit_haus,2026-11-14,490.0,0.9044799347394262,500.0,pacing,,False,False,48,shoulder_fall
2026-09-27,summit_haus,2026-11-15,395.0,0.02478371740631205,416.0,pacing,,False,False,49,shoulder_fall
2026-09-27,summit_haus,2026-11-16,365.0,0.027517387576028198,374.0,pacing,,False,False,50,shoulder_fall
2026-09-27,summit_haus,2026-11-17,410.0,0.042367705664958656,385.0,pacing,,False,False,51,shoulder_fall
2026-09-27,summit_haus,2026-11-23,680.0,0.0021376982105634013,793.0,pacing,,False,False,57,early_winter
2026-09-27,summit_haus,2026-11-24,780.0,0.001,921.0,pacing,,False,False,58,early_winter
2026-09-27,summit_haus,2026-11-25,980.0,0.001,1170.0,pacing,,False,False,59,early_winter
2026-09-27,summit_haus,2026-11-26,1025.0,0.001,1221.0,pacing,,False,False,60,early_winter
2026-09-27,summit_haus,2026-11-27,1070.0,0.001,1161.0,pacing,,False,False,61,early_winter
2026-09-27,summit_haus,2026-11-28,910.0,0.025577545879740662,1074.0,pacing,,False,False,62,early_winter
2026-09-27,summit_haus,2026-12-03,570.0,0.049421306547378155,623.0,pacing,,False,False,67,early_winter
2026-09-27,summit_haus,2026-12-04,720.0,0.12508580387685292,827.0,pacing,,False,False,68,early_winter
2026-09-27,summit_haus,2026-12-05,710.0,0.07988845808823503,810.0,pacing,,False,False,69,early_winter
2026-09-27,summit_haus,2026-12-06,610.0,0.040456752607156206,664.0,pacing,,False,False,70,early_winter
2026-09-27,summit_haus,2026-12-07,570.0,0.049535903408234425,630.0,pacing,,False,False,71,early_winter
2026-09-27,summit_haus,2026-12-08,550.0,0.053894043578253024,596.0,pacing,,False,False,72,early_winter
2026-09-27,summit_haus,2026-12-09,550.0,0.05376915247556994,602.0,pacing,,False,False,73,early_winter
2026-09-27,summit_haus,2026-12-10,675.0,0.026986072639119132,766.0,pacing,,False,False,74,early_winter
2026-09-27,summit_haus,2026-12-11,895.0,0.07124408810526912,1048.0,pacing,,False,False,75,early_winter
2026-09-27,summit_haus,2026-12-12,1000.0,0.04479508383598032,1163.0,pacing,,False,False,76,early_winter
2026-09-27,summit_haus,2026-12-13,705.0,0.021186631477040647,817.0,pacing,,False,False,77,early_winter
2026-09-27,summit_haus,2026-12-14,670.0,0.029222808022260374,750.0,pacing,,False,False,78,early_winter
2026-09-27,summit_haus,2026-12-15,680.0,0.0056097765363128495,793.0,pacing,,False,False,79,peak_ski
2026-09-27,summit_haus,2026-12-16,740.0,0.004541314521984799,864.0,pacing,,False,False,80,peak_ski
2026-09-27,summit_haus,2026-12-17,945.0,0.001,1097.0,pacing,,False,False,81,peak_ski
2026-09-27,summit_haus,2026-12-18,1455.0,0.001,1683.0,pacing,,False,False,82,peak_ski
2026-09-27,summit_haus,2026-12-19,2075.0,0.001,2306.0,pacing,,False,False,83,peak_ski
2026-09-27,summit_haus,2026-12-20,2325.0,0.001,2583.0,pacing,,False,False,84,peak_ski
2026-09-27,summit_haus,2026-12-21,2645.0,0.001,2877.0,pacing,,False,False,85,peak_ski
2026-09-27,summit_haus,2026-12-22,2675.0,0.001,2900.0,pacing,,False,False,86,peak_ski
2026-09-27,summit_haus,2026-12-23,2695.0,0.001,2945.0,pacing,,False,False,87,peak_ski
2026-09-27,summit_haus,2026-12-24,2805.0,0.001,3064.0,pacing,,False,False,88,peak_ski
2026-09-27,summit_haus,2026-12-25,2875.0,0.001,3134.0,pacing,,False,False,89,peak_ski
2026-09-27,summit_haus,2026-12-26,2890.0,0.001,3126.0,pacing,,False,False,90,peak_ski
2026-09-27,summit_haus,2027-01-02,3435.0,0.001,3687.0,pacing,,False,False,97,peak_ski
2026-09-27,summit_haus,2027-01-03,1790.0,0.0873566836049055,1979.0,pacing,,False,False,98,peak_ski
2026-09-27,summit_haus,2027-01-04,1865.0,0.0821441911531247,1784.0,pacing,,False,False,99,peak_ski
2026-09-27,summit_haus,2027-01-05,1780.0,0.09930558957726962,1677.0,pacing,,False,False,100,peak_ski
2026-09-27,summit_haus,2027-01-06,1435.0,0.14704707434225922,1285.0,pacing,,False,False,101,peak_ski
2026-09-27,summit_haus,2027-01-07,1135.0,0.001,1335.0,pacing,,False,False,102,peak_ski
2026-09-27,summit_haus,2027-01-08,1505.0,0.001,1743.0,pacing,,False,False,103,peak_ski
2026-09-27,summit_haus,2027-01-09,1350.0,0.001943555052080559,1568.0,pacing,,False,False,104,peak_ski
2026-09-27,summit_haus,2027-01-10,1240.0,0.001,1457.0,pacing,,False,False,105,peak_ski
2026-09-27,summit_haus,2027-01-11,925.0,0.0013967855084049518,1098.0,pacing,,False,False,106,peak_ski
2026-09-27,summit_haus,2027-01-12,1150.0,0.18292733958750146,1031.0,pacing,,False,False,107,peak_ski
2026-09-27,summit_haus,2027-01-13,1460.0,0.13511658205178376,1318.0,pacing,,False,False,108,peak_ski
2026-09-27,summit_haus,2027-01-14,1420.0,0.001,1673.0,pacing,,False,False,109,peak_ski
2026-09-27,summit_haus,2027-01-15,1855.0,0.001,2470.0,pacing,,False,False,110,peak_ski
2026-09-27,summit_haus,2027-01-16,1855.0,0.001,2346.0,pacing,,False,False,111,peak_ski
2026-09-27,summit_haus,2027-01-17,1855.0,0.001,2328.0,pacing,,False,False,112,peak_ski
2026-09-27,summit_haus,2027-01-18,1075.0,0.001,1266.0,pacing,,False,False,113,peak_ski
2026-09-27,summit_haus,2027-01-19,1330.0,0.14894412266122525,1181.0,pacing,,False,False,114,peak_ski
2026-09-27,summit_haus,2027-01-20,1305.0,0.14817533899417432,1163.0,pacing,,False,False,115,peak_ski
2026-09-27,summit_haus,2027-01-21,1285.0,0.001,1495.0,pacing,,False,False,116,peak_ski
2026-09-27,summit_haus,2027-01-22,1855.0,0.001,2226.0,pacing,,False,False,117,peak_ski
2026-09-27,summit_haus,2027-01-23,1855.0,0.021816444174757265,2290.0,pacing,,False,False,118,peak_ski
2026-09-27,summit_haus,2027-01-24,1420.0,0.001,1656.0,pacing,,False,False,119,peak_ski
2026-09-27,summit_haus,2027-01-25,1375.0,0.001,1609.0,pacing,,False,False,120,peak_ski
2026-09-27,summit_haus,2027-01-26,1410.0,0.001,1629.0,pacing,,False,False,121,peak_ski
2026-09-27,summit_haus,2027-01-27,1445.0,0.001,1655.0,pacing,,False,False,122,peak_ski
2026-09-27,summit_haus,2027-02-02,1115.0,0.001,1300.0,pacing,,False,False,128,peak_ski
2026-09-27,summit_haus,2027-02-03,1160.0,0.001,1355.0,pacing,,False,False,129,peak_ski
2026-09-27,summit_haus,2027-02-04,1795.0,0.001,2034.0,pacing,,False,False,130,peak_ski
2026-09-27,summit_haus,2027-02-05,1855.0,0.001,2731.0,pacing,,False,False,131,peak_ski
2026-09-27,summit_haus,2027-02-06,1855.0,0.001,2831.0,pacing,,False,False,132,peak_ski
2026-09-27,summit_haus,2027-02-07,1800.0,0.001,2032.0,pacing,,False,False,133,peak_ski
2026-09-27,summit_haus,2027-02-08,1785.0,0.001,2010.0,pacing,,False,False,134,peak_ski
2026-09-27,summit_haus,2027-02-09,1785.0,0.001,2003.0,pacing,,False,False,135,peak_ski
2026-09-27,summit_haus,2027-02-10,1795.0,0.001,2003.0,pacing,,False,False,136,peak_ski
2026-09-27,summit_haus,2027-02-11,1855.0,0.001,2476.0,pacing,,False,False,137,peak_ski
2026-09-27,summit_haus,2027-02-12,1855.0,0.001,3777.0,pacing,,False,False,138,peak_ski
2026-09-27,summit_haus,2027-02-13,1855.0,0.001,3779.0,pacing,,False,False,139,peak_ski
2026-09-27,summit_haus,2027-02-14,1855.0,0.001,3799.0,pacing,,False,False,140,peak_ski
2026-09-27,summit_haus,2027-02-15,1855.0,0.001,2312.0,pacing,,False,False,141,peak_ski
2026-09-27,summit_haus,2027-02-16,1855.0,0.001,2129.0,pacing,,False,False,142,peak_ski
2026-09-27,summit_haus,2027-02-17,1855.0,0.001,2093.0,pacing,,False,False,143,peak_ski
2026-09-27,summit_haus,2027-02-18,1855.0,0.001,2463.0,pacing,,False,False,144,peak_ski
2026-09-27,summit_haus,2027-02-19,1855.0,0.0010627122524596068,3295.0,pacing,,False,False,145,peak_ski
2026-09-27,summit_haus,2027-02-20,1855.0,0.0014725333627614017,3160.0,pacing,,False,False,146,peak_ski
2026-09-27,summit_haus,2027-02-21,1855.0,0.001,2248.0,pacing,,False,False,147,peak_ski
2026-09-27,summit_haus,2027-02-22,1550.0,0.001,1787.0,pacing,,False,False,148,peak_ski
2026-09-27,summit_haus,2027-02-23,1380.0,0.001,1613.0,pacing,,False,False,149,peak_ski
2026-09-27,summit_haus,2027-02-24,1475.0,0.001,1718.0,pacing,,False,False,150,peak_ski
2026-09-27,summit_haus,2027-02-25,1855.0,0.001,2447.0,pacing,,False,False,151,peak_ski
2026-09-27,summit_haus,2027-02-26,1855.0,0.0018299064941398788,3101.0,pacing,,False,False,152,peak_ski
2026-09-27,summit_haus,2027-02-27,1855.0,0.00215589436075987,3073.0,pacing,,False,False,153,peak_ski
2026-09-27,summit_haus,2027-02-28,1810.0,0.001,2063.0,pacing,,False,False,154,peak_ski
2026-09-27,summit_haus,2027-03-01,1385.0,0.001,1629.0,pacing,,False,False,155,peak_ski
2026-09-27,summit_haus,2027-03-02,1385.0,0.001,1649.0,pacing,,False,False,156,peak_ski
2026-09-27,summit_haus,2027-03-03,1400.0,0.001,1666.0,pacing,,False,False,157,peak_ski
2026-09-27,summit_haus,2027-03-04,1780.0,0.001,2033.0,pacing,,False,False,158,peak_ski
2026-09-27,summit_haus,2027-03-05,1855.0,0.002451165045549243,2640.0,pacing,,False,False,159,peak_ski
2026-09-27,summit_haus,2027-03-06,1855.0,0.0026803988274805104,2942.0,pacing,,False,False,160,peak_ski
2026-09-27,summit_haus,2027-03-07,1855.0,0.001,2474.0,pacing,,False,False,161,peak_ski
2026-09-27,summit_haus,2027-03-08,1855.0,0.001,2328.0,pacing,,False,False,162,peak_ski
2026-09-27,summit_haus,2027-03-09,1855.0,0.001,2264.0,pacing,,False,False,163,peak_ski
2026-09-27,summit_haus,2027-03-10,1855.0,0.001,2283.0,pacing,,False,False,164,peak_ski
2026-09-27,summit_haus,2027-03-11,1855.0,0.001,2461.0,pacing,,False,False,165,peak_ski
2026-09-27,summit_haus,2027-03-12,1855.0,0.002929874514560713,2964.0,pacing,,False,False,166,peak_ski
2026-09-27,summit_haus,2027-03-13,1855.0,0.0031745855513412346,3008.0,pacing,,False,False,167,peak_ski
2026-09-27,summit_haus,2027-03-14,1855.0,0.001,3105.0,pacing,,False,False,168,peak_ski
2026-09-27,summit_haus,2027-03-15,1855.0,0.001,2982.0,pacing,,False,False,169,peak_ski
2026-09-27,summit_haus,2027-03-16,1855.0,0.001,2947.0,pacing,,False,False,170,peak_ski
2026-09-27,summit_haus,2027-03-17,1855.0,0.001,2923.0,pacing,,False,False,171,peak_ski
2026-09-27,summit_haus,2027-03-18,1855.0,0.001,2947.0,pacing,,False,False,172,peak_ski
2026-09-27,summit_haus,2027-03-19,1855.0,0.0034129611644877563,2755.0,pacing,,False,False,173,peak_ski
2026-09-27,summit_haus,2027-03-20,1855.0,0.0036018507936730927,2686.0,pacing,,False,False,174,peak_ski
2026-09-27,summit_haus,2027-03-21,1580.0,0.001,1864.0,pacing,,False,False,175,peak_ski
2026-09-27,summit_haus,2027-03-22,1855.0,0.001,1836.0,pacing,,False,False,176,peak_ski
2026-09-27,summit_haus,2027-03-23,1850.0,0.001,2078.0,pacing,,False,False,177,peak_ski
2026-09-27,summit_haus,2027-03-24,1275.0,0.0026926402166005327,1489.0,pacing,,False,False,178,peak_ski
2026-09-27,summit_haus,2027-03-25,1355.0,0.0018644375704786975,1602.0,pacing,,False,False,179,peak_ski
2026-09-27,summit_haus,2027-03-26,1535.0,0.007375858866882059,1776.0,pacing,,False,False,180,peak_ski
2026-09-27,summit_haus,2027-03-27,1380.0,0.009133444912155245,1616.0,pacing,,False,False,181,peak_ski
2026-09-27,summit_haus,2027-03-28,1120.0,0.0044377743694817414,1306.0,pacing,,False,False,182,peak_ski
2026-09-27,summit_haus,2027-03-29,905.0,0.006772925846600928,1028.0,pacing,,False,False,183,peak_ski
2026-09-27,summit_haus,2027-03-30,905.0,0.006784640685491921,937.0,pacing,,False,False,184,peak_ski
2026-09-27,summit_haus,2027-03-31,905.0,0.006793989756143215,937.0,pacing,,False,False,185,peak_ski
2026-09-27,summit_haus,2027-04-01,890.0,0.001,1024.0,pacing,,False,False,186,shoulder_spring
2026-09-27,summit_haus,2027-04-02,910.0,0.007532053398745226,1063.0,pacing,,False,False,187,shoulder_spring
2026-09-27,summit_haus,2027-04-03,850.0,0.010614737132283503,991.0,pacing,,False,False,188,shoulder_spring
2026-09-27,summit_haus,2027-04-04,680.0,0.0017000461126463345,791.0,pacing,,False,False,189,shoulder_spring
2026-09-27,summit_haus,2027-04-05,575.0,0.005775691701789601,638.0,pacing,,False,False,190,shoulder_spring
2026-09-27,summit_haus,2027-04-06,535.0,0.007302865799362722,590.0,pacing,,False,False,191,shoulder_spring
2026-09-27,summit_haus,2027-04-07,545.0,0.006922227913929672,605.0,pacing,,False,False,192,shoulder_spring
2026-09-27,summit_haus,2027-04-08,595.0,0.00505012286625929,672.0,pacing,,False,False,193,shoulder_spring
2026-09-27,summit_haus,2027-04-09,620.0,0.021652015105553153,690.0,pacing,,False,False,194,shoulder_spring
2026-09-27,summit_haus,2027-04-10,620.0,0.02142762631880834,687.0,pacing,,False,False,195,shoulder_spring
2026-09-27,summit_haus,2027-04-11,545.0,0.00692885355345074,605.0,pacing,,False,False,196,shoulder_spring
2026-09-27,summit_haus,2027-04-12,520.0,0.007850858566691207,571.0,pacing,,False,False,197,shoulder_spring
2026-09-27,summit_haus,2027-04-13,495.0,0.008778522207644985,537.0,pacing,,False,False,198,shoulder_spring
2026-09-27,summit_haus,2027-04-14,505.0,0.00843177340026238,548.0,pacing,,False,False,199,shoulder_spring
2026-09-27,summit_haus,2027-04-15,525.0,0.007719513761075203,578.0,pacing,,False,False,200,shoulder_spring
2026-09-27,summit_haus,2027-04-16,615.0,0.02143130913390812,639.0,pacing,,False,False,201,shoulder_spring
2026-09-27,summit_haus,2027-04-17,600.0,0.021887163569861628,619.0,pacing,,False,False,202,shoulder_spring
2026-09-27,summit_haus,2027-04-18,525.0,0.007745300420215388,569.0,pacing,,False,False,203,shoulder_spring
2026-09-27,summit_haus,2027-04-19,480.0,0.009418299840518304,512.0,pacing,,False,False,204,shoulder_spring
2026-09-27,summit_haus,2027-04-20,470.0,0.009801687346141001,498.0,pacing,,False,False,205,shoulder_spring
2026-09-27,summit_haus,2027-04-21,480.0,0.009451699260848597,512.0,pacing,,False,False,206,shoulder_spring
2026-09-27,summit_haus,2027-04-22,515.0,0.008190287422981115,560.0,pacing,,False,False,207,shoulder_spring
2026-09-27,summit_haus,2027-04-23,620.0,0.020731135918432952,650.0,pacing,,False,False,208,shoulder_spring
2026-09-27,summit_haus,2027-04-24,615.0,0.02073962783768491,636.0,pacing,,False,False,209,shoulder_spring
2026-09-27,summit_haus,2027-04-25,535.0,0.007482927588841255,588.0,pacing,,False,False,210,shoulder_spring
2026-09-27,summit_haus,2027-04-26,500.0,0.008783746389887331,540.0,pacing,,False,False,211,shoulder_spring
2026-09-27,summit_haus,2027-04-27,495.0,0.008984932419592667,538.0,pacing,,False,False,212,shoulder_spring
2026-09-27,summit_haus,2027-04-28,490.0,0.00918544123627491,529.0,pacing,,False,False,213,shoulder_spring
2026-09-27,summit_haus,2027-04-29,500.0,0.00883998344114827,536.0,pacing,,False,False,214,shoulder_spring
2026-09-27,summit_haus,2027-04-30,580.0,0.022077937135817436,591.0,pacing,,False,False,215,shoulder_spring
2026-09-27,summit_haus,2027-05-01,575.0,0.02205320340234924,580.0,pacing,,False,False,216,shoulder_spring
2026-09-27,summit_haus,2027-05-02,505.0,0.008677164571817978,543.0,pacing,,False,False,217,shoulder_spring
2026-09-27,summit_haus,2027-05-03,480.0,0.009602384801654816,510.0,pacing,,False,False,218,shoulder_spring
2026-09-27,summit_haus,2027-05-04,485.0,0.009436627004655973,518.0,pacing,,False,False,219,shoulder_spring
2026-09-27,summit_haus,2027-05-05,500.0,0.008909882387457766,538.0,pacing,,False,False,220,shoulder_spring
2026-09-27,summit_haus,2027-05-06,510.0,0.008566393140776665,552.0,pacing,,False,False,221,shoulder_spring
2026-09-27,summit_haus,2027-05-07,585.0,0.02137307433845998,598.0,pacing,,False,False,222,shoulder_spring
2026-09-27,summit_haus,2027-05-08,570.0,0.021789401752828008,583.0,pacing,,False,False,223,shoulder_spring
2026-09-27,summit_haus,2027-05-09,505.0,0.008766189668835118,543.0,pacing,,False,False,224,shoulder_spring
2026-09-27,summit_haus,2027-05-10,490.0,0.009325450308530945,526.0,pacing,,False,False,225,shoulder_spring
2026-09-27,summit_haus,2027-05-11,485.0,0.009521705830998824,518.0,pacing,,False,False,226,shoulder_spring
2026-09-27,summit_haus,2027-05-12,500.0,0.00899675265774101,537.0,pacing,,False,False,227,shoulder_spring
2026-09-27,summit_haus,2027-05-13,510.0,0.008654022373968773,548.0,pacing,,False,False,228,shoulder_spring
2026-09-27,summit_haus,2027-05-14,585.0,0.02091200928936662,596.0,pacing,,False,False,229,shoulder_spring
2026-09-27,summit_haus,2027-05-15,590.0,0.020479802513536302,602.0,pacing,,False,False,230,shoulder_spring
2026-09-27,summit_haus,2027-05-16,520.0,0.008312669570544712,565.0,pacing,,False,False,231,shoulder_spring
2026-09-27,summit_haus,2027-05-17,505.0,0.008870679128782892,542.0,pacing,,False,False,232,shoulder_spring
2026-09-27,summit_haus,2027-05-18,500.0,0.009066953003202411,533.0,pacing,,False,False,233,shoulder_spring
2026-09-27,summit_haus,2027-05-19,500.0,0.009082923649701159,540.0,pacing,,False,False,234,shoulder_spring
2026-09-27,summit_haus,2027-05-20,510.0,0.008741189194892899,551.0,pacing,,False,False,235,shoulder_spring
2026-09-27,summit_haus,2027-05-21,590.0,0.020268821346976988,604.0,pacing,,False,False,236,shoulder_spring
2026-09-27,summit_haus,2027-05-22,585.0,0.020267444202047326,596.0,pacing,,False,False,237,shoulder_spring
2026-09-27,summit_haus,2027-05-23,525.0,0.008222073743906252,570.0,pacing,,False,False,238,shoulder_spring
2026-09-27,summit_haus,2027-05-24,505.0,0.008955848660033376,543.0,pacing,,False,False,239,shoulder_spring
2026-09-27,summit_haus,2027-05-25,515.0,0.008615026909538057,559.0,pacing,,False,False,240,shoulder_spring
2026-09-27,summit_haus,2027-05-26,510.0,0.008810901509048695,550.0,pacing,,False,False,241,shoulder_spring
2026-09-27,summit_haus,2027-05-27,555.0,0.007224110587226749,612.0,pacing,,False,False,242,shoulder_spring
2026-09-27,summit_haus,2027-05-28,645.0,0.017592703191970753,756.0,pacing,,False,False,243,shoulder_spring
2026-09-27,summit_haus,2027-05-29,645.0,0.017459111415957417,754.0,pacing,,False,False,244,shoulder_spring
2026-09-27,summit_haus,2027-05-30,620.0,0.004933713389076736,723.0,pacing,,False,False,245,shoulder_spring
2026-09-27,summit_haus,2027-05-31,510.0,0.008882528971439716,547.0,pacing,,False,False,246,shoulder_spring
2026-09-27,summit_haus,2027-06-01,555.0,0.02078123578447656,593.0,pacing,,False,False,247,summer
2026-09-27,summit_haus,2027-06-02,545.0,0.0214252066784606,577.0,pacing,,False,False,248,summer
2026-09-27,summit_haus,2027-06-03,600.0,0.01773161563249019,654.0,pacing,,False,False,249,summer
2026-09-27,summit_haus,2027-06-04,725.0,0.02748779259811213,769.0,pacing,,False,False,250,summer
2026-09-27,summit_haus,2027-06-05,695.0,0.02889944962944542,778.0,pacing,,False,False,251,summer
2026-09-27,summit_haus,2027-06-06,620.0,0.01639959373621356,676.0,pacing,,False,False,252,summer
2026-09-27,summit_haus,2027-06-07,585.0,0.018714460204515875,630.0,pacing,,False,False,253,summer
2026-09-27,summit_haus,2027-06-08,570.0,0.019688069453184184,610.0,pacing,,False,False,254,summer
2026-09-27,summit_haus,2027-06-09,610.0,0.017047226505465807,662.0,pacing,,False,False,255,summer
2026-09-27,summit_haus,2027-06-10,745.0,0.0025841258205815463,870.0,pacing,,False,False,256,summer
2026-09-27,summit_haus,2027-06-11,840.0,0.01842183222425902,985.0,pacing,,False,False,257,summer
2026-09-27,summit_haus,2027-06-12,855.0,0.01749323124388875,998.0,pacing,,False,False,258,summer
2026-09-27,summit_haus,2027-06-20,940.0,0.001,1104.0,pacing,,False,False,266,summer
2026-09-27,summit_haus,2027-06-21,910.0,0.001,1056.0,pacing,,False,False,267,summer
2026-09-27,summit_haus,2027-06-22,810.0,0.001,1042.0,pacing,,False,False,268,summer
2026-09-27,summit_haus,2027-06-23,875.0,0.001,1013.0,pacing,,False,False,269,summer
2026-09-27,summit_haus,2027-06-24,1080.0,0.001,1260.0,pacing,,False,False,270,summer
2026-09-27,summit_haus,2027-06-25,1315.0,0.001,1531.0,pacing,,False,False,271,summer
2026-09-27,summit_haus,2027-06-26,1250.0,0.001,1420.0,pacing,,False,False,272,summer
2026-09-27,summit_haus,2027-06-27,1080.0,0.001,1235.0,pacing,,False,False,273,summer
2026-09-27,summit_haus,2027-06-28,965.0,0.001,1110.0,pacing,,False,False,274,summer
2026-09-27,summit_haus,2027-06-29,930.0,0.001,1068.0,pacing,,False,False,275,summer
2026-09-27,summit_haus,2027-06-30,1110.0,0.001,1285.0,pacing,,False,False,276,summer
2026-09-27,summit_haus,2027-07-01,1175.0,0.001,1348.0,pacing,,False,False,277,summer
2026-09-27,summit_haus,2027-07-02,1855.0,0.001,2165.0,pacing,,False,False,278,summer
2026-09-27,summit_haus,2027-07-03,1855.0,0.001,2147.0,pacing,,False,False,279,summer
2026-09-27,summit_haus,2027-07-04,1855.0,0.001,2104.0,pacing,,False,False,280,summer
2026-09-27,summit_haus,2027-07-05,970.0,0.001,1088.0,pacing,,False,False,281,summer
2026-09-27,summit_haus,2027-07-06,960.0,0.001,1078.0,pacing,,False,False,282,summer
2026-09-27,summit_haus,2027-07-07,1035.0,0.001,1166.0,pacing,,False,False,283,summer
2026-09-27,summit_haus,2027-07-08,1355.0,0.001,1540.0,pacing,,False,False,284,summer
2026-09-27,summit_haus,2027-07-09,1855.0,0.001,2110.0,pacing,,False,False,285,summer
2026-09-27,summit_haus,2027-07-10,1855.0,0.001,2177.0,pacing,,False,False,286,summer
2026-09-27,summit_haus,2027-07-11,1370.0,0.001,1555.0,pacing,,False,False,287,summer
2026-09-27,summit_haus,2027-07-12,1380.0,0.001,1538.0,pacing,,False,False,288,summer
2026-09-27,summit_haus,2027-07-13,1360.0,0.001,1515.0,pacing,,False,False,289,summer
2026-09-27,summit_haus,2027-07-14,1355.0,0.001,1517.0,pacing,,False,False,290,summer
2026-09-27,summit_haus,2027-07-15,1425.0,0.001,1613.0,pacing,,False,False,291,summer
2026-09-27,summit_haus,2027-07-16,1820.0,0.001,2031.0,pacing,,False,False,292,summer
2026-09-27,summit_haus,2027-07-17,1825.0,0.001,2043.0,pacing,,False,False,293,summer
2026-09-27,summit_haus,2027-07-18,1505.0,0.001,1730.0,pacing,,False,False,294,summer
2026-09-27,summit_haus,2027-07-19,1310.0,0.001,1497.0,pacing,,False,False,295,summer
2026-09-27,summit_haus,2027-07-20,1295.0,0.001,1482.0,pacing,,False,False,296,summer
2026-09-27,summit_haus,2027-07-21,1275.0,0.001,1285.0,pacing,,False,False,297,summer
2026-09-27,summit_haus,2027-07-22,1300.0,0.001,1494.0,pacing,,False,False,298,summer
2026-09-27,summit_haus,2027-07-23,1630.0,0.001,1843.0,pacing,,False,False,299,summer
2026-09-27,summit_haus,2027-07-24,1630.0,0.001,1851.0,pacing,,False,False,300,summer
2026-09-27,summit_haus,2027-07-25,1310.0,0.001,1509.0,pacing,,False,False,301,summer
2026-09-27,summit_haus,2027-07-26,1150.0,0.001,1375.0,pacing,,False,False,302,summer
2026-09-27,summit_haus,2027-07-27,1150.0,0.001,1375.0,pacing,,False,False,303,summer
2026-09-27,summit_haus,2027-07-28,1120.0,0.001,1339.0,pacing,,False,False,304,summer
2026-09-27,summit_haus,2027-07-29,1245.0,0.001,1458.0,pacing,,False,False,305,summer
2026-09-27,summit_haus,2027-07-30,1500.0,0.001,1745.0,pacing,,False,False,306,summer
2026-09-27,summit_haus,2027-07-31,1375.0,0.001,1602.0,pacing,,False,False,307,summer
2026-09-27,summit_haus,2027-08-01,1050.0,0.001,1219.0,pacing,,False,False,308,summer
2026-09-27,summit_haus,2027-08-02,895.0,0.006061907395180804,1039.0,pacing,,False,False,309,summer
2026-09-27,summit_haus,2027-08-03,870.0,0.00760233215447936,1016.0,pacing,,False,False,310,summer
2026-09-27,summit_haus,2027-08-04,865.0,0.007963678953209378,1013.0,pacing,,False,False,311,summer
2026-09-27,summit_haus,2027-08-05,990.0,0.001,1157.0,pacing,,False,False,312,summer
2026-09-27,summit_haus,2027-08-06,1115.0,0.013424988740368638,1308.0,pacing,,False,False,313,summer
2026-09-27,summit_haus,2027-08-07,1085.0,0.014797727249844402,1270.0,pacing,,False,False,314,summer
2026-09-27,summit_haus,2027-08-08,845.0,0.00927402499786635,990.0,pacing,,False,False,315,summer
2026-09-27,summit_haus,2027-08-09,745.0,0.015031567449914896,875.0,pacing,,False,False,316,summer
2026-09-27,summit_haus,2027-08-10,730.0,0.015900204137845132,855.0,pacing,,False,False,317,summer
2026-09-27,summit_haus,2027-08-11,735.0,0.015627673041998896,858.0,pacing,,False,False,318,summer
2026-09-27,summit_haus,2027-08-12,810.0,0.011415032655557263,949.0,pacing,,False,False,319,summer
2026-09-27,summit_haus,2027-08-13,1025.0,0.017386457794461338,1202.0,pacing,,False,False,320,summer
2026-09-27,summit_haus,2027-08-14,1025.0,0.01738675826016315,1202.0,pacing,,False,False,321,summer
2026-09-27,summit_haus,2027-08-15,720.0,0.01650633237242536,844.0,pacing,,False,False,322,summer
2026-09-27,summit_haus,2027-08-16,720.0,0.016511287077569402,843.0,pacing,,False,False,323,summer
2026-09-27,summit_haus,2027-08-17,685.0,0.01845740536614172,800.0,pacing,,False,False,324,summer
2026-09-27,summit_haus,2027-08-18,680.0,0.0187277767240709,793.0,pacing,,False,False,325,summer
2026-09-27,summit_haus,2027-08-19,690.0,0.018165931635002294,805.0,pacing,,False,False,326,summer
2026-09-27,summit_haus,2027-08-20,1445.0,0.001,1694.0,pacing,,False,False,327,summer
2026-09-27,summit_haus,2027-08-21,1450.0,0.001,1698.0,pacing,,False,False,328,summer
2026-09-27,summit_haus,2027-08-22,685.0,0.018436710987963924,803.0,pacing,,False,False,329,summer
2026-09-27,summit_haus,2027-08-23,670.0,0.019252306648308445,788.0,pacing,,False,False,330,summer
2026-09-27,summit_haus,2027-08-24,665.0,0.01951192731747542,756.0,pacing,,False,False,331,summer
2026-09-27,summit_haus,2027-08-25,670.0,0.019221720207286106,744.0,pacing,,False,False,332,summer
2026-09-27,summit_haus,2027-08-26,665.0,0.01947553274856759,730.0,pacing,,False,False,333,summer
2026-09-27,summit_haus,2027-08-27,850.0,0.024517787899319972,995.0,pacing,,False,False,334,summer
2026-09-27,summit_haus,2027-08-28,860.0,0.024007115581131142,1008.0,pacing,,False,False,335,summer
2026-09-27,summit_haus,2027-08-29,655.0,0.01999727535678993,691.0,pacing,,False,False,336,summer
2026-09-27,summit_haus,2027-08-30,575.0,0.024286489880811224,594.0,pacing,,False,False,337,summer
2026-09-27,summit_haus,2027-08-31,555.0,0.025310279317353784,570.0,pacing,,False,False,338,summer
2026-09-27,summit_haus,2027-09-01,565.0,0.024718029600762075,577.0,pacing,,False,False,339,summer
2026-09-27,summit_haus,2027-09-02,645.0,0.020386721552215967,683.0,pacing,,False,False,340,summer
2026-09-27,summit_haus,2027-09-03,915.0,0.021704954538545793,1074.0,pacing,,False,False,341,summer
2026-09-27,summit_haus,2027-09-04,915.0,0.02165741235014903,1074.0,pacing,,False,False,342,summer
2026-09-27,summit_haus,2027-09-05,875.0,0.008097047086665117,1029.0,pacing,,False,False,343,summer
2026-09-27,summit_haus,2027-09-06,560.0,0.0248852107063813,566.0,pacing,,False,False,344,summer
2026-09-27,summit_haus,2027-09-07,620.0,0.021655816095180868,630.0,pacing,,False,False,345,summer
2026-09-27,summit_haus,2027-09-08,620.0,0.0216169427357391,630.0,pacing,,False,False,346,summer
2026-09-27,summit_haus,2027-09-09,665.0,0.019211131559870954,680.0,pacing,,False,False,347,summer
2026-09-27,summit_haus,2027-09-10,715.0,0.029449839420752418,785.0,pacing,,False,False,348,summer
2026-09-27,summit_haus,2027-09-11,695.0,0.030061979170717595,770.0,pacing,,False,False,349,summer
2026-09-27,summit_haus,2027-09-12,630.0,0.021023960250846546,641.0,pacing,,False,False,350,summer
2026-09-27,summit_haus,2027-09-13,600.0,0.022562228476945827,613.0,pacing,,False,False,351,summer
2026-09-27,summit_haus,2027-09-14,595.0,0.022779499899665476,613.0,pacing,,False,False,352,summer
2026-09-27,summit_haus,2027-09-15,600.0,0.022475177884444128,613.0,pacing,,False,False,353,summer
2026-09-27,summit_haus,2027-09-16,625.0,0.007314994110826019,686.0,pacing,,False,False,354,shoulder_fall
2026-09-27,summit_haus,2027-09-17,690.0,0.02475663896101155,769.0,pacing,,False,False,355,shoulder_fall
2026-09-27,summit_haus,2027-09-18,645.0,0.027731643042562877,744.0,pacing,,False,False,356,shoulder_fall
2026-09-27,summit_haus,2027-09-19,560.0,0.012215315837545818,633.0,pacing,,False,False,357,shoulder_fall
2026-09-27,summit_haus,2027-09-20,505.0,0.016294060890266762,549.0,pacing,,False,False,358,shoulder_fall
2026-09-27,summit_haus,2027-09-21,500.0,0.016639138941344646,543.0,pacing,,False,False,359,shoulder_fall
2026-09-27,summit_haus,2027-09-22,510.0,0.015896538799132894,554.0,pacing,,False,False,360,shoulder_fall
2026-09-27,summit_haus,2027-09-23,580.0,0.010777121823687367,650.0,pacing,,False,False,361,shoulder_fall
2026-09-27,summit_haus,2027-09-24,635.0,0.02821909631066603,741.0,pacing,,False,False,362,shoulder_fall
2026-09-27,summit_haus,2027-09-25,645.0,0.02734603504806055,739.0,pacing,,False,False,363,shoulder_fall
2026-09-27,summit_haus,2027-09-26,560.0,0.01225127295098798,633.0,pacing,,False,False,364,shoulder_fall
2026-09-27,summit_haus,2027-09-27,515.0,0.01550387670241635,561.0,pacing,,False,False,365,shoulder_fall
2026-09-27,overlook_ridge,2026-09-28,336.0,0.995,306.0,pacing,,False,True,1,shoulder_fall
2026-09-27,overlook_ridge,2026-09-29,336.0,0.9146570376499407,300.0,pacing,,False,True,2,shoulder_fall
2026-09-27,overlook_ridge,2026-09-30,336.0,0.8757242503775415,300.0,pacing,,False,False,3,shoulder_fall
2026-09-27,overlook_ridge,2026-10-05,355.0,0.014568156424581005,347.0,pacing,,False,False,8,shoulder_fall
2026-09-27,overlook_ridge,2026-10-06,350.0,0.014828085208411978,330.0,pacing,,False,False,9,shoulder_fall
2026-09-27,overlook_ridge,2026-10-07,340.0,0.015334018384528731,340.0,pacing,,False,False,10,shoulder_fall
2026-09-27,overlook_ridge,2026-10-12,425.0,0.01363614845057465,448.0,pacing,,False,False,15,shoulder_fall
2026-09-27,overlook_ridge,2026-10-13,430.0,0.01331773751261048,353.0,pacing,,False,False,16,shoulder_fall
2026-09-27,overlook_ridge,2026-10-14,370.0,0.016861017532113796,354.0,pacing,,False,False,17,shoulder_fall
2026-09-27,overlook_ridge,2026-10-15,380.0,0.016229587388553367,371.0,pacing,,False,False,18,shoulder_fall
2026-09-27,overlook_ridge,2026-10-16,500.0,0.995,500.0,pacing,,False,False,19,shoulder_fall
2026-09-27,overlook_ridge,2026-10-17,500.0,0.995,500.0,pacing,,False,False,20,shoulder_fall
2026-09-27,overlook_ridge,2026-10-25,350.0,0.030053198279414557,353.0,pacing,,False,False,28,shoulder_fall
2026-09-27,overlook_ridge,2026-10-26,336.0,0.03138535621734972,323.0,pacing,,False,False,29,shoulder_fall
2026-09-27,overlook_ridge,2026-10-27,336.0,0.03130759577069281,322.0,pacing,,False,False,30,shoulder_fall
2026-09-27,overlook_ridge,2026-10-28,336.0,0.03122995544192114,366.0,pacing,,False,False,31,shoulder_fall
2026-09-27,overlook_ridge,2026-10-29,370.0,0.027861833868222014,380.0,pacing,,False,False,32,shoulder_fall
2026-09-27,overlook_ridge,2026-10-30,500.0,0.995,500.0,pacing,,False,False,33,shoulder_fall
2026-09-27,overlook_ridge,2026-10-31,500.0,0.9682115567205356,500.0,pacing,,False,False,34,shoulder_fall
2026-09-27,overlook_ridge,2026-11-01,336.0,0.03108169513728823,329.0,pacing,,False,False,35,shoulder_fall
2026-09-27,overlook_ridge,2026-11-02,336.0,0.031032515676883338,318.0,pacing,,False,False,36,shoulder_fall
2026-09-27,overlook_ridge,2026-11-03,336.0,0.030945676592800238,320.0,pacing,,False,False,37,shoulder_fall
2026-09-27,overlook_ridge,2026-11-04,336.0,0.030859459664476084,324.0,pacing,,False,False,38,shoulder_fall
2026-09-27,overlook_ridge,2026-11-05,350.0,0.02944050314595403,357.0,pacing,,False,False,39,shoulder_fall
2026-09-27,overlook_ridge,2026-11-06,495.0,0.026586142388825545,500.0,pacing,,False,False,40,shoulder_fall
2026-09-27,overlook_ridge,2026-11-07,495.0,0.030402107156778175,500.0,pacing,,False,False,41,shoulder_fall
2026-09-27,overlook_ridge,2026-11-08,345.0,0.029840130911930027,349.0,pacing,,False,False,42,shoulder_fall
2026-09-27,overlook_ridge,2026-11-09,336.0,0.030614113809419356,316.0,pacing,,False,False,43,shoulder_fall
2026-09-27,overlook_ridge,2026-11-10,345.0,0.02967989920657149,341.0,pacing,,False,False,44,shoulder_fall
2026-09-27,overlook_ridge,2026-11-11,350.0,0.029132336866336202,349.0,pacing,,False,False,45,shoulder_fall
2026-09-27,overlook_ridge,2026-11-12,365.0,0.0276520060955102,374.0,pacing,,False,False,46,shoulder_fall
2026-09-27,overlook_ridge,2026-11-13,495.0,0.9511077087550834,500.0,pacing,,False,False,47,shoulder_fall
2026-09-27,overlook_ridge,2026-11-14,490.0,0.9044799347394262,500.0,pacing,,False,False,48,shoulder_fall
2026-09-27,overlook_ridge,2026-11-15,350.0,0.028987359429271286,354.0,pacing,,False,False,49,shoulder_fall
2026-09-27,overlook_ridge,2026-11-16,336.0,0.030217492459012632,318.0,pacing,,False,False,50,shoulder_fall
2026-09-27,overlook_ridge,2026-11-17,355.0,0.05156649647899049,328.0,pacing,,False,False,51,shoulder_fall
2026-09-27,overlook_ridge,2026-11-18,370.0,0.04893137316888903,337.0,pacing,,False,False,52,shoulder_fall
2026-09-27,overlook_ridge,2026-11-19,375.0,0.026514972006736495,386.0,pacing,,False,False,53,shoulder_fall
2026-09-27,overlook_ridge,2026-11-23,600.0,0.009187147889063675,674.0,pacing,,False,False,57,early_winter
2026-09-27,overlook_ridge,2026-12-03,555.0,0.05283210231563992,601.0,pacing,,False,False,67,early_winter
2026-09-27,overlook_ridge,2026-12-04,695.0,0.1350915051311289,798.0,pacing,,False,False,68,early_winter
2026-09-27,overlook_ridge,2026-12-05,685.0,0.08532108280343802,782.0,pacing,,False,False,69,early_winter
2026-09-27,overlook_ridge,2026-12-06,590.0,0.044945158259380606,640.0,pacing,,False,False,70,early_winter
2026-09-27,overlook_ridge,2026-12-07,555.0,0.052856166012042495,608.0,pacing,,False,False,71,early_winter
2026-09-27,overlook_ridge,2026-12-08,530.0,0.058264767704687984,575.0,pacing,,False,False,72,early_winter
2026-09-27,overlook_ridge,2026-12-09,535.0,0.057007307946877285,581.0,pacing,,False,False,73,early_winter
2026-09-27,overlook_ridge,2026-12-10,655.0,0.031251456296755215,739.0,pacing,,False,False,74,early_winter
2026-09-27,overlook_ridge,2026-12-11,865.0,0.08378862241577834,1011.0,pacing,,False,False,75,early_winter
2026-09-27,overlook_ridge,2026-12-12,965.0,0.057883855901721015,1122.0,pacing,,False,False,76,early_winter
2026-09-27,overlook_ridge,2026-12-13,680.0,0.026442848101915356,788.0,pacing,,False,False,77,early_winter
2026-09-27,overlook_ridge,2026-12-14,650.0,0.03336267297752628,724.0,pacing,,False,False,78,early_winter
2026-09-27,overlook_ridge,2026-12-15,655.0,0.0060818435754189945,765.0,pacing,,False,False,79,peak_ski
2026-09-27,overlook_ridge,2026-12-16,710.0,0.005105180149471902,834.0,pacing,,False,False,80,peak_ski
2026-09-27,overlook_ridge,2026-12-17,915.0,0.0013374704410598426,1058.0,pacing,,False,False,81,peak_ski
2026-09-27,overlook_ridge,2026-12-18,1400.0,0.001,1624.0,pacing,,False,False,82,peak_ski
2026-09-27,overlook_ridge,2026-12-19,1990.0,0.001,2224.0,pacing,,False,False,83,peak_ski
2026-09-27,overlook_ridge,2026-12-20,2235.0,0.001,2492.0,pacing,,False,False,84,peak_ski
2026-09-27,overlook_ridge,2026-12-21,2545.0,0.001,2776.0,pacing,,False,False,85,peak_ski
2026-09-27,overlook_ridge,2026-12-22,2570.0,0.001,2798.0,pacing,,False,False,86,peak_ski
2026-09-27,overlook_ridge,2026-12-23,2595.0,0.001,2841.0,pacing,,False,False,87,peak_ski
2026-09-27,overlook_ridge,2026-12-24,2695.0,0.001,2956.0,pacing,,False,False,88,peak_ski
2026-09-27,overlook_ridge,2026-12-25,2765.0,0.001,3024.0,pacing,,False,False,89,peak_ski
2026-09-27,overlook_ridge,2026-12-26,2780.0,0.001,3016.0,pacing,,False,False,90,peak_ski
2026-09-27,overlook_ridge,2027-01-02,3305.0,0.001,3557.0,pacing,,False,False,97,peak_ski
2026-09-27,overlook_ridge,2027-01-03,1740.0,0.0947788975390155,1910.0,pacing,,False,False,98,peak_ski
2026-09-27,overlook_ridge,2027-01-04,1805.0,0.09095771536582532,1721.0,pacing,,False,False,99,peak_ski
2026-09-27,overlook_ridge,2027-01-05,1720.0,0.10805795791759099,1618.0,pacing,,False,False,100,peak_ski
2026-09-27,overlook_ridge,2027-01-06,1385.0,0.15418062575890526,1239.0,pacing,,False,False,101,peak_ski
2026-09-27,overlook_ridge,2027-01-07,1095.0,0.001,1288.0,pacing,,False,False,102,peak_ski
2026-09-27,overlook_ridge,2027-01-08,1445.0,0.001,1681.0,pacing,,False,False,103,peak_ski
2026-09-27,overlook_ridge,2027-01-09,1300.0,0.0027875033364538246,1513.0,pacing,,False,False,104,peak_ski
2026-09-27,overlook_ridge,2027-01-10,1195.0,0.001,1406.0,pacing,,False,False,105,peak_ski
2026-09-27,overlook_ridge,2027-01-11,905.0,0.0017655036595745743,1059.0,pacing,,False,False,106,peak_ski
2026-09-27,overlook_ridge,2027-01-12,1105.0,0.1891770772309719,995.0,pacing,,False,False,107,peak_ski
2026-09-27,overlook_ridge,2027-01-13,1410.0,0.1419265742565302,1271.0,pacing,,False,False,108,peak_ski
2026-09-27,overlook_ridge,2027-01-14,1370.0,0.001,1614.0,pacing,,False,False,109,peak_ski
2026-09-27,overlook_ridge,2027-01-15,1855.0,0.001,2382.0,pacing,,False,False,110,peak_ski
2026-09-27,overlook_ridge,2027-01-16,1855.0,0.001,2263.0,pacing,,False,False,111,peak_ski
2026-09-27,overlook_ridge,2027-01-17,1855.0,0.001,2245.0,pacing,,False,False,112,peak_ski
2026-09-27,overlook_ridge,2027-01-18,1035.0,0.001,1221.0,pacing,,False,False,113,peak_ski
2026-09-27,overlook_ridge,2027-01-19,1285.0,0.15492533655614618,1139.0,pacing,,False,False,114,peak_ski
2026-09-27,overlook_ridge,2027-01-20,1260.0,0.1540269995107857,1121.0,pacing,,False,False,115,peak_ski
2026-09-27,overlook_ridge,2027-01-21,1240.0,0.001,1442.0,pacing,,False,False,116,peak_ski
2026-09-27,overlook_ridge,2027-01-22,1855.0,0.001,2147.0,pacing,,False,False,117,peak_ski
2026-09-27,overlook_ridge,2027-01-23,1855.0,0.021816444174757265,2208.0,pacing,,False,False,118,peak_ski
2026-09-27,overlook_ridge,2027-01-24,1370.0,0.001,1597.0,pacing,,False,False,119,peak_ski
2026-09-27,overlook_ridge,2027-01-25,1325.0,0.001,1551.0,pacing,,False,False,120,peak_ski
2026-09-27,overlook_ridge,2027-01-26,1360.0,0.001,1571.0,pacing,,False,False,121,peak_ski
2026-09-27,overlook_ridge,2027-01-27,1390.0,0.001,1597.0,pacing,,False,False,122,peak_ski
2026-09-27,overlook_ridge,2027-01-28,1505.0,0.001,1731.0,pacing,,False,False,123,peak_ski
2026-09-27,overlook_ridge,2027-01-29,1855.0,0.001,2475.0,pacing,,False,False,124,peak_ski
2026-09-27,overlook_ridge,2027-01-30,1855.0,0.001,2437.0,pacing,,False,False,125,peak_ski
2026-09-27,overlook_ridge,2027-01-31,1400.0,0.001,1618.0,pacing,,False,False,126,peak_ski
2026-09-27,overlook_ridge,2027-02-01,1080.0,0.001,1261.0,pacing,,False,False,127,peak_ski
2026-09-27,overlook_ridge,2027-02-02,1075.0,0.001,1254.0,pacing,,False,False,128,peak_ski
2026-09-27,overlook_ridge,2027-02-03,1115.0,0.001,1306.0,pacing,,False,False,129,peak_ski
2026-09-27,overlook_ridge,2027-02-04,1720.0,0.001,1962.0,pacing,,False,False,130,peak_ski
2026-09-27,overlook_ridge,2027-02-05,1855.0,0.001,2634.0,pacing,,False,False,131,peak_ski
2026-09-27,overlook_ridge,2027-02-06,1855.0,0.001,2730.0,pacing,,False,False,132,peak_ski
2026-09-27,overlook_ridge,2027-02-07,1730.0,0.001,1960.0,pacing,,False,False,133,peak_ski
2026-09-27,overlook_ridge,2027-02-08,1710.0,0.001,1939.0,pacing,,False,False,134,peak_ski
2026-09-27,overlook_ridge,2027-02-09,1710.0,0.001,1932.0,pacing,,False,False,135,peak_ski
2026-09-27,overlook_ridge,2027-02-10,1720.0,0.001,1932.0,pacing,,False,False,136,peak_ski
2026-09-27,overlook_ridge,2027-02-11,1855.0,0.001,2388.0,pacing,,False,False,137,peak_ski
2026-09-27,overlook_ridge,2027-02-12,1855.0,0.001,3643.0,pacing,,False,False,138,peak_ski
2026-09-27,overlook_ridge,2027-02-13,1855.0,0.001,3645.0,pacing,,False,False,139,peak_ski
2026-09-27,overlook_ridge,2027-02-14,1855.0,0.001,3664.0,pacing,,False,False,140,peak_ski
2026-09-27,overlook_ridge,2027-02-15,1855.0,0.001,2230.0,pacing,,False,False,141,peak_ski
2026-09-27,overlook_ridge,2027-02-16,1800.0,0.001,2053.0,pacing,,False,False,142,peak_ski
2026-09-27,overlook_ridge,2027-02-17,1780.0,0.001,2019.0,pacing,,False,False,143,peak_ski
2026-09-27,overlook_ridge,2027-02-18,1855.0,0.001,2376.0,pacing,,False,False,144,peak_ski
2026-09-27,overlook_ridge,2027-02-19,1855.0,0.0010627122524596068,3178.0,pacing,,False,False,145,peak_ski
2026-09-27,overlook_ridge,2027-02-20,1855.0,0.0014725333627614017,3048.0,pacing,,False,False,146,peak_ski
2026-09-27,overlook_ridge,2027-02-21,1855.0,0.001,2168.0,pacing,,False,False,147,peak_ski
2026-09-27,overlook_ridge,2027-02-22,1485.0,0.001,1724.0,pacing,,False,False,148,peak_ski
2026-09-27,overlook_ridge,2027-02-23,1330.0,0.001,1556.0,pacing,,False,False,149,peak_ski
2026-09-27,overlook_ridge,2027-02-24,1415.0,0.001,1657.0,pacing,,False,False,150,peak_ski
2026-09-27,overlook_ridge,2027-02-25,1855.0,0.001,2360.0,pacing,,False,False,151,peak_ski
2026-09-27,overlook_ridge,2027-02-26,1855.0,0.0018299064941398788,2991.0,pacing,,False,False,152,peak_ski
2026-09-27,overlook_ridge,2027-02-27,1855.0,0.00215589436075987,2964.0,pacing,,False,False,153,peak_ski
2026-09-27,overlook_ridge,2027-02-28,1740.0,0.001,1990.0,pacing,,False,False,154,peak_ski
2026-09-27,overlook_ridge,2027-03-01,1335.0,0.001,1571.0,pacing,,False,False,155,peak_ski
2026-09-27,overlook_ridge,2027-03-02,1335.0,0.001,1590.0,pacing,,False,False,156,peak_ski
2026-09-27,overlook_ridge,2027-03-03,1350.0,0.001,1606.0,pacing,,False,False,157,peak_ski
2026-09-27,overlook_ridge,2027-03-04,1705.0,0.001,1960.0,pacing,,False,False,158,peak_ski
2026-09-27,overlook_ridge,2027-03-05,1855.0,0.002451165045549243,2546.0,pacing,,False,False,159,peak_ski
2026-09-27,overlook_ridge,2027-03-06,1855.0,0.0026803988274805104,2838.0,pacing,,False,False,160,peak_ski
2026-09-27,overlook_ridge,2027-03-07,1855.0,0.001,2386.0,pacing,,False,False,161,peak_ski
2026-09-27,overlook_ridge,2027-03-08,1855.0,0.001,2245.0,pacing,,False,False,162,peak_ski
2026-09-27,overlook_ridge,2027-03-09,1855.0,0.001,2184.0,pacing,,False,False,163,peak_ski
2026-09-27,overlook_ridge,2027-03-10,1855.0,0.001,2202.0,pacing,,False,False,164,peak_ski
2026-09-27,overlook_ridge,2027-03-11,1855.0,0.001,2374.0,pacing,,False,False,165,peak_ski
2026-09-27,overlook_ridge,2027-03-12,1855.0,0.002929874514560713,2859.0,pacing,,False,False,166,peak_ski
2026-09-27,overlook_ridge,2027-03-13,1855.0,0.0031745855513412346,2901.0,pacing,,False,False,167,peak_ski
2026-09-27,overlook_ridge,2027-03-14,1855.0,0.001,2994.0,pacing,,False,False,168,peak_ski
2026-09-27,overlook_ridge,2027-03-15,1855.0,0.001,2876.0,pacing,,False,False,169,peak_ski
2026-09-27,overlook_ridge,2027-03-16,1855.0,0.001,2843.0,pacing,,False,False,170,peak_ski
2026-09-27,overlook_ridge,2027-03-17,1855.0,0.001,2819.0,pacing,,False,False,171,peak_ski
2026-09-27,overlook_ridge,2027-03-18,1855.0,0.001,2842.0,pacing,,False,False,172,peak_ski
2026-09-27,overlook_ridge,2027-03-19,1855.0,0.0034129611644877563,2657.0,pacing,,False,False,173,peak_ski
2026-09-27,overlook_ridge,2027-03-20,1855.0,0.0036018507936730927,2591.0,pacing,,False,False,174,peak_ski
2026-09-27,overlook_ridge,2027-03-21,1515.0,0.001,1797.0,pacing,,False,False,175,peak_ski
2026-09-27,overlook_ridge,2027-03-22,1835.0,0.001,1771.0,pacing,,False,False,176,peak_ski
2026-09-27,overlook_ridge,2027-03-23,1775.0,0.001,2004.0,pacing,,False,False,177,peak_ski
2026-09-27,overlook_ridge,2027-03-24,1230.0,0.0031799587971911036,1437.0,pacing,,False,False,178,peak_ski
2026-09-27,overlook_ridge,2027-03-25,1310.0,0.002350489459281988,1545.0,pacing,,False,False,179,peak_ski
2026-09-27,overlook_ridge,2027-03-26,1475.0,0.008050464735054656,1713.0,pacing,,False,False,180,peak_ski
2026-09-27,overlook_ridge,2027-03-27,1330.0,0.009689560156529251,1559.0,pacing,,False,False,181,peak_ski
2026-09-27,overlook_ridge,2027-03-28,1085.0,0.004814718920435438,1260.0,pacing,,False,False,182,peak_ski
2026-09-27,overlook_ridge,2027-03-29,905.0,0.006772925846600928,992.0,pacing,,False,False,183,peak_ski
2026-09-27,overlook_ridge,2027-03-30,885.0,0.006999344758740718,904.0,pacing,,False,False,184,peak_ski
2026-09-27,overlook_ridge,2027-03-31,880.0,0.007062111586084011,904.0,pacing,,False,False,185,peak_ski
2026-09-27,overlook_ridge,2027-04-01,860.0,0.001,988.0,pacing,,False,False,186,shoulder_spring
2026-09-27,overlook_ridge,2027-04-02,875.0,0.009258196141327418,1025.0,pacing,,False,False,187,shoulder_spring
2026-09-27,overlook_ridge,2027-04-03,820.0,0.012068416724605102,956.0,pacing,,False,False,188,shoulder_spring
2026-09-27,overlook_ridge,2027-04-04,655.0,0.002661137307722021,763.0,pacing,,False,False,189,shoulder_spring
2026-09-27,overlook_ridge,2027-04-05,555.0,0.006538583487776951,615.0,pacing,,False,False,190,shoulder_spring
2026-09-27,overlook_ridge,2027-04-06,520.0,0.007871304996099575,570.0,pacing,,False,False,191,shoulder_spring
2026-09-27,overlook_ridge,2027-04-07,530.0,0.007487124627600552,583.0,pacing,,False,False,192,shoulder_spring
2026-09-27,overlook_ridge,2027-04-08,575.0,0.005798611074412708,648.0,pacing,,False,False,193,shoulder_spring
2026-09-27,overlook_ridge,2027-04-09,620.0,0.021652015105553153,666.0,pacing,,False,False,194,shoulder_spring
2026-09-27,overlook_ridge,2027-04-10,620.0,0.02142762631880834,663.0,pacing,,False,False,195,shoulder_spring
2026-09-27,overlook_ridge,2027-04-11,530.0,0.0074864914065764405,584.0,pacing,,False,False,196,shoulder_spring
2026-09-27,overlook_ridge,2027-04-12,505.0,0.008405053138698299,551.0,pacing,,False,False,197,shoulder_spring
2026-09-27,overlook_ridge,2027-04-13,480.0,0.009330688201352712,518.0,pacing,,False,False,198,shoulder_spring
2026-09-27,overlook_ridge,2027-04-14,490.0,0.008983304883422905,529.0,pacing,,False,False,199,shoulder_spring
2026-09-27,overlook_ridge,2027-04-15,510.0,0.008270384796473056,558.0,pacing,,False,False,200,shoulder_spring
2026-09-27,overlook_ridge,2027-04-16,600.0,0.022129476710526966,617.0,pacing,,False,False,201,shoulder_spring
2026-09-27,overlook_ridge,2027-04-17,585.0,0.022577484480615088,597.0,pacing,,False,False,202,shoulder_spring
2026-09-27,overlook_ridge,2027-04-18,505.0,0.008478812785159565,549.0,pacing,,False,False,203,shoulder_spring
2026-09-27,overlook_ridge,2027-04-19,465.0,0.009967727970502107,494.0,pacing,,False,False,204,shoulder_spring
2026-09-27,overlook_ridge,2027-04-20,455.0,0.01035056966488118,480.0,pacing,,False,False,205,shoulder_spring
2026-09-27,overlook_ridge,2027-04-21,465.0,0.010000083658947079,494.0,pacing,,False,False,206,shoulder_spring
2026-09-27,overlook_ridge,2027-04-22,500.0,0.00873814312910788,540.0,pacing,,False,False,207,shoulder_spring
2026-09-27,overlook_ridge,2027-04-23,605.0,0.02141399659676225,627.0,pacing,,False,False,208,shoulder_spring
2026-09-27,overlook_ridge,2027-04-24,600.0,0.021414854306118895,614.0,pacing,,False,False,209,shoulder_spring
2026-09-27,overlook_ridge,2027-04-25,520.0,0.008030135226537297,568.0,pacing,,False,False,210,shoulder_spring
2026-09-27,overlook_ridge,2027-04-26,485.0,0.009330233998190713,521.0,pacing,,False,False,211,shoulder_spring
2026-09-27,overlook_ridge,2027-04-27,485.0,0.009348873178792814,519.0,pacing,,False,False,212,shoulder_spring
2026-09-27,overlook_ridge,2027-04-28,480.0,0.0095490036600244,510.0,pacing,,False,False,213,shoulder_spring
2026-09-27,overlook_ridge,2027-04-29,485.0,0.009384783937913822,518.0,pacing,,False,False,214,shoulder_spring
2026-09-27,overlook_ridge,2027-04-30,565.0,0.02274583253247177,571.0,pacing,,False,False,215,shoulder_spring
2026-09-27,overlook_ridge,2027-05-01,560.0,0.022714257670669084,560.0,pacing,,False,False,216,shoulder_spring
2026-09-27,overlook_ridge,2027-05-02,490.0,0.009221407208298631,524.0,pacing,,False,False,217,shoulder_spring
2026-09-27,overlook_ridge,2027-05-03,465.0,0.010146060276603107,492.0,pacing,,False,False,218,shoulder_spring
2026-09-27,overlook_ridge,2027-05-04,470.0,0.00997982410760476,500.0,pacing,,False,False,219,shoulder_spring
2026-09-27,overlook_ridge,2027-05-05,485.0,0.009452585915834033,520.0,pacing,,False,False,220,shoulder_spring
2026-09-27,overlook_ridge,2027-05-06,495.0,0.009108558048400881,533.0,pacing,,False,False,221,shoulder_spring
2026-09-27,overlook_ridge,2027-05-07,570.0,0.022027475941117553,577.0,pacing,,False,False,222,shoulder_spring
2026-09-27,overlook_ridge,2027-05-08,555.0,0.022437213548806217,562.0,pacing,,False,False,223,shoulder_spring
2026-09-27,overlook_ridge,2027-05-09,490.0,0.009307787995503383,524.0,pacing,,False,False,224,shoulder_spring
2026-09-27,overlook_ridge,2027-05-10,475.0,0.009866507952147345,507.0,pacing,,False,False,225,shoulder_spring
2026-09-27,overlook_ridge,2027-05-11,470.0,0.010062271630040096,500.0,pacing,,False,False,226,shoulder_spring
2026-09-27,overlook_ridge,2027-05-12,485.0,0.009536850078008781,518.0,pacing,,False,False,227,shoulder_spring
2026-09-27,overlook_ridge,2027-05-13,490.0,0.00937347247695039,528.0,pacing,,False,False,228,shoulder_spring
2026-09-27,overlook_ridge,2027-05-14,570.0,0.0215534407191661,575.0,pacing,,False,False,229,shoulder_spring
2026-09-27,overlook_ridge,2027-05-15,575.0,0.021114871526076974,581.0,pacing,,False,False,230,shoulder_spring
2026-09-27,overlook_ridge,2027-05-16,505.0,0.008851727179086692,545.0,pacing,,False,False,231,shoulder_spring
2026-09-27,overlook_ridge,2027-05-17,490.0,0.009409173808125972,523.0,pacing,,False,False,232,shoulder_spring
2026-09-27,overlook_ridge,2027-05-18,485.0,0.009604944413106338,514.0,pacing,,False,False,233,shoulder_spring
2026-09-27,overlook_ridge,2027-05-19,490.0,0.00944126517670714,521.0,pacing,,False,False,234,shoulder_spring
2026-09-27,overlook_ridge,2027-05-20,495.0,0.009278213042101932,531.0,pacing,,False,False,235,shoulder_spring
2026-09-27,overlook_ridge,2027-05-21,575.0,0.020897580126291133,583.0,pacing,,False,False,236,shoulder_spring
2026-09-27,overlook_ridge,2027-05-22,570.0,0.020890073837892265,575.0,pacing,,False,False,237,shoulder_spring
2026-09-27,overlook_ridge,2027-05-23,510.0,0.008758585922651791,550.0,pacing,,False,False,238,shoulder_spring
2026-09-27,overlook_ridge,2027-05-24,490.0,0.009491813551319514,524.0,pacing,,False,False,239,shoulder_spring
2026-09-27,overlook_ridge,2027-05-25,500.0,0.009150511562658307,539.0,pacing,,False,False,240,shoulder_spring
2026-09-27,overlook_ridge,2027-05-26,495.0,0.009345874994076672,531.0,pacing,,False,False,241,shoulder_spring
2026-09-27,overlook_ridge,2027-05-27,540.0,0.0077585940848692685,591.0,pacing,,False,False,242,shoulder_spring
2026-09-27,overlook_ridge,2027-05-28,625.0,0.01841491118264109,729.0,pacing,,False,False,243,shoulder_spring
2026-09-27,overlook_ridge,2027-05-29,625.0,0.01827205278564045,728.0,pacing,,False,False,244,shoulder_spring
2026-09-27,overlook_ridge,2027-05-30,620.0,0.004933713389076736,698.0,pacing,,False,False,245,shoulder_spring
2026-09-27,overlook_ridge,2027-05-31,495.0,0.00941539576639737,528.0,pacing,,False,False,246,shoulder_spring
2026-09-27,overlook_ridge,2027-06-01,540.0,0.021788536425885744,573.0,pacing,,False,False,247,summer
2026-09-27,overlook_ridge,2027-06-02,530.0,0.0224284534494414,557.0,pacing,,False,False,248,summer
2026-09-27,overlook_ridge,2027-06-03,585.0,0.018730892809245506,631.0,pacing,,False,False,249,summer
2026-09-27,overlook_ridge,2027-06-04,695.0,0.029061800454306404,742.0,pacing,,False,False,250,summer
2026-09-27,overlook_ridge,2027-06-05,695.0,0.02889944962944542,751.0,pacing,,False,False,251,summer
2026-09-27,overlook_ridge,2027-06-06,600.0,0.01772637910342475,653.0,pacing,,False,False,252,summer
2026-09-27,overlook_ridge,2027-06-07,570.0,0.01970532555709813,608.0,pacing,,False,False,253,summer
2026-09-27,overlook_ridge,2027-06-08,555.0,0.020674896572837234,589.0,pacing,,False,False,254,summer
2026-09-27,overlook_ridge,2027-06-09,590.0,0.01835773724805062,639.0,pacing,,False,False,255,summer
2026-09-27,overlook_ridge,2027-06-10,715.0,0.005129028581311072,839.0,pacing,,False,False,256,summer
2026-09-27,overlook_ridge,2027-06-11,810.0,0.020431766787678333,951.0,pacing,,False,False,257,summer
2026-09-27,overlook_ridge,2027-06-12,825.0,0.019481213842142395,962.0,pacing,,False,False,258,summer
2026-09-27,overlook_ridge,2027-06-13,725.0,0.004405527736159095,891.0,pacing,,False,False,259,summer
2026-09-27,overlook_ridge,2027-06-14,735.0,0.0038173006630991897,880.0,pacing,,False,False,260,summer
2026-09-27,overlook_ridge,2027-06-15,795.0,0.001,959.0,pacing,,False,False,261,summer
2026-09-27,overlook_ridge,2027-06-16,850.0,0.001,1023.0,pacing,,False,False,262,summer
2026-09-27,overlook_ridge,2027-06-17,1170.0,0.001,1375.0,pacing,,False,False,263,summer
2026-09-27,overlook_ridge,2027-06-18,1230.0,0.001,1433.0,pacing,,False,False,264,summer
2026-09-27,overlook_ridge,2027-06-19,1205.0,0.001,1416.0,pacing,,False,False,265,summer
2026-09-27,overlook_ridge,2027-06-20,910.0,0.001,1065.0,pacing,,False,False,266,summer
2026-09-27,overlook_ridge,2027-06-21,875.0,0.001,1019.0,pacing,,False,False,267,summer
2026-09-27,overlook_ridge,2027-06-22,780.0,0.001327252901576411,1005.0,pacing,,False,False,268,summer
2026-09-27,overlook_ridge,2027-06-23,845.0,0.001,977.0,pacing,,False,False,269,summer
2026-09-27,overlook_ridge,2027-06-24,1040.0,0.001,1215.0,pacing,,False,False,270,summer
2026-09-27,overlook_ridge,2027-06-25,1265.0,0.001,1477.0,pacing,,False,False,271,summer
2026-09-27,overlook_ridge,2027-06-26,1205.0,0.001,1370.0,pacing,,False,False,272,summer
2026-09-27,overlook_ridge,2027-06-27,1040.0,0.001,1191.0,pacing,,False,False,273,summer
2026-09-27,overlook_ridge,2027-06-28,930.0,0.001,1071.0,pacing,,False,False,274,summer
2026-09-27,overlook_ridge,2027-06-29,900.0,0.001,1030.0,pacing,,False,False,275,summer
2026-09-27,overlook_ridge,2027-06-30,1070.0,0.001,1240.0,pacing,,False,False,276,summer
2026-09-27,overlook_ridge,2027-07-01,1135.0,0.001,1301.0,pacing,,False,False,277,summer
2026-09-27,overlook_ridge,2027-07-02,1855.0,0.001,2088.0,pacing,,False,False,278,summer
2026-09-27,overlook_ridge,2027-07-03,1855.0,0.001,2071.0,pacing,,False,False,279,summer
2026-09-27,overlook_ridge,2027-07-04,1855.0,0.001,2030.0,pacing,,False,False,280,summer
2026-09-27,overlook_ridge,2027-07-05,935.0,0.001,1049.0,pacing,,False,False,281,summer
2026-09-27,overlook_ridge,2027-07-06,925.0,0.001,1040.0,pacing,,False,False,282,summer
2026-09-27,overlook_ridge,2027-07-07,1000.0,0.001,1125.0,pacing,,False,False,283,summer
2026-09-27,overlook_ridge,2027-07-08,1305.0,0.001,1485.0,pacing,,False,False,284,summer
2026-09-27,overlook_ridge,2027-07-09,1855.0,0.001,2036.0,pacing,,False,False,285,summer
2026-09-27,overlook_ridge,2027-07-10,1855.0,0.001,2100.0,pacing,,False,False,286,summer
2026-09-27,overlook_ridge,2027-07-11,1320.0,0.001,1500.0,pacing,,False,False,287,summer
2026-09-27,overlook_ridge,2027-07-12,1330.0,0.001,1484.0,pacing,,False,False,288,summer
2026-09-27,overlook_ridge,2027-07-13,1310.0,0.001,1461.0,pacing,,False,False,289,summer
2026-09-27,overlook_ridge,2027-07-14,1310.0,0.001,1463.0,pacing,,False,False,290,summer
2026-09-27,overlook_ridge,2027-07-15,1375.0,0.001,1556.0,pacing,,False,False,291,summer
2026-09-27,overlook_ridge,2027-07-16,1745.0,0.001,1959.0,pacing,,False,False,292,summer
2026-09-27,overlook_ridge,2027-07-17,1755.0,0.001,1971.0,pacing,,False,False,293,summer
2026-09-27,overlook_ridge,2027-07-18,1445.0,0.001,1669.0,pacing,,False,False,294,summer
2026-09-27,overlook_ridge,2027-07-19,1265.0,0.001,1444.0,pacing,,False,False,295,summer
2026-09-27,overlook_ridge,2027-07-20,1250.0,0.001,1429.0,pacing,,False,False,296,summer
2026-09-27,overlook_ridge,2027-07-21,1230.0,0.001,1240.0,pacing,,False,False,297,summer
2026-09-27,overlook_ridge,2027-07-22,1255.0,0.001,1441.0,pacing,,False,False,298,summer
2026-09-27,overlook_ridge,2027-07-23,1565.0,0.001,1778.0,pacing,,False,False,299,summer
2026-09-27,overlook_ridge,2027-07-24,1565.0,0.001,1785.0,pacing,,False,False,300,summer
2026-09-27,overlook_ridge,2027-07-25,1265.0,0.001,1455.0,pacing,,False,False,301,summer
2026-09-27,overlook_ridge,2027-07-26,1110.0,0.001,1326.0,pacing,,False,False,302,summer
2026-09-27,overlook_ridge,2027-07-27,1105.0,0.001,1326.0,pacing,,False,False,303,summer
2026-09-27,overlook_ridge,2027-07-28,1080.0,0.001,1291.0,pacing,,False,False,304,summer
2026-09-27,overlook_ridge,2027-07-29,1200.0,0.001,1406.0,pacing,,False,False,305,summer
2026-09-27,overlook_ridge,2027-07-30,1440.0,0.001,1683.0,pacing,,False,False,306,summer
2026-09-27,overlook_ridge,2027-07-31,1325.0,0.001,1545.0,pacing,,False,False,307,summer
2026-09-27,overlook_ridge,2027-08-01,1015.0,0.001,1176.0,pacing,,False,False,308,summer
2026-09-27,overlook_ridge,2027-08-02,865.0,0.0078108937394764134,1002.0,pacing,,False,False,309,summer
2026-09-27,overlook_ridge,2027-08-03,840.0,0.009343117472703479,980.0,pacing,,False,False,310,summer
2026-09-27,overlook_ridge,2027-08-04,835.0,0.009696650821286231,977.0,pacing,,False,False,311,summer
2026-09-27,overlook_ridge,2027-08-05,955.0,0.0028559204876210807,1116.0,pacing,,False,False,312,summer
2026-09-27,overlook_ridge,2027-08-06,1075.0,0.015142245909801455,1261.0,pacing,,False,False,313,summer
2026-09-27,overlook_ridge,2027-08-07,1045.0,0.016496967575649762,1225.0,pacing,,False,False,314,summer
2026-09-27,overlook_ridge,2027-08-08,815.0,0.010990639370083048,955.0,pacing,,False,False,315,summer
2026-09-27,overlook_ridge,2027-08-09,720.0,0.01645579955597568,844.0,pacing,,False,False,316,summer
2026-09-27,overlook_ridge,2027-08-10,705.0,0.01731878737441445,825.0,pacing,,False,False,317,summer
2026-09-27,overlook_ridge,2027-08-11,705.0,0.01732339148392179,828.0,pacing,,False,False,318,summer
2026-09-27,overlook_ridge,2027-08-12,785.0,0.012822701360463422,915.0,pacing,,False,False,319,summer
2026-09-27,overlook_ridge,2027-08-13,905.0,0.022432843031793333,1055.0,pacing,,False,False,320,summer
2026-09-27,overlook_ridge,2027-08-14,860.0,0.02426215577045456,1006.0,pacing,,False,False,321,summer
2026-09-27,overlook_ridge,2027-08-15,695.0,0.017908022220605037,814.0,pacing,,False,False,322,summer
2026-09-27,overlook_ridge,2027-08-16,695.0,0.017907675468184104,813.0,pacing,,False,False,323,summer
2026-09-27,overlook_ridge,2027-08-17,695.0,0.017900866599503944,772.0,pacing,,False,False,324,summer
2026-09-27,overlook_ridge,2027-08-18,695.0,0.01789601940488573,766.0,pacing,,False,False,325,summer
2026-09-27,overlook_ridge,2027-08-19,695.0,0.017889679981677568,777.0,pacing,,False,False,326,summer
2026-09-27,overlook_ridge,2027-08-20,815.0,0.026046919188393153,957.0,pacing,,False,False,327,summer
2026-09-27,overlook_ridge,2027-08-21,810.0,0.026197297252653507,949.0,pacing,,False,False,328,summer
2026-09-27,overlook_ridge,2027-08-22,695.0,0.017886240215979538,775.0,pacing,,False,False,329,summer
2026-09-27,overlook_ridge,2027-08-23,695.0,0.017881124060558765,760.0,pacing,,False,False,330,summer
2026-09-27,overlook_ridge,2027-08-24,675.0,0.018965388217082477,729.0,pacing,,False,False,331,summer
2026-09-27,overlook_ridge,2027-08-25,670.0,0.019221720207286106,718.0,pacing,,False,False,332,summer
2026-09-27,overlook_ridge,2027-08-26,660.0,0.019746938660863845,704.0,pacing,,False,False,333,summer
2026-09-27,overlook_ridge,2027-08-27,735.0,0.029175907616966156,851.0,pacing,,False,False,334,summer
2026-09-27,overlook_ridge,2027-08-28,710.0,0.030036169703870866,824.0,pacing,,False,False,335,summer
2026-09-27,overlook_ridge,2027-08-29,695.0,0.017833354946137813,768.0,pacing,,False,False,336,summer
2026-09-27,overlook_ridge,2027-08-30,560.0,0.02509530682062936,573.0,pacing,,False,False,337,summer
2026-09-27,overlook_ridge,2027-08-31,540.0,0.026116799204763556,550.0,pacing,,False,False,338,summer
2026-09-27,overlook_ridge,2027-09-01,550.0,0.025522310083709233,557.0,pacing,,False,False,339,summer
2026-09-27,overlook_ridge,2027-09-02,625.0,0.021456106057861874,659.0,pacing,,False,False,340,summer
2026-09-27,overlook_ridge,2027-09-03,880.0,0.02310112059918143,1036.0,pacing,,False,False,341,summer
2026-09-27,overlook_ridge,2027-09-04,880.0,0.02304146012423066,1036.0,pacing,,False,False,342,summer
2026-09-27,overlook_ridge,2027-09-05,845.0,0.00969612577301705,993.0,pacing,,False,False,343,summer
2026-09-27,overlook_ridge,2027-09-06,545.0,0.02568114256246037,546.0,pacing,,False,False,344,summer
2026-09-27,overlook_ridge,2027-09-07,605.0,0.022449558618660426,607.0,pacing,,False,False,345,summer
2026-09-27,overlook_ridge,2027-09-08,605.0,0.022408347948800787,608.0,pacing,,False,False,346,summer
2026-09-27,overlook_ridge,2027-09-09,650.0,0.020000208631161764,656.0,pacing,,False,False,347,summer
2026-09-27,overlook_ridge,2027-09-10,695.0,0.030233915517391043,757.0,pacing,,False,False,348,summer
2026-09-27,overlook_ridge,2027-09-11,695.0,0.030061979170717595,742.0,pacing,,False,False,349,summer
2026-09-27,overlook_ridge,2027-09-12,695.0,0.01761554125111069,768.0,pacing,,False,False,350,summer
2026-09-27,overlook_ridge,2027-09-13,585.0,0.023346320913170335,591.0,pacing,,False,False,351,summer
2026-09-27,overlook_ridge,2027-09-14,580.0,0.023561355451311116,591.0,pacing,,False,False,352,summer
2026-09-27,overlook_ridge,2027-09-15,585.0,0.023254821778856363,591.0,pacing,,False,False,353,summer
2026-09-27,overlook_ridge,2027-09-16,610.0,0.008436693727384858,662.0,pacing,,False,False,354,shoulder_fall
2026-09-27,overlook_ridge,2027-09-17,665.0,0.026498225501587792,742.0,pacing,,False,False,355,shoulder_fall
2026-09-27,overlook_ridge,2027-09-18,620.0,0.029450985564198257,718.0,pacing,,False,False,356,shoulder_fall
2026-09-27,overlook_ridge,2027-09-19,545.0,0.01333034778523153,610.0,pacing,,False,False,357,shoulder_fall
2026-09-27,overlook_ridge,2027-09-20,490.0,0.017403212160308677,530.0,pacing,,False,False,358,shoulder_fall
2026-09-27,overlook_ridge,2027-09-21,485.0,0.01774284661748471,524.0,pacing,,False,False,359,shoulder_fall
2026-09-27,overlook_ridge,2027-09-22,495.0,0.01699443119865179,534.0,pacing,,False,False,360,shoulder_fall
2026-09-27,overlook_ridge,2027-09-23,565.0,0.011869659853509336,628.0,pacing,,False,False,361,shoulder_fall
2026-09-27,overlook_ridge,2027-09-24,620.0,0.0292384461081854,715.0,pacing,,False,False,362,shoulder_fall
2026-09-27,overlook_ridge,2027-09-25,620.0,0.029025129296843734,713.0,pacing,,False,False,363,shoulder_fall
2026-09-27,overlook_ridge,2027-09-26,540.0,0.013700174374899577,611.0,pacing,,False,False,364,shoulder_fall
2026-09-27,overlook_ridge,2027-09-27,500.0,0.016584947023958706,541.0,pacing,,False,False,365,shoulder_fall
2026-09-27,cloud_9,2026-09-28,710.0,0.10555476291129788,800.0,pacing,,False,True,1,shoulder_fall
2026-09-27,cloud_9,2026-10-05,750.0,0.001,850.0,pacing,,False,False,8,shoulder_fall
2026-09-27,cloud_9,2026-10-06,750.0,0.001,850.0,pacing,,False,False,9,shoulder_fall
2026-09-27,cloud_9,2026-10-07,750.0,0.001,850.0,pacing,,False,False,10,shoulder_fall
2026-09-27,cloud_9,2026-10-08,750.0,0.001,850.0,pacing,,False,False,11,shoulder_fall
2026-09-27,cloud_9,2026-10-09,770.0,0.2428239116200225,850.0,pacing,,False,False,12,shoulder_fall
2026-09-27,cloud_9,2026-10-10,770.0,0.2528971512639193,850.0,pacing,,False,False,13,shoulder_fall
2026-09-27,cloud_9,2026-10-11,750.0,0.001,850.0,pacing,,False,False,14,shoulder_fall
2026-09-27,cloud_9,2026-10-12,750.0,0.001,850.0,pacing,,False,False,15,shoulder_fall
2026-09-27,cloud_9,2026-10-13,750.0,0.001,850.0,pacing,,False,False,16,shoulder_fall
2026-09-27,cloud_9,2026-10-19,750.0,0.001,850.0,pacing,,False,False,22,shoulder_fall
2026-09-27,cloud_9,2026-10-20,750.0,0.001,850.0,pacing,,False,False,23,shoulder_fall
2026-09-27,cloud_9,2026-10-21,750.0,0.001,850.0,pacing,,False,False,24,shoulder_fall
2026-09-27,cloud_9,2026-10-22,750.0,0.001,850.0,pacing,,False,False,25,shoulder_fall
2026-09-27,cloud_9,2026-10-23,765.0,0.28777004459830835,850.0,pacing,,False,False,26,shoulder_fall
2026-09-27,cloud_9,2026-10-24,765.0,0.2907545052118803,850.0,pacing,,False,False,27,shoulder_fall
2026-09-27,cloud_9,2026-10-25,750.0,0.001,850.0,pacing,,False,False,28,shoulder_fall
2026-09-27,cloud_9,2026-10-26,750.0,0.001,850.0,pacing,,False,False,29,shoulder_fall
2026-09-27,cloud_9,2026-10-27,750.0,0.001,850.0,pacing,,False,False,30,shoulder_fall
2026-09-27,cloud_9,2026-10-28,750.0,0.001,850.0,pacing,,False,False,31,shoulder_fall
2026-09-27,cloud_9,2026-10-29,750.0,0.001,850.0,pacing,,False,False,32,shoulder_fall
2026-09-27,cloud_9,2026-10-30,765.0,0.2929399662386018,850.0,pacing,,False,False,33,shoulder_fall
2026-09-27,cloud_9,2026-10-31,765.0,0.28667301511575266,850.0,pacing,,False,False,34,shoulder_fall
2026-09-27,cloud_9,2026-11-01,685.0,0.001,765.0,pacing,,False,False,35,shoulder_fall
2026-09-27,cloud_9,2026-11-02,685.0,0.001,765.0,pacing,,False,False,36,shoulder_fall
2026-09-27,cloud_9,2026-11-03,685.0,0.001,765.0,pacing,,False,False,37,shoulder_fall
2026-09-27,cloud_9,2026-11-04,685.0,0.001,765.0,pacing,,False,False,38,shoulder_fall
2026-09-27,cloud_9,2026-11-05,685.0,0.001,765.0,pacing,,False,False,39,shoulder_fall
2026-09-27,cloud_9,2026-11-06,695.0,0.01503635143481566,765.0,pacing,,False,False,40,shoulder_fall
2026-09-27,cloud_9,2026-11-07,695.0,0.01721558088076028,765.0,pacing,,False,False,41,shoulder_fall
2026-09-27,cloud_9,2026-11-08,685.0,0.001,765.0,pacing,,False,False,42,shoulder_fall
2026-09-27,cloud_9,2026-11-09,685.0,0.001,765.0,pacing,,False,False,43,shoulder_fall
2026-09-27,cloud_9,2026-11-10,685.0,0.001,765.0,pacing,,False,False,44,shoulder_fall
2026-09-27,cloud_9,2026-11-11,685.0,0.001,765.0,pacing,,False,False,45,shoulder_fall
2026-09-27,cloud_9,2026-11-12,685.0,0.001,765.0,pacing,,False,False,46,shoulder_fall
2026-09-27,cloud_9,2026-11-13,695.0,0.45453506582784453,765.0,pacing,,False,False,47,shoulder_fall
2026-09-27,cloud_9,2026-11-14,690.0,0.4361524171060588,765.0,pacing,,False,False,48,shoulder_fall
2026-09-27,cloud_9,2026-11-15,685.0,0.001,765.0,pacing,,False,False,49,shoulder_fall
2026-09-27,cloud_9,2026-11-16,685.0,0.001,765.0,pacing,,False,False,50,shoulder_fall
2026-09-27,cloud_9,2026-11-17,685.0,0.001,765.0,pacing,,False,False,51,shoulder_fall
2026-09-27,cloud_9,2026-11-18,685.0,0.001,765.0,pacing,,False,False,52,shoulder_fall
2026-09-27,cloud_9,2026-11-19,685.0,0.001,765.0,pacing,,False,False,53,shoulder_fall
2026-09-27,cloud_9,2026-11-20,695.0,0.01936979287766763,765.0,pacing,,False,False,54,shoulder_fall
2026-09-27,cloud_9,2026-11-21,705.0,0.049723498997365626,765.0,pacing,,False,False,55,early_winter
2026-09-27,cloud_9,2026-11-22,685.0,0.0015499923471339974,765.0,pacing,,False,False,56,early_winter
2026-09-27,cloud_9,2026-11-23,770.0,0.001,876.0,pacing,,False,False,57,early_winter
2026-09-27,cloud_9,2026-11-29,750.0,0.001,850.0,pacing,,False,False,63,early_winter
2026-09-27,cloud_9,2026-11-30,750.0,0.0014680050193047768,850.0,pacing,,False,False,64,early_winter
2026-09-27,cloud_9,2026-12-01,750.0,0.003507356489477119,850.0,pacing,,False,False,65,early_winter
2026-09-27,cloud_9,2026-12-02,750.0,0.0058591081772605665,850.0,pacing,,False,False,66,early_winter
2026-09-27,cloud_9,2026-12-03,750.0,0.00849175732823708,850.0,pacing,,False,False,67,early_winter
2026-09-27,cloud_9,2026-12-06,770.0,0.004549507389361124,859.0,pacing,,False,False,70,early_winter
2026-09-27,cloud_9,2026-12-07,750.0,0.009692752162537547,850.0,pacing,,False,False,71,early_winter
2026-09-27,cloud_9,2026-12-08,750.0,0.010186802313903308,850.0,pacing,,False,False,72,early_winter
2026-09-27,cloud_9,2026-12-09,750.0,0.010593746191472143,850.0,pacing,,False,False,73,early_winter
2026-09-27,cloud_9,2026-12-10,790.0,0.0024601166077115834,912.0,pacing,,False,False,74,early_winter
2026-09-27,cloud_9,2026-12-11,1095.0,0.001,1292.0,pacing,,False,False,75,early_winter
2026-09-27,cloud_9,2026-12-12,1240.0,0.001,1449.0,pacing,,False,False,76,early_winter
2026-09-27,cloud_9,2026-12-13,885.0,0.001,1030.0,pacing,,False,False,77,early_winter
2026-09-27,cloud_9,2026-12-14,800.0,0.002313685813031914,919.0,pacing,,False,False,78,early_winter
2026-09-27,cloud_9,2027-01-06,1795.0,0.0956855041424079,1697.0,pacing,,False,False,101,peak_ski
2026-09-27,cloud_9,2027-01-07,1215.0,0.001,1429.0,pacing,,False,False,102,peak_ski
2026-09-27,cloud_9,2027-01-08,1535.0,0.001,1792.0,pacing,,False,False,103,peak_ski
2026-09-27,cloud_9,2027-01-09,1385.0,0.0013527912530192714,1624.0,pacing,,False,False,104,peak_ski
2026-09-27,cloud_9,2027-01-10,1300.0,0.001,1532.0,pacing,,False,False,105,peak_ski
2026-09-27,cloud_9,2027-01-11,980.0,0.001,1148.0,pacing,,False,False,106,peak_ski
2026-09-27,cloud_9,2027-01-12,1225.0,0.1725111101817174,1098.0,pacing,,False,False,107,peak_ski
2026-09-27,cloud_9,2027-01-13,1575.0,0.11945359998086699,1438.0,pacing,,False,False,108,peak_ski
2026-09-27,cloud_9,2027-01-14,1590.0,0.001,1859.0,pacing,,False,False,109,peak_ski
2026-09-27,cloud_9,2027-01-15,2385.0,0.001,2665.0,pacing,,False,False,110,peak_ski
2026-09-27,cloud_9,2027-01-16,2275.0,0.001,2542.0,pacing,,False,False,111,peak_ski
2026-09-27,cloud_9,2027-01-17,2260.0,0.001,2532.0,pacing,,False,False,112,peak_ski
2026-09-27,cloud_9,2027-01-18,1165.0,0.001,1375.0,pacing,,False,False,113,peak_ski
2026-09-27,cloud_9,2027-01-19,1475.0,0.12967132233314665,1320.0,pacing,,False,False,114,peak_ski
2026-09-27,cloud_9,2027-01-20,1420.0,0.1332210954517231,1272.0,pacing,,False,False,115,peak_ski
2026-09-27,cloud_9,2027-01-21,1475.0,0.001,1722.0,pacing,,False,False,116,peak_ski
2026-09-27,cloud_9,2027-01-22,2240.0,0.001,2483.0,pacing,,False,False,117,peak_ski
2026-09-27,cloud_9,2027-01-23,2385.0,0.001,2636.0,pacing,,False,False,118,peak_ski
2026-09-27,cloud_9,2027-01-24,1615.0,0.001,1853.0,pacing,,False,False,119,peak_ski
2026-09-27,cloud_9,2027-01-25,1610.0,0.001,1863.0,pacing,,False,False,120,peak_ski
2026-09-27,cloud_9,2027-01-26,1605.0,0.001,1858.0,pacing,,False,False,121,peak_ski
2026-09-27,cloud_9,2027-01-27,1670.0,0.001,1913.0,pacing,,False,False,122,peak_ski
2026-09-27,cloud_9,2027-01-28,1860.0,0.001,2107.0,pacing,,False,False,123,peak_ski
2026-09-27,cloud_9,2027-01-29,2385.0,0.001,2908.0,pacing,,False,False,124,peak_ski
2026-09-27,cloud_9,2027-01-30,2385.0,0.001,2936.0,pacing,,False,False,125,peak_ski
2026-09-27,cloud_9,2027-01-31,1670.0,0.001,1903.0,pacing,,False,False,126,peak_ski
2026-09-27,cloud_9,2027-02-01,1190.0,0.001,1394.0,pacing,,False,False,127,peak_ski
2026-09-27,cloud_9,2027-02-02,1185.0,0.001,1388.0,pacing,,False,False,128,peak_ski
2026-09-27,cloud_9,2027-02-03,1230.0,0.001,1449.0,pacing,,False,False,129,peak_ski
2026-09-27,cloud_9,2027-02-04,2030.0,0.001,2291.0,pacing,,False,False,130,peak_ski
2026-09-27,cloud_9,2027-02-05,2385.0,0.001,2892.0,pacing,,False,False,131,peak_ski
2026-09-27,cloud_9,2027-02-06,2385.0,0.001,3044.0,pacing,,False,False,132,peak_ski
2026-09-27,cloud_9,2027-02-07,1980.0,0.001,2213.0,pacing,,False,False,133,peak_ski
2026-09-27,cloud_9,2027-02-08,1895.0,0.001,2113.0,pacing,,False,False,134,peak_ski
2026-09-27,cloud_9,2027-02-09,1880.0,0.001,2101.0,pacing,,False,False,135,peak_ski
2026-09-27,cloud_9,2027-02-10,1940.0,0.001,2160.0,pacing,,False,False,136,peak_ski
2026-09-27,cloud_9,2027-02-11,2345.0,0.001,2615.0,pacing,,False,False,137,peak_ski
2026-09-27,cloud_9,2027-02-12,2385.0,0.001,3863.0,pacing,,False,False,138,peak_ski
2026-09-27,cloud_9,2027-02-13,2385.0,0.001,3824.0,pacing,,False,False,139,peak_ski
2026-09-27,cloud_9,2027-02-14,2385.0,0.001,3936.0,pacing,,False,False,140,peak_ski
2026-09-27,cloud_9,2027-02-15,2150.0,0.001,2388.0,pacing,,False,False,141,peak_ski
2026-09-27,cloud_9,2027-02-16,1945.0,0.001,2183.0,pacing,,False,False,142,peak_ski
2026-09-27,cloud_9,2027-02-17,1980.0,0.001,2213.0,pacing,,False,False,143,peak_ski
2026-09-27,cloud_9,2027-02-18,2260.0,0.001,2511.0,pacing,,False,False,144,peak_ski
2026-09-27,cloud_9,2027-02-19,2385.0,0.001,3566.0,pacing,,False,False,145,peak_ski
2026-09-27,cloud_9,2027-02-20,2385.0,0.001,3278.0,pacing,,False,False,146,peak_ski
2026-09-27,cloud_9,2027-02-21,2060.0,0.001,2326.0,pacing,,False,False,147,peak_ski
2026-09-27,cloud_9,2027-02-22,1590.0,0.001,1838.0,pacing,,False,False,148,peak_ski
2026-09-27,cloud_9,2027-02-23,1385.0,0.001,1627.0,pacing,,False,False,149,peak_ski
2026-09-27,cloud_9,2027-02-24,1505.0,0.001,1755.0,pacing,,False,False,150,peak_ski
2026-09-27,cloud_9,2027-02-25,2305.0,0.001,2565.0,pacing,,False,False,151,peak_ski
2026-09-27,cloud_9,2027-02-26,2385.0,0.001,3220.0,pacing,,False,False,152,peak_ski
2026-09-27,cloud_9,2027-02-27,2385.0,0.001,3050.0,pacing,,False,False,153,peak_ski
2026-09-27,cloud_9,2027-02-28,1810.0,0.001,2058.0,pacing,,False,False,154,peak_ski
2026-09-27,cloud_9,2027-03-01,1365.0,0.001,1609.0,pacing,,False,False,155,peak_ski
2026-09-27,cloud_9,2027-03-02,1370.0,0.001,1612.0,pacing,,False,False,156,peak_ski
2026-09-27,cloud_9,2027-03-03,1375.0,0.001,1621.0,pacing,,False,False,157,peak_ski
2026-09-27,cloud_9,2027-03-04,1765.0,0.001,2009.0,pacing,,False,False,158,peak_ski
2026-09-27,cloud_9,2027-03-05,2385.0,0.001,2746.0,pacing,,False,False,159,peak_ski
2026-09-27,cloud_9,2027-03-06,2385.0,0.001,2922.0,pacing,,False,False,160,peak_ski
2026-09-27,cloud_9,2027-03-07,2195.0,0.001,2455.0,pacing,,False,False,161,peak_ski
2026-09-27,cloud_9,2027-03-08,2025.0,0.001,2294.0,pacing,,False,False,162,peak_ski
2026-09-27,cloud_9,2027-03-09,1985.0,0.001,2252.0,pacing,,False,False,163,peak_ski
2026-09-27,cloud_9,2027-03-10,1985.0,0.001,2249.0,pacing,,False,False,164,peak_ski
2026-09-27,cloud_9,2027-03-11,2235.0,0.001,2492.0,pacing,,False,False,165,peak_ski
2026-09-27,cloud_9,2027-03-12,2385.0,0.001,2995.0,pacing,,False,False,166,peak_ski
2026-09-27,cloud_9,2027-03-13,2385.0,0.001,3060.0,pacing,,False,False,167,peak_ski
2026-09-27,cloud_9,2027-03-14,2385.0,0.001,3159.0,pacing,,False,False,168,peak_ski
2026-09-27,cloud_9,2027-03-15,2385.0,0.001,3038.0,pacing,,False,False,169,peak_ski
2026-09-27,cloud_9,2027-03-16,2385.0,0.001,3003.0,pacing,,False,False,170,peak_ski
2026-09-27,cloud_9,2027-03-17,2385.0,0.001,2978.0,pacing,,False,False,171,peak_ski
2026-09-27,cloud_9,2027-03-18,2385.0,0.001,2979.0,pacing,,False,False,172,peak_ski
2026-09-27,cloud_9,2027-03-19,2385.0,0.001,2688.0,pacing,,False,False,173,peak_ski
2026-09-27,cloud_9,2027-03-20,2385.0,0.001,2648.0,pacing,,False,False,174,peak_ski
2026-09-27,cloud_9,2027-03-21,1580.0,0.001,1857.0,pacing,,False,False,175,peak_ski
2026-09-27,cloud_9,2027-03-22,1945.0,0.001,1839.0,pacing,,False,False,176,peak_ski
2026-09-27,cloud_9,2027-03-23,1925.0,0.001,2133.0,pacing,,False,False,177,peak_ski
2026-09-27,cloud_9,2027-03-24,1350.0,0.0018804425822829185,1555.0,pacing,,False,False,178,peak_ski
2026-09-27,cloud_9,2027-03-25,1460.0,0.001,1715.0,pacing,,False,False,179,peak_ski
2026-09-27,cloud_9,2027-03-26,1645.0,0.006139081441898973,1887.0,pacing,,False,False,180,peak_ski
2026-09-27,cloud_9,2027-03-27,1460.0,0.008243660521156826,1709.0,pacing,,False,False,181,peak_ski
2026-09-27,cloud_9,2027-03-28,1195.0,0.003630036046009537,1394.0,pacing,,False,False,182,peak_ski
2026-09-27,cloud_9,2027-03-29,1035.0,0.005375666575946918,1127.0,pacing,,False,False,183,peak_ski
2026-09-27,cloud_9,2027-03-30,1020.0,0.005550092264311336,1079.0,pacing,,False,False,184,peak_ski
2026-09-27,cloud_9,2027-03-31,1035.0,0.0053997562404510795,1108.0,pacing,,False,False,185,peak_ski
2026-09-27,cloud_9,2027-04-01,1055.0,0.001,1227.0,pacing,,False,False,186,shoulder_spring
2026-09-27,cloud_9,2027-04-02,1110.0,0.001,1309.0,pacing,,False,False,187,shoulder_spring
2026-09-27,cloud_9,2027-04-03,1040.0,0.0014080997142467376,1221.0,pacing,,False,False,188,shoulder_spring
2026-09-27,cloud_9,2027-04-04,855.0,0.001,1003.0,pacing,,False,False,189,shoulder_spring
2026-09-27,cloud_9,2027-04-05,750.0,0.001,850.0,pacing,,False,False,190,shoulder_spring
2026-09-27,cloud_9,2027-04-06,750.0,0.001,850.0,pacing,,False,False,191,shoulder_spring
2026-09-27,cloud_9,2027-04-07,750.0,0.001,850.0,pacing,,False,False,192,shoulder_spring
2026-09-27,cloud_9,2027-04-08,780.0,0.001,889.0,pacing,,False,False,193,shoulder_spring
2026-09-27,cloud_9,2027-04-09,795.0,0.013309911471553273,932.0,pacing,,False,False,194,shoulder_spring
2026-09-27,cloud_9,2027-04-10,780.0,0.013892820207533074,863.0,pacing,,False,False,195,shoulder_spring
2026-09-27,cloud_9,2027-04-11,750.0,0.001,850.0,pacing,,False,False,196,shoulder_spring
2026-09-27,cloud_9,2027-04-12,750.0,0.001,850.0,pacing,,False,False,197,shoulder_spring
2026-09-27,cloud_9,2027-04-13,750.0,0.001,850.0,pacing,,False,False,198,shoulder_spring
2026-09-27,cloud_9,2027-04-14,750.0,0.001,850.0,pacing,,False,False,199,shoulder_spring
2026-09-27,cloud_9,2027-04-15,750.0,0.001,850.0,pacing,,False,False,200,shoulder_spring
2026-09-27,cloud_9,2027-04-16,795.0,0.013053298214481937,884.0,pacing,,False,False,201,shoulder_spring
2026-09-27,cloud_9,2027-04-17,775.0,0.013833419611071273,850.0,pacing,,False,False,202,shoulder_spring
2026-09-27,cloud_9,2027-04-18,750.0,0.001,850.0,pacing,,False,False,203,shoulder_spring
2026-09-27,cloud_9,2027-04-19,750.0,0.001,850.0,pacing,,False,False,204,shoulder_spring
2026-09-27,cloud_9,2027-04-20,750.0,0.001,850.0,pacing,,False,False,205,shoulder_spring
2026-09-27,cloud_9,2027-04-21,750.0,0.001,850.0,pacing,,False,False,206,shoulder_spring
2026-09-27,cloud_9,2027-04-22,750.0,0.001,850.0,pacing,,False,False,207,shoulder_spring
2026-09-27,cloud_9,2027-04-23,795.0,0.01276442800459113,906.0,pacing,,False,False,208,shoulder_spring
2026-09-27,cloud_9,2027-04-24,795.0,0.012636910216477101,883.0,pacing,,False,False,209,shoulder_spring
2026-09-27,cloud_9,2027-04-25,750.0,0.001,850.0,pacing,,False,False,210,shoulder_spring
2026-09-27,cloud_9,2027-04-26,750.0,0.001,850.0,pacing,,False,False,211,shoulder_spring
2026-09-27,cloud_9,2027-04-27,750.0,0.001,850.0,pacing,,False,False,212,shoulder_spring
2026-09-27,cloud_9,2027-04-28,750.0,0.001,850.0,pacing,,False,False,213,shoulder_spring
2026-09-27,cloud_9,2027-04-29,750.0,0.001,850.0,pacing,,False,False,214,shoulder_spring
2026-09-27,cloud_9,2027-04-30,775.0,0.01339529697931112,850.0,pacing,,False,False,215,shoulder_spring
2026-09-27,cloud_9,2027-05-01,775.0,0.01323914649141799,850.0,pacing,,False,False,216,shoulder_spring
2026-09-27,cloud_9,2027-05-02,750.0,0.001,850.0,pacing,,False,False,217,shoulder_spring
2026-09-27,cloud_9,2027-05-03,750.0,0.001,850.0,pacing,,False,False,218,shoulder_spring
2026-09-27,cloud_9,2027-05-04,750.0,0.001,850.0,pacing,,False,False,219,shoulder_spring
2026-09-27,cloud_9,2027-05-05,750.0,0.001,850.0,pacing,,False,False,220,shoulder_spring
2026-09-27,cloud_9,2027-05-06,750.0,0.001,850.0,pacing,,False,False,221,shoulder_spring
2026-09-27,cloud_9,2027-05-07,775.0,0.013083987371464078,850.0,pacing,,False,False,222,shoulder_spring
2026-09-27,cloud_9,2027-05-08,775.0,0.012935973874459128,850.0,pacing,,False,False,223,shoulder_spring
2026-09-27,cloud_9,2027-05-09,750.0,0.001,850.0,pacing,,False,False,224,shoulder_spring
2026-09-27,cloud_9,2027-05-10,750.0,0.001,850.0,pacing,,False,False,225,shoulder_spring
2026-09-27,cloud_9,2027-05-11,750.0,0.001,850.0,pacing,,False,False,226,shoulder_spring
2026-09-27,cloud_9,2027-05-12,750.0,0.001,850.0,pacing,,False,False,227,shoulder_spring
2026-09-27,cloud_9,2027-05-13,750.0,0.001,850.0,pacing,,False,False,228,shoulder_spring
2026-09-27,cloud_9,2027-05-14,780.0,0.012573400701973362,856.0,pacing,,False,False,229,shoulder_spring
2026-09-27,cloud_9,2027-05-15,795.0,0.011800526008813787,874.0,pacing,,False,False,230,shoulder_spring
2026-09-27,cloud_9,2027-05-16,750.0,0.001,850.0,pacing,,False,False,231,shoulder_spring
2026-09-27,cloud_9,2027-05-17,750.0,0.001,850.0,pacing,,False,False,232,shoulder_spring
2026-09-27,cloud_9,2027-05-18,750.0,0.001,850.0,pacing,,False,False,233,shoulder_spring
2026-09-27,cloud_9,2027-05-19,750.0,0.001,850.0,pacing,,False,False,234,shoulder_spring
2026-09-27,cloud_9,2027-05-20,750.0,0.001,850.0,pacing,,False,False,235,shoulder_spring
2026-09-27,cloud_9,2027-05-21,775.0,0.012514129735435874,850.0,pacing,,False,False,236,shoulder_spring
2026-09-27,cloud_9,2027-05-22,775.0,0.01238080214801141,850.0,pacing,,False,False,237,shoulder_spring
2026-09-27,cloud_9,2027-05-23,750.0,0.001,850.0,pacing,,False,False,238,shoulder_spring
2026-09-27,cloud_9,2027-05-24,750.0,0.001,850.0,pacing,,False,False,239,shoulder_spring
2026-09-27,cloud_9,2027-05-25,750.0,0.001,850.0,pacing,,False,False,240,shoulder_spring
2026-09-27,cloud_9,2027-05-26,750.0,0.001,850.0,pacing,,False,False,241,shoulder_spring
2026-09-27,cloud_9,2027-05-27,750.0,0.001,850.0,pacing,,False,False,242,shoulder_spring
2026-09-27,cloud_9,2027-05-28,860.0,0.008753967292264634,1009.0,pacing,,False,False,243,shoulder_spring
2026-09-27,cloud_9,2027-05-29,860.0,0.00871999169186479,1005.0,pacing,,False,False,244,shoulder_spring
2026-09-27,cloud_9,2027-05-30,825.0,0.001,965.0,pacing,,False,False,245,shoulder_spring
2026-09-27,cloud_9,2027-05-31,750.0,0.001,850.0,pacing,,False,False,246,shoulder_spring
2026-09-27,cloud_9,2027-06-01,750.0,0.00768632744615719,850.0,pacing,,False,False,247,summer
2026-09-27,cloud_9,2027-06-02,750.0,0.0077141674750563155,850.0,pacing,,False,False,248,summer
2026-09-27,cloud_9,2027-06-03,750.0,0.007738843864937059,850.0,pacing,,False,False,249,summer
2026-09-27,cloud_9,2027-06-04,870.0,0.019880087959839813,1019.0,pacing,,False,False,250,summer
2026-09-27,cloud_9,2027-06-05,850.0,0.020839926047394326,995.0,pacing,,False,False,251,summer
2026-09-27,cloud_9,2027-06-06,750.0,0.007775488849340811,850.0,pacing,,False,False,252,summer
2026-09-27,cloud_9,2027-06-07,750.0,0.00781494132611105,850.0,pacing,,False,False,253,summer
2026-09-27,cloud_9,2027-06-08,750.0,0.007846144017347609,850.0,pacing,,False,False,254,summer
2026-09-27,cloud_9,2027-06-09,750.0,0.007873651307372097,850.0,pacing,,False,False,255,summer
2026-09-27,cloud_9,2027-06-10,930.0,0.001,1092.0,pacing,,False,False,256,summer
2026-09-27,cloud_9,2027-06-11,1145.0,0.001,1346.0,pacing,,False,False,257,summer
2026-09-27,cloud_9,2027-06-12,1135.0,0.001,1337.0,pacing,,False,False,258,summer
2026-09-27,cloud_9,2027-06-13,970.0,0.001,1169.0,pacing,,False,False,259,summer
2026-09-27,cloud_9,2027-06-14,1010.0,0.001,1212.0,pacing,,False,False,260,summer
2026-09-27,cloud_9,2027-06-15,1070.0,0.001,1296.0,pacing,,False,False,261,summer
2026-09-27,cloud_9,2027-06-16,1115.0,0.001,1335.0,pacing,,False,False,262,summer
2026-09-27,cloud_9,2027-06-17,1550.0,0.001,1808.0,pacing,,False,False,263,summer
2026-09-27,cloud_9,2027-06-18,1550.0,0.001,1806.0,pacing,,False,False,264,summer
2026-09-27,cloud_9,2027-06-19,1545.0,0.001,1826.0,pacing,,False,False,265,summer
2026-09-27,cloud_9,2027-06-20,1135.0,0.001,1343.0,pacing,,False,False,266,summer
2026-09-27,cloud_9,2027-06-21,1000.0,0.001,1278.0,pacing,,False,False,267,summer
2026-09-27,cloud_9,2027-06-22,1095.0,0.001,1295.0,pacing,,False,False,268,summer
2026-09-27,cloud_9,2027-06-23,1050.0,0.001,1271.0,pacing,,False,False,269,summer
2026-09-27,cloud_9,2027-06-24,1335.0,0.001,1569.0,pacing,,False,False,270,summer
2026-09-27,cloud_9,2027-06-25,1605.0,0.001,1842.0,pacing,,False,False,271,summer
2026-09-27,cloud_9,2027-06-26,1470.0,0.001,1688.0,pacing,,False,False,272,summer
2026-09-27,cloud_9,2027-06-27,1245.0,0.001,1444.0,pacing,,False,False,273,summer
2026-09-27,cloud_9,2027-06-28,1105.0,0.001,1285.0,pacing,,False,False,274,summer
2026-09-27,cloud_9,2027-06-29,1075.0,0.001,1247.0,pacing,,False,False,275,summer
2026-09-27,cloud_9,2027-06-30,1290.0,0.001,1483.0,pacing,,False,False,276,summer
2026-09-27,cloud_9,2027-07-01,1330.0,0.001,1548.0,pacing,,False,False,277,summer
2026-09-27,cloud_9,2027-07-02,2385.0,0.001,2638.0,pacing,,False,False,278,summer
2026-09-27,cloud_9,2027-07-03,2385.0,0.001,2641.0,pacing,,False,False,279,summer
2026-09-27,cloud_9,2027-07-04,2380.0,0.001,2563.0,pacing,,False,False,280,summer
2026-09-27,cloud_9,2027-07-05,1085.0,0.001,1231.0,pacing,,False,False,281,summer
2026-09-27,cloud_9,2027-07-06,1080.0,0.001,1226.0,pacing,,False,False,282,summer
2026-09-27,cloud_9,2027-07-07,1120.0,0.001,1272.0,pacing,,False,False,283,summer
2026-09-27,cloud_9,2027-07-08,1445.0,0.001,1652.0,pacing,,False,False,284,summer
2026-09-27,cloud_9,2027-07-09,2155.0,0.001,2319.0,pacing,,False,False,285,summer
2026-09-27,cloud_9,2027-07-10,2235.0,0.001,2422.0,pacing,,False,False,286,summer
2026-09-27,cloud_9,2027-07-11,1450.0,0.001,1656.0,pacing,,False,False,287,summer
2026-09-27,cloud_9,2027-07-12,1420.0,0.001,1589.0,pacing,,False,False,288,summer
2026-09-27,cloud_9,2027-07-13,1380.0,0.001,1342.0,pacing,,False,False,289,summer
2026-09-27,cloud_9,2027-07-14,1390.0,0.001,1561.0,pacing,,False,False,290,summer
2026-09-27,cloud_9,2027-07-15,1445.0,0.001,1652.0,pacing,,False,False,291,summer
2026-09-27,cloud_9,2027-07-16,1905.0,0.001,2112.0,pacing,,False,False,292,summer
2026-09-27,cloud_9,2027-07-17,2025.0,0.001,2232.0,pacing,,False,False,293,summer
2026-09-27,cloud_9,2027-07-18,1690.0,0.001,1900.0,pacing,,False,False,294,summer
2026-09-27,cloud_9,2027-07-19,1420.0,0.001,1612.0,pacing,,False,False,295,summer
2026-09-27,cloud_9,2027-07-20,1395.0,0.001,1588.0,pacing,,False,False,296,summer
2026-09-27,cloud_9,2027-07-21,1355.0,0.001,1377.0,pacing,,False,False,297,summer
2026-09-27,cloud_9,2027-07-22,1360.0,0.001,1570.0,pacing,,False,False,298,summer
2026-09-27,cloud_9,2027-07-23,1750.0,0.001,1967.0,pacing,,False,False,299,summer
2026-09-27,cloud_9,2027-07-24,1795.0,0.001,2020.0,pacing,,False,False,300,summer
2026-09-27,cloud_9,2027-07-25,1495.0,0.001,1720.0,pacing,,False,False,301,summer
2026-09-27,cloud_9,2027-07-26,1265.0,0.001,1528.0,pacing,,False,False,302,summer
2026-09-27,cloud_9,2027-07-27,1260.0,0.001,1527.0,pacing,,False,False,303,summer
2026-09-27,cloud_9,2027-07-28,1245.0,0.001,1505.0,pacing,,False,False,304,summer
2026-09-27,cloud_9,2027-07-29,1440.0,0.001,1690.0,pacing,,False,False,305,summer
2026-09-27,cloud_9,2027-07-30,1795.0,0.001,2049.0,pacing,,False,False,306,summer
2026-09-27,cloud_9,2027-07-31,1590.0,0.001,1841.0,pacing,,False,False,307,summer
2026-09-27,cloud_9,2027-08-01,1230.0,0.001,1444.0,pacing,,False,False,308,summer
2026-09-27,cloud_9,2027-08-02,1040.0,0.001,1223.0,pacing,,False,False,309,summer
2026-09-27,cloud_9,2027-08-03,965.0,0.0020898453134363254,1134.0,pacing,,False,False,310,summer
2026-09-27,cloud_9,2027-08-04,955.0,0.0027647633489788176,1123.0,pacing,,False,False,311,summer
2026-09-27,cloud_9,2027-08-05,1135.0,0.001,1331.0,pacing,,False,False,312,summer
2026-09-27,cloud_9,2027-08-06,1340.0,0.003765417162309029,1571.0,pacing,,False,False,313,summer
2026-09-27,cloud_9,2027-08-07,1280.0,0.0065139306615432935,1503.0,pacing,,False,False,314,summer
2026-09-27,cloud_9,2027-08-08,995.0,0.001,1168.0,pacing,,False,False,315,summer
2026-09-27,cloud_9,2027-08-09,910.0,0.005631635549913704,1069.0,pacing,,False,False,316,summer
2026-09-27,cloud_9,2027-08-10,885.0,0.007104988071115347,1039.0,pacing,,False,False,317,summer
2026-09-27,cloud_9,2027-08-11,875.0,0.007714320313025355,1028.0,pacing,,False,False,318,summer
2026-09-27,cloud_9,2027-08-12,1010.0,0.001,1188.0,pacing,,False,False,319,summer
2026-09-27,cloud_9,2027-08-13,1160.0,0.011709274402462845,1360.0,pacing,,False,False,320,summer
2026-09-27,cloud_9,2027-08-14,1090.0,0.014678268331866537,1282.0,pacing,,False,False,321,summer
2026-09-27,cloud_9,2027-08-15,880.0,0.007535517344075434,1030.0,pacing,,False,False,322,summer
2026-09-27,cloud_9,2027-08-16,795.0,0.012322121905725307,906.0,pacing,,False,False,323,summer
2026-09-27,cloud_9,2027-08-17,880.0,0.007604899416705186,1037.0,pacing,,False,False,324,summer
2026-09-27,cloud_9,2027-08-18,870.0,0.00819218401439212,1022.0,pacing,,False,False,325,summer
2026-09-27,cloud_9,2027-08-19,910.0,0.006010858888714367,1068.0,pacing,,False,False,326,summer
2026-09-27,cloud_9,2027-08-20,1145.0,0.012416789814106636,1348.0,pacing,,False,False,327,summer
2026-09-27,cloud_9,2027-08-21,1130.0,0.013109476830342113,1330.0,pacing,,False,False,328,summer
2026-09-27,cloud_9,2027-08-22,890.0,0.007152060162283945,1045.0,pacing,,False,False,329,summer
2026-09-27,cloud_9,2027-08-23,850.0,0.00937979201651071,998.0,pacing,,False,False,330,summer
2026-09-27,cloud_9,2027-08-24,845.0,0.00967422351040245,990.0,pacing,,False,False,331,summer
2026-09-27,cloud_9,2027-08-25,855.0,0.009145414806099648,1004.0,pacing,,False,False,332,summer
2026-09-27,cloud_9,2027-08-26,865.0,0.008619296256717405,1014.0,pacing,,False,False,333,summer
2026-09-27,cloud_9,2027-08-27,1055.0,0.016214183185255034,1239.0,pacing,,False,False,334,summer
2026-09-27,cloud_9,2027-08-28,1030.0,0.017174187575359455,1209.0,pacing,,False,False,335,summer
2026-09-27,cloud_9,2027-08-29,795.0,0.012423553919507533,906.0,pacing,,False,False,336,summer
2026-09-27,cloud_9,2027-08-30,770.0,0.013771869663175495,850.0,pacing,,False,False,337,summer
2026-09-27,cloud_9,2027-08-31,770.0,0.013750160931147127,850.0,pacing,,False,False,338,summer
2026-09-27,cloud_9,2027-09-01,770.0,0.013726196333817612,850.0,pacing,,False,False,339,summer
2026-09-27,cloud_9,2027-09-02,795.0,0.012366337759871657,928.0,pacing,,False,False,340,summer
2026-09-27,cloud_9,2027-09-03,1295.0,0.006546580165930329,1524.0,pacing,,False,False,341,summer
2026-09-27,cloud_9,2027-09-04,1295.0,0.006630607945834204,1522.0,pacing,,False,False,342,summer
2026-09-27,cloud_9,2027-09-05,1240.0,0.001,1463.0,pacing,,False,False,343,summer
2026-09-27,cloud_9,2027-09-06,770.0,0.013742164721274278,850.0,pacing,,False,False,344,summer
2026-09-27,cloud_9,2027-09-07,785.0,0.012924648336905762,868.0,pacing,,False,False,345,summer
2026-09-27,cloud_9,2027-09-08,785.0,0.012911485392060619,867.0,pacing,,False,False,346,summer
2026-09-27,cloud_9,2027-09-09,835.0,0.010268258085241795,953.0,pacing,,False,False,347,summer
2026-09-27,cloud_9,2027-09-10,970.0,0.019452869188609972,1106.0,pacing,,False,False,348,summer
2026-09-27,cloud_9,2027-09-11,930.0,0.02091110824016209,1065.0,pacing,,False,False,349,summer
2026-09-27,cloud_9,2027-09-12,795.0,0.012371819713055524,896.0,pacing,,False,False,350,summer
2026-09-27,cloud_9,2027-09-13,785.0,0.012891755096843635,864.0,pacing,,False,False,351,summer
2026-09-27,cloud_9,2027-09-14,780.0,0.013136614762702576,864.0,pacing,,False,False,352,summer
2026-09-27,cloud_9,2027-09-15,785.0,0.012859569853359853,864.0,pacing,,False,False,353,summer
2026-09-27,cloud_9,2027-09-16,845.0,0.001,962.0,pacing,,False,False,354,shoulder_fall
2026-09-27,cloud_9,2027-09-17,965.0,0.005599187014672796,1086.0,pacing,,False,False,355,shoulder_fall
2026-09-27,cloud_9,2027-09-18,895.0,0.010538217826209085,1044.0,pacing,,False,False,356,shoulder_fall
2026-09-27,cloud_9,2027-09-19,760.0,0.001,868.0,pacing,,False,False,357,shoulder_fall
2026-09-27,cloud_9,2027-09-20,750.0,0.001,850.0,pacing,,False,False,358,shoulder_fall
2026-09-27,cloud_9,2027-09-21,890.0,0.001,1046.0,pacing,,False,False,359,shoulder_fall
2026-09-27,cloud_9,2027-09-22,750.0,0.001,850.0,pacing,,False,False,360,shoulder_fall
2026-09-27,cloud_9,2027-09-23,790.0,0.001,907.0,pacing,,False,False,361,shoulder_fall
2026-09-27,cloud_9,2027-09-24,895.0,0.010550366486997014,1050.0,pacing,,False,False,362,shoulder_fall
2026-09-27,cloud_9,2027-09-25,900.0,0.010219273710472081,1050.0,pacing,,False,False,363,shoulder_fall
2026-09-27,cloud_9,2027-09-26,775.0,0.001,897.0,pacing,,False,False,364,shoulder_fall
2026-09-27,cloud_9,2027-09-27,750.0,0.001,850.0,pacing,,False,False,365,shoulder_fall
2026-09-28,summit_haus,2026-09-29,335.0,0.9169163491875473,326.0,pacing,,False,True,1,shoulder_fall
2026-09-28,summit_haus,2026-09-30,340.0,0.8669191243259684,336.0,pacing,,False,False,2,shoulder_fall
2026-09-28,summit_haus,2026-10-01,360.0,0.634807767259081,361.0,pacing,,False,False,3,shoulder_fall
2026-09-28,summit_haus,2026-10-12,405.0,0.014833148661751854,422.0,pacing,,False,False,14,shoulder_fall
2026-09-28,summit_haus,2026-10-13,405.0,0.014807973168562144,424.0,pacing,,False,False,15,shoulder_fall
2026-09-28,summit_haus,2026-10-14,425.0,0.013595663333571793,449.0,pacing,,False,False,16,shoulder_fall
2026-09-28,summit_haus,2026-10-15,435.0,0.012970468163573872,467.0,pacing,,False,False,17,shoulder_fall
2026-09-28,summit_haus,2026-10-20,335.0,0.025273952426945252,305.0,pacing,,False,False,22,shoulder_fall
2026-09-28,summit_haus,2026-10-21,335.0,0.026825198858888157,300.0,pacing,,False,False,23,shoulder_fall
2026-09-28,summit_haus,2026-10-26,405.0,0.024633167996370428,426.0,pacing,,False,False,28,shoulder_fall
2026-09-28,summit_haus,2026-10-27,405.0,0.024579756794813296,425.0,pacing,,False,False,29,shoulder_fall
2026-09-28,summit_haus,2026-10-28,410.0,0.0240404686524651,429.0,pacing,,False,False,30,shoulder_fall
2026-09-28,summit_haus,2026-10-29,420.0,0.023021519263479062,443.0,pacing,,False,False,31,shoulder_fall
2026-09-28,summit_haus,2026-11-02,365.0,0.02824238761961103,371.0,pacing,,False,False,35,shoulder_fall
2026-09-28,summit_haus,2026-11-03,365.0,0.02816452497055662,372.0,pacing,,False,False,36,shoulder_fall
2026-09-28,summit_haus,2026-11-04,370.0,0.027609270210032337,378.0,pacing,,False,False,37,shoulder_fall
2026-09-28,summit_haus,2026-11-05,395.0,0.02515265680107541,415.0,pacing,,False,False,38,shoulder_fall
2026-09-28,summit_haus,2026-11-08,390.0,0.025566715151578264,404.0,pacing,,False,False,41,shoulder_fall
2026-09-28,summit_haus,2026-11-09,360.0,0.028342502891044546,367.0,pacing,,False,False,42,shoulder_fall
2026-09-28,summit_haus,2026-11-10,390.0,0.02543404423274151,402.0,pacing,,False,False,43,shoulder_fall
2026-09-28,summit_haus,2026-11-11,395.0,0.02490040824196573,410.0,pacing,,False,False,44,shoulder_fall
2026-09-28,summit_haus,2026-11-12,410.0,0.023434051216025886,435.0,pacing,,False,False,45,shoulder_fall
2026-09-28,summit_haus,2026-11-13,495.0,0.9511077087550834,500.0,pacing,,False,False,46,shoulder_fall
2026-09-28,summit_haus,2026-11-14,490.0,0.9044799347394262,500.0,pacing,,False,False,47,shoulder_fall
2026-09-28,summit_haus,2026-11-15,395.0,0.02478371740631205,412.0,pacing,,False,False,48,shoulder_fall
2026-09-28,summit_haus,2026-11-16,365.0,0.027517387576028198,369.0,pacing,,False,False,49,shoulder_fall
2026-09-28,summit_haus,2026-11-17,410.0,0.042367705664958656,378.0,pacing,,False,False,50,shoulder_fall
2026-09-28,summit_haus,2026-11-23,680.0,0.0021376982105634013,799.0,pacing,,False,False,56,early_winter
2026-09-28,summit_haus,2026-11-24,780.0,0.001,914.0,pacing,,False,False,57,early_winter
2026-09-28,summit_haus,2026-11-25,980.0,0.001,1148.0,pacing,,False,False,58,early_winter
2026-09-28,summit_haus,2026-11-26,1025.0,0.001,1205.0,pacing,,False,False,59,early_winter
2026-09-28,summit_haus,2026-11-27,1070.0,0.001,1257.0,pacing,,False,False,60,early_winter
2026-09-28,summit_haus,2026-11-28,910.0,0.025577545879740662,1069.0,pacing,,False,False,61,early_winter
2026-09-28,summit_haus,2026-12-03,570.0,0.049421306547378155,626.0,pacing,,False,False,66,early_winter
2026-09-28,summit_haus,2026-12-04,720.0,0.12508580387685292,844.0,pacing,,False,False,67,early_winter
2026-09-28,summit_haus,2026-12-05,710.0,0.07988845808823503,830.0,pacing,,False,False,68,early_winter
2026-09-28,summit_haus,2026-12-06,610.0,0.040456752607156206,677.0,pacing,,False,False,69,early_winter
2026-09-28,summit_haus,2026-12-07,570.0,0.049535903408234425,627.0,pacing,,False,False,70,early_winter
2026-09-28,summit_haus,2026-12-08,550.0,0.053894043578253024,595.0,pacing,,False,False,71,early_winter
2026-09-28,summit_haus,2026-12-09,550.0,0.05376915247556994,600.0,pacing,,False,False,72,early_winter
2026-09-28,summit_haus,2026-12-10,675.0,0.026986072639119132,764.0,pacing,,False,False,73,early_winter
2026-09-28,summit_haus,2026-12-11,895.0,0.07124408810526912,1051.0,pacing,,False,False,74,early_winter
2026-09-28,summit_haus,2026-12-12,1000.0,0.04479508383598032,1173.0,pacing,,False,False,75,early_winter
2026-09-28,summit_haus,2026-12-13,705.0,0.021186631477040647,827.0,pacing,,False,False,76,early_winter
2026-09-28,summit_haus,2026-12-14,670.0,0.029222808022260374,753.0,pacing,,False,False,77,early_winter
2026-09-28,summit_haus,2026-12-15,680.0,0.0056097765363128495,796.0,pacing,,False,False,78,peak_ski
2026-09-28,summit_haus,2026-12-16,740.0,0.004541314521984799,866.0,pacing,,False,False,79,peak_ski
2026-09-28,summit_haus,2026-12-17,945.0,0.001,1111.0,pacing,,False,False,80,peak_ski
2026-09-28,summit_haus,2026-12-18,1455.0,0.001,1702.0,pacing,,False,False,81,peak_ski
2026-09-28,summit_haus,2026-12-19,2075.0,0.001,2321.0,pacing,,False,False,82,peak_ski
2026-09-28,summit_haus,2026-12-20,2325.0,0.001,2572.0,pacing,,False,False,83,peak_ski
2026-09-28,summit_haus,2026-12-21,2645.0,0.001,2893.0,pacing,,False,False,84,peak_ski
2026-09-28,summit_haus,2026-12-22,2675.0,0.001,2921.0,pacing,,False,False,85,peak_ski
2026-09-28,summit_haus,2026-12-23,2695.0,0.001,2945.0,pacing,,False,False,86,peak_ski
2026-09-28,summit_haus,2026-12-24,2805.0,0.001,3051.0,pacing,,False,False,87,peak_ski
2026-09-28,summit_haus,2026-12-25,2875.0,0.001,3123.0,pacing,,False,False,88,peak_ski
2026-09-28,summit_haus,2026-12-26,2890.0,0.001,3140.0,pacing,,False,False,89,peak_ski
2026-09-28,summit_haus,2027-01-02,3435.0,0.001,3684.0,pacing,,False,False,96,peak_ski
2026-09-28,summit_haus,2027-01-03,1790.0,0.0873566836049055,1985.0,pacing,,False,False,97,peak_ski
2026-09-28,summit_haus,2027-01-04,1865.0,0.0821441911531247,1781.0,pacing,,False,False,98,peak_ski
2026-09-28,summit_haus,2027-01-05,1780.0,0.09930558957726962,1675.0,pacing,,False,False,99,peak_ski
2026-09-28,summit_haus,2027-01-06,1435.0,0.14704707434225922,1283.0,pacing,,False,False,100,peak_ski
2026-09-28,summit_haus,2027-01-07,1135.0,0.001,1335.0,pacing,,False,False,101,peak_ski
2026-09-28,summit_haus,2027-01-08,1505.0,0.001,1753.0,pacing,,False,False,102,peak_ski
2026-09-28,summit_haus,2027-01-09,1350.0,0.001943555052080559,1584.0,pacing,,False,False,103,peak_ski
2026-09-28,summit_haus,2027-01-10,1240.0,0.001,1454.0,pacing,,False,False,104,peak_ski
2026-09-28,summit_haus,2027-01-11,925.0,0.0013967855084049518,1087.0,pacing,,False,False,105,peak_ski
2026-09-28,summit_haus,2027-01-12,1150.0,0.18292733958750146,1027.0,pacing,,False,False,106,peak_ski
2026-09-28,summit_haus,2027-01-13,1460.0,0.13511658205178376,1306.0,pacing,,False,False,107,peak_ski
2026-09-28,summit_haus,2027-01-14,1420.0,0.001,1665.0,pacing,,False,False,108,peak_ski
2026-09-28,summit_haus,2027-01-15,1855.0,0.001,2469.0,pacing,,False,False,109,peak_ski
2026-09-28,summit_haus,2027-01-16,1855.0,0.001,2347.0,pacing,,False,False,110,peak_ski
2026-09-28,summit_haus,2027-01-17,1855.0,0.001,2311.0,pacing,,False,False,111,peak_ski
2026-09-28,summit_haus,2027-01-18,1075.0,0.001,1259.0,pacing,,False,False,112,peak_ski
2026-09-28,summit_haus,2027-01-19,1330.0,0.14894412266122525,1191.0,pacing,,False,False,113,peak_ski
2026-09-28,summit_haus,2027-01-20,1305.0,0.14817533899417432,1167.0,pacing,,False,False,114,peak_ski
2026-09-28,summit_haus,2027-01-21,1285.0,0.001,1507.0,pacing,,False,False,115,peak_ski
2026-09-28,summit_haus,2027-01-22,1855.0,0.001,2247.0,pacing,,False,False,116,peak_ski
2026-09-28,summit_haus,2027-01-23,1855.0,0.021816444174757265,2308.0,pacing,,False,False,117,peak_ski
2026-09-28,summit_haus,2027-01-24,1420.0,0.001,1670.0,pacing,,False,False,118,peak_ski
2026-09-28,summit_haus,2027-01-25,1375.0,0.001,1614.0,pacing,,False,False,119,peak_ski
2026-09-28,summit_haus,2027-01-26,1410.0,0.001,1655.0,pacing,,False,False,120,peak_ski
2026-09-28,summit_haus,2027-01-27,1445.0,0.001,1692.0,pacing,,False,False,121,peak_ski
2026-09-28,summit_haus,2027-02-02,1115.0,0.001,1308.0,pacing,,False,False,127,peak_ski
2026-09-28,summit_haus,2027-02-03,1160.0,0.001,1360.0,pacing,,False,False,128,peak_ski
2026-09-28,summit_haus,2027-02-04,1795.0,0.001,2041.0,pacing,,False,False,129,peak_ski
2026-09-28,summit_haus,2027-02-05,1855.0,0.001,2730.0,pacing,,False,False,130,peak_ski
2026-09-28,summit_haus,2027-02-06,1855.0,0.001,2831.0,pacing,,False,False,131,peak_ski
2026-09-28,summit_haus,2027-02-07,1800.0,0.001,2049.0,pacing,,False,False,132,peak_ski
2026-09-28,summit_haus,2027-02-08,1785.0,0.001,2032.0,pacing,,False,False,133,peak_ski
2026-09-28,summit_haus,2027-02-09,1785.0,0.001,2031.0,pacing,,False,False,134,peak_ski
2026-09-28,summit_haus,2027-02-10,1795.0,0.001,2042.0,pacing,,False,False,135,peak_ski
2026-09-28,summit_haus,2027-02-11,1855.0,0.001,2477.0,pacing,,False,False,136,peak_ski
2026-09-28,summit_haus,2027-02-12,1855.0,0.001,3771.0,pacing,,False,False,137,peak_ski
2026-09-28,summit_haus,2027-02-13,1855.0,0.001,3737.0,pacing,,False,False,138,peak_ski
2026-09-28,summit_haus,2027-02-14,1855.0,0.001,3779.0,pacing,,False,False,139,peak_ski
2026-09-28,summit_haus,2027-02-15,1855.0,0.001,2311.0,pacing,,False,False,140,peak_ski
2026-09-28,summit_haus,2027-02-16,1855.0,0.001,2125.0,pacing,,False,False,141,peak_ski
2026-09-28,summit_haus,2027-02-17,1855.0,0.001,2104.0,pacing,,False,False,142,peak_ski
2026-09-28,summit_haus,2027-02-18,1855.0,0.001,2471.0,pacing,,False,False,143,peak_ski
2026-09-28,summit_haus,2027-02-19,1855.0,0.0010627122524596068,3331.0,pacing,,False,False,144,peak_ski
2026-09-28,summit_haus,2027-02-20,1855.0,0.0014725333627614017,3195.0,pacing,,False,False,145,peak_ski
2026-09-28,summit_haus,2027-02-21,1855.0,0.001,2247.0,pacing,,False,False,146,peak_ski
2026-09-28,summit_haus,2027-02-22,1550.0,0.001,1798.0,pacing,,False,False,147,peak_ski
2026-09-28,summit_haus,2027-02-23,1380.0,0.001,1620.0,pacing,,False,False,148,peak_ski
2026-09-28,summit_haus,2027-02-24,1475.0,0.001,1725.0,pacing,,False,False,149,peak_ski
2026-09-28,summit_haus,2027-02-25,1855.0,0.001,2473.0,pacing,,False,False,150,peak_ski
2026-09-28,summit_haus,2027-02-26,1855.0,0.0018299064941398788,3114.0,pacing,,False,False,151,peak_ski
2026-09-28,summit_haus,2027-02-27,1855.0,0.00215589436075987,3063.0,pacing,,False,False,152,peak_ski
2026-09-28,summit_haus,2027-02-28,1810.0,0.001,2059.0,pacing,,False,False,153,peak_ski
2026-09-28,summit_haus,2027-03-01,1385.0,0.001,1625.0,pacing,,False,False,154,peak_ski
2026-09-28,summit_haus,2027-03-02,1385.0,0.001,1628.0,pacing,,False,False,155,peak_ski
2026-09-28,summit_haus,2027-03-03,1400.0,0.001,1644.0,pacing,,False,False,156,peak_ski
2026-09-28,summit_haus,2027-03-04,1780.0,0.001,2026.0,pacing,,False,False,157,peak_ski
2026-09-28,summit_haus,2027-03-05,1855.0,0.002451165045549243,2650.0,pacing,,False,False,158,peak_ski
2026-09-28,summit_haus,2027-03-06,1855.0,0.0026803988274805104,2934.0,pacing,,False,False,159,peak_ski
2026-09-28,summit_haus,2027-03-07,1855.0,0.001,2471.0,pacing,,False,False,160,peak_ski
2026-09-28,summit_haus,2027-03-08,1855.0,0.001,2315.0,pacing,,False,False,161,peak_ski
2026-09-28,summit_haus,2027-03-09,1855.0,0.001,2253.0,pacing,,False,False,162,peak_ski
2026-09-28,summit_haus,2027-03-10,1855.0,0.001,2269.0,pacing,,False,False,163,peak_ski
2026-09-28,summit_haus,2027-03-11,1855.0,0.001,2458.0,pacing,,False,False,164,peak_ski
2026-09-28,summit_haus,2027-03-12,1855.0,0.002929874514560713,2977.0,pacing,,False,False,165,peak_ski
2026-09-28,summit_haus,2027-03-13,1855.0,0.0031745855513412346,3021.0,pacing,,False,False,166,peak_ski
2026-09-28,summit_haus,2027-03-14,1855.0,0.001,3116.0,pacing,,False,False,167,peak_ski
2026-09-28,summit_haus,2027-03-15,1855.0,0.001,2983.0,pacing,,False,False,168,peak_ski
2026-09-28,summit_haus,2027-03-16,1855.0,0.001,2954.0,pacing,,False,False,169,peak_ski
2026-09-28,summit_haus,2027-03-17,1855.0,0.001,2922.0,pacing,,False,False,170,peak_ski
2026-09-28,summit_haus,2027-03-18,1855.0,0.001,2965.0,pacing,,False,False,171,peak_ski
2026-09-28,summit_haus,2027-03-19,1855.0,0.0034129611644877563,2734.0,pacing,,False,False,172,peak_ski
2026-09-28,summit_haus,2027-03-20,1855.0,0.0036018507936730927,2699.0,pacing,,False,False,173,peak_ski
2026-09-28,summit_haus,2027-03-21,1580.0,0.001,1830.0,pacing,,False,False,174,peak_ski
2026-09-28,summit_haus,2027-03-22,1855.0,0.001,2159.0,pacing,,False,False,175,peak_ski
2026-09-28,summit_haus,2027-03-23,1850.0,0.001,2100.0,pacing,,False,False,176,peak_ski
2026-09-28,summit_haus,2027-03-24,1275.0,0.0026926402166005327,1497.0,pacing,,False,False,177,peak_ski
2026-09-28,summit_haus,2027-03-25,1355.0,0.0018644375704786975,1593.0,pacing,,False,False,178,peak_ski
2026-09-28,summit_haus,2027-03-26,1535.0,0.007375858866882059,1784.0,pacing,,False,False,179,peak_ski
2026-09-28,summit_haus,2027-03-27,1380.0,0.009133444912155245,1618.0,pacing,,False,False,180,peak_ski
2026-09-28,summit_haus,2027-03-28,1120.0,0.0044377743694817414,1317.0,pacing,,False,False,181,peak_ski
2026-09-28,summit_haus,2027-03-29,905.0,0.006772925846600928,1049.0,pacing,,False,False,182,peak_ski
2026-09-28,summit_haus,2027-03-30,905.0,0.006784640685491921,954.0,pacing,,False,False,183,peak_ski
2026-09-28,summit_haus,2027-03-31,905.0,0.006793989756143215,949.0,pacing,,False,False,184,peak_ski
2026-09-28,summit_haus,2027-04-01,890.0,0.001,1043.0,pacing,,False,False,185,shoulder_spring
2026-09-28,summit_haus,2027-04-02,910.0,0.007532053398745226,1067.0,pacing,,False,False,186,shoulder_spring
2026-09-28,summit_haus,2027-04-03,850.0,0.010614737132283503,999.0,pacing,,False,False,187,shoulder_spring
2026-09-28,summit_haus,2027-04-04,680.0,0.0017000461126463345,796.0,pacing,,False,False,188,shoulder_spring
2026-09-28,summit_haus,2027-04-05,575.0,0.005775691701789601,639.0,pacing,,False,False,189,shoulder_spring
2026-09-28,summit_haus,2027-04-06,535.0,0.007302865799362722,591.0,pacing,,False,False,190,shoulder_spring
2026-09-28,summit_haus,2027-04-07,545.0,0.006922227913929672,602.0,pacing,,False,False,191,shoulder_spring
2026-09-28,summit_haus,2027-04-08,595.0,0.00505012286625929,669.0,pacing,,False,False,192,shoulder_spring
2026-09-28,summit_haus,2027-04-09,620.0,0.021652015105553153,687.0,pacing,,False,False,193,shoulder_spring
2026-09-28,summit_haus,2027-04-10,620.0,0.02142762631880834,684.0,pacing,,False,False,194,shoulder_spring
2026-09-28,summit_haus,2027-04-11,545.0,0.00692885355345074,603.0,pacing,,False,False,195,shoulder_spring
2026-09-28,summit_haus,2027-04-12,520.0,0.007850858566691207,570.0,pacing,,False,False,196,shoulder_spring
2026-09-28,summit_haus,2027-04-13,495.0,0.008778522207644985,535.0,pacing,,False,False,197,shoulder_spring
2026-09-28,summit_haus,2027-04-14,505.0,0.00843177340026238,547.0,pacing,,False,False,198,shoulder_spring
2026-09-28,summit_haus,2027-04-15,525.0,0.007719513761075203,578.0,pacing,,False,False,199,shoulder_spring
2026-09-28,summit_haus,2027-04-16,615.0,0.02143130913390812,639.0,pacing,,False,False,200,shoulder_spring
2026-09-28,summit_haus,2027-04-17,600.0,0.021887163569861628,618.0,pacing,,False,False,201,shoulder_spring
2026-09-28,summit_haus,2027-04-18,525.0,0.007745300420215388,570.0,pacing,,False,False,202,shoulder_spring
2026-09-28,summit_haus,2027-04-19,480.0,0.009418299840518304,513.0,pacing,,False,False,203,shoulder_spring
2026-09-28,summit_haus,2027-04-20,470.0,0.009801687346141001,497.0,pacing,,False,False,204,shoulder_spring
2026-09-28,summit_haus,2027-04-21,480.0,0.009451699260848597,511.0,pacing,,False,False,205,shoulder_spring
2026-09-28,summit_haus,2027-04-22,515.0,0.008190287422981115,559.0,pacing,,False,False,206,shoulder_spring
2026-09-28,summit_haus,2027-04-23,620.0,0.020731135918432952,650.0,pacing,,False,False,207,shoulder_spring
2026-09-28,summit_haus,2027-04-24,615.0,0.02073962783768491,638.0,pacing,,False,False,208,shoulder_spring
2026-09-28,summit_haus,2027-04-25,535.0,0.007482927588841255,589.0,pacing,,False,False,209,shoulder_spring
2026-09-28,summit_haus,2027-04-26,500.0,0.008783746389887331,537.0,pacing,,False,False,210,shoulder_spring
2026-09-28,summit_haus,2027-04-27,495.0,0.008984932419592667,536.0,pacing,,False,False,211,shoulder_spring
2026-09-28,summit_haus,2027-04-28,490.0,0.00918544123627491,529.0,pacing,,False,False,212,shoulder_spring
2026-09-28,summit_haus,2027-04-29,500.0,0.00883998344114827,537.0,pacing,,False,False,213,shoulder_spring
2026-09-28,summit_haus,2027-04-30,580.0,0.022077937135817436,591.0,pacing,,False,False,214,shoulder_spring
2026-09-28,summit_haus,2027-05-01,575.0,0.02205320340234924,581.0,pacing,,False,False,215,shoulder_spring
2026-09-28,summit_haus,2027-05-02,505.0,0.008677164571817978,543.0,pacing,,False,False,216,shoulder_spring
2026-09-28,summit_haus,2027-05-03,480.0,0.009602384801654816,510.0,pacing,,False,False,217,shoulder_spring
2026-09-28,summit_haus,2027-05-04,485.0,0.009436627004655973,518.0,pacing,,False,False,218,shoulder_spring
2026-09-28,summit_haus,2027-05-05,500.0,0.008909882387457766,538.0,pacing,,False,False,219,shoulder_spring
2026-09-28,summit_haus,2027-05-06,510.0,0.008566393140776665,552.0,pacing,,False,False,220,shoulder_spring
2026-09-28,summit_haus,2027-05-07,585.0,0.02137307433845998,595.0,pacing,,False,False,221,shoulder_spring
2026-09-28,summit_haus,2027-05-08,570.0,0.021789401752828008,579.0,pacing,,False,False,222,shoulder_spring
2026-09-28,summit_haus,2027-05-09,505.0,0.008766189668835118,544.0,pacing,,False,False,223,shoulder_spring
2026-09-28,summit_haus,2027-05-10,490.0,0.009325450308530945,526.0,pacing,,False,False,224,shoulder_spring
2026-09-28,summit_haus,2027-05-11,485.0,0.009521705830998824,519.0,pacing,,False,False,225,shoulder_spring
2026-09-28,summit_haus,2027-05-12,500.0,0.00899675265774101,538.0,pacing,,False,False,226,shoulder_spring
2026-09-28,summit_haus,2027-05-13,510.0,0.008654022373968773,549.0,pacing,,False,False,227,shoulder_spring
2026-09-28,summit_haus,2027-05-14,585.0,0.02091200928936662,597.0,pacing,,False,False,228,shoulder_spring
2026-09-28,summit_haus,2027-05-15,590.0,0.020479802513536302,604.0,pacing,,False,False,229,shoulder_spring
2026-09-28,summit_haus,2027-05-16,520.0,0.008312669570544712,565.0,pacing,,False,False,230,shoulder_spring
2026-09-28,summit_haus,2027-05-17,505.0,0.008870679128782892,542.0,pacing,,False,False,231,shoulder_spring
2026-09-28,summit_haus,2027-05-18,500.0,0.009066953003202411,534.0,pacing,,False,False,232,shoulder_spring
2026-09-28,summit_haus,2027-05-19,500.0,0.009082923649701159,540.0,pacing,,False,False,233,shoulder_spring
2026-09-28,summit_haus,2027-05-20,510.0,0.008741189194892899,552.0,pacing,,False,False,234,shoulder_spring
2026-09-28,summit_haus,2027-05-21,590.0,0.020268821346976988,604.0,pacing,,False,False,235,shoulder_spring
2026-09-28,summit_haus,2027-05-22,585.0,0.020267444202047326,596.0,pacing,,False,False,236,shoulder_spring
2026-09-28,summit_haus,2027-05-23,525.0,0.008222073743906252,570.0,pacing,,False,False,237,shoulder_spring
2026-09-28,summit_haus,2027-05-24,505.0,0.008955848660033376,543.0,pacing,,False,False,238,shoulder_spring
2026-09-28,summit_haus,2027-05-25,515.0,0.008615026909538057,559.0,pacing,,False,False,239,shoulder_spring
2026-09-28,summit_haus,2027-05-26,510.0,0.008810901509048695,552.0,pacing,,False,False,240,shoulder_spring
2026-09-28,summit_haus,2027-05-27,555.0,0.007224110587226749,613.0,pacing,,False,False,241,shoulder_spring
2026-09-28,summit_haus,2027-05-28,645.0,0.017592703191970753,758.0,pacing,,False,False,242,shoulder_spring
2026-09-28,summit_haus,2027-05-29,645.0,0.017459111415957417,756.0,pacing,,False,False,243,shoulder_spring
2026-09-28,summit_haus,2027-05-30,620.0,0.004933713389076736,725.0,pacing,,False,False,244,shoulder_spring
2026-09-28,summit_haus,2027-05-31,510.0,0.008882528971439716,548.0,pacing,,False,False,245,shoulder_spring
2026-09-28,summit_haus,2027-06-01,555.0,0.02078123578447656,594.0,pacing,,False,False,246,summer
2026-09-28,summit_haus,2027-06-02,545.0,0.0214252066784606,578.0,pacing,,False,False,247,summer
2026-09-28,summit_haus,2027-06-03,600.0,0.01773161563249019,655.0,pacing,,False,False,248,summer
2026-09-28,summit_haus,2027-06-04,725.0,0.02748779259811213,771.0,pacing,,False,False,249,summer
2026-09-28,summit_haus,2027-06-05,695.0,0.02889944962944542,778.0,pacing,,False,False,250,summer
2026-09-28,summit_haus,2027-06-06,620.0,0.01639959373621356,677.0,pacing,,False,False,251,summer
2026-09-28,summit_haus,2027-06-07,585.0,0.018714460204515875,630.0,pacing,,False,False,252,summer
2026-09-28,summit_haus,2027-06-08,570.0,0.019688069453184184,611.0,pacing,,False,False,253,summer
2026-09-28,summit_haus,2027-06-09,610.0,0.017047226505465807,662.0,pacing,,False,False,254,summer
2026-09-28,summit_haus,2027-06-10,745.0,0.0025841258205815463,871.0,pacing,,False,False,255,summer
2026-09-28,summit_haus,2027-06-11,840.0,0.01842183222425902,987.0,pacing,,False,False,256,summer
2026-09-28,summit_haus,2027-06-12,855.0,0.01749323124388875,1004.0,pacing,,False,False,257,summer
2026-09-28,summit_haus,2027-06-20,940.0,0.001,1104.0,pacing,,False,False,265,summer
2026-09-28,summit_haus,2027-06-21,910.0,0.001,1065.0,pacing,,False,False,266,summer
2026-09-28,summit_haus,2027-06-22,810.0,0.001,951.0,pacing,,False,False,267,summer
2026-09-28,summit_haus,2027-06-23,875.0,0.001,1027.0,pacing,,False,False,268,summer
2026-09-28,summit_haus,2027-06-24,1080.0,0.001,1265.0,pacing,,False,False,269,summer
2026-09-28,summit_haus,2027-06-25,1315.0,0.001,1542.0,pacing,,False,False,270,summer
2026-09-28,summit_haus,2027-06-26,1250.0,0.001,1466.0,pacing,,False,False,271,summer
2026-09-28,summit_haus,2027-06-27,1080.0,0.001,1266.0,pacing,,False,False,272,summer
2026-09-28,summit_haus,2027-06-28,965.0,0.001,1132.0,pacing,,False,False,273,summer
2026-09-28,summit_haus,2027-06-29,930.0,0.001,1092.0,pacing,,False,False,274,summer
2026-09-28,summit_haus,2027-06-30,1110.0,0.001,1302.0,pacing,,False,False,275,summer
2026-09-28,summit_haus,2027-07-01,1175.0,0.001,1379.0,pacing,,False,False,276,summer
2026-09-28,summit_haus,2027-07-02,1855.0,0.001,2244.0,pacing,,False,False,277,summer
2026-09-28,summit_haus,2027-07-03,1855.0,0.001,2240.0,pacing,,False,False,278,summer
2026-09-28,summit_haus,2027-07-04,1855.0,0.001,2180.0,pacing,,False,False,279,summer
2026-09-28,summit_haus,2027-07-05,970.0,0.001,1136.0,pacing,,False,False,280,summer
2026-09-28,summit_haus,2027-07-06,960.0,0.001,1126.0,pacing,,False,False,281,summer
2026-09-28,summit_haus,2027-07-07,1035.0,0.001,1215.0,pacing,,False,False,282,summer
2026-09-28,summit_haus,2027-07-08,1355.0,0.001,1590.0,pacing,,False,False,283,summer
2026-09-28,summit_haus,2027-07-09,1855.0,0.001,2191.0,pacing,,False,False,284,summer
2026-09-28,summit_haus,2027-07-10,1855.0,0.001,2231.0,pacing,,False,False,285,summer
2026-09-28,summit_haus,2027-07-11,1370.0,0.001,1609.0,pacing,,False,False,286,summer
2026-09-28,summit_haus,2027-07-12,1380.0,0.001,1620.0,pacing,,False,False,287,summer
2026-09-28,summit_haus,2027-07-13,1360.0,0.001,1595.0,pacing,,False,False,288,summer
2026-09-28,summit_haus,2027-07-14,1355.0,0.001,1593.0,pacing,,False,False,289,summer
2026-09-28,summit_haus,2027-07-15,1425.0,0.001,1675.0,pacing,,False,False,290,summer
2026-09-28,summit_haus,2027-07-16,1820.0,0.001,2068.0,pacing,,False,False,291,summer
2026-09-28,summit_haus,2027-07-17,1825.0,0.001,2074.0,pacing,,False,False,292,summer
2026-09-28,summit_haus,2027-07-18,1505.0,0.001,1753.0,pacing,,False,False,293,summer
2026-09-28,summit_haus,2027-07-19,1310.0,0.001,1537.0,pacing,,False,False,294,summer
2026-09-28,summit_haus,2027-07-20,1295.0,0.001,1521.0,pacing,,False,False,295,summer
2026-09-28,summit_haus,2027-07-21,1275.0,0.001,1498.0,pacing,,False,False,296,summer
2026-09-28,summit_haus,2027-07-22,1300.0,0.001,1525.0,pacing,,False,False,297,summer
2026-09-28,summit_haus,2027-07-23,1630.0,0.001,1880.0,pacing,,False,False,298,summer
2026-09-28,summit_haus,2027-07-24,1630.0,0.001,1878.0,pacing,,False,False,299,summer
2026-09-28,summit_haus,2027-07-25,1310.0,0.001,1539.0,pacing,,False,False,300,summer
2026-09-28,summit_haus,2027-07-26,1150.0,0.001,1352.0,pacing,,False,False,301,summer
2026-09-28,summit_haus,2027-07-27,1150.0,0.001,1348.0,pacing,,False,False,302,summer
2026-09-28,summit_haus,2027-07-28,1120.0,0.001,1314.0,pacing,,False,False,303,summer
2026-09-28,summit_haus,2027-07-29,1245.0,0.001,1461.0,pacing,,False,False,304,summer
2026-09-28,summit_haus,2027-07-30,1500.0,0.001,1750.0,pacing,,False,False,305,summer
2026-09-28,summit_haus,2027-07-31,1375.0,0.001,1615.0,pacing,,False,False,306,summer
2026-09-28,summit_haus,2027-08-01,1050.0,0.001,1232.0,pacing,,False,False,307,summer
2026-09-28,summit_haus,2027-08-02,895.0,0.006061907395180804,1050.0,pacing,,False,False,308,summer
2026-09-28,summit_haus,2027-08-03,870.0,0.00760233215447936,1023.0,pacing,,False,False,309,summer
2026-09-28,summit_haus,2027-08-04,865.0,0.007963678953209378,1013.0,pacing,,False,False,310,summer
2026-09-28,summit_haus,2027-08-05,990.0,0.001,1159.0,pacing,,False,False,311,summer
2026-09-28,summit_haus,2027-08-06,1115.0,0.013424988740368638,1311.0,pacing,,False,False,312,summer
2026-09-28,summit_haus,2027-08-07,1085.0,0.014797727249844402,1273.0,pacing,,False,False,313,summer
2026-09-28,summit_haus,2027-08-08,845.0,0.00927402499786635,991.0,pacing,,False,False,314,summer
2026-09-28,summit_haus,2027-08-09,745.0,0.015031567449914896,876.0,pacing,,False,False,315,summer
2026-09-28,summit_haus,2027-08-10,730.0,0.015900204137845132,857.0,pacing,,False,False,316,summer
2026-09-28,summit_haus,2027-08-11,735.0,0.015627673041998896,859.0,pacing,,False,False,317,summer
2026-09-28,summit_haus,2027-08-12,810.0,0.011415032655557263,952.0,pacing,,False,False,318,summer
2026-09-28,summit_haus,2027-08-13,1025.0,0.017386457794461338,1202.0,pacing,,False,False,319,summer
2026-09-28,summit_haus,2027-08-14,1025.0,0.01738675826016315,1202.0,pacing,,False,False,320,summer
2026-09-28,summit_haus,2027-08-15,720.0,0.01650633237242536,845.0,pacing,,False,False,321,summer
2026-09-28,summit_haus,2027-08-16,720.0,0.016511287077569402,844.0,pacing,,False,False,322,summer
2026-09-28,summit_haus,2027-08-17,685.0,0.01845740536614172,801.0,pacing,,False,False,323,summer
2026-09-28,summit_haus,2027-08-18,680.0,0.0187277767240709,795.0,pacing,,False,False,324,summer
2026-09-28,summit_haus,2027-08-19,690.0,0.018165931635002294,807.0,pacing,,False,False,325,summer
2026-09-28,summit_haus,2027-08-20,1445.0,0.001,1694.0,pacing,,False,False,326,summer
2026-09-28,summit_haus,2027-08-21,1450.0,0.001,1698.0,pacing,,False,False,327,summer
2026-09-28,summit_haus,2027-08-22,685.0,0.018436710987963924,802.0,pacing,,False,False,328,summer
2026-09-28,summit_haus,2027-08-23,670.0,0.019252306648308445,788.0,pacing,,False,False,329,summer
2026-09-28,summit_haus,2027-08-24,665.0,0.01951192731747542,756.0,pacing,,False,False,330,summer
2026-09-28,summit_haus,2027-08-25,670.0,0.019221720207286106,743.0,pacing,,False,False,331,summer
2026-09-28,summit_haus,2027-08-26,665.0,0.01947553274856759,730.0,pacing,,False,False,332,summer
2026-09-28,summit_haus,2027-08-27,850.0,0.024517787899319972,995.0,pacing,,False,False,333,summer
2026-09-28,summit_haus,2027-08-28,860.0,0.024007115581131142,1008.0,pacing,,False,False,334,summer
2026-09-28,summit_haus,2027-08-29,655.0,0.01999727535678993,697.0,pacing,,False,False,335,summer
2026-09-28,summit_haus,2027-08-30,575.0,0.024286489880811224,593.0,pacing,,False,False,336,summer
2026-09-28,summit_haus,2027-08-31,555.0,0.025310279317353784,569.0,pacing,,False,False,337,summer
2026-09-28,summit_haus,2027-09-01,565.0,0.024718029600762075,577.0,pacing,,False,False,338,summer
2026-09-28,summit_haus,2027-09-02,645.0,0.020386721552215967,683.0,pacing,,False,False,339,summer
2026-09-28,summit_haus,2027-09-03,915.0,0.021704954538545793,1072.0,pacing,,False,False,340,summer
2026-09-28,summit_haus,2027-09-04,915.0,0.02165741235014903,1073.0,pacing,,False,False,341,summer
2026-09-28,summit_haus,2027-09-05,875.0,0.008097047086665117,1028.0,pacing,,False,False,342,summer
2026-09-28,summit_haus,2027-09-06,560.0,0.0248852107063813,574.0,pacing,,False,False,343,summer
2026-09-28,summit_haus,2027-09-07,620.0,0.021655816095180868,651.0,pacing,,False,False,344,summer
2026-09-28,summit_haus,2027-09-08,620.0,0.0216169427357391,654.0,pacing,,False,False,345,summer
2026-09-28,summit_haus,2027-09-09,665.0,0.019211131559870954,714.0,pacing,,False,False,346,summer
2026-09-28,summit_haus,2027-09-10,715.0,0.029449839420752418,817.0,pacing,,False,False,347,summer
2026-09-28,summit_haus,2027-09-11,695.0,0.030061979170717595,800.0,pacing,,False,False,348,summer
2026-09-28,summit_haus,2027-09-12,630.0,0.021023960250846546,663.0,pacing,,False,False,349,summer
2026-09-28,summit_haus,2027-09-13,600.0,0.022562228476945827,625.0,pacing,,False,False,350,summer
2026-09-28,summit_haus,2027-09-14,595.0,0.022779499899665476,621.0,pacing,,False,False,351,summer
2026-09-28,summit_haus,2027-09-15,600.0,0.022475177884444128,626.0,pacing,,False,False,352,summer
2026-09-28,summit_haus,2027-09-16,625.0,0.007314994110826019,712.0,pacing,,False,False,353,shoulder_fall
2026-09-28,summit_haus,2027-09-17,690.0,0.02475663896101155,810.0,pacing,,False,False,354,shoulder_fall
2026-09-28,summit_haus,2027-09-18,645.0,0.027731643042562877,755.0,pacing,,False,False,355,shoulder_fall
2026-09-28,summit_haus,2027-09-19,560.0,0.012215315837545818,624.0,pacing,,False,False,356,shoulder_fall
2026-09-28,summit_haus,2027-09-20,505.0,0.016294060890266762,550.0,pacing,,False,False,357,shoulder_fall
2026-09-28,summit_haus,2027-09-21,500.0,0.016639138941344646,543.0,pacing,,False,False,358,shoulder_fall
2026-09-28,summit_haus,2027-09-22,510.0,0.015896538799132894,554.0,pacing,,False,False,359,shoulder_fall
2026-09-28,summit_haus,2027-09-23,580.0,0.010777121823687367,651.0,pacing,,False,False,360,shoulder_fall
2026-09-28,summit_haus,2027-09-24,635.0,0.02821909631066603,746.0,pacing,,False,False,361,shoulder_fall
2026-09-28,summit_haus,2027-09-25,645.0,0.02734603504806055,754.0,pacing,,False,False,362,shoulder_fall
2026-09-28,summit_haus,2027-09-26,560.0,0.01225127295098798,620.0,pacing,,False,False,363,shoulder_fall
2026-09-28,summit_haus,2027-09-27,515.0,0.01550387670241635,563.0,pacing,,False,False,364,shoulder_fall
2026-09-28,summit_haus,2027-09-28,500.0,0.016560882009008026,545.0,pacing,,False,False,365,shoulder_fall
2026-09-28,overlook_ridge,2026-09-29,336.0,0.9146570376499407,300.0,pacing,,False,True,1,shoulder_fall
2026-09-28,overlook_ridge,2026-09-30,336.0,0.8757242503775415,300.0,pacing,,False,False,2,shoulder_fall
2026-09-28,overlook_ridge,2026-10-05,355.0,0.014568156424581005,355.0,pacing,,False,False,7,shoulder_fall
2026-09-28,overlook_ridge,2026-10-06,350.0,0.014828085208411978,353.0,pacing,,False,False,8,shoulder_fall
2026-09-28,overlook_ridge,2026-10-07,340.0,0.015334018384528731,337.0,pacing,,False,False,9,shoulder_fall
2026-09-28,overlook_ridge,2026-10-12,425.0,0.01363614845057465,452.0,pacing,,False,False,14,shoulder_fall
2026-09-28,overlook_ridge,2026-10-13,430.0,0.01331773751261048,455.0,pacing,,False,False,15,shoulder_fall
2026-09-28,overlook_ridge,2026-10-14,370.0,0.016861017532113796,378.0,pacing,,False,False,16,shoulder_fall
2026-09-28,overlook_ridge,2026-10-15,380.0,0.016229587388553367,393.0,pacing,,False,False,17,shoulder_fall
2026-09-28,overlook_ridge,2026-10-16,500.0,0.995,500.0,pacing,,False,False,18,shoulder_fall
2026-09-28,overlook_ridge,2026-10-17,500.0,0.995,500.0,pacing,,False,False,19,shoulder_fall
2026-09-28,overlook_ridge,2026-10-25,350.0,0.030053198279414557,354.0,pacing,,False,False,27,shoulder_fall
2026-09-28,overlook_ridge,2026-10-26,336.0,0.03138535621734972,323.0,pacing,,False,False,28,shoulder_fall
2026-09-28,overlook_ridge,2026-10-27,336.0,0.03130759577069281,321.0,pacing,,False,False,29,shoulder_fall
2026-09-28,overlook_ridge,2026-10-28,336.0,0.03122995544192114,325.0,pacing,,False,False,30,shoulder_fall
2026-09-28,overlook_ridge,2026-10-29,370.0,0.027861833868222014,377.0,pacing,,False,False,31,shoulder_fall
2026-09-28,overlook_ridge,2026-10-30,500.0,0.995,500.0,pacing,,False,False,32,shoulder_fall
2026-09-28,overlook_ridge,2026-10-31,500.0,0.9682115567205356,500.0,pacing,,False,False,33,shoulder_fall
2026-09-28,overlook_ridge,2026-11-01,336.0,0.03108169513728823,326.0,pacing,,False,False,34,shoulder_fall
2026-09-28,overlook_ridge,2026-11-02,336.0,0.031032515676883338,316.0,pacing,,False,False,35,shoulder_fall
2026-09-28,overlook_ridge,2026-11-03,336.0,0.030945676592800238,317.0,pacing,,False,False,36,shoulder_fall
2026-09-28,overlook_ridge,2026-11-04,336.0,0.030859459664476084,322.0,pacing,,False,False,37,shoulder_fall
2026-09-28,overlook_ridge,2026-11-05,350.0,0.02944050314595403,353.0,pacing,,False,False,38,shoulder_fall
2026-09-28,overlook_ridge,2026-11-06,495.0,0.026586142388825545,500.0,pacing,,False,False,39,shoulder_fall
2026-09-28,overlook_ridge,2026-11-07,495.0,0.030402107156778175,500.0,pacing,,False,False,40,shoulder_fall
2026-09-28,overlook_ridge,2026-11-08,345.0,0.029840130911930027,344.0,pacing,,False,False,41,shoulder_fall
2026-09-28,overlook_ridge,2026-11-09,336.0,0.030614113809419356,313.0,pacing,,False,False,42,shoulder_fall
2026-09-28,overlook_ridge,2026-11-10,345.0,0.02967989920657149,342.0,pacing,,False,False,43,shoulder_fall
2026-09-28,overlook_ridge,2026-11-11,350.0,0.029132336866336202,349.0,pacing,,False,False,44,shoulder_fall
2026-09-28,overlook_ridge,2026-11-12,365.0,0.0276520060955102,371.0,pacing,,False,False,45,shoulder_fall
2026-09-28,overlook_ridge,2026-11-13,495.0,0.9511077087550834,500.0,pacing,,False,False,46,shoulder_fall
2026-09-28,overlook_ridge,2026-11-14,490.0,0.9044799347394262,500.0,pacing,,False,False,47,shoulder_fall
2026-09-28,overlook_ridge,2026-11-15,350.0,0.028987359429271286,351.0,pacing,,False,False,48,shoulder_fall
2026-09-28,overlook_ridge,2026-11-16,336.0,0.030217492459012632,315.0,pacing,,False,False,49,shoulder_fall
2026-09-28,overlook_ridge,2026-11-17,355.0,0.05156649647899049,322.0,pacing,,False,False,50,shoulder_fall
2026-09-28,overlook_ridge,2026-11-18,370.0,0.04893137316888903,335.0,pacing,,False,False,51,shoulder_fall
2026-09-28,overlook_ridge,2026-11-19,375.0,0.026514972006736495,385.0,pacing,,False,False,52,shoulder_fall
2026-09-28,overlook_ridge,2026-11-23,600.0,0.009187147889063675,680.0,pacing,,False,False,56,early_winter
2026-09-28,overlook_ridge,2026-12-03,555.0,0.05283210231563992,603.0,pacing,,False,False,66,early_winter
2026-09-28,overlook_ridge,2026-12-04,695.0,0.1350915051311289,814.0,pacing,,False,False,67,early_winter
2026-09-28,overlook_ridge,2026-12-05,685.0,0.08532108280343802,801.0,pacing,,False,False,68,early_winter
2026-09-28,overlook_ridge,2026-12-06,590.0,0.044945158259380606,654.0,pacing,,False,False,69,early_winter
2026-09-28,overlook_ridge,2026-12-07,555.0,0.052856166012042495,605.0,pacing,,False,False,70,early_winter
2026-09-28,overlook_ridge,2026-12-08,530.0,0.058264767704687984,574.0,pacing,,False,False,71,early_winter
2026-09-28,overlook_ridge,2026-12-09,535.0,0.057007307946877285,579.0,pacing,,False,False,72,early_winter
2026-09-28,overlook_ridge,2026-12-10,655.0,0.031251456296755215,737.0,pacing,,False,False,73,early_winter
2026-09-28,overlook_ridge,2026-12-11,865.0,0.08378862241577834,1014.0,pacing,,False,False,74,early_winter
2026-09-28,overlook_ridge,2026-12-12,965.0,0.057883855901721015,1132.0,pacing,,False,False,75,early_winter
2026-09-28,overlook_ridge,2026-12-13,680.0,0.026442848101915356,798.0,pacing,,False,False,76,early_winter
2026-09-28,overlook_ridge,2026-12-14,650.0,0.03336267297752628,726.0,pacing,,False,False,77,early_winter
2026-09-28,overlook_ridge,2026-12-15,655.0,0.0060818435754189945,768.0,pacing,,False,False,78,peak_ski
2026-09-28,overlook_ridge,2026-12-16,710.0,0.005105180149471902,835.0,pacing,,False,False,79,peak_ski
2026-09-28,overlook_ridge,2026-12-17,915.0,0.0013374704410598426,1072.0,pacing,,False,False,80,peak_ski
2026-09-28,overlook_ridge,2026-12-18,1400.0,0.001,1642.0,pacing,,False,False,81,peak_ski
2026-09-28,overlook_ridge,2026-12-19,1990.0,0.001,2239.0,pacing,,False,False,82,peak_ski
2026-09-28,overlook_ridge,2026-12-20,2235.0,0.001,2481.0,pacing,,False,False,83,peak_ski
2026-09-28,overlook_ridge,2026-12-21,2545.0,0.001,2791.0,pacing,,False,False,84,peak_ski
2026-09-28,overlook_ridge,2026-12-22,2570.0,0.001,2818.0,pacing,,False,False,85,peak_ski
2026-09-28,overlook_ridge,2026-12-23,2595.0,0.001,2841.0,pacing,,False,False,86,peak_ski
2026-09-28,overlook_ridge,2026-12-24,2695.0,0.001,2944.0,pacing,,False,False,87,peak_ski
2026-09-28,overlook_ridge,2026-12-25,2765.0,0.001,3013.0,pacing,,False,False,88,peak_ski
2026-09-28,overlook_ridge,2026-12-26,2780.0,0.001,3029.0,pacing,,False,False,89,peak_ski
2026-09-28,overlook_ridge,2027-01-02,3305.0,0.001,3555.0,pacing,,False,False,96,peak_ski
2026-09-28,overlook_ridge,2027-01-03,1740.0,0.0947788975390155,1915.0,pacing,,False,False,97,peak_ski
2026-09-28,overlook_ridge,2027-01-04,1805.0,0.09095771536582532,1719.0,pacing,,False,False,98,peak_ski
2026-09-28,overlook_ridge,2027-01-05,1720.0,0.10805795791759099,1616.0,pacing,,False,False,99,peak_ski
2026-09-28,overlook_ridge,2027-01-06,1385.0,0.15418062575890526,1238.0,pacing,,False,False,100,peak_ski
2026-09-28,overlook_ridge,2027-01-07,1095.0,0.001,1288.0,pacing,,False,False,101,peak_ski
2026-09-28,overlook_ridge,2027-01-08,1445.0,0.001,1691.0,pacing,,False,False,102,peak_ski
2026-09-28,overlook_ridge,2027-01-09,1300.0,0.0027875033364538246,1528.0,pacing,,False,False,103,peak_ski
2026-09-28,overlook_ridge,2027-01-10,1195.0,0.001,1403.0,pacing,,False,False,104,peak_ski
2026-09-28,overlook_ridge,2027-01-11,905.0,0.0017655036595745743,1049.0,pacing,,False,False,105,peak_ski
2026-09-28,overlook_ridge,2027-01-12,1105.0,0.1891770772309719,990.0,pacing,,False,False,106,peak_ski
2026-09-28,overlook_ridge,2027-01-13,1410.0,0.1419265742565302,1260.0,pacing,,False,False,107,peak_ski
2026-09-28,overlook_ridge,2027-01-14,1370.0,0.001,1606.0,pacing,,False,False,108,peak_ski
2026-09-28,overlook_ridge,2027-01-15,1855.0,0.001,2381.0,pacing,,False,False,109,peak_ski
2026-09-28,overlook_ridge,2027-01-16,1855.0,0.001,2264.0,pacing,,False,False,110,peak_ski
2026-09-28,overlook_ridge,2027-01-17,1855.0,0.001,2229.0,pacing,,False,False,111,peak_ski
2026-09-28,overlook_ridge,2027-01-18,1035.0,0.001,1214.0,pacing,,False,False,112,peak_ski
2026-09-28,overlook_ridge,2027-01-19,1285.0,0.15492533655614618,1148.0,pacing,,False,False,113,peak_ski
2026-09-28,overlook_ridge,2027-01-20,1260.0,0.1540269995107857,1126.0,pacing,,False,False,114,peak_ski
2026-09-28,overlook_ridge,2027-01-21,1240.0,0.001,1454.0,pacing,,False,False,115,peak_ski
2026-09-28,overlook_ridge,2027-01-22,1855.0,0.001,2167.0,pacing,,False,False,116,peak_ski
2026-09-28,overlook_ridge,2027-01-23,1855.0,0.021816444174757265,2226.0,pacing,,False,False,117,peak_ski
2026-09-28,overlook_ridge,2027-01-24,1370.0,0.001,1611.0,pacing,,False,False,118,peak_ski
2026-09-28,overlook_ridge,2027-01-25,1325.0,0.001,1556.0,pacing,,False,False,119,peak_ski
2026-09-28,overlook_ridge,2027-01-26,1360.0,0.001,1596.0,pacing,,False,False,120,peak_ski
2026-09-28,overlook_ridge,2027-01-27,1390.0,0.001,1632.0,pacing,,False,False,121,peak_ski
2026-09-28,overlook_ridge,2027-01-28,1505.0,0.001,1752.0,pacing,,False,False,122,peak_ski
2026-09-28,overlook_ridge,2027-01-29,1855.0,0.001,2529.0,pacing,,False,False,123,peak_ski
2026-09-28,overlook_ridge,2027-01-30,1855.0,0.001,2479.0,pacing,,False,False,124,peak_ski
2026-09-28,overlook_ridge,2027-01-31,1400.0,0.001,1644.0,pacing,,False,False,125,peak_ski
2026-09-28,overlook_ridge,2027-02-01,1080.0,0.001,1269.0,pacing,,False,False,126,peak_ski
2026-09-28,overlook_ridge,2027-02-02,1075.0,0.001,1261.0,pacing,,False,False,127,peak_ski
2026-09-28,overlook_ridge,2027-02-03,1115.0,0.001,1311.0,pacing,,False,False,128,peak_ski
2026-09-28,overlook_ridge,2027-02-04,1720.0,0.001,1968.0,pacing,,False,False,129,peak_ski
2026-09-28,overlook_ridge,2027-02-05,1855.0,0.001,2633.0,pacing,,False,False,130,peak_ski
2026-09-28,overlook_ridge,2027-02-06,1855.0,0.001,2731.0,pacing,,False,False,131,peak_ski
2026-09-28,overlook_ridge,2027-02-07,1730.0,0.001,1976.0,pacing,,False,False,132,peak_ski
2026-09-28,overlook_ridge,2027-02-08,1710.0,0.001,1959.0,pacing,,False,False,133,peak_ski
2026-09-28,overlook_ridge,2027-02-09,1710.0,0.001,1958.0,pacing,,False,False,134,peak_ski
2026-09-28,overlook_ridge,2027-02-10,1720.0,0.001,1969.0,pacing,,False,False,135,peak_ski
2026-09-28,overlook_ridge,2027-02-11,1855.0,0.001,2389.0,pacing,,False,False,136,peak_ski
2026-09-28,overlook_ridge,2027-02-12,1855.0,0.001,3637.0,pacing,,False,False,137,peak_ski
2026-09-28,overlook_ridge,2027-02-13,1855.0,0.001,3605.0,pacing,,False,False,138,peak_ski
2026-09-28,overlook_ridge,2027-02-14,1855.0,0.001,3645.0,pacing,,False,False,139,peak_ski
2026-09-28,overlook_ridge,2027-02-15,1855.0,0.001,2229.0,pacing,,False,False,140,peak_ski
2026-09-28,overlook_ridge,2027-02-16,1800.0,0.001,2050.0,pacing,,False,False,141,peak_ski
2026-09-28,overlook_ridge,2027-02-17,1780.0,0.001,2029.0,pacing,,False,False,142,peak_ski
2026-09-28,overlook_ridge,2027-02-18,1855.0,0.001,2383.0,pacing,,False,False,143,peak_ski
2026-09-28,overlook_ridge,2027-02-19,1855.0,0.0010627122524596068,3212.0,pacing,,False,False,144,peak_ski
2026-09-28,overlook_ridge,2027-02-20,1855.0,0.0014725333627614017,3081.0,pacing,,False,False,145,peak_ski
2026-09-28,overlook_ridge,2027-02-21,1855.0,0.001,2167.0,pacing,,False,False,146,peak_ski
2026-09-28,overlook_ridge,2027-02-22,1485.0,0.001,1734.0,pacing,,False,False,147,peak_ski
2026-09-28,overlook_ridge,2027-02-23,1330.0,0.001,1562.0,pacing,,False,False,148,peak_ski
2026-09-28,overlook_ridge,2027-02-24,1415.0,0.001,1664.0,pacing,,False,False,149,peak_ski
2026-09-28,overlook_ridge,2027-02-25,1855.0,0.001,2386.0,pacing,,False,False,150,peak_ski
2026-09-28,overlook_ridge,2027-02-26,1855.0,0.0018299064941398788,3003.0,pacing,,False,False,151,peak_ski
2026-09-28,overlook_ridge,2027-02-27,1855.0,0.00215589436075987,2954.0,pacing,,False,False,152,peak_ski
2026-09-28,overlook_ridge,2027-02-28,1740.0,0.001,1986.0,pacing,,False,False,153,peak_ski
2026-09-28,overlook_ridge,2027-03-01,1335.0,0.001,1567.0,pacing,,False,False,154,peak_ski
2026-09-28,overlook_ridge,2027-03-02,1335.0,0.001,1570.0,pacing,,False,False,155,peak_ski
2026-09-28,overlook_ridge,2027-03-03,1350.0,0.001,1586.0,pacing,,False,False,156,peak_ski
2026-09-28,overlook_ridge,2027-03-04,1705.0,0.001,1954.0,pacing,,False,False,157,peak_ski
2026-09-28,overlook_ridge,2027-03-05,1855.0,0.002451165045549243,2555.0,pacing,,False,False,158,peak_ski
2026-09-28,overlook_ridge,2027-03-06,1855.0,0.0026803988274805104,2830.0,pacing,,False,False,159,peak_ski
2026-09-28,overlook_ridge,2027-03-07,1855.0,0.001,2383.0,pacing,,False,False,160,peak_ski
2026-09-28,overlook_ridge,2027-03-08,1855.0,0.001,2233.0,pacing,,False,False,161,peak_ski
2026-09-28,overlook_ridge,2027-03-09,1855.0,0.001,2173.0,pacing,,False,False,162,peak_ski
2026-09-28,overlook_ridge,2027-03-10,1855.0,0.001,2189.0,pacing,,False,False,163,peak_ski
2026-09-28,overlook_ridge,2027-03-11,1855.0,0.001,2371.0,pacing,,False,False,164,peak_ski
2026-09-28,overlook_ridge,2027-03-12,1855.0,0.002929874514560713,2872.0,pacing,,False,False,165,peak_ski
2026-09-28,overlook_ridge,2027-03-13,1855.0,0.0031745855513412346,2914.0,pacing,,False,False,166,peak_ski
2026-09-28,overlook_ridge,2027-03-14,1855.0,0.001,3005.0,pacing,,False,False,167,peak_ski
2026-09-28,overlook_ridge,2027-03-15,1855.0,0.001,2877.0,pacing,,False,False,168,peak_ski
2026-09-28,overlook_ridge,2027-03-16,1855.0,0.001,2849.0,pacing,,False,False,169,peak_ski
2026-09-28,overlook_ridge,2027-03-17,1855.0,0.001,2818.0,pacing,,False,False,170,peak_ski
2026-09-28,overlook_ridge,2027-03-18,1855.0,0.001,2860.0,pacing,,False,False,171,peak_ski
2026-09-28,overlook_ridge,2027-03-19,1855.0,0.0034129611644877563,2637.0,pacing,,False,False,172,peak_ski
2026-09-28,overlook_ridge,2027-03-20,1855.0,0.0036018507936730927,2603.0,pacing,,False,False,173,peak_ski
2026-09-28,overlook_ridge,2027-03-21,1515.0,0.001,1765.0,pacing,,False,False,174,peak_ski
2026-09-28,overlook_ridge,2027-03-22,1835.0,0.001,2082.0,pacing,,False,False,175,peak_ski
2026-09-28,overlook_ridge,2027-03-23,1775.0,0.001,2025.0,pacing,,False,False,176,peak_ski
2026-09-28,overlook_ridge,2027-03-24,1230.0,0.0031799587971911036,1444.0,pacing,,False,False,177,peak_ski
2026-09-28,overlook_ridge,2027-03-25,1310.0,0.002350489459281988,1537.0,pacing,,False,False,178,peak_ski
2026-09-28,overlook_ridge,2027-03-26,1475.0,0.008050464735054656,1721.0,pacing,,False,False,179,peak_ski
2026-09-28,overlook_ridge,2027-03-27,1330.0,0.009689560156529251,1561.0,pacing,,False,False,180,peak_ski
2026-09-28,overlook_ridge,2027-03-28,1085.0,0.004814718920435438,1271.0,pacing,,False,False,181,peak_ski
2026-09-28,overlook_ridge,2027-03-29,905.0,0.006772925846600928,1012.0,pacing,,False,False,182,peak_ski
2026-09-28,overlook_ridge,2027-03-30,885.0,0.006999344758740718,921.0,pacing,,False,False,183,peak_ski
2026-09-28,overlook_ridge,2027-03-31,880.0,0.007062111586084011,915.0,pacing,,False,False,184,peak_ski
2026-09-28,overlook_ridge,2027-04-01,860.0,0.001,1006.0,pacing,,False,False,185,shoulder_spring
2026-09-28,overlook_ridge,2027-04-02,875.0,0.009258196141327418,1029.0,pacing,,False,False,186,shoulder_spring
2026-09-28,overlook_ridge,2027-04-03,820.0,0.012068416724605102,964.0,pacing,,False,False,187,shoulder_spring
2026-09-28,overlook_ridge,2027-04-04,655.0,0.002661137307722021,768.0,pacing,,False,False,188,shoulder_spring
2026-09-28,overlook_ridge,2027-04-05,555.0,0.006538583487776951,616.0,pacing,,False,False,189,shoulder_spring
2026-09-28,overlook_ridge,2027-04-06,520.0,0.007871304996099575,570.0,pacing,,False,False,190,shoulder_spring
2026-09-28,overlook_ridge,2027-04-07,530.0,0.007487124627600552,581.0,pacing,,False,False,191,shoulder_spring
2026-09-28,overlook_ridge,2027-04-08,575.0,0.005798611074412708,645.0,pacing,,False,False,192,shoulder_spring
2026-09-28,overlook_ridge,2027-04-09,620.0,0.021652015105553153,663.0,pacing,,False,False,193,shoulder_spring
2026-09-28,overlook_ridge,2027-04-10,620.0,0.02142762631880834,660.0,pacing,,False,False,194,shoulder_spring
2026-09-28,overlook_ridge,2027-04-11,530.0,0.0074864914065764405,582.0,pacing,,False,False,195,shoulder_spring
2026-09-28,overlook_ridge,2027-04-12,505.0,0.008405053138698299,550.0,pacing,,False,False,196,shoulder_spring
2026-09-28,overlook_ridge,2027-04-13,480.0,0.009330688201352712,516.0,pacing,,False,False,197,shoulder_spring
2026-09-28,overlook_ridge,2027-04-14,490.0,0.008983304883422905,528.0,pacing,,False,False,198,shoulder_spring
2026-09-28,overlook_ridge,2027-04-15,510.0,0.008270384796473056,558.0,pacing,,False,False,199,shoulder_spring
2026-09-28,overlook_ridge,2027-04-16,600.0,0.022129476710526966,617.0,pacing,,False,False,200,shoulder_spring
2026-09-28,overlook_ridge,2027-04-17,585.0,0.022577484480615088,597.0,pacing,,False,False,201,shoulder_spring
2026-09-28,overlook_ridge,2027-04-18,505.0,0.008478812785159565,550.0,pacing,,False,False,202,shoulder_spring
2026-09-28,overlook_ridge,2027-04-19,465.0,0.009967727970502107,495.0,pacing,,False,False,203,shoulder_spring
2026-09-28,overlook_ridge,2027-04-20,455.0,0.01035056966488118,480.0,pacing,,False,False,204,shoulder_spring
2026-09-28,overlook_ridge,2027-04-21,465.0,0.010000083658947079,493.0,pacing,,False,False,205,shoulder_spring
2026-09-28,overlook_ridge,2027-04-22,500.0,0.00873814312910788,539.0,pacing,,False,False,206,shoulder_spring
2026-09-28,overlook_ridge,2027-04-23,605.0,0.02141399659676225,627.0,pacing,,False,False,207,shoulder_spring
2026-09-28,overlook_ridge,2027-04-24,600.0,0.021414854306118895,615.0,pacing,,False,False,208,shoulder_spring
2026-09-28,overlook_ridge,2027-04-25,520.0,0.008030135226537297,569.0,pacing,,False,False,209,shoulder_spring
2026-09-28,overlook_ridge,2027-04-26,485.0,0.009330233998190713,518.0,pacing,,False,False,210,shoulder_spring
2026-09-28,overlook_ridge,2027-04-27,485.0,0.009348873178792814,517.0,pacing,,False,False,211,shoulder_spring
2026-09-28,overlook_ridge,2027-04-28,480.0,0.0095490036600244,510.0,pacing,,False,False,212,shoulder_spring
2026-09-28,overlook_ridge,2027-04-29,485.0,0.009384783937913822,518.0,pacing,,False,False,213,shoulder_spring
2026-09-28,overlook_ridge,2027-04-30,565.0,0.02274583253247177,570.0,pacing,,False,False,214,shoulder_spring
2026-09-28,overlook_ridge,2027-05-01,560.0,0.022714257670669084,561.0,pacing,,False,False,215,shoulder_spring
2026-09-28,overlook_ridge,2027-05-02,490.0,0.009221407208298631,524.0,pacing,,False,False,216,shoulder_spring
2026-09-28,overlook_ridge,2027-05-03,465.0,0.010146060276603107,492.0,pacing,,False,False,217,shoulder_spring
2026-09-28,overlook_ridge,2027-05-04,470.0,0.00997982410760476,500.0,pacing,,False,False,218,shoulder_spring
2026-09-28,overlook_ridge,2027-05-05,485.0,0.009452585915834033,520.0,pacing,,False,False,219,shoulder_spring
2026-09-28,overlook_ridge,2027-05-06,495.0,0.009108558048400881,533.0,pacing,,False,False,220,shoulder_spring
2026-09-28,overlook_ridge,2027-05-07,570.0,0.022027475941117553,574.0,pacing,,False,False,221,shoulder_spring
2026-09-28,overlook_ridge,2027-05-08,555.0,0.022437213548806217,559.0,pacing,,False,False,222,shoulder_spring
2026-09-28,overlook_ridge,2027-05-09,490.0,0.009307787995503383,525.0,pacing,,False,False,223,shoulder_spring
2026-09-28,overlook_ridge,2027-05-10,475.0,0.009866507952147345,508.0,pacing,,False,False,224,shoulder_spring
2026-09-28,overlook_ridge,2027-05-11,470.0,0.010062271630040096,500.0,pacing,,False,False,225,shoulder_spring
2026-09-28,overlook_ridge,2027-05-12,485.0,0.009536850078008781,519.0,pacing,,False,False,226,shoulder_spring
2026-09-28,overlook_ridge,2027-05-13,490.0,0.00937347247695039,529.0,pacing,,False,False,227,shoulder_spring
2026-09-28,overlook_ridge,2027-05-14,570.0,0.0215534407191661,576.0,pacing,,False,False,228,shoulder_spring
2026-09-28,overlook_ridge,2027-05-15,575.0,0.021114871526076974,582.0,pacing,,False,False,229,shoulder_spring
2026-09-28,overlook_ridge,2027-05-16,505.0,0.008851727179086692,545.0,pacing,,False,False,230,shoulder_spring
2026-09-28,overlook_ridge,2027-05-17,490.0,0.009409173808125972,523.0,pacing,,False,False,231,shoulder_spring
2026-09-28,overlook_ridge,2027-05-18,485.0,0.009604944413106338,515.0,pacing,,False,False,232,shoulder_spring
2026-09-28,overlook_ridge,2027-05-19,490.0,0.00944126517670714,521.0,pacing,,False,False,233,shoulder_spring
2026-09-28,overlook_ridge,2027-05-20,495.0,0.009278213042101932,533.0,pacing,,False,False,234,shoulder_spring
2026-09-28,overlook_ridge,2027-05-21,575.0,0.020897580126291133,583.0,pacing,,False,False,235,shoulder_spring
2026-09-28,overlook_ridge,2027-05-22,570.0,0.020890073837892265,575.0,pacing,,False,False,236,shoulder_spring
2026-09-28,overlook_ridge,2027-05-23,510.0,0.008758585922651791,550.0,pacing,,False,False,237,shoulder_spring
2026-09-28,overlook_ridge,2027-05-24,490.0,0.009491813551319514,524.0,pacing,,False,False,238,shoulder_spring
2026-09-28,overlook_ridge,2027-05-25,500.0,0.009150511562658307,539.0,pacing,,False,False,239,shoulder_spring
2026-09-28,overlook_ridge,2027-05-26,495.0,0.009345874994076672,532.0,pacing,,False,False,240,shoulder_spring
2026-09-28,overlook_ridge,2027-05-27,540.0,0.0077585940848692685,591.0,pacing,,False,False,241,shoulder_spring
2026-09-28,overlook_ridge,2027-05-28,625.0,0.01841491118264109,731.0,pacing,,False,False,242,shoulder_spring
2026-09-28,overlook_ridge,2027-05-29,625.0,0.01827205278564045,730.0,pacing,,False,False,243,shoulder_spring
2026-09-28,overlook_ridge,2027-05-30,620.0,0.004933713389076736,699.0,pacing,,False,False,244,shoulder_spring
2026-09-28,overlook_ridge,2027-05-31,495.0,0.00941539576639737,529.0,pacing,,False,False,245,shoulder_spring
2026-09-28,overlook_ridge,2027-06-01,540.0,0.021788536425885744,573.0,pacing,,False,False,246,summer
2026-09-28,overlook_ridge,2027-06-02,530.0,0.0224284534494414,558.0,pacing,,False,False,247,summer
2026-09-28,overlook_ridge,2027-06-03,585.0,0.018730892809245506,632.0,pacing,,False,False,248,summer
2026-09-28,overlook_ridge,2027-06-04,695.0,0.029061800454306404,744.0,pacing,,False,False,249,summer
2026-09-28,overlook_ridge,2027-06-05,695.0,0.02889944962944542,751.0,pacing,,False,False,250,summer
2026-09-28,overlook_ridge,2027-06-06,600.0,0.01772637910342475,653.0,pacing,,False,False,251,summer
2026-09-28,overlook_ridge,2027-06-07,570.0,0.01970532555709813,608.0,pacing,,False,False,252,summer
2026-09-28,overlook_ridge,2027-06-08,555.0,0.020674896572837234,589.0,pacing,,False,False,253,summer
2026-09-28,overlook_ridge,2027-06-09,590.0,0.01835773724805062,639.0,pacing,,False,False,254,summer
2026-09-28,overlook_ridge,2027-06-10,715.0,0.005129028581311072,840.0,pacing,,False,False,255,summer
2026-09-28,overlook_ridge,2027-06-11,810.0,0.020431766787678333,952.0,pacing,,False,False,256,summer
2026-09-28,overlook_ridge,2027-06-12,825.0,0.019481213842142395,969.0,pacing,,False,False,257,summer
2026-09-28,overlook_ridge,2027-06-13,725.0,0.004405527736159095,849.0,pacing,,False,False,258,summer
2026-09-28,overlook_ridge,2027-06-14,735.0,0.0038173006630991897,864.0,pacing,,False,False,259,summer
2026-09-28,overlook_ridge,2027-06-15,795.0,0.001,934.0,pacing,,False,False,260,summer
2026-09-28,overlook_ridge,2027-06-16,850.0,0.001,996.0,pacing,,False,False,261,summer
2026-09-28,overlook_ridge,2027-06-17,1170.0,0.001,1375.0,pacing,,False,False,262,summer
2026-09-28,overlook_ridge,2027-06-18,1230.0,0.001,1445.0,pacing,,False,False,263,summer
2026-09-28,overlook_ridge,2027-06-19,1205.0,0.001,1416.0,pacing,,False,False,264,summer
2026-09-28,overlook_ridge,2027-06-20,910.0,0.001,1065.0,pacing,,False,False,265,summer
2026-09-28,overlook_ridge,2027-06-21,875.0,0.001,1027.0,pacing,,False,False,266,summer
2026-09-28,overlook_ridge,2027-06-22,780.0,0.001327252901576411,917.0,pacing,,False,False,267,summer
2026-09-28,overlook_ridge,2027-06-23,845.0,0.001,991.0,pacing,,False,False,268,summer
2026-09-28,overlook_ridge,2027-06-24,1040.0,0.001,1221.0,pacing,,False,False,269,summer
2026-09-28,overlook_ridge,2027-06-25,1265.0,0.001,1487.0,pacing,,False,False,270,summer
2026-09-28,overlook_ridge,2027-06-26,1205.0,0.001,1414.0,pacing,,False,False,271,summer
2026-09-28,overlook_ridge,2027-06-27,1040.0,0.001,1221.0,pacing,,False,False,272,summer
2026-09-28,overlook_ridge,2027-06-28,930.0,0.001,1092.0,pacing,,False,False,273,summer
2026-09-28,overlook_ridge,2027-06-29,900.0,0.001,1053.0,pacing,,False,False,274,summer
2026-09-28,overlook_ridge,2027-06-30,1070.0,0.001,1256.0,pacing,,False,False,275,summer
2026-09-28,overlook_ridge,2027-07-01,1135.0,0.001,1330.0,pacing,,False,False,276,summer
2026-09-28,overlook_ridge,2027-07-02,1855.0,0.001,2165.0,pacing,,False,False,277,summer
2026-09-28,overlook_ridge,2027-07-03,1855.0,0.001,2161.0,pacing,,False,False,278,summer
2026-09-28,overlook_ridge,2027-07-04,1855.0,0.001,2103.0,pacing,,False,False,279,summer
2026-09-28,overlook_ridge,2027-07-05,935.0,0.001,1096.0,pacing,,False,False,280,summer
2026-09-28,overlook_ridge,2027-07-06,925.0,0.001,1086.0,pacing,,False,False,281,summer
2026-09-28,overlook_ridge,2027-07-07,1000.0,0.001,1172.0,pacing,,False,False,282,summer
2026-09-28,overlook_ridge,2027-07-08,1305.0,0.001,1534.0,pacing,,False,False,283,summer
2026-09-28,overlook_ridge,2027-07-09,1855.0,0.001,2114.0,pacing,,False,False,284,summer
2026-09-28,overlook_ridge,2027-07-10,1855.0,0.001,2152.0,pacing,,False,False,285,summer
2026-09-28,overlook_ridge,2027-07-11,1320.0,0.001,1552.0,pacing,,False,False,286,summer
2026-09-28,overlook_ridge,2027-07-12,1330.0,0.001,1562.0,pacing,,False,False,287,summer
2026-09-28,overlook_ridge,2027-07-13,1310.0,0.001,1538.0,pacing,,False,False,288,summer
2026-09-28,overlook_ridge,2027-07-14,1310.0,0.001,1537.0,pacing,,False,False,289,summer
2026-09-28,overlook_ridge,2027-07-15,1375.0,0.001,1615.0,pacing,,False,False,290,summer
2026-09-28,overlook_ridge,2027-07-16,1745.0,0.001,1995.0,pacing,,False,False,291,summer
2026-09-28,overlook_ridge,2027-07-17,1755.0,0.001,2001.0,pacing,,False,False,292,summer
2026-09-28,overlook_ridge,2027-07-18,1445.0,0.001,1691.0,pacing,,False,False,293,summer
2026-09-28,overlook_ridge,2027-07-19,1265.0,0.001,1483.0,pacing,,False,False,294,summer
2026-09-28,overlook_ridge,2027-07-20,1250.0,0.001,1467.0,pacing,,False,False,295,summer
2026-09-28,overlook_ridge,2027-07-21,1230.0,0.001,1445.0,pacing,,False,False,296,summer
2026-09-28,overlook_ridge,2027-07-22,1255.0,0.001,1471.0,pacing,,False,False,297,summer
2026-09-28,overlook_ridge,2027-07-23,1565.0,0.001,1813.0,pacing,,False,False,298,summer
2026-09-28,overlook_ridge,2027-07-24,1565.0,0.001,1812.0,pacing,,False,False,299,summer
2026-09-28,overlook_ridge,2027-07-25,1265.0,0.001,1484.0,pacing,,False,False,300,summer
2026-09-28,overlook_ridge,2027-07-26,1110.0,0.001,1305.0,pacing,,False,False,301,summer
2026-09-28,overlook_ridge,2027-07-27,1105.0,0.001,1300.0,pacing,,False,False,302,summer
2026-09-28,overlook_ridge,2027-07-28,1080.0,0.001,1267.0,pacing,,False,False,303,summer
2026-09-28,overlook_ridge,2027-07-29,1200.0,0.001,1409.0,pacing,,False,False,304,summer
2026-09-28,overlook_ridge,2027-07-30,1440.0,0.001,1688.0,pacing,,False,False,305,summer
2026-09-28,overlook_ridge,2027-07-31,1325.0,0.001,1558.0,pacing,,False,False,306,summer
2026-09-28,overlook_ridge,2027-08-01,1015.0,0.001,1189.0,pacing,,False,False,307,summer
2026-09-28,overlook_ridge,2027-08-02,865.0,0.0078108937394764134,1013.0,pacing,,False,False,308,summer
2026-09-28,overlook_ridge,2027-08-03,840.0,0.009343117472703479,987.0,pacing,,False,False,309,summer
2026-09-28,overlook_ridge,2027-08-04,835.0,0.009696650821286231,978.0,pacing,,False,False,310,summer
2026-09-28,overlook_ridge,2027-08-05,955.0,0.0028559204876210807,1118.0,pacing,,False,False,311,summer
2026-09-28,overlook_ridge,2027-08-06,1075.0,0.015142245909801455,1264.0,pacing,,False,False,312,summer
2026-09-28,overlook_ridge,2027-08-07,1045.0,0.016496967575649762,1228.0,pacing,,False,False,313,summer
2026-09-28,overlook_ridge,2027-08-08,815.0,0.010990639370083048,956.0,pacing,,False,False,314,summer
2026-09-28,overlook_ridge,2027-08-09,720.0,0.01645579955597568,845.0,pacing,,False,False,315,summer
2026-09-28,overlook_ridge,2027-08-10,705.0,0.01731878737441445,826.0,pacing,,False,False,316,summer
2026-09-28,overlook_ridge,2027-08-11,705.0,0.01732339148392179,829.0,pacing,,False,False,317,summer
2026-09-28,overlook_ridge,2027-08-12,785.0,0.012822701360463422,918.0,pacing,,False,False,318,summer
2026-09-28,overlook_ridge,2027-08-13,905.0,0.022432843031793333,1059.0,pacing,,False,False,319,summer
2026-09-28,overlook_ridge,2027-08-14,860.0,0.02426215577045456,1009.0,pacing,,False,False,320,summer
2026-09-28,overlook_ridge,2027-08-15,695.0,0.017908022220605037,816.0,pacing,,False,False,321,summer
2026-09-28,overlook_ridge,2027-08-16,695.0,0.017907675468184104,814.0,pacing,,False,False,322,summer
2026-09-28,overlook_ridge,2027-08-17,695.0,0.017900866599503944,773.0,pacing,,False,False,323,summer
2026-09-28,overlook_ridge,2027-08-18,695.0,0.01789601940488573,767.0,pacing,,False,False,324,summer
2026-09-28,overlook_ridge,2027-08-19,695.0,0.017889679981677568,778.0,pacing,,False,False,325,summer
2026-09-28,overlook_ridge,2027-08-20,815.0,0.026046919188393153,958.0,pacing,,False,False,326,summer
2026-09-28,overlook_ridge,2027-08-21,810.0,0.026197297252653507,948.0,pacing,,False,False,327,summer
2026-09-28,overlook_ridge,2027-08-22,695.0,0.017886240215979538,774.0,pacing,,False,False,328,summer
2026-09-28,overlook_ridge,2027-08-23,695.0,0.017881124060558765,760.0,pacing,,False,False,329,summer
2026-09-28,overlook_ridge,2027-08-24,675.0,0.018965388217082477,729.0,pacing,,False,False,330,summer
2026-09-28,overlook_ridge,2027-08-25,670.0,0.019221720207286106,717.0,pacing,,False,False,331,summer
2026-09-28,overlook_ridge,2027-08-26,660.0,0.019746938660863845,705.0,pacing,,False,False,332,summer
2026-09-28,overlook_ridge,2027-08-27,735.0,0.029175907616966156,862.0,pacing,,False,False,333,summer
2026-09-28,overlook_ridge,2027-08-28,710.0,0.030036169703870866,833.0,pacing,,False,False,334,summer
2026-09-28,overlook_ridge,2027-08-29,695.0,0.017833354946137813,768.0,pacing,,False,False,335,summer
2026-09-28,overlook_ridge,2027-08-30,560.0,0.02509530682062936,572.0,pacing,,False,False,336,summer
2026-09-28,overlook_ridge,2027-08-31,540.0,0.026116799204763556,549.0,pacing,,False,False,337,summer
2026-09-28,overlook_ridge,2027-09-01,550.0,0.025522310083709233,557.0,pacing,,False,False,338,summer
2026-09-28,overlook_ridge,2027-09-02,625.0,0.021456106057861874,659.0,pacing,,False,False,339,summer
2026-09-28,overlook_ridge,2027-09-03,880.0,0.02310112059918143,1034.0,pacing,,False,False,340,summer
2026-09-28,overlook_ridge,2027-09-04,880.0,0.02304146012423066,1035.0,pacing,,False,False,341,summer
2026-09-28,overlook_ridge,2027-09-05,845.0,0.00969612577301705,992.0,pacing,,False,False,342,summer
2026-09-28,overlook_ridge,2027-09-06,545.0,0.02568114256246037,553.0,pacing,,False,False,343,summer
2026-09-28,overlook_ridge,2027-09-07,605.0,0.022449558618660426,628.0,pacing,,False,False,344,summer
2026-09-28,overlook_ridge,2027-09-08,605.0,0.022408347948800787,631.0,pacing,,False,False,345,summer
2026-09-28,overlook_ridge,2027-09-09,650.0,0.020000208631161764,689.0,pacing,,False,False,346,summer
2026-09-28,overlook_ridge,2027-09-10,695.0,0.030233915517391043,789.0,pacing,,False,False,347,summer
2026-09-28,overlook_ridge,2027-09-11,695.0,0.030061979170717595,772.0,pacing,,False,False,348,summer
2026-09-28,overlook_ridge,2027-09-12,695.0,0.01761554125111069,768.0,pacing,,False,False,349,summer
2026-09-28,overlook_ridge,2027-09-13,585.0,0.023346320913170335,603.0,pacing,,False,False,350,summer
2026-09-28,overlook_ridge,2027-09-14,580.0,0.023561355451311116,599.0,pacing,,False,False,351,summer
2026-09-28,overlook_ridge,2027-09-15,585.0,0.023254821778856363,604.0,pacing,,False,False,352,summer
2026-09-28,overlook_ridge,2027-09-16,610.0,0.008436693727384858,687.0,pacing,,False,False,353,shoulder_fall
2026-09-28,overlook_ridge,2027-09-17,665.0,0.026498225501587792,782.0,pacing,,False,False,354,shoulder_fall
2026-09-28,overlook_ridge,2027-09-18,620.0,0.029450985564198257,728.0,pacing,,False,False,355,shoulder_fall
2026-09-28,overlook_ridge,2027-09-19,545.0,0.01333034778523153,602.0,pacing,,False,False,356,shoulder_fall
2026-09-28,overlook_ridge,2027-09-20,490.0,0.017403212160308677,530.0,pacing,,False,False,357,shoulder_fall
2026-09-28,overlook_ridge,2027-09-21,485.0,0.01774284661748471,524.0,pacing,,False,False,358,shoulder_fall
2026-09-28,overlook_ridge,2027-09-22,495.0,0.01699443119865179,535.0,pacing,,False,False,359,shoulder_fall
2026-09-28,overlook_ridge,2027-09-23,565.0,0.011869659853509336,628.0,pacing,,False,False,360,shoulder_fall
2026-09-28,overlook_ridge,2027-09-24,620.0,0.0292384461081854,720.0,pacing,,False,False,361,shoulder_fall
2026-09-28,overlook_ridge,2027-09-25,620.0,0.029025129296843734,728.0,pacing,,False,False,362,shoulder_fall
2026-09-28,overlook_ridge,2027-09-26,540.0,0.013700174374899577,598.0,pacing,,False,False,363,shoulder_fall
2026-09-28,overlook_ridge,2027-09-27,500.0,0.016584947023958706,543.0,pacing,,False,False,364,shoulder_fall
2026-09-28,overlook_ridge,2027-09-28,490.0,0.017278109232164336,526.0,pacing,,False,False,365,shoulder_fall
2026-09-28,cloud_9,2026-10-05,750.0,0.001,850.0,pacing,,False,False,7,shoulder_fall
2026-09-28,cloud_9,2026-10-06,750.0,0.001,850.0,pacing,,False,False,8,shoulder_fall
2026-09-28,cloud_9,2026-10-07,750.0,0.001,850.0,pacing,,False,False,9,shoulder_fall
2026-09-28,cloud_9,2026-10-08,750.0,0.001,850.0,pacing,,False,False,10,shoulder_fall
2026-09-28,cloud_9,2026-10-09,770.0,0.2428239116200225,850.0,pacing,,False,False,11,shoulder_fall
2026-09-28,cloud_9,2026-10-10,770.0,0.2528971512639193,850.0,pacing,,False,False,12,shoulder_fall
2026-09-28,cloud_9,2026-10-11,750.0,0.001,850.0,pacing,,False,False,13,shoulder_fall
2026-09-28,cloud_9,2026-10-12,750.0,0.001,850.0,pacing,,False,False,14,shoulder_fall
2026-09-28,cloud_9,2026-10-13,750.0,0.001,850.0,pacing,,False,False,15,shoulder_fall
2026-09-28,cloud_9,2026-10-19,750.0,0.001,850.0,pacing,,False,False,21,shoulder_fall
2026-09-28,cloud_9,2026-10-20,750.0,0.001,850.0,pacing,,False,False,22,shoulder_fall
2026-09-28,cloud_9,2026-10-21,750.0,0.001,850.0,pacing,,False,False,23,shoulder_fall
2026-09-28,cloud_9,2026-10-22,750.0,0.001,850.0,pacing,,False,False,24,shoulder_fall
2026-09-28,cloud_9,2026-10-23,765.0,0.28777004459830835,850.0,pacing,,False,False,25,shoulder_fall
2026-09-28,cloud_9,2026-10-24,765.0,0.2907545052118803,850.0,pacing,,False,False,26,shoulder_fall
2026-09-28,cloud_9,2026-10-25,750.0,0.001,850.0,pacing,,False,False,27,shoulder_fall
2026-09-28,cloud_9,2026-10-26,750.0,0.001,850.0,pacing,,False,False,28,shoulder_fall
2026-09-28,cloud_9,2026-10-27,750.0,0.001,850.0,pacing,,False,False,29,shoulder_fall
2026-09-28,cloud_9,2026-10-28,750.0,0.001,850.0,pacing,,False,False,30,shoulder_fall
2026-09-28,cloud_9,2026-10-29,750.0,0.001,850.0,pacing,,False,False,31,shoulder_fall
2026-09-28,cloud_9,2026-10-30,765.0,0.2929399662386018,850.0,pacing,,False,False,32,shoulder_fall
2026-09-28,cloud_9,2026-10-31,765.0,0.28667301511575266,850.0,pacing,,False,False,33,shoulder_fall
2026-09-28,cloud_9,2026-11-01,685.0,0.001,765.0,pacing,,False,False,34,shoulder_fall
2026-09-28,cloud_9,2026-11-02,685.0,0.001,765.0,pacing,,False,False,35,shoulder_fall
2026-09-28,cloud_9,2026-11-03,685.0,0.001,765.0,pacing,,False,False,36,shoulder_fall
2026-09-28,cloud_9,2026-11-04,685.0,0.001,765.0,pacing,,False,False,37,shoulder_fall
2026-09-28,cloud_9,2026-11-05,685.0,0.001,765.0,pacing,,False,False,38,shoulder_fall
2026-09-28,cloud_9,2026-11-06,695.0,0.01503635143481566,765.0,pacing,,False,False,39,shoulder_fall
2026-09-28,cloud_9,2026-11-07,695.0,0.01721558088076028,765.0,pacing,,False,False,40,shoulder_fall
2026-09-28,cloud_9,2026-11-08,685.0,0.001,765.0,pacing,,False,False,41,shoulder_fall
2026-09-28,cloud_9,2026-11-09,685.0,0.001,765.0,pacing,,False,False,42,shoulder_fall
2026-09-28,cloud_9,2026-11-10,685.0,0.001,765.0,pacing,,False,False,43,shoulder_fall
2026-09-28,cloud_9,2026-11-11,685.0,0.001,765.0,pacing,,False,False,44,shoulder_fall
2026-09-28,cloud_9,2026-11-12,685.0,0.001,765.0,pacing,,False,False,45,shoulder_fall
2026-09-28,cloud_9,2026-11-13,695.0,0.45453506582784453,765.0,pacing,,False,False,46,shoulder_fall
2026-09-28,cloud_9,2026-11-14,690.0,0.4361524171060588,765.0,pacing,,False,False,47,shoulder_fall
2026-09-28,cloud_9,2026-11-15,685.0,0.001,765.0,pacing,,False,False,48,shoulder_fall
2026-09-28,cloud_9,2026-11-16,685.0,0.001,765.0,pacing,,False,False,49,shoulder_fall
2026-09-28,cloud_9,2026-11-17,685.0,0.001,765.0,pacing,,False,False,50,shoulder_fall
2026-09-28,cloud_9,2026-11-18,685.0,0.001,765.0,pacing,,False,False,51,shoulder_fall
2026-09-28,cloud_9,2026-11-19,685.0,0.001,765.0,pacing,,False,False,52,shoulder_fall
2026-09-28,cloud_9,2026-11-20,695.0,0.01936979287766763,765.0,pacing,,False,False,53,shoulder_fall
2026-09-28,cloud_9,2026-11-21,705.0,0.049723498997365626,765.0,pacing,,False,False,54,early_winter
2026-09-28,cloud_9,2026-11-22,685.0,0.0015499923471339974,765.0,pacing,,False,False,55,early_winter
2026-09-28,cloud_9,2026-11-23,770.0,0.001,878.0,pacing,,False,False,56,early_winter
2026-09-28,cloud_9,2026-11-29,750.0,0.001,850.0,pacing,,False,False,62,early_winter
2026-09-28,cloud_9,2026-11-30,750.0,0.0014680050193047768,850.0,pacing,,False,False,63,early_winter
2026-09-28,cloud_9,2026-12-01,750.0,0.003507356489477119,850.0,pacing,,False,False,64,early_winter
2026-09-28,cloud_9,2026-12-02,750.0,0.0058591081772605665,850.0,pacing,,False,False,65,early_winter
2026-09-28,cloud_9,2026-12-03,750.0,0.00849175732823708,850.0,pacing,,False,False,66,early_winter
2026-09-28,cloud_9,2026-12-06,770.0,0.004549507389361124,876.0,pacing,,False,False,69,early_winter
2026-09-28,cloud_9,2026-12-07,750.0,0.009692752162537547,850.0,pacing,,False,False,70,early_winter
2026-09-28,cloud_9,2026-12-08,750.0,0.010186802313903308,850.0,pacing,,False,False,71,early_winter
2026-09-28,cloud_9,2026-12-09,750.0,0.010593746191472143,850.0,pacing,,False,False,72,early_winter
2026-09-28,cloud_9,2026-12-10,790.0,0.0024601166077115834,902.0,pacing,,False,False,73,early_winter
2026-09-28,cloud_9,2026-12-11,1095.0,0.001,1288.0,pacing,,False,False,74,early_winter
2026-09-28,cloud_9,2026-12-12,1240.0,0.001,1453.0,pacing,,False,False,75,early_winter
2026-09-28,cloud_9,2026-12-13,885.0,0.001,1038.0,pacing,,False,False,76,early_winter
2026-09-28,cloud_9,2026-12-14,800.0,0.002313685813031914,914.0,pacing,,False,False,77,early_winter
2026-09-28,cloud_9,2027-01-06,1795.0,0.0956855041424079,1691.0,pacing,,False,False,100,peak_ski
2026-09-28,cloud_9,2027-01-07,1215.0,0.001,1426.0,pacing,,False,False,101,peak_ski
2026-09-28,cloud_9,2027-01-08,1535.0,0.001,1785.0,pacing,,False,False,102,peak_ski
2026-09-28,cloud_9,2027-01-09,1385.0,0.0013527912530192714,1627.0,pacing,,False,False,103,peak_ski
2026-09-28,cloud_9,2027-01-10,1300.0,0.001,1528.0,pacing,,False,False,104,peak_ski
2026-09-28,cloud_9,2027-01-11,980.0,0.001,1138.0,pacing,,False,False,105,peak_ski
2026-09-28,cloud_9,2027-01-12,1225.0,0.1725111101817174,1094.0,pacing,,False,False,106,peak_ski
2026-09-28,cloud_9,2027-01-13,1575.0,0.11945359998086699,1426.0,pacing,,False,False,107,peak_ski
2026-09-28,cloud_9,2027-01-14,1590.0,0.001,1840.0,pacing,,False,False,108,peak_ski
2026-09-28,cloud_9,2027-01-15,2385.0,0.001,2644.0,pacing,,False,False,109,peak_ski
2026-09-28,cloud_9,2027-01-16,2275.0,0.001,2525.0,pacing,,False,False,110,peak_ski
2026-09-28,cloud_9,2027-01-17,2260.0,0.001,2508.0,pacing,,False,False,111,peak_ski
2026-09-28,cloud_9,2027-01-18,1165.0,0.001,1366.0,pacing,,False,False,112,peak_ski
2026-09-28,cloud_9,2027-01-19,1475.0,0.12967132233314665,1320.0,pacing,,False,False,113,peak_ski
2026-09-28,cloud_9,2027-01-20,1420.0,0.1332210954517231,1272.0,pacing,,False,False,114,peak_ski
2026-09-28,cloud_9,2027-01-21,1475.0,0.001,1725.0,pacing,,False,False,115,peak_ski
2026-09-28,cloud_9,2027-01-22,2240.0,0.001,2487.0,pacing,,False,False,116,peak_ski
2026-09-28,cloud_9,2027-01-23,2385.0,0.001,2633.0,pacing,,False,False,117,peak_ski
2026-09-28,cloud_9,2027-01-24,1615.0,0.001,1861.0,pacing,,False,False,118,peak_ski
2026-09-28,cloud_9,2027-01-25,1610.0,0.001,1858.0,pacing,,False,False,119,peak_ski
2026-09-28,cloud_9,2027-01-26,1605.0,0.001,1852.0,pacing,,False,False,120,peak_ski
2026-09-28,cloud_9,2027-01-27,1670.0,0.001,1919.0,pacing,,False,False,121,peak_ski
2026-09-28,cloud_9,2027-01-28,1860.0,0.001,2108.0,pacing,,False,False,122,peak_ski
2026-09-28,cloud_9,2027-01-29,2385.0,0.001,2923.0,pacing,,False,False,123,peak_ski
2026-09-28,cloud_9,2027-01-30,2385.0,0.001,2947.0,pacing,,False,False,124,peak_ski
2026-09-28,cloud_9,2027-01-31,1670.0,0.001,1920.0,pacing,,False,False,125,peak_ski
2026-09-28,cloud_9,2027-02-01,1190.0,0.001,1398.0,pacing,,False,False,126,peak_ski
2026-09-28,cloud_9,2027-02-02,1185.0,0.001,1392.0,pacing,,False,False,127,peak_ski
2026-09-28,cloud_9,2027-02-03,1230.0,0.001,1444.0,pacing,,False,False,128,peak_ski
2026-09-28,cloud_9,2027-02-04,2030.0,0.001,2278.0,pacing,,False,False,129,peak_ski
2026-09-28,cloud_9,2027-02-05,2385.0,0.001,2870.0,pacing,,False,False,130,peak_ski
2026-09-28,cloud_9,2027-02-06,2385.0,0.001,3038.0,pacing,,False,False,131,peak_ski
2026-09-28,cloud_9,2027-02-07,1980.0,0.001,2229.0,pacing,,False,False,132,peak_ski
2026-09-28,cloud_9,2027-02-08,1895.0,0.001,2141.0,pacing,,False,False,133,peak_ski
2026-09-28,cloud_9,2027-02-09,1880.0,0.001,2128.0,pacing,,False,False,134,peak_ski
2026-09-28,cloud_9,2027-02-10,1940.0,0.001,2189.0,pacing,,False,False,135,peak_ski
2026-09-28,cloud_9,2027-02-11,2345.0,0.001,2594.0,pacing,,False,False,136,peak_ski
2026-09-28,cloud_9,2027-02-12,2385.0,0.001,3847.0,pacing,,False,False,137,peak_ski
2026-09-28,cloud_9,2027-02-13,2385.0,0.001,3788.0,pacing,,False,False,138,peak_ski
2026-09-28,cloud_9,2027-02-14,2385.0,0.001,3889.0,pacing,,False,False,139,peak_ski
2026-09-28,cloud_9,2027-02-15,2150.0,0.001,2399.0,pacing,,False,False,140,peak_ski
2026-09-28,cloud_9,2027-02-16,1945.0,0.001,2194.0,pacing,,False,False,141,peak_ski
2026-09-28,cloud_9,2027-02-17,1980.0,0.001,2226.0,pacing,,False,False,142,peak_ski
2026-09-28,cloud_9,2027-02-18,2260.0,0.001,2508.0,pacing,,False,False,143,peak_ski
2026-09-28,cloud_9,2027-02-19,2385.0,0.001,3574.0,pacing,,False,False,144,peak_ski
2026-09-28,cloud_9,2027-02-20,2385.0,0.001,3288.0,pacing,,False,False,145,peak_ski
2026-09-28,cloud_9,2027-02-21,2060.0,0.001,2308.0,pacing,,False,False,146,peak_ski
2026-09-28,cloud_9,2027-02-22,1590.0,0.001,1838.0,pacing,,False,False,147,peak_ski
2026-09-28,cloud_9,2027-02-23,1385.0,0.001,1625.0,pacing,,False,False,148,peak_ski
2026-09-28,cloud_9,2027-02-24,1505.0,0.001,1755.0,pacing,,False,False,149,peak_ski
2026-09-28,cloud_9,2027-02-25,2305.0,0.001,2555.0,pacing,,False,False,150,peak_ski
2026-09-28,cloud_9,2027-02-26,2385.0,0.001,3216.0,pacing,,False,False,151,peak_ski
2026-09-28,cloud_9,2027-02-27,2385.0,0.001,3042.0,pacing,,False,False,152,peak_ski
2026-09-28,cloud_9,2027-02-28,1810.0,0.001,2059.0,pacing,,False,False,153,peak_ski
2026-09-28,cloud_9,2027-03-01,1365.0,0.001,1602.0,pacing,,False,False,154,peak_ski
2026-09-28,cloud_9,2027-03-02,1370.0,0.001,1608.0,pacing,,False,False,155,peak_ski
2026-09-28,cloud_9,2027-03-03,1375.0,0.001,1617.0,pacing,,False,False,156,peak_ski
2026-09-28,cloud_9,2027-03-04,1765.0,0.001,2014.0,pacing,,False,False,157,peak_ski
2026-09-28,cloud_9,2027-03-05,2385.0,0.001,2746.0,pacing,,False,False,158,peak_ski
2026-09-28,cloud_9,2027-03-06,2385.0,0.001,2900.0,pacing,,False,False,159,peak_ski
2026-09-28,cloud_9,2027-03-07,2195.0,0.001,2445.0,pacing,,False,False,160,peak_ski
2026-09-28,cloud_9,2027-03-08,2025.0,0.001,2272.0,pacing,,False,False,161,peak_ski
2026-09-28,cloud_9,2027-03-09,1985.0,0.001,2235.0,pacing,,False,False,162,peak_ski
2026-09-28,cloud_9,2027-03-10,1985.0,0.001,2235.0,pacing,,False,False,163,peak_ski
2026-09-28,cloud_9,2027-03-11,2235.0,0.001,2481.0,pacing,,False,False,164,peak_ski
2026-09-28,cloud_9,2027-03-12,2385.0,0.001,3001.0,pacing,,False,False,165,peak_ski
2026-09-28,cloud_9,2027-03-13,2385.0,0.001,3065.0,pacing,,False,False,166,peak_ski
2026-09-28,cloud_9,2027-03-14,2385.0,0.001,3166.0,pacing,,False,False,167,peak_ski
2026-09-28,cloud_9,2027-03-15,2385.0,0.001,3034.0,pacing,,False,False,168,peak_ski
2026-09-28,cloud_9,2027-03-16,2385.0,0.001,3002.0,pacing,,False,False,169,peak_ski
2026-09-28,cloud_9,2027-03-17,2385.0,0.001,2968.0,pacing,,False,False,170,peak_ski
2026-09-28,cloud_9,2027-03-18,2385.0,0.001,2993.0,pacing,,False,False,171,peak_ski
2026-09-28,cloud_9,2027-03-19,2385.0,0.001,2683.0,pacing,,False,False,172,peak_ski
2026-09-28,cloud_9,2027-03-20,2385.0,0.001,2653.0,pacing,,False,False,173,peak_ski
2026-09-28,cloud_9,2027-03-21,1580.0,0.001,1827.0,pacing,,False,False,174,peak_ski
2026-09-28,cloud_9,2027-03-22,1945.0,0.001,2195.0,pacing,,False,False,175,peak_ski
2026-09-28,cloud_9,2027-03-23,1925.0,0.001,2172.0,pacing,,False,False,176,peak_ski
2026-09-28,cloud_9,2027-03-24,1350.0,0.0018804425822829185,1583.0,pacing,,False,False,177,peak_ski
2026-09-28,cloud_9,2027-03-25,1460.0,0.001,1706.0,pacing,,False,False,178,peak_ski
2026-09-28,cloud_9,2027-03-26,1645.0,0.006139081441898973,1891.0,pacing,,False,False,179,peak_ski
2026-09-28,cloud_9,2027-03-27,1460.0,0.008243660521156826,1707.0,pacing,,False,False,180,peak_ski
2026-09-28,cloud_9,2027-03-28,1195.0,0.003630036046009537,1401.0,pacing,,False,False,181,peak_ski
2026-09-28,cloud_9,2027-03-29,1035.0,0.005375666575946918,1143.0,pacing,,False,False,182,peak_ski
2026-09-28,cloud_9,2027-03-30,1020.0,0.005550092264311336,1097.0,pacing,,False,False,183,peak_ski
2026-09-28,cloud_9,2027-03-31,1035.0,0.0053997562404510795,1117.0,pacing,,False,False,184,peak_ski
2026-09-28,cloud_9,2027-04-01,1055.0,0.001,1240.0,pacing,,False,False,185,shoulder_spring
2026-09-28,cloud_9,2027-04-02,1110.0,0.001,1305.0,pacing,,False,False,186,shoulder_spring
2026-09-28,cloud_9,2027-04-03,1040.0,0.0014080997142467376,1220.0,pacing,,False,False,187,shoulder_spring
2026-09-28,cloud_9,2027-04-04,855.0,0.001,1001.0,pacing,,False,False,188,shoulder_spring
2026-09-28,cloud_9,2027-04-05,750.0,0.001,850.0,pacing,,False,False,189,shoulder_spring
2026-09-28,cloud_9,2027-04-06,750.0,0.001,850.0,pacing,,False,False,190,shoulder_spring
2026-09-28,cloud_9,2027-04-07,750.0,0.001,850.0,pacing,,False,False,191,shoulder_spring
2026-09-28,cloud_9,2027-04-08,780.0,0.001,887.0,pacing,,False,False,192,shoulder_spring
2026-09-28,cloud_9,2027-04-09,795.0,0.013309911471553273,926.0,pacing,,False,False,193,shoulder_spring
2026-09-28,cloud_9,2027-04-10,780.0,0.013892820207533074,858.0,pacing,,False,False,194,shoulder_spring
2026-09-28,cloud_9,2027-04-11,750.0,0.001,850.0,pacing,,False,False,195,shoulder_spring
2026-09-28,cloud_9,2027-04-12,750.0,0.001,850.0,pacing,,False,False,196,shoulder_spring
2026-09-28,cloud_9,2027-04-13,750.0,0.001,850.0,pacing,,False,False,197,shoulder_spring
2026-09-28,cloud_9,2027-04-14,750.0,0.001,850.0,pacing,,False,False,198,shoulder_spring
2026-09-28,cloud_9,2027-04-15,750.0,0.001,850.0,pacing,,False,False,199,shoulder_spring
2026-09-28,cloud_9,2027-04-16,795.0,0.013053298214481937,883.0,pacing,,False,False,200,shoulder_spring
2026-09-28,cloud_9,2027-04-17,775.0,0.013833419611071273,850.0,pacing,,False,False,201,shoulder_spring
2026-09-28,cloud_9,2027-04-18,750.0,0.001,850.0,pacing,,False,False,202,shoulder_spring
2026-09-28,cloud_9,2027-04-19,750.0,0.001,850.0,pacing,,False,False,203,shoulder_spring
2026-09-28,cloud_9,2027-04-20,750.0,0.001,850.0,pacing,,False,False,204,shoulder_spring
2026-09-28,cloud_9,2027-04-21,750.0,0.001,850.0,pacing,,False,False,205,shoulder_spring
2026-09-28,cloud_9,2027-04-22,750.0,0.001,850.0,pacing,,False,False,206,shoulder_spring
2026-09-28,cloud_9,2027-04-23,795.0,0.01276442800459113,907.0,pacing,,False,False,207,shoulder_spring
2026-09-28,cloud_9,2027-04-24,795.0,0.012636910216477101,882.0,pacing,,False,False,208,shoulder_spring
2026-09-28,cloud_9,2027-04-25,750.0,0.001,850.0,pacing,,False,False,209,shoulder_spring
2026-09-28,cloud_9,2027-04-26,750.0,0.001,850.0,pacing,,False,False,210,shoulder_spring
2026-09-28,cloud_9,2027-04-27,750.0,0.001,850.0,pacing,,False,False,211,shoulder_spring
2026-09-28,cloud_9,2027-04-28,750.0,0.001,850.0,pacing,,False,False,212,shoulder_spring
2026-09-28,cloud_9,2027-04-29,750.0,0.001,850.0,pacing,,False,False,213,shoulder_spring
2026-09-28,cloud_9,2027-04-30,775.0,0.01339529697931112,850.0,pacing,,False,False,214,shoulder_spring
2026-09-28,cloud_9,2027-05-01,775.0,0.01323914649141799,850.0,pacing,,False,False,215,shoulder_spring
2026-09-28,cloud_9,2027-05-02,750.0,0.001,850.0,pacing,,False,False,216,shoulder_spring
2026-09-28,cloud_9,2027-05-03,750.0,0.001,850.0,pacing,,False,False,217,shoulder_spring
2026-09-28,cloud_9,2027-05-04,750.0,0.001,850.0,pacing,,False,False,218,shoulder_spring
2026-09-28,cloud_9,2027-05-05,750.0,0.001,850.0,pacing,,False,False,219,shoulder_spring
2026-09-28,cloud_9,2027-05-06,750.0,0.001,850.0,pacing,,False,False,220,shoulder_spring
2026-09-28,cloud_9,2027-05-07,775.0,0.013083987371464078,850.0,pacing,,False,False,221,shoulder_spring
2026-09-28,cloud_9,2027-05-08,775.0,0.012935973874459128,850.0,pacing,,False,False,222,shoulder_spring
2026-09-28,cloud_9,2027-05-09,750.0,0.001,850.0,pacing,,False,False,223,shoulder_spring
2026-09-28,cloud_9,2027-05-10,750.0,0.001,850.0,pacing,,False,False,224,shoulder_spring
2026-09-28,cloud_9,2027-05-11,750.0,0.001,850.0,pacing,,False,False,225,shoulder_spring
2026-09-28,cloud_9,2027-05-12,750.0,0.001,850.0,pacing,,False,False,226,shoulder_spring
2026-09-28,cloud_9,2027-05-13,750.0,0.001,850.0,pacing,,False,False,227,shoulder_spring
2026-09-28,cloud_9,2027-05-14,780.0,0.012573400701973362,858.0,pacing,,False,False,228,shoulder_spring
2026-09-28,cloud_9,2027-05-15,795.0,0.011800526008813787,875.0,pacing,,False,False,229,shoulder_spring
2026-09-28,cloud_9,2027-05-16,750.0,0.001,850.0,pacing,,False,False,230,shoulder_spring
2026-09-28,cloud_9,2027-05-17,750.0,0.001,850.0,pacing,,False,False,231,shoulder_spring
2026-09-28,cloud_9,2027-05-18,750.0,0.001,850.0,pacing,,False,False,232,shoulder_spring
2026-09-28,cloud_9,2027-05-19,750.0,0.001,850.0,pacing,,False,False,233,shoulder_spring
2026-09-28,cloud_9,2027-05-20,750.0,0.001,850.0,pacing,,False,False,234,shoulder_spring
2026-09-28,cloud_9,2027-05-21,775.0,0.012514129735435874,850.0,pacing,,False,False,235,shoulder_spring
2026-09-28,cloud_9,2027-05-22,775.0,0.01238080214801141,850.0,pacing,,False,False,236,shoulder_spring
2026-09-28,cloud_9,2027-05-23,750.0,0.001,850.0,pacing,,False,False,237,shoulder_spring
2026-09-28,cloud_9,2027-05-24,750.0,0.001,850.0,pacing,,False,False,238,shoulder_spring
2026-09-28,cloud_9,2027-05-25,750.0,0.001,850.0,pacing,,False,False,239,shoulder_spring
2026-09-28,cloud_9,2027-05-26,750.0,0.001,850.0,pacing,,False,False,240,shoulder_spring
2026-09-28,cloud_9,2027-05-27,750.0,0.001,850.0,pacing,,False,False,241,shoulder_spring
2026-09-28,cloud_9,2027-05-28,860.0,0.008753967292264634,1010.0,pacing,,False,False,242,shoulder_spring
2026-09-28,cloud_9,2027-05-29,860.0,0.00871999169186479,1006.0,pacing,,False,False,243,shoulder_spring
2026-09-28,cloud_9,2027-05-30,825.0,0.001,966.0,pacing,,False,False,244,shoulder_spring
2026-09-28,cloud_9,2027-05-31,750.0,0.001,850.0,pacing,,False,False,245,shoulder_spring
2026-09-28,cloud_9,2027-06-01,750.0,0.00768632744615719,850.0,pacing,,False,False,246,summer
2026-09-28,cloud_9,2027-06-02,750.0,0.0077141674750563155,850.0,pacing,,False,False,247,summer
2026-09-28,cloud_9,2027-06-03,750.0,0.007738843864937059,850.0,pacing,,False,False,248,summer
2026-09-28,cloud_9,2027-06-04,870.0,0.019880087959839813,1019.0,pacing,,False,False,249,summer
2026-09-28,cloud_9,2027-06-05,850.0,0.020839926047394326,995.0,pacing,,False,False,250,summer
2026-09-28,cloud_9,2027-06-06,750.0,0.007775488849340811,850.0,pacing,,False,False,251,summer
2026-09-28,cloud_9,2027-06-07,750.0,0.00781494132611105,850.0,pacing,,False,False,252,summer
2026-09-28,cloud_9,2027-06-08,750.0,0.007846144017347609,850.0,pacing,,False,False,253,summer
2026-09-28,cloud_9,2027-06-09,750.0,0.007873651307372097,850.0,pacing,,False,False,254,summer
2026-09-28,cloud_9,2027-06-10,930.0,0.001,1092.0,pacing,,False,False,255,summer
2026-09-28,cloud_9,2027-06-11,1145.0,0.001,1345.0,pacing,,False,False,256,summer
2026-09-28,cloud_9,2027-06-12,1135.0,0.001,1335.0,pacing,,False,False,257,summer
2026-09-28,cloud_9,2027-06-13,970.0,0.001,1136.0,pacing,,False,False,258,summer
2026-09-28,cloud_9,2027-06-14,1010.0,0.001,1185.0,pacing,,False,False,259,summer
2026-09-28,cloud_9,2027-06-15,1070.0,0.001,1257.0,pacing,,False,False,260,summer
2026-09-28,cloud_9,2027-06-16,1115.0,0.001,1311.0,pacing,,False,False,261,summer
2026-09-28,cloud_9,2027-06-17,1550.0,0.001,1800.0,pacing,,False,False,262,summer
2026-09-28,cloud_9,2027-06-18,1550.0,0.001,1798.0,pacing,,False,False,263,summer
2026-09-28,cloud_9,2027-06-19,1545.0,0.001,1793.0,pacing,,False,False,264,summer
2026-09-28,cloud_9,2027-06-20,1135.0,0.001,1330.0,pacing,,False,False,265,summer
2026-09-28,cloud_9,2027-06-21,1000.0,0.001,1171.0,pacing,,False,False,266,summer
2026-09-28,cloud_9,2027-06-22,1095.0,0.001,1287.0,pacing,,False,False,267,summer
2026-09-28,cloud_9,2027-06-23,1050.0,0.001,1230.0,pacing,,False,False,268,summer
2026-09-28,cloud_9,2027-06-24,1335.0,0.001,1566.0,pacing,,False,False,269,summer
2026-09-28,cloud_9,2027-06-25,1605.0,0.001,1853.0,pacing,,False,False,270,summer
2026-09-28,cloud_9,2027-06-26,1470.0,0.001,1720.0,pacing,,False,False,271,summer
2026-09-28,cloud_9,2027-06-27,1245.0,0.001,1459.0,pacing,,False,False,272,summer
2026-09-28,cloud_9,2027-06-28,1105.0,0.001,1299.0,pacing,,False,False,273,summer
2026-09-28,cloud_9,2027-06-29,1075.0,0.001,1260.0,pacing,,False,False,274,summer
2026-09-28,cloud_9,2027-06-30,1290.0,0.001,1512.0,pacing,,False,False,275,summer
2026-09-28,cloud_9,2027-07-01,1330.0,0.001,1564.0,pacing,,False,False,276,summer
2026-09-28,cloud_9,2027-07-02,2385.0,0.001,2722.0,pacing,,False,False,277,summer
2026-09-28,cloud_9,2027-07-03,2385.0,0.001,2737.0,pacing,,False,False,278,summer
2026-09-28,cloud_9,2027-07-04,2380.0,0.001,2627.0,pacing,,False,False,279,summer
2026-09-28,cloud_9,2027-07-05,1085.0,0.001,1273.0,pacing,,False,False,280,summer
2026-09-28,cloud_9,2027-07-06,1080.0,0.001,1270.0,pacing,,False,False,281,summer
2026-09-28,cloud_9,2027-07-07,1120.0,0.001,1316.0,pacing,,False,False,282,summer
2026-09-28,cloud_9,2027-07-08,1445.0,0.001,1691.0,pacing,,False,False,283,summer
2026-09-28,cloud_9,2027-07-09,2155.0,0.001,2403.0,pacing,,False,False,284,summer
2026-09-28,cloud_9,2027-07-10,2235.0,0.001,2484.0,pacing,,False,False,285,summer
2026-09-28,cloud_9,2027-07-11,1450.0,0.001,1698.0,pacing,,False,False,286,summer
2026-09-28,cloud_9,2027-07-12,1420.0,0.001,1665.0,pacing,,False,False,287,summer
2026-09-28,cloud_9,2027-07-13,1380.0,0.001,1618.0,pacing,,False,False,288,summer
2026-09-28,cloud_9,2027-07-14,1390.0,0.001,1634.0,pacing,,False,False,289,summer
2026-09-28,cloud_9,2027-07-15,1445.0,0.001,1694.0,pacing,,False,False,290,summer
2026-09-28,cloud_9,2027-07-16,1905.0,0.001,2153.0,pacing,,False,False,291,summer
2026-09-28,cloud_9,2027-07-17,2025.0,0.001,2272.0,pacing,,False,False,292,summer
2026-09-28,cloud_9,2027-07-18,1690.0,0.001,1937.0,pacing,,False,False,293,summer
2026-09-28,cloud_9,2027-07-19,1420.0,0.001,1666.0,pacing,,False,False,294,summer
2026-09-28,cloud_9,2027-07-20,1395.0,0.001,1641.0,pacing,,False,False,295,summer
2026-09-28,cloud_9,2027-07-21,1355.0,0.001,1591.0,pacing,,False,False,296,summer
2026-09-28,cloud_9,2027-07-22,1360.0,0.001,1596.0,pacing,,False,False,297,summer
2026-09-28,cloud_9,2027-07-23,1750.0,0.001,1998.0,pacing,,False,False,298,summer
2026-09-28,cloud_9,2027-07-24,1795.0,0.001,2044.0,pacing,,False,False,299,summer
2026-09-28,cloud_9,2027-07-25,1495.0,0.001,1742.0,pacing,,False,False,300,summer
2026-09-28,cloud_9,2027-07-26,1265.0,0.001,1485.0,pacing,,False,False,301,summer
2026-09-28,cloud_9,2027-07-27,1260.0,0.001,1481.0,pacing,,False,False,302,summer
2026-09-28,cloud_9,2027-07-28,1245.0,0.001,1461.0,pacing,,False,False,303,summer
2026-09-28,cloud_9,2027-07-29,1440.0,0.001,1686.0,pacing,,False,False,304,summer
2026-09-28,cloud_9,2027-07-30,1795.0,0.001,2045.0,pacing,,False,False,305,summer
2026-09-28,cloud_9,2027-07-31,1590.0,0.001,1837.0,pacing,,False,False,306,summer
2026-09-28,cloud_9,2027-08-01,1230.0,0.001,1443.0,pacing,,False,False,307,summer
2026-09-28,cloud_9,2027-08-02,1040.0,0.001,1222.0,pacing,,False,False,308,summer
2026-09-28,cloud_9,2027-08-03,965.0,0.0020898453134363254,1134.0,pacing,,False,False,309,summer
2026-09-28,cloud_9,2027-08-04,955.0,0.0027647633489788176,1123.0,pacing,,False,False,310,summer
2026-09-28,cloud_9,2027-08-05,1135.0,0.001,1331.0,pacing,,False,False,311,summer
2026-09-28,cloud_9,2027-08-06,1340.0,0.003765417162309029,1571.0,pacing,,False,False,312,summer
2026-09-28,cloud_9,2027-08-07,1280.0,0.0065139306615432935,1503.0,pacing,,False,False,313,summer
2026-09-28,cloud_9,2027-08-08,995.0,0.001,1168.0,pacing,,False,False,314,summer
2026-09-28,cloud_9,2027-08-09,910.0,0.005631635549913704,1069.0,pacing,,False,False,315,summer
2026-09-28,cloud_9,2027-08-10,885.0,0.007104988071115347,1039.0,pacing,,False,False,316,summer
2026-09-28,cloud_9,2027-08-11,875.0,0.007714320313025355,1027.0,pacing,,False,False,317,summer
2026-09-28,cloud_9,2027-08-12,1010.0,0.001,1186.0,pacing,,False,False,318,summer
2026-09-28,cloud_9,2027-08-13,1160.0,0.011709274402462845,1359.0,pacing,,False,False,319,summer
2026-09-28,cloud_9,2027-08-14,1090.0,0.014678268331866537,1281.0,pacing,,False,False,320,summer
2026-09-28,cloud_9,2027-08-15,880.0,0.007535517344075434,1030.0,pacing,,False,False,321,summer
2026-09-28,cloud_9,2027-08-16,795.0,0.012322121905725307,904.0,pacing,,False,False,322,summer
2026-09-28,cloud_9,2027-08-17,880.0,0.007604899416705186,1035.0,pacing,,False,False,323,summer
2026-09-28,cloud_9,2027-08-18,870.0,0.00819218401439212,1021.0,pacing,,False,False,324,summer
2026-09-28,cloud_9,2027-08-19,910.0,0.006010858888714367,1066.0,pacing,,False,False,325,summer
2026-09-28,cloud_9,2027-08-20,1145.0,0.012416789814106636,1347.0,pacing,,False,False,326,summer
2026-09-28,cloud_9,2027-08-21,1130.0,0.013109476830342113,1329.0,pacing,,False,False,327,summer
2026-09-28,cloud_9,2027-08-22,890.0,0.007152060162283945,1045.0,pacing,,False,False,328,summer
2026-09-28,cloud_9,2027-08-23,850.0,0.00937979201651071,998.0,pacing,,False,False,329,summer
2026-09-28,cloud_9,2027-08-24,845.0,0.00967422351040245,990.0,pacing,,False,False,330,summer
2026-09-28,cloud_9,2027-08-25,855.0,0.009145414806099648,1003.0,pacing,,False,False,331,summer
2026-09-28,cloud_9,2027-08-26,865.0,0.008619296256717405,1014.0,pacing,,False,False,332,summer
2026-09-28,cloud_9,2027-08-27,1055.0,0.016214183185255034,1237.0,pacing,,False,False,333,summer
2026-09-28,cloud_9,2027-08-28,1030.0,0.017174187575359455,1209.0,pacing,,False,False,334,summer
2026-09-28,cloud_9,2027-08-29,795.0,0.012423553919507533,905.0,pacing,,False,False,335,summer
2026-09-28,cloud_9,2027-08-30,770.0,0.013771869663175495,850.0,pacing,,False,False,336,summer
2026-09-28,cloud_9,2027-08-31,770.0,0.013750160931147127,850.0,pacing,,False,False,337,summer
2026-09-28,cloud_9,2027-09-01,770.0,0.013726196333817612,850.0,pacing,,False,False,338,summer
2026-09-28,cloud_9,2027-09-02,795.0,0.012366337759871657,929.0,pacing,,False,False,339,summer
2026-09-28,cloud_9,2027-09-03,1295.0,0.006546580165930329,1521.0,pacing,,False,False,340,summer
2026-09-28,cloud_9,2027-09-04,1295.0,0.006630607945834204,1521.0,pacing,,False,False,341,summer
2026-09-28,cloud_9,2027-09-05,1240.0,0.001,1458.0,pacing,,False,False,342,summer
2026-09-28,cloud_9,2027-09-06,770.0,0.013742164721274278,850.0,pacing,,False,False,343,summer
2026-09-28,cloud_9,2027-09-07,785.0,0.012924648336905762,872.0,pacing,,False,False,344,summer
2026-09-28,cloud_9,2027-09-08,785.0,0.012911485392060619,871.0,pacing,,False,False,345,summer
2026-09-28,cloud_9,2027-09-09,835.0,0.010268258085241795,978.0,pacing,,False,False,346,summer
2026-09-28,cloud_9,2027-09-10,970.0,0.019452869188609972,1136.0,pacing,,False,False,347,summer
2026-09-28,cloud_9,2027-09-11,930.0,0.02091110824016209,1094.0,pacing,,False,False,348,summer
2026-09-28,cloud_9,2027-09-12,795.0,0.012371819713055524,909.0,pacing,,False,False,349,summer
2026-09-28,cloud_9,2027-09-13,785.0,0.012891755096843635,874.0,pacing,,False,False,350,summer
2026-09-28,cloud_9,2027-09-14,780.0,0.013136614762702576,868.0,pacing,,False,False,351,summer
2026-09-28,cloud_9,2027-09-15,785.0,0.012859569853359853,875.0,pacing,,False,False,352,summer
2026-09-28,cloud_9,2027-09-16,845.0,0.001,990.0,pacing,,False,False,353,shoulder_fall
2026-09-28,cloud_9,2027-09-17,965.0,0.005599187014672796,1133.0,pacing,,False,False,354,shoulder_fall
2026-09-28,cloud_9,2027-09-18,895.0,0.010538217826209085,1052.0,pacing,,False,False,355,shoulder_fall
2026-09-28,cloud_9,2027-09-19,760.0,0.001,864.0,pacing,,False,False,356,shoulder_fall
2026-09-28,cloud_9,2027-09-20,750.0,0.001,850.0,pacing,,False,False,357,shoulder_fall
2026-09-28,cloud_9,2027-09-21,890.0,0.001,1046.0,pacing,,False,False,358,shoulder_fall
2026-09-28,cloud_9,2027-09-22,750.0,0.001,850.0,pacing,,False,False,359,shoulder_fall
2026-09-28,cloud_9,2027-09-23,790.0,0.001,906.0,pacing,,False,False,360,shoulder_fall
2026-09-28,cloud_9,2027-09-24,895.0,0.010550366486997014,1050.0,pacing,,False,False,361,shoulder_fall
2026-09-28,cloud_9,2027-09-25,900.0,0.010219273710472081,1054.0,pacing,,False,False,362,shoulder_fall
2026-09-28,cloud_9,2027-09-26,775.0,0.001,881.0,pacing,,False,False,363,shoulder_fall
2026-09-28,cloud_9,2027-09-27,750.0,0.001,850.0,pacing,,False,False,364,shoulder_fall
2026-09-28,cloud_9,2027-09-28,890.0,0.001,1046.0,pacing,,False,False,365,shoulder_fall
2026-09-29,summit_haus,2026-09-30,340.0,0.8669191243259684,336.0,pacing,,False,False,1,shoulder_fall
2026-09-29,summit_haus,2026-10-01,360.0,0.634807767259081,361.0,pacing,,False,False,2,shoulder_fall
2026-09-29,summit_haus,2026-10-12,405.0,0.014833148661751854,422.0,pacing,,False,False,13,shoulder_fall
2026-09-29,summit_haus,2026-10-13,405.0,0.014807973168562144,424.0,pacing,,False,False,14,shoulder_fall
2026-09-29,summit_haus,2026-10-14,425.0,0.013595663333571793,449.0,pacing,,False,False,15,shoulder_fall
2026-09-29,summit_haus,2026-10-15,435.0,0.012970468163573872,467.0,pacing,,False,False,16,shoulder_fall
2026-09-29,summit_haus,2026-10-20,335.0,0.025273952426945252,305.0,pacing,,False,False,21,shoulder_fall
2026-09-29,summit_haus,2026-10-21,335.0,0.026825198858888157,300.0,pacing,,False,False,22,shoulder_fall
2026-09-29,summit_haus,2026-10-26,405.0,0.024633167996370428,426.0,pacing,,False,False,27,shoulder_fall
2026-09-29,summit_haus,2026-10-27,405.0,0.024579756794813296,425.0,pacing,,False,False,28,shoulder_fall
2026-09-29,summit_haus,2026-10-28,410.0,0.0240404686524651,429.0,pacing,,False,False,29,shoulder_fall
2026-09-29,summit_haus,2026-10-29,420.0,0.023021519263479062,443.0,pacing,,False,False,30,shoulder_fall
2026-09-29,summit_haus,2026-11-02,365.0,0.02824238761961103,371.0,pacing,,False,False,34,shoulder_fall
2026-09-29,summit_haus,2026-11-03,365.0,0.02816452497055662,372.0,pacing,,False,False,35,shoulder_fall
2026-09-29,summit_haus,2026-11-04,370.0,0.027609270210032337,378.0,pacing,,False,False,36,shoulder_fall
2026-09-29,summit_haus,2026-11-05,395.0,0.02515265680107541,415.0,pacing,,False,False,37,shoulder_fall
2026-09-29,summit_haus,2026-11-08,390.0,0.025566715151578264,404.0,pacing,,False,False,40,shoulder_fall
2026-09-29,summit_haus,2026-11-09,360.0,0.028342502891044546,367.0,pacing,,False,False,41,shoulder_fall
2026-09-29,summit_haus,2026-11-10,390.0,0.02543404423274151,402.0,pacing,,False,False,42,shoulder_fall
2026-09-29,summit_haus,2026-11-11,395.0,0.02490040824196573,410.0,pacing,,False,False,43,shoulder_fall
2026-09-29,summit_haus,2026-11-12,410.0,0.023434051216025886,435.0,pacing,,False,False,44,shoulder_fall
2026-09-29,summit_haus,2026-11-13,495.0,0.9511077087550834,500.0,pacing,,False,False,45,shoulder_fall
2026-09-29,summit_haus,2026-11-14,490.0,0.9044799347394262,500.0,pacing,,False,False,46,shoulder_fall
2026-09-29,summit_haus,2026-11-15,395.0,0.02478371740631205,412.0,pacing,,False,False,47,shoulder_fall
2026-09-29,summit_haus,2026-11-16,365.0,0.027517387576028198,369.0,pacing,,False,False,48,shoulder_fall
2026-09-29,summit_haus,2026-11-17,410.0,0.042367705664958656,378.0,pacing,,False,False,49,shoulder_fall
2026-09-29,summit_haus,2026-11-23,680.0,0.0021376982105634013,799.0,pacing,,False,False,55,early_winter
2026-09-29,summit_haus,2026-11-24,780.0,0.001,914.0,pacing,,False,False,56,early_winter
2026-09-29,summit_haus,2026-11-25,980.0,0.001,1148.0,pacing,,False,False,57,early_winter
2026-09-29,summit_haus,2026-11-26,1025.0,0.001,1205.0,pacing,,False,False,58,early_winter
2026-09-29,summit_haus,2026-11-27,1070.0,0.001,1257.0,pacing,,False,False,59,early_winter
2026-09-29,summit_haus,2026-11-28,910.0,0.025577545879740662,1069.0,pacing,,False,False,60,early_winter
2026-09-29,summit_haus,2026-12-03,570.0,0.049421306547378155,626.0,pacing,,False,False,65,early_winter
2026-09-29,summit_haus,2026-12-04,720.0,0.12508580387685292,844.0,pacing,,False,False,66,early_winter
2026-09-29,summit_haus,2026-12-05,710.0,0.07988845808823503,830.0,pacing,,False,False,67,early_winter
2026-09-29,summit_haus,2026-12-06,610.0,0.040456752607156206,677.0,pacing,,False,False,68,early_winter
2026-09-29,summit_haus,2026-12-07,570.0,0.049535903408234425,627.0,pacing,,False,False,69,early_winter
2026-09-29,summit_haus,2026-12-08,550.0,0.053894043578253024,595.0,pacing,,False,False,70,early_winter
2026-09-29,summit_haus,2026-12-09,550.0,0.05376915247556994,600.0,pacing,,False,False,71,early_winter
2026-09-29,summit_haus,2026-12-10,675.0,0.026986072639119132,764.0,pacing,,False,False,72,early_winter
2026-09-29,summit_haus,2026-12-11,895.0,0.07124408810526912,1051.0,pacing,,False,False,73,early_winter
2026-09-29,summit_haus,2026-12-12,1000.0,0.04479508383598032,1173.0,pacing,,False,False,74,early_winter
2026-09-29,summit_haus,2026-12-13,705.0,0.021186631477040647,827.0,pacing,,False,False,75,early_winter
2026-09-29,summit_haus,2026-12-14,670.0,0.029222808022260374,753.0,pacing,,False,False,76,early_winter
2026-09-29,summit_haus,2026-12-15,680.0,0.0056097765363128495,796.0,pacing,,False,False,77,peak_ski
2026-09-29,summit_haus,2026-12-16,740.0,0.004541314521984799,866.0,pacing,,False,False,78,peak_ski
2026-09-29,summit_haus,2026-12-17,945.0,0.001,1111.0,pacing,,False,False,79,peak_ski
2026-09-29,summit_haus,2026-12-18,1455.0,0.001,1702.0,pacing,,False,False,80,peak_ski
2026-09-29,summit_haus,2026-12-19,2075.0,0.001,2321.0,pacing,,False,False,81,peak_ski
2026-09-29,summit_haus,2026-12-20,2325.0,0.001,2572.0,pacing,,False,False,82,peak_ski
2026-09-29,summit_haus,2026-12-21,2645.0,0.001,2893.0,pacing,,False,False,83,peak_ski
2026-09-29,summit_haus,2026-12-22,2675.0,0.001,2921.0,pacing,,False,False,84,peak_ski
2026-09-29,summit_haus,2026-12-23,2695.0,0.001,2945.0,pacing,,False,False,85,peak_ski
2026-09-29,summit_haus,2026-12-24,2805.0,0.001,3051.0,pacing,,False,False,86,peak_ski
2026-09-29,summit_haus,2026-12-25,2875.0,0.001,3123.0,pacing,,False,False,87,peak_ski
2026-09-29,summit_haus,2026-12-26,2890.0,0.001,3140.0,pacing,,False,False,88,peak_ski
2026-09-29,summit_haus,2027-01-02,3435.0,0.001,3684.0,pacing,,False,False,95,peak_ski
2026-09-29,summit_haus,2027-01-03,1790.0,0.0873566836049055,1985.0,pacing,,False,False,96,peak_ski
2026-09-29,summit_haus,2027-01-04,1865.0,0.0821441911531247,1781.0,pacing,,False,False,97,peak_ski
2026-09-29,summit_haus,2027-01-05,1780.0,0.09930558957726962,1675.0,pacing,,False,False,98,peak_ski
2026-09-29,summit_haus,2027-01-06,1435.0,0.14704707434225922,1283.0,pacing,,False,False,99,peak_ski
2026-09-29,summit_haus,2027-01-07,1135.0,0.001,1335.0,pacing,,False,False,100,peak_ski
2026-09-29,summit_haus,2027-01-08,1505.0,0.001,1753.0,pacing,,False,False,101,peak_ski
2026-09-29,summit_haus,2027-01-09,1350.0,0.001943555052080559,1584.0,pacing,,False,False,102,peak_ski
2026-09-29,summit_haus,2027-01-10,1240.0,0.001,1454.0,pacing,,False,False,103,peak_ski
2026-09-29,summit_haus,2027-01-11,925.0,0.0013967855084049518,1087.0,pacing,,False,False,104,peak_ski
2026-09-29,summit_haus,2027-01-12,1150.0,0.18292733958750146,1027.0,pacing,,False,False,105,peak_ski
2026-09-29,summit_haus,2027-01-13,1460.0,0.13511658205178376,1306.0,pacing,,False,False,106,peak_ski
2026-09-29,summit_haus,2027-01-14,1420.0,0.001,1665.0,pacing,,False,False,107,peak_ski
2026-09-29,summit_haus,2027-01-15,1855.0,0.001,2469.0,pacing,,False,False,108,peak_ski
2026-09-29,summit_haus,2027-01-16,1855.0,0.001,2347.0,pacing,,False,False,109,peak_ski
2026-09-29,summit_haus,2027-01-17,1855.0,0.001,2311.0,pacing,,False,False,110,peak_ski
2026-09-29,summit_haus,2027-01-18,1075.0,0.001,1259.0,pacing,,False,False,111,peak_ski
2026-09-29,summit_haus,2027-01-19,1330.0,0.14894412266122525,1191.0,pacing,,False,False,112,peak_ski
2026-09-29,summit_haus,2027-01-20,1305.0,0.14817533899417432,1167.0,pacing,,False,False,113,peak_ski
2026-09-29,summit_haus,2027-01-21,1285.0,0.001,1507.0,pacing,,False,False,114,peak_ski
2026-09-29,summit_haus,2027-01-22,1855.0,0.001,2247.0,pacing,,False,False,115,peak_ski
2026-09-29,summit_haus,2027-01-23,1855.0,0.021816444174757265,2308.0,pacing,,False,False,116,peak_ski
2026-09-29,summit_haus,2027-01-24,1420.0,0.001,1670.0,pacing,,False,False,117,peak_ski
2026-09-29,summit_haus,2027-01-25,1375.0,0.001,1614.0,pacing,,False,False,118,peak_ski
2026-09-29,summit_haus,2027-01-26,1410.0,0.001,1655.0,pacing,,False,False,119,peak_ski
2026-09-29,summit_haus,2027-01-27,1445.0,0.001,1692.0,pacing,,False,False,120,peak_ski
2026-09-29,summit_haus,2027-02-02,1115.0,0.001,1308.0,pacing,,False,False,126,peak_ski
2026-09-29,summit_haus,2027-02-03,1160.0,0.001,1360.0,pacing,,False,False,127,peak_ski
2026-09-29,summit_haus,2027-02-04,1795.0,0.001,2041.0,pacing,,False,False,128,peak_ski
2026-09-29,summit_haus,2027-02-05,1855.0,0.001,2730.0,pacing,,False,False,129,peak_ski
2026-09-29,summit_haus,2027-02-06,1855.0,0.001,2831.0,pacing,,False,False,130,peak_ski
2026-09-29,summit_haus,2027-02-07,1800.0,0.001,2049.0,pacing,,False,False,131,peak_ski
2026-09-29,summit_haus,2027-02-08,1785.0,0.001,2032.0,pacing,,False,False,132,peak_ski
2026-09-29,summit_haus,2027-02-09,1785.0,0.001,2031.0,pacing,,False,False,133,peak_ski
2026-09-29,summit_haus,2027-02-10,1795.0,0.001,2042.0,pacing,,False,False,134,peak_ski
2026-09-29,summit_haus,2027-02-11,1855.0,0.001,2477.0,pacing,,False,False,135,peak_ski
2026-09-29,summit_haus,2027-02-12,1855.0,0.001,3771.0,pacing,,False,False,136,peak_ski
2026-09-29,summit_haus,2027-02-13,1855.0,0.001,3737.0,pacing,,False,False,137,peak_ski
2026-09-29,summit_haus,2027-02-14,1855.0,0.001,3779.0,pacing,,False,False,138,peak_ski
2026-09-29,summit_haus,2027-02-15,1855.0,0.001,2311.0,pacing,,False,False,139,peak_ski
2026-09-29,summit_haus,2027-02-16,1855.0,0.001,2125.0,pacing,,False,False,140,peak_ski
2026-09-29,summit_haus,2027-02-17,1855.0,0.001,2104.0,pacing,,False,False,141,peak_ski
2026-09-29,summit_haus,2027-02-18,1855.0,0.001,2471.0,pacing,,False,False,142,peak_ski
2026-09-29,summit_haus,2027-02-19,1855.0,0.0010627122524596068,3331.0,pacing,,False,False,143,peak_ski
2026-09-29,summit_haus,2027-02-20,1855.0,0.0014725333627614017,3195.0,pacing,,False,False,144,peak_ski
2026-09-29,summit_haus,2027-02-21,1855.0,0.001,2247.0,pacing,,False,False,145,peak_ski
2026-09-29,summit_haus,2027-02-22,1550.0,0.001,1798.0,pacing,,False,False,146,peak_ski
2026-09-29,summit_haus,2027-02-23,1380.0,0.001,1620.0,pacing,,False,False,147,peak_ski
2026-09-29,summit_haus,2027-02-24,1475.0,0.001,1725.0,pacing,,False,False,148,peak_ski
2026-09-29,summit_haus,2027-02-25,1855.0,0.001,2473.0,pacing,,False,False,149,peak_ski
2026-09-29,summit_haus,2027-02-26,1855.0,0.0018299064941398788,3114.0,pacing,,False,False,150,peak_ski
2026-09-29,summit_haus,2027-02-27,1855.0,0.00215589436075987,3063.0,pacing,,False,False,151,peak_ski
2026-09-29,summit_haus,2027-02-28,1810.0,0.001,2059.0,pacing,,False,False,152,peak_ski
2026-09-29,summit_haus,2027-03-01,1385.0,0.001,1625.0,pacing,,False,False,153,peak_ski
2026-09-29,summit_haus,2027-03-02,1385.0,0.001,1628.0,pacing,,False,False,154,peak_ski
2026-09-29,summit_haus,2027-03-03,1400.0,0.001,1644.0,pacing,,False,False,155,peak_ski
2026-09-29,summit_haus,2027-03-04,1780.0,0.001,2026.0,pacing,,False,False,156,peak_ski
2026-09-29,summit_haus,2027-03-05,1855.0,0.002451165045549243,2650.0,pacing,,False,False,157,peak_ski
2026-09-29,summit_haus,2027-03-06,1855.0,0.0026803988274805104,2934.0,pacing,,False,False,158,peak_ski
2026-09-29,summit_haus,2027-03-07,1855.0,0.001,2471.0,pacing,,False,False,159,peak_ski
2026-09-29,summit_haus,2027-03-08,1855.0,0.001,2315.0,pacing,,False,False,160,peak_ski
2026-09-29,summit_haus,2027-03-09,1855.0,0.001,2253.0,pacing,,False,False,161,peak_ski
2026-09-29,summit_haus,2027-03-10,1855.0,0.001,2269.0,pacing,,False,False,162,peak_ski
2026-09-29,summit_haus,2027-03-11,1855.0,0.001,2458.0,pacing,,False,False,163,peak_ski
2026-09-29,summit_haus,2027-03-12,1855.0,0.002929874514560713,2977.0,pacing,,False,False,164,peak_ski
2026-09-29,summit_haus,2027-03-13,1855.0,0.0031745855513412346,3021.0,pacing,,False,False,165,peak_ski
2026-09-29,summit_haus,2027-03-14,1855.0,0.001,3116.0,pacing,,False,False,166,peak_ski
2026-09-29,summit_haus,2027-03-15,1855.0,0.001,2983.0,pacing,,False,False,167,peak_ski
2026-09-29,summit_haus,2027-03-16,1855.0,0.001,2954.0,pacing,,False,False,168,peak_ski
2026-09-29,summit_haus,2027-03-17,1855.0,0.001,2922.0,pacing,,False,False,169,peak_ski
2026-09-29,summit_haus,2027-03-18,1855.0,0.001,2965.0,pacing,,False,False,170,peak_ski
2026-09-29,summit_haus,2027-03-19,1855.0,0.0034129611644877563,2734.0,pacing,,False,False,171,peak_ski
2026-09-29,summit_haus,2027-03-20,1855.0,0.0036018507936730927,2699.0,pacing,,False,False,172,peak_ski
2026-09-29,summit_haus,2027-03-21,1580.0,0.001,1830.0,pacing,,False,False,173,peak_ski
2026-09-29,summit_haus,2027-03-22,1855.0,0.001,2159.0,pacing,,False,False,174,peak_ski
2026-09-29,summit_haus,2027-03-23,1850.0,0.001,2100.0,pacing,,False,False,175,peak_ski
2026-09-29,summit_haus,2027-03-24,1275.0,0.0026926402166005327,1497.0,pacing,,False,False,176,peak_ski
2026-09-29,summit_haus,2027-03-25,1355.0,0.0018644375704786975,1593.0,pacing,,False,False,177,peak_ski
2026-09-29,summit_haus,2027-03-26,1535.0,0.007375858866882059,1784.0,pacing,,False,False,178,peak_ski
2026-09-29,summit_haus,2027-03-27,1380.0,0.009133444912155245,1618.0,pacing,,False,False,179,peak_ski
2026-09-29,summit_haus,2027-03-28,1120.0,0.0044377743694817414,1317.0,pacing,,False,False,180,peak_ski
2026-09-29,summit_haus,2027-03-29,905.0,0.006772925846600928,1049.0,pacing,,False,False,181,peak_ski
2026-09-29,summit_haus,2027-03-30,905.0,0.006784640685491921,954.0,pacing,,False,False,182,peak_ski
2026-09-29,summit_haus,2027-03-31,905.0,0.006793989756143215,949.0,pacing,,False,False,183,peak_ski
2026-09-29,summit_haus,2027-04-01,890.0,0.001,1043.0,pacing,,False,False,184,shoulder_spring
2026-09-29,summit_haus,2027-04-02,910.0,0.007532053398745226,1067.0,pacing,,False,False,185,shoulder_spring
2026-09-29,summit_haus,2027-04-03,850.0,0.010614737132283503,999.0,pacing,,False,False,186,shoulder_spring
2026-09-29,summit_haus,2027-04-04,680.0,0.0017000461126463345,796.0,pacing,,False,False,187,shoulder_spring
2026-09-29,summit_haus,2027-04-05,575.0,0.005775691701789601,639.0,pacing,,False,False,188,shoulder_spring
2026-09-29,summit_haus,2027-04-06,535.0,0.007302865799362722,591.0,pacing,,False,False,189,shoulder_spring
2026-09-29,summit_haus,2027-04-07,545.0,0.006922227913929672,602.0,pacing,,False,False,190,shoulder_spring
2026-09-29,summit_haus,2027-04-08,595.0,0.00505012286625929,669.0,pacing,,False,False,191,shoulder_spring
2026-09-29,summit_haus,2027-04-09,620.0,0.021652015105553153,687.0,pacing,,False,False,192,shoulder_spring
2026-09-29,summit_haus,2027-04-10,620.0,0.02142762631880834,684.0,pacing,,False,False,193,shoulder_spring
2026-09-29,summit_haus,2027-04-11,545.0,0.00692885355345074,603.0,pacing,,False,False,194,shoulder_spring
2026-09-29,summit_haus,2027-04-12,520.0,0.007850858566691207,570.0,pacing,,False,False,195,shoulder_spring
2026-09-29,summit_haus,2027-04-13,495.0,0.008778522207644985,535.0,pacing,,False,False,196,shoulder_spring
2026-09-29,summit_haus,2027-04-14,505.0,0.00843177340026238,547.0,pacing,,False,False,197,shoulder_spring
2026-09-29,summit_haus,2027-04-15,525.0,0.007719513761075203,578.0,pacing,,False,False,198,shoulder_spring
2026-09-29,summit_haus,2027-04-16,615.0,0.02143130913390812,639.0,pacing,,False,False,199,shoulder_spring
2026-09-29,summit_haus,2027-04-17,600.0,0.021887163569861628,618.0,pacing,,False,False,200,shoulder_spring
2026-09-29,summit_haus,2027-04-18,525.0,0.007745300420215388,570.0,pacing,,False,False,201,shoulder_spring
2026-09-29,summit_haus,2027-04-19,480.0,0.009418299840518304,513.0,pacing,,False,False,202,shoulder_spring
2026-09-29,summit_haus,2027-04-20,470.0,0.009801687346141001,497.0,pacing,,False,False,203,shoulder_spring
2026-09-29,summit_haus,2027-04-21,480.0,0.009451699260848597,511.0,pacing,,False,False,204,shoulder_spring
2026-09-29,summit_haus,2027-04-22,515.0,0.008190287422981115,559.0,pacing,,False,False,205,shoulder_spring
2026-09-29,summit_haus,2027-04-23,620.0,0.020731135918432952,650.0,pacing,,False,False,206,shoulder_spring
2026-09-29,summit_haus,2027-04-24,615.0,0.02073962783768491,638.0,pacing,,False,False,207,shoulder_spring
2026-09-29,summit_haus,2027-04-25,535.0,0.007482927588841255,589.0,pacing,,False,False,208,shoulder_spring
2026-09-29,summit_haus,2027-04-26,500.0,0.008783746389887331,537.0,pacing,,False,False,209,shoulder_spring
2026-09-29,summit_haus,2027-04-27,495.0,0.008984932419592667,536.0,pacing,,False,False,210,shoulder_spring
2026-09-29,summit_haus,2027-04-28,490.0,0.00918544123627491,529.0,pacing,,False,False,211,shoulder_spring
2026-09-29,summit_haus,2027-04-29,500.0,0.00883998344114827,537.0,pacing,,False,False,212,shoulder_spring
2026-09-29,summit_haus,2027-04-30,580.0,0.022077937135817436,591.0,pacing,,False,False,213,shoulder_spring
2026-09-29,summit_haus,2027-05-01,575.0,0.02205320340234924,581.0,pacing,,False,False,214,shoulder_spring
2026-09-29,summit_haus,2027-05-02,505.0,0.008677164571817978,543.0,pacing,,False,False,215,shoulder_spring
2026-09-29,summit_haus,2027-05-03,480.0,0.009602384801654816,510.0,pacing,,False,False,216,shoulder_spring
2026-09-29,summit_haus,2027-05-04,485.0,0.009436627004655973,518.0,pacing,,False,False,217,shoulder_spring
2026-09-29,summit_haus,2027-05-05,500.0,0.008909882387457766,538.0,pacing,,False,False,218,shoulder_spring
2026-09-29,summit_haus,2027-05-06,510.0,0.008566393140776665,552.0,pacing,,False,False,219,shoulder_spring
2026-09-29,summit_haus,2027-05-07,585.0,0.02137307433845998,595.0,pacing,,False,False,220,shoulder_spring
2026-09-29,summit_haus,2027-05-08,570.0,0.021789401752828008,579.0,pacing,,False,False,221,shoulder_spring
2026-09-29,summit_haus,2027-05-09,505.0,0.008766189668835118,544.0,pacing,,False,False,222,shoulder_spring
2026-09-29,summit_haus,2027-05-10,490.0,0.009325450308530945,526.0,pacing,,False,False,223,shoulder_spring
2026-09-29,summit_haus,2027-05-11,485.0,0.009521705830998824,519.0,pacing,,False,False,224,shoulder_spring
2026-09-29,summit_haus,2027-05-12,500.0,0.00899675265774101,538.0,pacing,,False,False,225,shoulder_spring
2026-09-29,summit_haus,2027-05-13,510.0,0.008654022373968773,549.0,pacing,,False,False,226,shoulder_spring
2026-09-29,summit_haus,2027-05-14,585.0,0.02091200928936662,597.0,pacing,,False,False,227,shoulder_spring
2026-09-29,summit_haus,2027-05-15,590.0,0.020479802513536302,604.0,pacing,,False,False,228,shoulder_spring
2026-09-29,summit_haus,2027-05-16,520.0,0.008312669570544712,565.0,pacing,,False,False,229,shoulder_spring
2026-09-29,summit_haus,2027-05-17,505.0,0.008870679128782892,542.0,pacing,,False,False,230,shoulder_spring
2026-09-29,summit_haus,2027-05-18,500.0,0.009066953003202411,534.0,pacing,,False,False,231,shoulder_spring
2026-09-29,summit_haus,2027-05-19,500.0,0.009082923649701159,540.0,pacing,,False,False,232,shoulder_spring
2026-09-29,summit_haus,2027-05-20,510.0,0.008741189194892899,552.0,pacing,,False,False,233,shoulder_spring
2026-09-29,summit_haus,2027-05-21,590.0,0.020268821346976988,604.0,pacing,,False,False,234,shoulder_spring
2026-09-29,summit_haus,2027-05-22,585.0,0.020267444202047326,596.0,pacing,,False,False,235,shoulder_spring
2026-09-29,summit_haus,2027-05-23,525.0,0.008222073743906252,570.0,pacing,,False,False,236,shoulder_spring
2026-09-29,summit_haus,2027-05-24,505.0,0.008955848660033376,543.0,pacing,,False,False,237,shoulder_spring
2026-09-29,summit_haus,2027-05-25,515.0,0.008615026909538057,559.0,pacing,,False,False,238,shoulder_spring
2026-09-29,summit_haus,2027-05-26,510.0,0.008810901509048695,552.0,pacing,,False,False,239,shoulder_spring
2026-09-29,summit_haus,2027-05-27,555.0,0.007224110587226749,613.0,pacing,,False,False,240,shoulder_spring
2026-09-29,summit_haus,2027-05-28,645.0,0.017592703191970753,758.0,pacing,,False,False,241,shoulder_spring
2026-09-29,summit_haus,2027-05-29,645.0,0.017459111415957417,756.0,pacing,,False,False,242,shoulder_spring
2026-09-29,summit_haus,2027-05-30,620.0,0.004933713389076736,725.0,pacing,,False,False,243,shoulder_spring
2026-09-29,summit_haus,2027-05-31,510.0,0.008882528971439716,548.0,pacing,,False,False,244,shoulder_spring
2026-09-29,summit_haus,2027-06-01,555.0,0.02078123578447656,594.0,pacing,,False,False,245,summer
2026-09-29,summit_haus,2027-06-02,545.0,0.0214252066784606,578.0,pacing,,False,False,246,summer
2026-09-29,summit_haus,2027-06-03,600.0,0.01773161563249019,655.0,pacing,,False,False,247,summer
2026-09-29,summit_haus,2027-06-04,725.0,0.02748779259811213,771.0,pacing,,False,False,248,summer
2026-09-29,summit_haus,2027-06-05,695.0,0.02889944962944542,778.0,pacing,,False,False,249,summer
2026-09-29,summit_haus,2027-06-06,620.0,0.01639959373621356,677.0,pacing,,False,False,250,summer
2026-09-29,summit_haus,2027-06-07,585.0,0.018714460204515875,630.0,pacing,,False,False,251,summer
2026-09-29,summit_haus,2027-06-08,570.0,0.019688069453184184,611.0,pacing,,False,False,252,summer
2026-09-29,summit_haus,2027-06-09,610.0,0.017047226505465807,662.0,pacing,,False,False,253,summer
2026-09-29,summit_haus,2027-06-10,745.0,0.0025841258205815463,871.0,pacing,,False,False,254,summer
2026-09-29,summit_haus,2027-06-11,840.0,0.01842183222425902,987.0,pacing,,False,False,255,summer
2026-09-29,summit_haus,2027-06-12,855.0,0.01749323124388875,1004.0,pacing,,False,False,256,summer
2026-09-29,summit_haus,2027-06-20,940.0,0.001,1104.0,pacing,,False,False,264,summer
2026-09-29,summit_haus,2027-06-21,910.0,0.001,1065.0,pacing,,False,False,265,summer
2026-09-29,summit_haus,2027-06-22,810.0,0.001,951.0,pacing,,False,False,266,summer
2026-09-29,summit_haus,2027-06-23,875.0,0.001,1027.0,pacing,,False,False,267,summer
2026-09-29,summit_haus,2027-06-24,1080.0,0.001,1265.0,pacing,,False,False,268,summer
2026-09-29,summit_haus,2027-06-25,1315.0,0.001,1542.0,pacing,,False,False,269,summer
2026-09-29,summit_haus,2027-06-26,1250.0,0.001,1466.0,pacing,,False,False,270,summer
2026-09-29,summit_haus,2027-06-27,1080.0,0.001,1266.0,pacing,,False,False,271,summer
2026-09-29,summit_haus,2027-06-28,965.0,0.001,1132.0,pacing,,False,False,272,summer
2026-09-29,summit_haus,2027-06-29,930.0,0.001,1092.0,pacing,,False,False,273,summer
2026-09-29,summit_haus,2027-06-30,1110.0,0.001,1302.0,pacing,,False,False,274,summer
2026-09-29,summit_haus,2027-07-01,1175.0,0.001,1379.0,pacing,,False,False,275,summer
2026-09-29,summit_haus,2027-07-02,1855.0,0.001,2244.0,pacing,,False,False,276,summer
2026-09-29,summit_haus,2027-07-03,1855.0,0.001,2240.0,pacing,,False,False,277,summer
2026-09-29,summit_haus,2027-07-04,1855.0,0.001,2180.0,pacing,,False,False,278,summer
2026-09-29,summit_haus,2027-07-05,970.0,0.001,1136.0,pacing,,False,False,279,summer
2026-09-29,summit_haus,2027-07-06,960.0,0.001,1126.0,pacing,,False,False,280,summer
2026-09-29,summit_haus,2027-07-07,1035.0,0.001,1215.0,pacing,,False,False,281,summer
2026-09-29,summit_haus,2027-07-08,1355.0,0.001,1590.0,pacing,,False,False,282,summer
2026-09-29,summit_haus,2027-07-09,1855.0,0.001,2191.0,pacing,,False,False,283,summer
2026-09-29,summit_haus,2027-07-10,1855.0,0.001,2231.0,pacing,,False,False,284,summer
2026-09-29,summit_haus,2027-07-11,1370.0,0.001,1609.0,pacing,,False,False,285,summer
2026-09-29,summit_haus,2027-07-12,1380.0,0.001,1620.0,pacing,,False,False,286,summer
2026-09-29,summit_haus,2027-07-13,1360.0,0.001,1595.0,pacing,,False,False,287,summer
2026-09-29,summit_haus,2027-07-14,1355.0,0.001,1593.0,pacing,,False,False,288,summer
2026-09-29,summit_haus,2027-07-15,1425.0,0.001,1675.0,pacing,,False,False,289,summer
2026-09-29,summit_haus,2027-07-16,1820.0,0.001,2068.0,pacing,,False,False,290,summer
2026-09-29,summit_haus,2027-07-17,1825.0,0.001,2074.0,pacing,,False,False,291,summer
2026-09-29,summit_haus,2027-07-18,1505.0,0.001,1753.0,pacing,,False,False,292,summer
2026-09-29,summit_haus,2027-07-19,1310.0,0.001,1537.0,pacing,,False,False,293,summer
2026-09-29,summit_haus,2027-07-20,1295.0,0.001,1521.0,pacing,,False,False,294,summer
2026-09-29,summit_haus,2027-07-21,1275.0,0.001,1498.0,pacing,,False,False,295,summer
2026-09-29,summit_haus,2027-07-22,1300.0,0.001,1525.0,pacing,,False,False,296,summer
2026-09-29,summit_haus,2027-07-23,1630.0,0.001,1880.0,pacing,,False,False,297,summer
2026-09-29,summit_haus,2027-07-24,1630.0,0.001,1878.0,pacing,,False,False,298,summer
2026-09-29,summit_haus,2027-07-25,1310.0,0.001,1539.0,pacing,,False,False,299,summer
2026-09-29,summit_haus,2027-07-26,1150.0,0.001,1352.0,pacing,,False,False,300,summer
2026-09-29,summit_haus,2027-07-27,1150.0,0.001,1348.0,pacing,,False,False,301,summer
2026-09-29,summit_haus,2027-07-28,1120.0,0.001,1314.0,pacing,,False,False,302,summer
2026-09-29,summit_haus,2027-07-29,1245.0,0.001,1461.0,pacing,,False,False,303,summer
2026-09-29,summit_haus,2027-07-30,1500.0,0.001,1750.0,pacing,,False,False,304,summer
2026-09-29,summit_haus,2027-07-31,1375.0,0.001,1615.0,pacing,,False,False,305,summer
2026-09-29,summit_haus,2027-08-01,1050.0,0.001,1232.0,pacing,,False,False,306,summer
2026-09-29,summit_haus,2027-08-02,895.0,0.001,1050.0,pacing,,False,False,307,summer
2026-09-29,summit_haus,2027-08-03,870.0,0.00760233215447936,1023.0,pacing,,False,False,308,summer
2026-09-29,summit_haus,2027-08-04,865.0,0.007963678953209378,1013.0,pacing,,False,False,309,summer
2026-09-29,summit_haus,2027-08-05,990.0,0.001,1159.0,pacing,,False,False,310,summer
2026-09-29,summit_haus,2027-08-06,1115.0,0.013424988740368638,1311.0,pacing,,False,False,311,summer
2026-09-29,summit_haus,2027-08-07,1085.0,0.014797727249844402,1273.0,pacing,,False,False,312,summer
2026-09-29,summit_haus,2027-08-08,845.0,0.00927402499786635,991.0,pacing,,False,False,313,summer
2026-09-29,summit_haus,2027-08-09,745.0,0.015031567449914896,876.0,pacing,,False,False,314,summer
2026-09-29,summit_haus,2027-08-10,730.0,0.015900204137845132,857.0,pacing,,False,False,315,summer
2026-09-29,summit_haus,2027-08-11,735.0,0.015627673041998896,859.0,pacing,,False,False,316,summer
2026-09-29,summit_haus,2027-08-12,810.0,0.011415032655557263,952.0,pacing,,False,False,317,summer
2026-09-29,summit_haus,2027-08-13,1025.0,0.017386457794461338,1202.0,pacing,,False,False,318,summer
2026-09-29,summit_haus,2027-08-14,1025.0,0.01738675826016315,1202.0,pacing,,False,False,319,summer
2026-09-29,summit_haus,2027-08-15,720.0,0.01650633237242536,845.0,pacing,,False,False,320,summer
2026-09-29,summit_haus,2027-08-16,720.0,0.016511287077569402,844.0,pacing,,False,False,321,summer
2026-09-29,summit_haus,2027-08-17,685.0,0.01845740536614172,801.0,pacing,,False,False,322,summer
2026-09-29,summit_haus,2027-08-18,680.0,0.0187277767240709,795.0,pacing,,False,False,323,summer
2026-09-29,summit_haus,2027-08-19,690.0,0.018165931635002294,807.0,pacing,,False,False,324,summer
2026-09-29,summit_haus,2027-08-20,1445.0,0.001,1694.0,pacing,,False,False,325,summer
2026-09-29,summit_haus,2027-08-21,1450.0,0.001,1698.0,pacing,,False,False,326,summer
2026-09-29,summit_haus,2027-08-22,685.0,0.018436710987963924,802.0,pacing,,False,False,327,summer
2026-09-29,summit_haus,2027-08-23,670.0,0.019252306648308445,788.0,pacing,,False,False,328,summer
2026-09-29,summit_haus,2027-08-24,665.0,0.01951192731747542,756.0,pacing,,False,False,329,summer
2026-09-29,summit_haus,2027-08-25,670.0,0.019221720207286106,743.0,pacing,,False,False,330,summer
2026-09-29,summit_haus,2027-08-26,665.0,0.01947553274856759,730.0,pacing,,False,False,331,summer
2026-09-29,summit_haus,2027-08-27,850.0,0.024517787899319972,995.0,pacing,,False,False,332,summer
2026-09-29,summit_haus,2027-08-28,860.0,0.024007115581131142,1008.0,pacing,,False,False,333,summer
2026-09-29,summit_haus,2027-08-29,655.0,0.01999727535678993,697.0,pacing,,False,False,334,summer
2026-09-29,summit_haus,2027-08-30,575.0,0.024286489880811224,593.0,pacing,,False,False,335,summer
2026-09-29,summit_haus,2027-08-31,555.0,0.025310279317353784,569.0,pacing,,False,False,336,summer
2026-09-29,summit_haus,2027-09-01,565.0,0.024718029600762075,577.0,pacing,,False,False,337,summer
2026-09-29,summit_haus,2027-09-02,645.0,0.020386721552215967,683.0,pacing,,False,False,338,summer
2026-09-29,summit_haus,2027-09-03,915.0,0.021704954538545793,1072.0,pacing,,False,False,339,summer
2026-09-29,summit_haus,2027-09-04,915.0,0.02165741235014903,1073.0,pacing,,False,False,340,summer
2026-09-29,summit_haus,2027-09-05,875.0,0.008097047086665117,1028.0,pacing,,False,False,341,summer
2026-09-29,summit_haus,2027-09-06,560.0,0.0248852107063813,574.0,pacing,,False,False,342,summer
2026-09-29,summit_haus,2027-09-07,620.0,0.021655816095180868,651.0,pacing,,False,False,343,summer
2026-09-29,summit_haus,2027-09-08,620.0,0.0216169427357391,654.0,pacing,,False,False,344,summer
2026-09-29,summit_haus,2027-09-09,665.0,0.019211131559870954,714.0,pacing,,False,False,345,summer
2026-09-29,summit_haus,2027-09-10,715.0,0.029449839420752418,817.0,pacing,,False,False,346,summer
2026-09-29,summit_haus,2027-09-11,695.0,0.030061979170717595,800.0,pacing,,False,False,347,summer
2026-09-29,summit_haus,2027-09-12,630.0,0.021023960250846546,663.0,pacing,,False,False,348,summer
2026-09-29,summit_haus,2027-09-13,600.0,0.022562228476945827,625.0,pacing,,False,False,349,summer
2026-09-29,summit_haus,2027-09-14,595.0,0.022779499899665476,621.0,pacing,,False,False,350,summer
2026-09-29,summit_haus,2027-09-15,600.0,0.022475177884444128,626.0,pacing,,False,False,351,summer
2026-09-29,summit_haus,2027-09-16,625.0,0.007314994110826019,712.0,pacing,,False,False,352,shoulder_fall
2026-09-29,summit_haus,2027-09-17,690.0,0.02475663896101155,810.0,pacing,,False,False,353,shoulder_fall
2026-09-29,summit_haus,2027-09-18,645.0,0.027731643042562877,755.0,pacing,,False,False,354,shoulder_fall
2026-09-29,summit_haus,2027-09-19,560.0,0.012215315837545818,624.0,pacing,,False,False,355,shoulder_fall
2026-09-29,summit_haus,2027-09-20,505.0,0.016294060890266762,550.0,pacing,,False,False,356,shoulder_fall
2026-09-29,summit_haus,2027-09-21,500.0,0.016639138941344646,543.0,pacing,,False,False,357,shoulder_fall
2026-09-29,summit_haus,2027-09-22,510.0,0.015896538799132894,554.0,pacing,,False,False,358,shoulder_fall
2026-09-29,summit_haus,2027-09-23,580.0,0.010777121823687367,651.0,pacing,,False,False,359,shoulder_fall
2026-09-29,summit_haus,2027-09-24,635.0,0.02821909631066603,746.0,pacing,,False,False,360,shoulder_fall
2026-09-29,summit_haus,2027-09-25,645.0,0.02734603504806055,754.0,pacing,,False,False,361,shoulder_fall
2026-09-29,summit_haus,2027-09-26,560.0,0.01225127295098798,620.0,pacing,,False,False,362,shoulder_fall
2026-09-29,summit_haus,2027-09-27,515.0,0.01550387670241635,563.0,pacing,,False,False,363,shoulder_fall
2026-09-29,summit_haus,2027-09-28,500.0,0.016560882009008026,545.0,pacing,,False,False,364,shoulder_fall
2026-09-29,overlook_ridge,2026-09-30,336.0,0.8757242503775415,300.0,pacing,,False,False,1,shoulder_fall
2026-09-29,overlook_ridge,2026-10-05,355.0,0.014568156424581005,355.0,pacing,,False,False,6,shoulder_fall
2026-09-29,overlook_ridge,2026-10-06,350.0,0.014828085208411978,353.0,pacing,,False,False,7,shoulder_fall
2026-09-29,overlook_ridge,2026-10-07,340.0,0.015334018384528731,337.0,pacing,,False,False,8,shoulder_fall
2026-09-29,overlook_ridge,2026-10-12,425.0,0.01363614845057465,452.0,pacing,,False,False,13,shoulder_fall
2026-09-29,overlook_ridge,2026-10-13,430.0,0.01331773751261048,455.0,pacing,,False,False,14,shoulder_fall
2026-09-29,overlook_ridge,2026-10-14,370.0,0.016861017532113796,378.0,pacing,,False,False,15,shoulder_fall
2026-09-29,overlook_ridge,2026-10-15,380.0,0.016229587388553367,393.0,pacing,,False,False,16,shoulder_fall
2026-09-29,overlook_ridge,2026-10-16,500.0,0.995,500.0,pacing,,False,False,17,shoulder_fall
2026-09-29,overlook_ridge,2026-10-17,500.0,0.995,500.0,pacing,,False,False,18,shoulder_fall
2026-09-29,overlook_ridge,2026-10-25,350.0,0.030053198279414557,354.0,pacing,,False,False,26,shoulder_fall
2026-09-29,overlook_ridge,2026-10-26,336.0,0.03138535621734972,323.0,pacing,,False,False,27,shoulder_fall
2026-09-29,overlook_ridge,2026-10-27,336.0,0.03130759577069281,321.0,pacing,,False,False,28,shoulder_fall
2026-09-29,overlook_ridge,2026-10-28,336.0,0.03122995544192114,325.0,pacing,,False,False,29,shoulder_fall
2026-09-29,overlook_ridge,2026-10-29,370.0,0.027861833868222014,377.0,pacing,,False,False,30,shoulder_fall
2026-09-29,overlook_ridge,2026-10-30,500.0,0.995,500.0,pacing,,False,False,31,shoulder_fall
2026-09-29,overlook_ridge,2026-10-31,500.0,0.9682115567205356,500.0,pacing,,False,False,32,shoulder_fall
2026-09-29,overlook_ridge,2026-11-01,336.0,0.03108169513728823,326.0,pacing,,False,False,33,shoulder_fall
2026-09-29,overlook_ridge,2026-11-02,336.0,0.031032515676883338,316.0,pacing,,False,False,34,shoulder_fall
2026-09-29,overlook_ridge,2026-11-03,336.0,0.030945676592800238,317.0,pacing,,False,False,35,shoulder_fall
2026-09-29,overlook_ridge,2026-11-04,336.0,0.030859459664476084,322.0,pacing,,False,False,36,shoulder_fall
2026-09-29,overlook_ridge,2026-11-05,350.0,0.02944050314595403,353.0,pacing,,False,False,37,shoulder_fall
2026-09-29,overlook_ridge,2026-11-06,495.0,0.026586142388825545,500.0,pacing,,False,False,38,shoulder_fall
2026-09-29,overlook_ridge,2026-11-07,495.0,0.030402107156778175,500.0,pacing,,False,False,39,shoulder_fall
2026-09-29,overlook_ridge,2026-11-08,345.0,0.029840130911930027,344.0,pacing,,False,False,40,shoulder_fall
2026-09-29,overlook_ridge,2026-11-09,336.0,0.030614113809419356,313.0,pacing,,False,False,41,shoulder_fall
2026-09-29,overlook_ridge,2026-11-10,345.0,0.02967989920657149,342.0,pacing,,False,False,42,shoulder_fall
2026-09-29,overlook_ridge,2026-11-11,350.0,0.029132336866336202,349.0,pacing,,False,False,43,shoulder_fall
2026-09-29,overlook_ridge,2026-11-12,365.0,0.0276520060955102,371.0,pacing,,False,False,44,shoulder_fall
2026-09-29,overlook_ridge,2026-11-13,495.0,0.9511077087550834,500.0,pacing,,False,False,45,shoulder_fall
2026-09-29,overlook_ridge,2026-11-14,490.0,0.9044799347394262,500.0,pacing,,False,False,46,shoulder_fall
2026-09-29,overlook_ridge,2026-11-15,350.0,0.028987359429271286,351.0,pacing,,False,False,47,shoulder_fall
2026-09-29,overlook_ridge,2026-11-16,336.0,0.030217492459012632,315.0,pacing,,False,False,48,shoulder_fall
2026-09-29,overlook_ridge,2026-11-17,360.0,0.05073024276862396,322.0,pacing,,False,False,49,shoulder_fall
2026-09-29,overlook_ridge,2026-11-18,370.0,0.04893137316888903,335.0,pacing,,False,False,50,shoulder_fall
2026-09-29,overlook_ridge,2026-11-19,375.0,0.026514972006736495,385.0,pacing,,False,False,51,shoulder_fall
2026-09-29,overlook_ridge,2026-11-23,600.0,0.009187147889063675,680.0,pacing,,False,False,55,early_winter
2026-09-29,overlook_ridge,2026-12-03,555.0,0.05283210231563992,603.0,pacing,,False,False,65,early_winter
2026-09-29,overlook_ridge,2026-12-04,695.0,0.1350915051311289,814.0,pacing,,False,False,66,early_winter
2026-09-29,overlook_ridge,2026-12-05,685.0,0.08532108280343802,801.0,pacing,,False,False,67,early_winter
2026-09-29,overlook_ridge,2026-12-06,590.0,0.044945158259380606,654.0,pacing,,False,False,68,early_winter
2026-09-29,overlook_ridge,2026-12-07,555.0,0.052856166012042495,605.0,pacing,,False,False,69,early_winter
2026-09-29,overlook_ridge,2026-12-08,530.0,0.058264767704687984,574.0,pacing,,False,False,70,early_winter
2026-09-29,overlook_ridge,2026-12-09,535.0,0.057007307946877285,579.0,pacing,,False,False,71,early_winter
2026-09-29,overlook_ridge,2026-12-10,655.0,0.031251456296755215,737.0,pacing,,False,False,72,early_winter
2026-09-29,overlook_ridge,2026-12-11,865.0,0.08378862241577834,1014.0,pacing,,False,False,73,early_winter
2026-09-29,overlook_ridge,2026-12-12,965.0,0.057883855901721015,1132.0,pacing,,False,False,74,early_winter
2026-09-29,overlook_ridge,2026-12-13,680.0,0.026442848101915356,798.0,pacing,,False,False,75,early_winter
2026-09-29,overlook_ridge,2026-12-14,650.0,0.03336267297752628,726.0,pacing,,False,False,76,early_winter
2026-09-29,overlook_ridge,2026-12-15,655.0,0.0060818435754189945,768.0,pacing,,False,False,77,peak_ski
2026-09-29,overlook_ridge,2026-12-16,710.0,0.005105180149471902,835.0,pacing,,False,False,78,peak_ski
2026-09-29,overlook_ridge,2026-12-17,915.0,0.0013374704410598426,1072.0,pacing,,False,False,79,peak_ski
2026-09-29,overlook_ridge,2026-12-18,1400.0,0.001,1642.0,pacing,,False,False,80,peak_ski
2026-09-29,overlook_ridge,2026-12-19,1990.0,0.001,2239.0,pacing,,False,False,81,peak_ski
2026-09-29,overlook_ridge,2026-12-20,2235.0,0.001,2481.0,pacing,,False,False,82,peak_ski
2026-09-29,overlook_ridge,2026-12-21,2545.0,0.001,2791.0,pacing,,False,False,83,peak_ski
2026-09-29,overlook_ridge,2026-12-22,2570.0,0.001,2818.0,pacing,,False,False,84,peak_ski
2026-09-29,overlook_ridge,2026-12-23,2595.0,0.001,2841.0,pacing,,False,False,85,peak_ski
2026-09-29,overlook_ridge,2026-12-24,2695.0,0.001,2944.0,pacing,,False,False,86,peak_ski
2026-09-29,overlook_ridge,2026-12-25,2765.0,0.001,3013.0,pacing,,False,False,87,peak_ski
2026-09-29,overlook_ridge,2026-12-26,2780.0,0.001,3029.0,pacing,,False,False,88,peak_ski
2026-09-29,overlook_ridge,2027-01-02,3305.0,0.001,3555.0,pacing,,False,False,95,peak_ski
2026-09-29,overlook_ridge,2027-01-03,1740.0,0.0947788975390155,1915.0,pacing,,False,False,96,peak_ski
2026-09-29,overlook_ridge,2027-01-04,1805.0,0.09095771536582532,1719.0,pacing,,False,False,97,peak_ski
2026-09-29,overlook_ridge,2027-01-05,1720.0,0.10805795791759099,1616.0,pacing,,False,False,98,peak_ski
2026-09-29,overlook_ridge,2027-01-06,1385.0,0.15418062575890526,1238.0,pacing,,False,False,99,peak_ski
2026-09-29,overlook_ridge,2027-01-07,1095.0,0.001,1288.0,pacing,,False,False,100,peak_ski
2026-09-29,overlook_ridge,2027-01-08,1445.0,0.001,1691.0,pacing,,False,False,101,peak_ski
2026-09-29,overlook_ridge,2027-01-09,1300.0,0.0027875033364538246,1528.0,pacing,,False,False,102,peak_ski
2026-09-29,overlook_ridge,2027-01-10,1195.0,0.001,1403.0,pacing,,False,False,103,peak_ski
2026-09-29,overlook_ridge,2027-01-11,905.0,0.0017655036595745743,1049.0,pacing,,False,False,104,peak_ski
2026-09-29,overlook_ridge,2027-01-12,1105.0,0.1891770772309719,990.0,pacing,,False,False,105,peak_ski
2026-09-29,overlook_ridge,2027-01-13,1410.0,0.1419265742565302,1260.0,pacing,,False,False,106,peak_ski
2026-09-29,overlook_ridge,2027-01-14,1370.0,0.001,1606.0,pacing,,False,False,107,peak_ski
2026-09-29,overlook_ridge,2027-01-15,1855.0,0.001,2381.0,pacing,,False,False,108,peak_ski
2026-09-29,overlook_ridge,2027-01-16,1855.0,0.001,2264.0,pacing,,False,False,109,peak_ski
2026-09-29,overlook_ridge,2027-01-17,1855.0,0.001,2229.0,pacing,,False,False,110,peak_ski
2026-09-29,overlook_ridge,2027-01-18,1035.0,0.001,1214.0,pacing,,False,False,111,peak_ski
2026-09-29,overlook_ridge,2027-01-19,1285.0,0.15492533655614618,1148.0,pacing,,False,False,112,peak_ski
2026-09-29,overlook_ridge,2027-01-20,1260.0,0.1540269995107857,1126.0,pacing,,False,False,113,peak_ski
2026-09-29,overlook_ridge,2027-01-21,1240.0,0.001,1454.0,pacing,,False,False,114,peak_ski
2026-09-29,overlook_ridge,2027-01-22,1855.0,0.001,2167.0,pacing,,False,False,115,peak_ski
2026-09-29,overlook_ridge,2027-01-23,1855.0,0.021816444174757265,2226.0,pacing,,False,False,116,peak_ski
2026-09-29,overlook_ridge,2027-01-24,1370.0,0.001,1611.0,pacing,,False,False,117,peak_ski
2026-09-29,overlook_ridge,2027-01-25,1325.0,0.001,1556.0,pacing,,False,False,118,peak_ski
2026-09-29,overlook_ridge,2027-01-26,1360.0,0.001,1596.0,pacing,,False,False,119,peak_ski
2026-09-29,overlook_ridge,2027-01-27,1390.0,0.001,1632.0,pacing,,False,False,120,peak_ski
2026-09-29,overlook_ridge,2027-01-28,1505.0,0.001,1752.0,pacing,,False,False,121,peak_ski
2026-09-29,overlook_ridge,2027-01-29,1855.0,0.001,2529.0,pacing,,False,False,122,peak_ski
2026-09-29,overlook_ridge,2027-01-30,1855.0,0.001,2479.0,pacing,,False,False,123,peak_ski
2026-09-29,overlook_ridge,2027-01-31,1400.0,0.001,1644.0,pacing,,False,False,124,peak_ski
2026-09-29,overlook_ridge,2027-02-01,1080.0,0.001,1269.0,pacing,,False,False,125,peak_ski
2026-09-29,overlook_ridge,2027-02-02,1075.0,0.001,1261.0,pacing,,False,False,126,peak_ski
2026-09-29,overlook_ridge,2027-02-03,1115.0,0.001,1311.0,pacing,,False,False,127,peak_ski
2026-09-29,overlook_ridge,2027-02-04,1720.0,0.001,1968.0,pacing,,False,False,128,peak_ski
2026-09-29,overlook_ridge,2027-02-05,1855.0,0.001,2633.0,pacing,,False,False,129,peak_ski
2026-09-29,overlook_ridge,2027-02-06,1855.0,0.001,2731.0,pacing,,False,False,130,peak_ski
2026-09-29,overlook_ridge,2027-02-07,1730.0,0.001,1976.0,pacing,,False,False,131,peak_ski
2026-09-29,overlook_ridge,2027-02-08,1710.0,0.001,1959.0,pacing,,False,False,132,peak_ski
2026-09-29,overlook_ridge,2027-02-09,1710.0,0.001,1958.0,pacing,,False,False,133,peak_ski
2026-09-29,overlook_ridge,2027-02-10,1720.0,0.001,1969.0,pacing,,False,False,134,peak_ski
2026-09-29,overlook_ridge,2027-02-11,1855.0,0.001,2389.0,pacing,,False,False,135,peak_ski
2026-09-29,overlook_ridge,2027-02-12,1855.0,0.001,3637.0,pacing,,False,False,136,peak_ski
2026-09-29,overlook_ridge,2027-02-13,1855.0,0.001,3605.0,pacing,,False,False,137,peak_ski
2026-09-29,overlook_ridge,2027-02-14,1855.0,0.001,3645.0,pacing,,False,False,138,peak_ski
2026-09-29,overlook_ridge,2027-02-15,1855.0,0.001,2229.0,pacing,,False,False,139,peak_ski
2026-09-29,overlook_ridge,2027-02-16,1800.0,0.001,2050.0,pacing,,False,False,140,peak_ski
2026-09-29,overlook_ridge,2027-02-17,1780.0,0.001,2029.0,pacing,,False,False,141,peak_ski
2026-09-29,overlook_ridge,2027-02-18,1855.0,0.001,2383.0,pacing,,False,False,142,peak_ski
2026-09-29,overlook_ridge,2027-02-19,1855.0,0.0010627122524596068,3212.0,pacing,,False,False,143,peak_ski
2026-09-29,overlook_ridge,2027-02-20,1855.0,0.0014725333627614017,3081.0,pacing,,False,False,144,peak_ski
2026-09-29,overlook_ridge,2027-02-21,1855.0,0.001,2167.0,pacing,,False,False,145,peak_ski
2026-09-29,overlook_ridge,2027-02-22,1485.0,0.001,1734.0,pacing,,False,False,146,peak_ski
2026-09-29,overlook_ridge,2027-02-23,1330.0,0.001,1562.0,pacing,,False,False,147,peak_ski
2026-09-29,overlook_ridge,2027-02-24,1415.0,0.001,1664.0,pacing,,False,False,148,peak_ski
2026-09-29,overlook_ridge,2027-02-25,1855.0,0.001,2386.0,pacing,,False,False,149,peak_ski
2026-09-29,overlook_ridge,2027-02-26,1855.0,0.0018299064941398788,3003.0,pacing,,False,False,150,peak_ski
2026-09-29,overlook_ridge,2027-02-27,1855.0,0.00215589436075987,2954.0,pacing,,False,False,151,peak_ski
2026-09-29,overlook_ridge,2027-02-28,1740.0,0.001,1986.0,pacing,,False,False,152,peak_ski
2026-09-29,overlook_ridge,2027-03-01,1335.0,0.001,1567.0,pacing,,False,False,153,peak_ski
2026-09-29,overlook_ridge,2027-03-02,1335.0,0.001,1570.0,pacing,,False,False,154,peak_ski
2026-09-29,overlook_ridge,2027-03-03,1350.0,0.001,1586.0,pacing,,False,False,155,peak_ski
2026-09-29,overlook_ridge,2027-03-04,1705.0,0.001,1954.0,pacing,,False,False,156,peak_ski
2026-09-29,overlook_ridge,2027-03-05,1855.0,0.002451165045549243,2555.0,pacing,,False,False,157,peak_ski
2026-09-29,overlook_ridge,2027-03-06,1855.0,0.0026803988274805104,2830.0,pacing,,False,False,158,peak_ski
2026-09-29,overlook_ridge,2027-03-07,1855.0,0.001,2383.0,pacing,,False,False,159,peak_ski
2026-09-29,overlook_ridge,2027-03-08,1855.0,0.001,2233.0,pacing,,False,False,160,peak_ski
2026-09-29,overlook_ridge,2027-03-09,1855.0,0.001,2173.0,pacing,,False,False,161,peak_ski
2026-09-29,overlook_ridge,2027-03-10,1855.0,0.001,2189.0,pacing,,False,False,162,peak_ski
2026-09-29,overlook_ridge,2027-03-11,1855.0,0.001,2371.0,pacing,,False,False,163,peak_ski
2026-09-29,overlook_ridge,2027-03-12,1855.0,0.002929874514560713,2872.0,pacing,,False,False,164,peak_ski
2026-09-29,overlook_ridge,2027-03-13,1855.0,0.0031745855513412346,2914.0,pacing,,False,False,165,peak_ski
2026-09-29,overlook_ridge,2027-03-14,1855.0,0.001,3005.0,pacing,,False,False,166,peak_ski
2026-09-29,overlook_ridge,2027-03-15,1855.0,0.001,2877.0,pacing,,False,False,167,peak_ski
2026-09-29,overlook_ridge,2027-03-16,1855.0,0.001,2849.0,pacing,,False,False,168,peak_ski
2026-09-29,overlook_ridge,2027-03-17,1855.0,0.001,2818.0,pacing,,False,False,169,peak_ski
2026-09-29,overlook_ridge,2027-03-18,1855.0,0.001,2860.0,pacing,,False,False,170,peak_ski
2026-09-29,overlook_ridge,2027-03-19,1855.0,0.0034129611644877563,2637.0,pacing,,False,False,171,peak_ski
2026-09-29,overlook_ridge,2027-03-20,1855.0,0.0036018507936730927,2603.0,pacing,,False,False,172,peak_ski
2026-09-29,overlook_ridge,2027-03-21,1515.0,0.001,1765.0,pacing,,False,False,173,peak_ski
2026-09-29,overlook_ridge,2027-03-22,1835.0,0.001,2082.0,pacing,,False,False,174,peak_ski
2026-09-29,overlook_ridge,2027-03-23,1775.0,0.001,2025.0,pacing,,False,False,175,peak_ski
2026-09-29,overlook_ridge,2027-03-24,1230.0,0.0031799587971911036,1444.0,pacing,,False,False,176,peak_ski
2026-09-29,overlook_ridge,2027-03-25,1310.0,0.002350489459281988,1537.0,pacing,,False,False,177,peak_ski
2026-09-29,overlook_ridge,2027-03-26,1475.0,0.008050464735054656,1721.0,pacing,,False,False,178,peak_ski
2026-09-29,overlook_ridge,2027-03-27,1330.0,0.009689560156529251,1561.0,pacing,,False,False,179,peak_ski
2026-09-29,overlook_ridge,2027-03-28,1085.0,0.004814718920435438,1271.0,pacing,,False,False,180,peak_ski
2026-09-29,overlook_ridge,2027-03-29,905.0,0.006772925846600928,1012.0,pacing,,False,False,181,peak_ski
2026-09-29,overlook_ridge,2027-03-30,885.0,0.006999344758740718,921.0,pacing,,False,False,182,peak_ski
2026-09-29,overlook_ridge,2027-03-31,880.0,0.007062111586084011,915.0,pacing,,False,False,183,peak_ski
2026-09-29,overlook_ridge,2027-04-01,860.0,0.001,1006.0,pacing,,False,False,184,shoulder_spring
2026-09-29,overlook_ridge,2027-04-02,875.0,0.009258196141327418,1029.0,pacing,,False,False,185,shoulder_spring
2026-09-29,overlook_ridge,2027-04-03,820.0,0.012068416724605102,964.0,pacing,,False,False,186,shoulder_spring
2026-09-29,overlook_ridge,2027-04-04,655.0,0.002661137307722021,768.0,pacing,,False,False,187,shoulder_spring
2026-09-29,overlook_ridge,2027-04-05,555.0,0.006538583487776951,616.0,pacing,,False,False,188,shoulder_spring
2026-09-29,overlook_ridge,2027-04-06,520.0,0.007871304996099575,570.0,pacing,,False,False,189,shoulder_spring
2026-09-29,overlook_ridge,2027-04-07,530.0,0.007487124627600552,581.0,pacing,,False,False,190,shoulder_spring
2026-09-29,overlook_ridge,2027-04-08,575.0,0.005798611074412708,645.0,pacing,,False,False,191,shoulder_spring
2026-09-29,overlook_ridge,2027-04-09,620.0,0.021652015105553153,663.0,pacing,,False,False,192,shoulder_spring
2026-09-29,overlook_ridge,2027-04-10,620.0,0.02142762631880834,660.0,pacing,,False,False,193,shoulder_spring
2026-09-29,overlook_ridge,2027-04-11,530.0,0.0074864914065764405,582.0,pacing,,False,False,194,shoulder_spring
2026-09-29,overlook_ridge,2027-04-12,505.0,0.008405053138698299,550.0,pacing,,False,False,195,shoulder_spring
2026-09-29,overlook_ridge,2027-04-13,480.0,0.009330688201352712,516.0,pacing,,False,False,196,shoulder_spring
2026-09-29,overlook_ridge,2027-04-14,490.0,0.008983304883422905,528.0,pacing,,False,False,197,shoulder_spring
2026-09-29,overlook_ridge,2027-04-15,510.0,0.008270384796473056,558.0,pacing,,False,False,198,shoulder_spring
2026-09-29,overlook_ridge,2027-04-16,600.0,0.022129476710526966,617.0,pacing,,False,False,199,shoulder_spring
2026-09-29,overlook_ridge,2027-04-17,585.0,0.022577484480615088,597.0,pacing,,False,False,200,shoulder_spring
2026-09-29,overlook_ridge,2027-04-18,505.0,0.008478812785159565,550.0,pacing,,False,False,201,shoulder_spring
2026-09-29,overlook_ridge,2027-04-19,465.0,0.009967727970502107,495.0,pacing,,False,False,202,shoulder_spring
2026-09-29,overlook_ridge,2027-04-20,455.0,0.01035056966488118,480.0,pacing,,False,False,203,shoulder_spring
2026-09-29,overlook_ridge,2027-04-21,465.0,0.010000083658947079,493.0,pacing,,False,False,204,shoulder_spring
2026-09-29,overlook_ridge,2027-04-22,500.0,0.00873814312910788,539.0,pacing,,False,False,205,shoulder_spring
2026-09-29,overlook_ridge,2027-04-23,605.0,0.02141399659676225,627.0,pacing,,False,False,206,shoulder_spring
2026-09-29,overlook_ridge,2027-04-24,600.0,0.021414854306118895,615.0,pacing,,False,False,207,shoulder_spring
2026-09-29,overlook_ridge,2027-04-25,520.0,0.008030135226537297,569.0,pacing,,False,False,208,shoulder_spring
2026-09-29,overlook_ridge,2027-04-26,485.0,0.009330233998190713,518.0,pacing,,False,False,209,shoulder_spring
2026-09-29,overlook_ridge,2027-04-27,485.0,0.009348873178792814,517.0,pacing,,False,False,210,shoulder_spring
2026-09-29,overlook_ridge,2027-04-28,480.0,0.0095490036600244,510.0,pacing,,False,False,211,shoulder_spring
2026-09-29,overlook_ridge,2027-04-29,485.0,0.009384783937913822,518.0,pacing,,False,False,212,shoulder_spring
2026-09-29,overlook_ridge,2027-04-30,565.0,0.02274583253247177,570.0,pacing,,False,False,213,shoulder_spring
2026-09-29,overlook_ridge,2027-05-01,560.0,0.022714257670669084,561.0,pacing,,False,False,214,shoulder_spring
2026-09-29,overlook_ridge,2027-05-02,490.0,0.009221407208298631,524.0,pacing,,False,False,215,shoulder_spring
2026-09-29,overlook_ridge,2027-05-03,465.0,0.010146060276603107,492.0,pacing,,False,False,216,shoulder_spring
2026-09-29,overlook_ridge,2027-05-04,470.0,0.00997982410760476,500.0,pacing,,False,False,217,shoulder_spring
2026-09-29,overlook_ridge,2027-05-05,485.0,0.009452585915834033,520.0,pacing,,False,False,218,shoulder_spring
2026-09-29,overlook_ridge,2027-05-06,495.0,0.009108558048400881,533.0,pacing,,False,False,219,shoulder_spring
2026-09-29,overlook_ridge,2027-05-07,570.0,0.022027475941117553,574.0,pacing,,False,False,220,shoulder_spring
2026-09-29,overlook_ridge,2027-05-08,555.0,0.022437213548806217,559.0,pacing,,False,False,221,shoulder_spring
2026-09-29,overlook_ridge,2027-05-09,490.0,0.009307787995503383,525.0,pacing,,False,False,222,shoulder_spring
2026-09-29,overlook_ridge,2027-05-10,475.0,0.009866507952147345,508.0,pacing,,False,False,223,shoulder_spring
2026-09-29,overlook_ridge,2027-05-11,470.0,0.010062271630040096,500.0,pacing,,False,False,224,shoulder_spring
2026-09-29,overlook_ridge,2027-05-12,485.0,0.009536850078008781,519.0,pacing,,False,False,225,shoulder_spring
2026-09-29,overlook_ridge,2027-05-13,490.0,0.00937347247695039,529.0,pacing,,False,False,226,shoulder_spring
2026-09-29,overlook_ridge,2027-05-14,570.0,0.0215534407191661,576.0,pacing,,False,False,227,shoulder_spring
2026-09-29,overlook_ridge,2027-05-15,575.0,0.021114871526076974,582.0,pacing,,False,False,228,shoulder_spring
2026-09-29,overlook_ridge,2027-05-16,505.0,0.008851727179086692,545.0,pacing,,False,False,229,shoulder_spring
2026-09-29,overlook_ridge,2027-05-17,490.0,0.009409173808125972,523.0,pacing,,False,False,230,shoulder_spring
2026-09-29,overlook_ridge,2027-05-18,485.0,0.009604944413106338,515.0,pacing,,False,False,231,shoulder_spring
2026-09-29,overlook_ridge,2027-05-19,490.0,0.00944126517670714,521.0,pacing,,False,False,232,shoulder_spring
2026-09-29,overlook_ridge,2027-05-20,495.0,0.009278213042101932,533.0,pacing,,False,False,233,shoulder_spring
2026-09-29,overlook_ridge,2027-05-21,575.0,0.020897580126291133,583.0,pacing,,False,False,234,shoulder_spring
2026-09-29,overlook_ridge,2027-05-22,570.0,0.020890073837892265,575.0,pacing,,False,False,235,shoulder_spring
2026-09-29,overlook_ridge,2027-05-23,510.0,0.008758585922651791,550.0,pacing,,False,False,236,shoulder_spring
2026-09-29,overlook_ridge,2027-05-24,490.0,0.009491813551319514,524.0,pacing,,False,False,237,shoulder_spring
2026-09-29,overlook_ridge,2027-05-25,500.0,0.009150511562658307,539.0,pacing,,False,False,238,shoulder_spring
2026-09-29,overlook_ridge,2027-05-26,495.0,0.009345874994076672,532.0,pacing,,False,False,239,shoulder_spring
2026-09-29,overlook_ridge,2027-05-27,540.0,0.0077585940848692685,591.0,pacing,,False,False,240,shoulder_spring
2026-09-29,overlook_ridge,2027-05-28,625.0,0.01841491118264109,731.0,pacing,,False,False,241,shoulder_spring
2026-09-29,overlook_ridge,2027-05-29,625.0,0.01827205278564045,730.0,pacing,,False,False,242,shoulder_spring
2026-09-29,overlook_ridge,2027-05-30,620.0,0.004933713389076736,699.0,pacing,,False,False,243,shoulder_spring
2026-09-29,overlook_ridge,2027-05-31,495.0,0.00941539576639737,529.0,pacing,,False,False,244,shoulder_spring
2026-09-29,overlook_ridge,2027-06-01,540.0,0.021788536425885744,573.0,pacing,,False,False,245,summer
2026-09-29,overlook_ridge,2027-06-02,530.0,0.0224284534494414,558.0,pacing,,False,False,246,summer
2026-09-29,overlook_ridge,2027-06-03,585.0,0.018730892809245506,632.0,pacing,,False,False,247,summer
2026-09-29,overlook_ridge,2027-06-04,695.0,0.029061800454306404,744.0,pacing,,False,False,248,summer
2026-09-29,overlook_ridge,2027-06-05,695.0,0.02889944962944542,751.0,pacing,,False,False,249,summer
2026-09-29,overlook_ridge,2027-06-06,600.0,0.01772637910342475,653.0,pacing,,False,False,250,summer
2026-09-29,overlook_ridge,2027-06-07,570.0,0.01970532555709813,608.0,pacing,,False,False,251,summer
2026-09-29,overlook_ridge,2027-06-08,555.0,0.020674896572837234,589.0,pacing,,False,False,252,summer
2026-09-29,overlook_ridge,2027-06-09,590.0,0.01835773724805062,639.0,pacing,,False,False,253,summer
2026-09-29,overlook_ridge,2027-06-10,715.0,0.005129028581311072,840.0,pacing,,False,False,254,summer
2026-09-29,overlook_ridge,2027-06-11,810.0,0.020431766787678333,952.0,pacing,,False,False,255,summer
2026-09-29,overlook_ridge,2027-06-12,825.0,0.019481213842142395,969.0,pacing,,False,False,256,summer
2026-09-29,overlook_ridge,2027-06-13,725.0,0.004405527736159095,849.0,pacing,,False,False,257,summer
2026-09-29,overlook_ridge,2027-06-14,735.0,0.0038173006630991897,864.0,pacing,,False,False,258,summer
2026-09-29,overlook_ridge,2027-06-15,795.0,0.001,934.0,pacing,,False,False,259,summer
2026-09-29,overlook_ridge,2027-06-16,850.0,0.001,996.0,pacing,,False,False,260,summer
2026-09-29,overlook_ridge,2027-06-17,1170.0,0.001,1375.0,pacing,,False,False,261,summer
2026-09-29,overlook_ridge,2027-06-18,1230.0,0.001,1445.0,pacing,,False,False,262,summer
2026-09-29,overlook_ridge,2027-06-19,1205.0,0.001,1416.0,pacing,,False,False,263,summer
2026-09-29,overlook_ridge,2027-06-20,910.0,0.001,1065.0,pacing,,False,False,264,summer
2026-09-29,overlook_ridge,2027-06-21,875.0,0.001,1027.0,pacing,,False,False,265,summer
2026-09-29,overlook_ridge,2027-06-22,780.0,0.001327252901576411,917.0,pacing,,False,False,266,summer
2026-09-29,overlook_ridge,2027-06-23,845.0,0.001,991.0,pacing,,False,False,267,summer
2026-09-29,overlook_ridge,2027-06-24,1040.0,0.001,1221.0,pacing,,False,False,268,summer
2026-09-29,overlook_ridge,2027-06-25,1265.0,0.001,1487.0,pacing,,False,False,269,summer
2026-09-29,overlook_ridge,2027-06-26,1205.0,0.001,1414.0,pacing,,False,False,270,summer
2026-09-29,overlook_ridge,2027-06-27,1040.0,0.001,1221.0,pacing,,False,False,271,summer
2026-09-29,overlook_ridge,2027-06-28,930.0,0.001,1092.0,pacing,,False,False,272,summer
2026-09-29,overlook_ridge,2027-06-29,900.0,0.001,1053.0,pacing,,False,False,273,summer
2026-09-29,overlook_ridge,2027-06-30,1070.0,0.001,1256.0,pacing,,False,False,274,summer
2026-09-29,overlook_ridge,2027-07-01,1135.0,0.001,1330.0,pacing,,False,False,275,summer
2026-09-29,overlook_ridge,2027-07-02,1855.0,0.001,2165.0,pacing,,False,False,276,summer
2026-09-29,overlook_ridge,2027-07-03,1855.0,0.001,2161.0,pacing,,False,False,277,summer
2026-09-29,overlook_ridge,2027-07-04,1855.0,0.001,2103.0,pacing,,False,False,278,summer
2026-09-29,overlook_ridge,2027-07-05,935.0,0.001,1096.0,pacing,,False,False,279,summer
2026-09-29,overlook_ridge,2027-07-06,925.0,0.001,1086.0,pacing,,False,False,280,summer
2026-09-29,overlook_ridge,2027-07-07,1000.0,0.001,1172.0,pacing,,False,False,281,summer
2026-09-29,overlook_ridge,2027-07-08,1305.0,0.001,1534.0,pacing,,False,False,282,summer
2026-09-29,overlook_ridge,2027-07-09,1855.0,0.001,2114.0,pacing,,False,False,283,summer
2026-09-29,overlook_ridge,2027-07-10,1855.0,0.001,2152.0,pacing,,False,False,284,summer
2026-09-29,overlook_ridge,2027-07-11,1320.0,0.001,1552.0,pacing,,False,False,285,summer
2026-09-29,overlook_ridge,2027-07-12,1330.0,0.001,1562.0,pacing,,False,False,286,summer
2026-09-29,overlook_ridge,2027-07-13,1310.0,0.001,1538.0,pacing,,False,False,287,summer
2026-09-29,overlook_ridge,2027-07-14,1310.0,0.001,1537.0,pacing,,False,False,288,summer
2026-09-29,overlook_ridge,2027-07-15,1375.0,0.001,1615.0,pacing,,False,False,289,summer
2026-09-29,overlook_ridge,2027-07-16,1745.0,0.001,1995.0,pacing,,False,False,290,summer
2026-09-29,overlook_ridge,2027-07-17,1755.0,0.001,2001.0,pacing,,False,False,291,summer
2026-09-29,overlook_ridge,2027-07-18,1445.0,0.001,1691.0,pacing,,False,False,292,summer
2026-09-29,overlook_ridge,2027-07-19,1265.0,0.001,1483.0,pacing,,False,False,293,summer
2026-09-29,overlook_ridge,2027-07-20,1250.0,0.001,1467.0,pacing,,False,False,294,summer
2026-09-29,overlook_ridge,2027-07-21,1230.0,0.001,1445.0,pacing,,False,False,295,summer
2026-09-29,overlook_ridge,2027-07-22,1255.0,0.001,1471.0,pacing,,False,False,296,summer
2026-09-29,overlook_ridge,2027-07-23,1565.0,0.001,1813.0,pacing,,False,False,297,summer
2026-09-29,overlook_ridge,2027-07-24,1565.0,0.001,1812.0,pacing,,False,False,298,summer
2026-09-29,overlook_ridge,2027-07-25,1265.0,0.001,1484.0,pacing,,False,False,299,summer
2026-09-29,overlook_ridge,2027-07-26,1110.0,0.001,1305.0,pacing,,False,False,300,summer
2026-09-29,overlook_ridge,2027-07-27,1105.0,0.001,1300.0,pacing,,False,False,301,summer
2026-09-29,overlook_ridge,2027-07-28,1080.0,0.001,1267.0,pacing,,False,False,302,summer
2026-09-29,overlook_ridge,2027-07-29,1200.0,0.001,1409.0,pacing,,False,False,303,summer
2026-09-29,overlook_ridge,2027-07-30,1440.0,0.001,1688.0,pacing,,False,False,304,summer
2026-09-29,overlook_ridge,2027-07-31,1325.0,0.001,1558.0,pacing,,False,False,305,summer
2026-09-29,overlook_ridge,2027-08-01,1015.0,0.001,1189.0,pacing,,False,False,306,summer
2026-09-29,overlook_ridge,2027-08-02,865.0,0.0018341618613193385,1013.0,pacing,,False,False,307,summer
2026-09-29,overlook_ridge,2027-08-03,840.0,0.009343117472703479,987.0,pacing,,False,False,308,summer
2026-09-29,overlook_ridge,2027-08-04,835.0,0.009696650821286231,978.0,pacing,,False,False,309,summer
2026-09-29,overlook_ridge,2027-08-05,955.0,0.0028559204876210807,1118.0,pacing,,False,False,310,summer
2026-09-29,overlook_ridge,2027-08-06,1075.0,0.015142245909801455,1264.0,pacing,,False,False,311,summer
2026-09-29,overlook_ridge,2027-08-07,1045.0,0.016496967575649762,1228.0,pacing,,False,False,312,summer
2026-09-29,overlook_ridge,2027-08-08,815.0,0.010990639370083048,956.0,pacing,,False,False,313,summer
2026-09-29,overlook_ridge,2027-08-09,720.0,0.01645579955597568,845.0,pacing,,False,False,314,summer
2026-09-29,overlook_ridge,2027-08-10,705.0,0.01731878737441445,826.0,pacing,,False,False,315,summer
2026-09-29,overlook_ridge,2027-08-11,705.0,0.01732339148392179,829.0,pacing,,False,False,316,summer
2026-09-29,overlook_ridge,2027-08-12,785.0,0.012822701360463422,918.0,pacing,,False,False,317,summer
2026-09-29,overlook_ridge,2027-08-13,905.0,0.022432843031793333,1059.0,pacing,,False,False,318,summer
2026-09-29,overlook_ridge,2027-08-14,860.0,0.02426215577045456,1009.0,pacing,,False,False,319,summer
2026-09-29,overlook_ridge,2027-08-15,695.0,0.017908022220605037,816.0,pacing,,False,False,320,summer
2026-09-29,overlook_ridge,2027-08-16,695.0,0.017907675468184104,814.0,pacing,,False,False,321,summer
2026-09-29,overlook_ridge,2027-08-17,695.0,0.017900866599503944,773.0,pacing,,False,False,322,summer
2026-09-29,overlook_ridge,2027-08-18,695.0,0.01789601940488573,767.0,pacing,,False,False,323,summer
2026-09-29,overlook_ridge,2027-08-19,695.0,0.017889679981677568,778.0,pacing,,False,False,324,summer
2026-09-29,overlook_ridge,2027-08-20,815.0,0.026046919188393153,958.0,pacing,,False,False,325,summer
2026-09-29,overlook_ridge,2027-08-21,810.0,0.026197297252653507,948.0,pacing,,False,False,326,summer
2026-09-29,overlook_ridge,2027-08-22,695.0,0.017886240215979538,774.0,pacing,,False,False,327,summer
2026-09-29,overlook_ridge,2027-08-23,695.0,0.017881124060558765,760.0,pacing,,False,False,328,summer
2026-09-29,overlook_ridge,2027-08-24,675.0,0.018965388217082477,729.0,pacing,,False,False,329,summer
2026-09-29,overlook_ridge,2027-08-25,670.0,0.019221720207286106,717.0,pacing,,False,False,330,summer
2026-09-29,overlook_ridge,2027-08-26,660.0,0.019746938660863845,705.0,pacing,,False,False,331,summer
2026-09-29,overlook_ridge,2027-08-27,735.0,0.029175907616966156,862.0,pacing,,False,False,332,summer
2026-09-29,overlook_ridge,2027-08-28,710.0,0.030036169703870866,833.0,pacing,,False,False,333,summer
2026-09-29,overlook_ridge,2027-08-29,695.0,0.017833354946137813,768.0,pacing,,False,False,334,summer
2026-09-29,overlook_ridge,2027-08-30,560.0,0.02509530682062936,572.0,pacing,,False,False,335,summer
2026-09-29,overlook_ridge,2027-08-31,540.0,0.026116799204763556,549.0,pacing,,False,False,336,summer
2026-09-29,overlook_ridge,2027-09-01,550.0,0.025522310083709233,557.0,pacing,,False,False,337,summer
2026-09-29,overlook_ridge,2027-09-02,625.0,0.021456106057861874,659.0,pacing,,False,False,338,summer
2026-09-29,overlook_ridge,2027-09-03,880.0,0.02310112059918143,1034.0,pacing,,False,False,339,summer
2026-09-29,overlook_ridge,2027-09-04,880.0,0.02304146012423066,1035.0,pacing,,False,False,340,summer
2026-09-29,overlook_ridge,2027-09-05,845.0,0.00969612577301705,992.0,pacing,,False,False,341,summer
2026-09-29,overlook_ridge,2027-09-06,545.0,0.02568114256246037,553.0,pacing,,False,False,342,summer
2026-09-29,overlook_ridge,2027-09-07,605.0,0.022449558618660426,628.0,pacing,,False,False,343,summer
2026-09-29,overlook_ridge,2027-09-08,605.0,0.022408347948800787,631.0,pacing,,False,False,344,summer
2026-09-29,overlook_ridge,2027-09-09,650.0,0.020000208631161764,689.0,pacing,,False,False,345,summer
2026-09-29,overlook_ridge,2027-09-10,695.0,0.030233915517391043,789.0,pacing,,False,False,346,summer
2026-09-29,overlook_ridge,2027-09-11,695.0,0.030061979170717595,772.0,pacing,,False,False,347,summer
2026-09-29,overlook_ridge,2027-09-12,695.0,0.01761554125111069,768.0,pacing,,False,False,348,summer
2026-09-29,overlook_ridge,2027-09-13,585.0,0.023346320913170335,603.0,pacing,,False,False,349,summer
2026-09-29,overlook_ridge,2027-09-14,580.0,0.023561355451311116,599.0,pacing,,False,False,350,summer
2026-09-29,overlook_ridge,2027-09-15,585.0,0.023254821778856363,604.0,pacing,,False,False,351,summer
2026-09-29,overlook_ridge,2027-09-16,610.0,0.008436693727384858,687.0,pacing,,False,False,352,shoulder_fall
2026-09-29,overlook_ridge,2027-09-17,665.0,0.026498225501587792,782.0,pacing,,False,False,353,shoulder_fall
2026-09-29,overlook_ridge,2027-09-18,620.0,0.029450985564198257,728.0,pacing,,False,False,354,shoulder_fall
2026-09-29,overlook_ridge,2027-09-19,545.0,0.01333034778523153,602.0,pacing,,False,False,355,shoulder_fall
2026-09-29,overlook_ridge,2027-09-20,490.0,0.017403212160308677,530.0,pacing,,False,False,356,shoulder_fall
2026-09-29,overlook_ridge,2027-09-21,485.0,0.01774284661748471,524.0,pacing,,False,False,357,shoulder_fall
2026-09-29,overlook_ridge,2027-09-22,495.0,0.01699443119865179,535.0,pacing,,False,False,358,shoulder_fall
2026-09-29,overlook_ridge,2027-09-23,565.0,0.011869659853509336,628.0,pacing,,False,False,359,shoulder_fall
2026-09-29,overlook_ridge,2027-09-24,620.0,0.0292384461081854,720.0,pacing,,False,False,360,shoulder_fall
2026-09-29,overlook_ridge,2027-09-25,620.0,0.029025129296843734,728.0,pacing,,False,False,361,shoulder_fall
2026-09-29,overlook_ridge,2027-09-26,540.0,0.013700174374899577,598.0,pacing,,False,False,362,shoulder_fall
2026-09-29,overlook_ridge,2027-09-27,500.0,0.016584947023958706,543.0,pacing,,False,False,363,shoulder_fall
2026-09-29,overlook_ridge,2027-09-28,490.0,0.017278109232164336,526.0,pacing,,False,False,364,shoulder_fall
2026-09-29,cloud_9,2026-10-05,750.0,0.001,850.0,pacing,,False,False,6,shoulder_fall
2026-09-29,cloud_9,2026-10-06,750.0,0.001,850.0,pacing,,False,False,7,shoulder_fall
2026-09-29,cloud_9,2026-10-07,750.0,0.001,850.0,pacing,,False,False,8,shoulder_fall
2026-09-29,cloud_9,2026-10-08,750.0,0.001,850.0,pacing,,False,False,9,shoulder_fall
2026-09-29,cloud_9,2026-10-09,770.0,0.2428239116200225,850.0,pacing,,False,False,10,shoulder_fall
2026-09-29,cloud_9,2026-10-10,770.0,0.2528971512639193,850.0,pacing,,False,False,11,shoulder_fall
2026-09-29,cloud_9,2026-10-11,750.0,0.001,850.0,pacing,,False,False,12,shoulder_fall
2026-09-29,cloud_9,2026-10-12,750.0,0.001,850.0,pacing,,False,False,13,shoulder_fall
2026-09-29,cloud_9,2026-10-13,750.0,0.001,850.0,pacing,,False,False,14,shoulder_fall
2026-09-29,cloud_9,2026-10-19,750.0,0.001,850.0,pacing,,False,False,20,shoulder_fall
2026-09-29,cloud_9,2026-10-20,750.0,0.001,850.0,pacing,,False,False,21,shoulder_fall
2026-09-29,cloud_9,2026-10-21,750.0,0.001,850.0,pacing,,False,False,22,shoulder_fall
2026-09-29,cloud_9,2026-10-22,750.0,0.001,850.0,pacing,,False,False,23,shoulder_fall
2026-09-29,cloud_9,2026-10-23,765.0,0.28777004459830835,850.0,pacing,,False,False,24,shoulder_fall
2026-09-29,cloud_9,2026-10-24,765.0,0.2907545052118803,850.0,pacing,,False,False,25,shoulder_fall
2026-09-29,cloud_9,2026-10-25,750.0,0.001,850.0,pacing,,False,False,26,shoulder_fall
2026-09-29,cloud_9,2026-10-26,750.0,0.001,850.0,pacing,,False,False,27,shoulder_fall
2026-09-29,cloud_9,2026-10-27,750.0,0.001,850.0,pacing,,False,False,28,shoulder_fall
2026-09-29,cloud_9,2026-10-28,750.0,0.001,850.0,pacing,,False,False,29,shoulder_fall
2026-09-29,cloud_9,2026-10-29,750.0,0.001,850.0,pacing,,False,False,30,shoulder_fall
2026-09-29,cloud_9,2026-10-30,765.0,0.2929399662386018,850.0,pacing,,False,False,31,shoulder_fall
2026-09-29,cloud_9,2026-10-31,765.0,0.28667301511575266,850.0,pacing,,False,False,32,shoulder_fall
2026-09-29,cloud_9,2026-11-01,685.0,0.001,765.0,pacing,,False,False,33,shoulder_fall
2026-09-29,cloud_9,2026-11-02,685.0,0.001,765.0,pacing,,False,False,34,shoulder_fall
2026-09-29,cloud_9,2026-11-03,685.0,0.001,765.0,pacing,,False,False,35,shoulder_fall
2026-09-29,cloud_9,2026-11-04,685.0,0.001,765.0,pacing,,False,False,36,shoulder_fall
2026-09-29,cloud_9,2026-11-05,685.0,0.001,765.0,pacing,,False,False,37,shoulder_fall
2026-09-29,cloud_9,2026-11-06,695.0,0.01503635143481566,765.0,pacing,,False,False,38,shoulder_fall
2026-09-29,cloud_9,2026-11-07,695.0,0.01721558088076028,765.0,pacing,,False,False,39,shoulder_fall
2026-09-29,cloud_9,2026-11-08,685.0,0.001,765.0,pacing,,False,False,40,shoulder_fall
2026-09-29,cloud_9,2026-11-09,685.0,0.001,765.0,pacing,,False,False,41,shoulder_fall
2026-09-29,cloud_9,2026-11-10,685.0,0.001,765.0,pacing,,False,False,42,shoulder_fall
2026-09-29,cloud_9,2026-11-11,685.0,0.001,765.0,pacing,,False,False,43,shoulder_fall
2026-09-29,cloud_9,2026-11-12,685.0,0.001,765.0,pacing,,False,False,44,shoulder_fall
2026-09-29,cloud_9,2026-11-13,695.0,0.45453506582784453,765.0,pacing,,False,False,45,shoulder_fall
2026-09-29,cloud_9,2026-11-14,690.0,0.4361524171060588,765.0,pacing,,False,False,46,shoulder_fall
2026-09-29,cloud_9,2026-11-15,685.0,0.001,765.0,pacing,,False,False,47,shoulder_fall
2026-09-29,cloud_9,2026-11-16,685.0,0.001,765.0,pacing,,False,False,48,shoulder_fall
2026-09-29,cloud_9,2026-11-17,685.0,0.001,765.0,pacing,,False,False,49,shoulder_fall
2026-09-29,cloud_9,2026-11-18,685.0,0.001,765.0,pacing,,False,False,50,shoulder_fall
2026-09-29,cloud_9,2026-11-19,685.0,0.001,765.0,pacing,,False,False,51,shoulder_fall
2026-09-29,cloud_9,2026-11-20,695.0,0.01936979287766763,765.0,pacing,,False,False,52,shoulder_fall
2026-09-29,cloud_9,2026-11-21,705.0,0.049723498997365626,765.0,pacing,,False,False,53,early_winter
2026-09-29,cloud_9,2026-11-22,685.0,0.0015499923471339974,765.0,pacing,,False,False,54,early_winter
2026-09-29,cloud_9,2026-11-23,770.0,0.001,878.0,pacing,,False,False,55,early_winter
2026-09-29,cloud_9,2026-11-29,750.0,0.001,850.0,pacing,,False,False,61,early_winter
2026-09-29,cloud_9,2026-11-30,750.0,0.0014680050193047768,850.0,pacing,,False,False,62,early_winter
2026-09-29,cloud_9,2026-12-01,750.0,0.003507356489477119,850.0,pacing,,False,False,63,early_winter
2026-09-29,cloud_9,2026-12-02,750.0,0.0058591081772605665,850.0,pacing,,False,False,64,early_winter
2026-09-29,cloud_9,2026-12-03,750.0,0.00849175732823708,850.0,pacing,,False,False,65,early_winter
2026-09-29,cloud_9,2026-12-06,770.0,0.004549507389361124,876.0,pacing,,False,False,68,early_winter
2026-09-29,cloud_9,2026-12-07,750.0,0.009692752162537547,850.0,pacing,,False,False,69,early_winter
2026-09-29,cloud_9,2026-12-08,750.0,0.010186802313903308,850.0,pacing,,False,False,70,early_winter
2026-09-29,cloud_9,2026-12-09,750.0,0.010593746191472143,850.0,pacing,,False,False,71,early_winter
2026-09-29,cloud_9,2026-12-10,790.0,0.0024601166077115834,902.0,pacing,,False,False,72,early_winter
2026-09-29,cloud_9,2026-12-11,1095.0,0.001,1288.0,pacing,,False,False,73,early_winter
2026-09-29,cloud_9,2026-12-12,1240.0,0.001,1453.0,pacing,,False,False,74,early_winter
2026-09-29,cloud_9,2026-12-13,885.0,0.001,1038.0,pacing,,False,False,75,early_winter
2026-09-29,cloud_9,2026-12-14,800.0,0.002313685813031914,914.0,pacing,,False,False,76,early_winter
2026-09-29,cloud_9,2027-01-06,1795.0,0.0956855041424079,1691.0,pacing,,False,False,99,peak_ski
2026-09-29,cloud_9,2027-01-07,1215.0,0.001,1426.0,pacing,,False,False,100,peak_ski
2026-09-29,cloud_9,2027-01-08,1535.0,0.001,1785.0,pacing,,False,False,101,peak_ski
2026-09-29,cloud_9,2027-01-09,1385.0,0.0013527912530192714,1627.0,pacing,,False,False,102,peak_ski
2026-09-29,cloud_9,2027-01-10,1300.0,0.001,1528.0,pacing,,False,False,103,peak_ski
2026-09-29,cloud_9,2027-01-11,980.0,0.001,1138.0,pacing,,False,False,104,peak_ski
2026-09-29,cloud_9,2027-01-12,1225.0,0.1725111101817174,1094.0,pacing,,False,False,105,peak_ski
2026-09-29,cloud_9,2027-01-13,1575.0,0.11945359998086699,1426.0,pacing,,False,False,106,peak_ski
2026-09-29,cloud_9,2027-01-14,1590.0,0.001,1840.0,pacing,,False,False,107,peak_ski
2026-09-29,cloud_9,2027-01-15,2385.0,0.001,2644.0,pacing,,False,False,108,peak_ski
2026-09-29,cloud_9,2027-01-16,2275.0,0.001,2525.0,pacing,,False,False,109,peak_ski
2026-09-29,cloud_9,2027-01-17,2260.0,0.001,2508.0,pacing,,False,False,110,peak_ski
2026-09-29,cloud_9,2027-01-18,1165.0,0.001,1366.0,pacing,,False,False,111,peak_ski
2026-09-29,cloud_9,2027-01-19,1475.0,0.12967132233314665,1320.0,pacing,,False,False,112,peak_ski
2026-09-29,cloud_9,2027-01-20,1420.0,0.1332210954517231,1272.0,pacing,,False,False,113,peak_ski
2026-09-29,cloud_9,2027-01-21,1475.0,0.001,1725.0,pacing,,False,False,114,peak_ski
2026-09-29,cloud_9,2027-01-22,2240.0,0.001,2487.0,pacing,,False,False,115,peak_ski
2026-09-29,cloud_9,2027-01-23,2385.0,0.001,2633.0,pacing,,False,False,116,peak_ski
2026-09-29,cloud_9,2027-01-24,1615.0,0.001,1861.0,pacing,,False,False,117,peak_ski
2026-09-29,cloud_9,2027-01-25,1610.0,0.001,1858.0,pacing,,False,False,118,peak_ski
2026-09-29,cloud_9,2027-01-26,1605.0,0.001,1852.0,pacing,,False,False,119,peak_ski
2026-09-29,cloud_9,2027-01-27,1670.0,0.001,1919.0,pacing,,False,False,120,peak_ski
2026-09-29,cloud_9,2027-01-28,1860.0,0.001,2108.0,pacing,,False,False,121,peak_ski
2026-09-29,cloud_9,2027-01-29,2385.0,0.001,2923.0,pacing,,False,False,122,peak_ski
2026-09-29,cloud_9,2027-01-30,2385.0,0.001,2947.0,pacing,,False,False,123,peak_ski
2026-09-29,cloud_9,2027-01-31,1670.0,0.001,1920.0,pacing,,False,False,124,peak_ski
2026-09-29,cloud_9,2027-02-01,1190.0,0.001,1398.0,pacing,,False,False,125,peak_ski
2026-09-29,cloud_9,2027-02-02,1185.0,0.001,1392.0,pacing,,False,False,126,peak_ski
2026-09-29,cloud_9,2027-02-03,1230.0,0.001,1444.0,pacing,,False,False,127,peak_ski
2026-09-29,cloud_9,2027-02-04,2030.0,0.001,2278.0,pacing,,False,False,128,peak_ski
2026-09-29,cloud_9,2027-02-05,2385.0,0.001,2870.0,pacing,,False,False,129,peak_ski
2026-09-29,cloud_9,2027-02-06,2385.0,0.001,3038.0,pacing,,False,False,130,peak_ski
2026-09-29,cloud_9,2027-02-07,1980.0,0.001,2229.0,pacing,,False,False,131,peak_ski
2026-09-29,cloud_9,2027-02-08,1895.0,0.001,2141.0,pacing,,False,False,132,peak_ski
2026-09-29,cloud_9,2027-02-09,1880.0,0.001,2128.0,pacing,,False,False,133,peak_ski
2026-09-29,cloud_9,2027-02-10,1940.0,0.001,2189.0,pacing,,False,False,134,peak_ski
2026-09-29,cloud_9,2027-02-11,2345.0,0.001,2594.0,pacing,,False,False,135,peak_ski
2026-09-29,cloud_9,2027-02-12,2385.0,0.001,3847.0,pacing,,False,False,136,peak_ski
2026-09-29,cloud_9,2027-02-13,2385.0,0.001,3788.0,pacing,,False,False,137,peak_ski
2026-09-29,cloud_9,2027-02-14,2385.0,0.001,3889.0,pacing,,False,False,138,peak_ski
2026-09-29,cloud_9,2027-02-15,2150.0,0.001,2399.0,pacing,,False,False,139,peak_ski
2026-09-29,cloud_9,2027-02-16,1945.0,0.001,2194.0,pacing,,False,False,140,peak_ski
2026-09-29,cloud_9,2027-02-17,1980.0,0.001,2226.0,pacing,,False,False,141,peak_ski
2026-09-29,cloud_9,2027-02-18,2260.0,0.001,2508.0,pacing,,False,False,142,peak_ski
2026-09-29,cloud_9,2027-02-19,2385.0,0.001,3574.0,pacing,,False,False,143,peak_ski
2026-09-29,cloud_9,2027-02-20,2385.0,0.001,3288.0,pacing,,False,False,144,peak_ski
2026-09-29,cloud_9,2027-02-21,2060.0,0.001,2308.0,pacing,,False,False,145,peak_ski
2026-09-29,cloud_9,2027-02-22,1590.0,0.001,1838.0,pacing,,False,False,146,peak_ski
2026-09-29,cloud_9,2027-02-23,1385.0,0.001,1625.0,pacing,,False,False,147,peak_ski
2026-09-29,cloud_9,2027-02-24,1505.0,0.001,1755.0,pacing,,False,False,148,peak_ski
2026-09-29,cloud_9,2027-02-25,2305.0,0.001,2555.0,pacing,,False,False,149,peak_ski
2026-09-29,cloud_9,2027-02-26,2385.0,0.001,3216.0,pacing,,False,False,150,peak_ski
2026-09-29,cloud_9,2027-02-27,2385.0,0.001,3042.0,pacing,,False,False,151,peak_ski
2026-09-29,cloud_9,2027-02-28,1810.0,0.001,2059.0,pacing,,False,False,152,peak_ski
2026-09-29,cloud_9,2027-03-01,1365.0,0.001,1602.0,pacing,,False,False,153,peak_ski
2026-09-29,cloud_9,2027-03-02,1370.0,0.001,1608.0,pacing,,False,False,154,peak_ski
2026-09-29,cloud_9,2027-03-03,1375.0,0.001,1617.0,pacing,,False,False,155,peak_ski
2026-09-29,cloud_9,2027-03-04,1765.0,0.001,2014.0,pacing,,False,False,156,peak_ski
2026-09-29,cloud_9,2027-03-05,2385.0,0.001,2746.0,pacing,,False,False,157,peak_ski
2026-09-29,cloud_9,2027-03-06,2385.0,0.001,2900.0,pacing,,False,False,158,peak_ski
2026-09-29,cloud_9,2027-03-07,2195.0,0.001,2445.0,pacing,,False,False,159,peak_ski
2026-09-29,cloud_9,2027-03-08,2025.0,0.001,2272.0,pacing,,False,False,160,peak_ski
2026-09-29,cloud_9,2027-03-09,1985.0,0.001,2235.0,pacing,,False,False,161,peak_ski
2026-09-29,cloud_9,2027-03-10,1985.0,0.001,2235.0,pacing,,False,False,162,peak_ski
2026-09-29,cloud_9,2027-03-11,2235.0,0.001,2481.0,pacing,,False,False,163,peak_ski
2026-09-29,cloud_9,2027-03-12,2385.0,0.001,3001.0,pacing,,False,False,164,peak_ski
2026-09-29,cloud_9,2027-03-13,2385.0,0.001,3065.0,pacing,,False,False,165,peak_ski
2026-09-29,cloud_9,2027-03-14,2385.0,0.001,3166.0,pacing,,False,False,166,peak_ski
2026-09-29,cloud_9,2027-03-15,2385.0,0.001,3034.0,pacing,,False,False,167,peak_ski
2026-09-29,cloud_9,2027-03-16,2385.0,0.001,3002.0,pacing,,False,False,168,peak_ski
2026-09-29,cloud_9,2027-03-17,2385.0,0.001,2968.0,pacing,,False,False,169,peak_ski
2026-09-29,cloud_9,2027-03-18,2385.0,0.001,2993.0,pacing,,False,False,170,peak_ski
2026-09-29,cloud_9,2027-03-19,2385.0,0.001,2683.0,pacing,,False,False,171,peak_ski
2026-09-29,cloud_9,2027-03-20,2385.0,0.001,2653.0,pacing,,False,False,172,peak_ski
2026-09-29,cloud_9,2027-03-21,1580.0,0.001,1827.0,pacing,,False,False,173,peak_ski
2026-09-29,cloud_9,2027-03-22,1945.0,0.001,2195.0,pacing,,False,False,174,peak_ski
2026-09-29,cloud_9,2027-03-23,1925.0,0.001,2172.0,pacing,,False,False,175,peak_ski
2026-09-29,cloud_9,2027-03-24,1350.0,0.0018804425822829185,1583.0,pacing,,False,False,176,peak_ski
2026-09-29,cloud_9,2027-03-25,1460.0,0.001,1706.0,pacing,,False,False,177,peak_ski
2026-09-29,cloud_9,2027-03-26,1645.0,0.006139081441898973,1891.0,pacing,,False,False,178,peak_ski
2026-09-29,cloud_9,2027-03-27,1460.0,0.008243660521156826,1707.0,pacing,,False,False,179,peak_ski
2026-09-29,cloud_9,2027-03-28,1195.0,0.003630036046009537,1401.0,pacing,,False,False,180,peak_ski
2026-09-29,cloud_9,2027-03-29,1035.0,0.005375666575946918,1143.0,pacing,,False,False,181,peak_ski
2026-09-29,cloud_9,2027-03-30,1020.0,0.005550092264311336,1097.0,pacing,,False,False,182,peak_ski
2026-09-29,cloud_9,2027-03-31,1035.0,0.0053997562404510795,1117.0,pacing,,False,False,183,peak_ski
2026-09-29,cloud_9,2027-04-01,1055.0,0.001,1240.0,pacing,,False,False,184,shoulder_spring
2026-09-29,cloud_9,2027-04-02,1110.0,0.001,1305.0,pacing,,False,False,185,shoulder_spring
2026-09-29,cloud_9,2027-04-03,1040.0,0.0014080997142467376,1220.0,pacing,,False,False,186,shoulder_spring
2026-09-29,cloud_9,2027-04-04,855.0,0.001,1001.0,pacing,,False,False,187,shoulder_spring
2026-09-29,cloud_9,2027-04-05,750.0,0.001,850.0,pacing,,False,False,188,shoulder_spring
2026-09-29,cloud_9,2027-04-06,750.0,0.001,850.0,pacing,,False,False,189,shoulder_spring
2026-09-29,cloud_9,2027-04-07,750.0,0.001,850.0,pacing,,False,False,190,shoulder_spring
2026-09-29,cloud_9,2027-04-08,780.0,0.001,887.0,pacing,,False,False,191,shoulder_spring
2026-09-29,cloud_9,2027-04-09,795.0,0.013309911471553273,926.0,pacing,,False,False,192,shoulder_spring
2026-09-29,cloud_9,2027-04-10,780.0,0.013892820207533074,858.0,pacing,,False,False,193,shoulder_spring
2026-09-29,cloud_9,2027-04-11,750.0,0.001,850.0,pacing,,False,False,194,shoulder_spring
2026-09-29,cloud_9,2027-04-12,750.0,0.001,850.0,pacing,,False,False,195,shoulder_spring
2026-09-29,cloud_9,2027-04-13,750.0,0.001,850.0,pacing,,False,False,196,shoulder_spring
2026-09-29,cloud_9,2027-04-14,750.0,0.001,850.0,pacing,,False,False,197,shoulder_spring
2026-09-29,cloud_9,2027-04-15,750.0,0.001,850.0,pacing,,False,False,198,shoulder_spring
2026-09-29,cloud_9,2027-04-16,795.0,0.013053298214481937,883.0,pacing,,False,False,199,shoulder_spring
2026-09-29,cloud_9,2027-04-17,775.0,0.013833419611071273,850.0,pacing,,False,False,200,shoulder_spring
2026-09-29,cloud_9,2027-04-18,750.0,0.001,850.0,pacing,,False,False,201,shoulder_spring
2026-09-29,cloud_9,2027-04-19,750.0,0.001,850.0,pacing,,False,False,202,shoulder_spring
2026-09-29,cloud_9,2027-04-20,750.0,0.001,850.0,pacing,,False,False,203,shoulder_spring
2026-09-29,cloud_9,2027-04-21,750.0,0.001,850.0,pacing,,False,False,204,shoulder_spring
2026-09-29,cloud_9,2027-04-22,750.0,0.001,850.0,pacing,,False,False,205,shoulder_spring
2026-09-29,cloud_9,2027-04-23,795.0,0.01276442800459113,907.0,pacing,,False,False,206,shoulder_spring
2026-09-29,cloud_9,2027-04-24,795.0,0.012636910216477101,882.0,pacing,,False,False,207,shoulder_spring
2026-09-29,cloud_9,2027-04-25,750.0,0.001,850.0,pacing,,False,False,208,shoulder_spring
2026-09-29,cloud_9,2027-04-26,750.0,0.001,850.0,pacing,,False,False,209,shoulder_spring
2026-09-29,cloud_9,2027-04-27,750.0,0.001,850.0,pacing,,False,False,210,shoulder_spring
2026-09-29,cloud_9,2027-04-28,750.0,0.001,850.0,pacing,,False,False,211,shoulder_spring
2026-09-29,cloud_9,2027-04-29,750.0,0.001,850.0,pacing,,False,False,212,shoulder_spring
2026-09-29,cloud_9,2027-04-30,775.0,0.01339529697931112,850.0,pacing,,False,False,213,shoulder_spring
2026-09-29,cloud_9,2027-05-01,775.0,0.01323914649141799,850.0,pacing,,False,False,214,shoulder_spring
2026-09-29,cloud_9,2027-05-02,750.0,0.001,850.0,pacing,,False,False,215,shoulder_spring
2026-09-29,cloud_9,2027-05-03,750.0,0.001,850.0,pacing,,False,False,216,shoulder_spring
2026-09-29,cloud_9,2027-05-04,750.0,0.001,850.0,pacing,,False,False,217,shoulder_spring
2026-09-29,cloud_9,2027-05-05,750.0,0.001,850.0,pacing,,False,False,218,shoulder_spring
2026-09-29,cloud_9,2027-05-06,750.0,0.001,850.0,pacing,,False,False,219,shoulder_spring
2026-09-29,cloud_9,2027-05-07,775.0,0.013083987371464078,850.0,pacing,,False,False,220,shoulder_spring
2026-09-29,cloud_9,2027-05-08,775.0,0.012935973874459128,850.0,pacing,,False,False,221,shoulder_spring
2026-09-29,cloud_9,2027-05-09,750.0,0.001,850.0,pacing,,False,False,222,shoulder_spring
2026-09-29,cloud_9,2027-05-10,750.0,0.001,850.0,pacing,,False,False,223,shoulder_spring
2026-09-29,cloud_9,2027-05-11,750.0,0.001,850.0,pacing,,False,False,224,shoulder_spring
2026-09-29,cloud_9,2027-05-12,750.0,0.001,850.0,pacing,,False,False,225,shoulder_spring
2026-09-29,cloud_9,2027-05-13,750.0,0.001,850.0,pacing,,False,False,226,shoulder_spring
2026-09-29,cloud_9,2027-05-14,780.0,0.012573400701973362,858.0,pacing,,False,False,227,shoulder_spring
2026-09-29,cloud_9,2027-05-15,795.0,0.011800526008813787,875.0,pacing,,False,False,228,shoulder_spring
2026-09-29,cloud_9,2027-05-16,750.0,0.001,850.0,pacing,,False,False,229,shoulder_spring
2026-09-29,cloud_9,2027-05-17,750.0,0.001,850.0,pacing,,False,False,230,shoulder_spring
2026-09-29,cloud_9,2027-05-18,750.0,0.001,850.0,pacing,,False,False,231,shoulder_spring
2026-09-29,cloud_9,2027-05-19,750.0,0.001,850.0,pacing,,False,False,232,shoulder_spring
2026-09-29,cloud_9,2027-05-20,750.0,0.001,850.0,pacing,,False,False,233,shoulder_spring
2026-09-29,cloud_9,2027-05-21,775.0,0.012514129735435874,850.0,pacing,,False,False,234,shoulder_spring
2026-09-29,cloud_9,2027-05-22,775.0,0.01238080214801141,850.0,pacing,,False,False,235,shoulder_spring
2026-09-29,cloud_9,2027-05-23,750.0,0.001,850.0,pacing,,False,False,236,shoulder_spring
2026-09-29,cloud_9,2027-05-24,750.0,0.001,850.0,pacing,,False,False,237,shoulder_spring
2026-09-29,cloud_9,2027-05-25,750.0,0.001,850.0,pacing,,False,False,238,shoulder_spring
2026-09-29,cloud_9,2027-05-26,750.0,0.001,850.0,pacing,,False,False,239,shoulder_spring
2026-09-29,cloud_9,2027-05-27,750.0,0.001,850.0,pacing,,False,False,240,shoulder_spring
2026-09-29,cloud_9,2027-05-28,860.0,0.008753967292264634,1010.0,pacing,,False,False,241,shoulder_spring
2026-09-29,cloud_9,2027-05-29,860.0,0.00871999169186479,1006.0,pacing,,False,False,242,shoulder_spring
2026-09-29,cloud_9,2027-05-30,825.0,0.001,966.0,pacing,,False,False,243,shoulder_spring
2026-09-29,cloud_9,2027-05-31,750.0,0.001,850.0,pacing,,False,False,244,shoulder_spring
2026-09-29,cloud_9,2027-06-01,750.0,0.00768632744615719,850.0,pacing,,False,False,245,summer
2026-09-29,cloud_9,2027-06-02,750.0,0.0077141674750563155,850.0,pacing,,False,False,246,summer
2026-09-29,cloud_9,2027-06-03,750.0,0.007738843864937059,850.0,pacing,,False,False,247,summer
2026-09-29,cloud_9,2027-06-04,870.0,0.019880087959839813,1019.0,pacing,,False,False,248,summer
2026-09-29,cloud_9,2027-06-05,850.0,0.020839926047394326,995.0,pacing,,False,False,249,summer
2026-09-29,cloud_9,2027-06-06,750.0,0.007775488849340811,850.0,pacing,,False,False,250,summer
2026-09-29,cloud_9,2027-06-07,750.0,0.00781494132611105,850.0,pacing,,False,False,251,summer
2026-09-29,cloud_9,2027-06-08,750.0,0.007846144017347609,850.0,pacing,,False,False,252,summer
2026-09-29,cloud_9,2027-06-09,750.0,0.007873651307372097,850.0,pacing,,False,False,253,summer
2026-09-29,cloud_9,2027-06-10,930.0,0.001,1092.0,pacing,,False,False,254,summer
2026-09-29,cloud_9,2027-06-11,1145.0,0.001,1345.0,pacing,,False,False,255,summer
2026-09-29,cloud_9,2027-06-12,1135.0,0.001,1335.0,pacing,,False,False,256,summer
2026-09-29,cloud_9,2027-06-13,970.0,0.001,1136.0,pacing,,False,False,257,summer
2026-09-29,cloud_9,2027-06-14,1010.0,0.001,1185.0,pacing,,False,False,258,summer
2026-09-29,cloud_9,2027-06-15,1070.0,0.001,1257.0,pacing,,False,False,259,summer
2026-09-29,cloud_9,2027-06-16,1115.0,0.001,1311.0,pacing,,False,False,260,summer
2026-09-29,cloud_9,2027-06-17,1550.0,0.001,1800.0,pacing,,False,False,261,summer
2026-09-29,cloud_9,2027-06-18,1550.0,0.001,1798.0,pacing,,False,False,262,summer
2026-09-29,cloud_9,2027-06-19,1545.0,0.001,1793.0,pacing,,False,False,263,summer
2026-09-29,cloud_9,2027-06-20,1135.0,0.001,1330.0,pacing,,False,False,264,summer
2026-09-29,cloud_9,2027-06-21,1000.0,0.001,1171.0,pacing,,False,False,265,summer
2026-09-29,cloud_9,2027-06-22,1095.0,0.001,1287.0,pacing,,False,False,266,summer
2026-09-29,cloud_9,2027-06-23,1050.0,0.001,1230.0,pacing,,False,False,267,summer
2026-09-29,cloud_9,2027-06-24,1335.0,0.001,1566.0,pacing,,False,False,268,summer
2026-09-29,cloud_9,2027-06-25,1605.0,0.001,1853.0,pacing,,False,False,269,summer
2026-09-29,cloud_9,2027-06-26,1470.0,0.001,1720.0,pacing,,False,False,270,summer
2026-09-29,cloud_9,2027-06-27,1245.0,0.001,1459.0,pacing,,False,False,271,summer
2026-09-29,cloud_9,2027-06-28,1105.0,0.001,1299.0,pacing,,False,False,272,summer
2026-09-29,cloud_9,2027-06-29,1075.0,0.001,1260.0,pacing,,False,False,273,summer
2026-09-29,cloud_9,2027-06-30,1290.0,0.001,1512.0,pacing,,False,False,274,summer
2026-09-29,cloud_9,2027-07-01,1330.0,0.001,1564.0,pacing,,False,False,275,summer
2026-09-29,cloud_9,2027-07-02,2385.0,0.001,2722.0,pacing,,False,False,276,summer
2026-09-29,cloud_9,2027-07-03,2385.0,0.001,2737.0,pacing,,False,False,277,summer
2026-09-29,cloud_9,2027-07-04,2380.0,0.001,2627.0,pacing,,False,False,278,summer
2026-09-29,cloud_9,2027-07-05,1085.0,0.001,1273.0,pacing,,False,False,279,summer
2026-09-29,cloud_9,2027-07-06,1080.0,0.001,1270.0,pacing,,False,False,280,summer
2026-09-29,cloud_9,2027-07-07,1120.0,0.001,1316.0,pacing,,False,False,281,summer
2026-09-29,cloud_9,2027-07-08,1445.0,0.001,1691.0,pacing,,False,False,282,summer
2026-09-29,cloud_9,2027-07-09,2155.0,0.001,2403.0,pacing,,False,False,283,summer
2026-09-29,cloud_9,2027-07-10,2235.0,0.001,2484.0,pacing,,False,False,284,summer
2026-09-29,cloud_9,2027-07-11,1450.0,0.001,1698.0,pacing,,False,False,285,summer
2026-09-29,cloud_9,2027-07-12,1420.0,0.001,1665.0,pacing,,False,False,286,summer
2026-09-29,cloud_9,2027-07-13,1380.0,0.001,1618.0,pacing,,False,False,287,summer
2026-09-29,cloud_9,2027-07-14,1390.0,0.001,1634.0,pacing,,False,False,288,summer
2026-09-29,cloud_9,2027-07-15,1445.0,0.001,1694.0,pacing,,False,False,289,summer
2026-09-29,cloud_9,2027-07-16,1905.0,0.001,2153.0,pacing,,False,False,290,summer
2026-09-29,cloud_9,2027-07-17,2025.0,0.001,2272.0,pacing,,False,False,291,summer
2026-09-29,cloud_9,2027-07-18,1690.0,0.001,1937.0,pacing,,False,False,292,summer
2026-09-29,cloud_9,2027-07-19,1420.0,0.001,1666.0,pacing,,False,False,293,summer
2026-09-29,cloud_9,2027-07-20,1395.0,0.001,1641.0,pacing,,False,False,294,summer
2026-09-29,cloud_9,2027-07-21,1355.0,0.001,1591.0,pacing,,False,False,295,summer
2026-09-29,cloud_9,2027-07-22,1360.0,0.001,1596.0,pacing,,False,False,296,summer
2026-09-29,cloud_9,2027-07-23,1750.0,0.001,1998.0,pacing,,False,False,297,summer
2026-09-29,cloud_9,2027-07-24,1795.0,0.001,2044.0,pacing,,False,False,298,summer
2026-09-29,cloud_9,2027-07-25,1495.0,0.001,1742.0,pacing,,False,False,299,summer
2026-09-29,cloud_9,2027-07-26,1265.0,0.001,1485.0,pacing,,False,False,300,summer
2026-09-29,cloud_9,2027-07-27,1260.0,0.001,1481.0,pacing,,False,False,301,summer
2026-09-29,cloud_9,2027-07-28,1245.0,0.001,1461.0,pacing,,False,False,302,summer
2026-09-29,cloud_9,2027-07-29,1440.0,0.001,1686.0,pacing,,False,False,303,summer
2026-09-29,cloud_9,2027-07-30,1795.0,0.001,2045.0,pacing,,False,False,304,summer
2026-09-29,cloud_9,2027-07-31,1590.0,0.001,1837.0,pacing,,False,False,305,summer
2026-09-29,cloud_9,2027-08-01,1230.0,0.001,1443.0,pacing,,False,False,306,summer
2026-09-29,cloud_9,2027-08-02,1040.0,0.001,1222.0,pacing,,False,False,307,summer
2026-09-29,cloud_9,2027-08-03,965.0,0.0020898453134363254,1134.0,pacing,,False,False,308,summer
2026-09-29,cloud_9,2027-08-04,955.0,0.0027647633489788176,1123.0,pacing,,False,False,309,summer
2026-09-29,cloud_9,2027-08-05,1135.0,0.001,1331.0,pacing,,False,False,310,summer
2026-09-29,cloud_9,2027-08-06,1340.0,0.003765417162309029,1571.0,pacing,,False,False,311,summer
2026-09-29,cloud_9,2027-08-07,1280.0,0.0065139306615432935,1503.0,pacing,,False,False,312,summer
2026-09-29,cloud_9,2027-08-08,995.0,0.001,1168.0,pacing,,False,False,313,summer
2026-09-29,cloud_9,2027-08-09,910.0,0.005631635549913704,1069.0,pacing,,False,False,314,summer
2026-09-29,cloud_9,2027-08-10,885.0,0.007104988071115347,1039.0,pacing,,False,False,315,summer
2026-09-29,cloud_9,2027-08-11,875.0,0.007714320313025355,1027.0,pacing,,False,False,316,summer
2026-09-29,cloud_9,2027-08-12,1010.0,0.001,1186.0,pacing,,False,False,317,summer
2026-09-29,cloud_9,2027-08-13,1160.0,0.011709274402462845,1359.0,pacing,,False,False,318,summer
2026-09-29,cloud_9,2027-08-14,1090.0,0.014678268331866537,1281.0,pacing,,False,False,319,summer
2026-09-29,cloud_9,2027-08-15,880.0,0.007535517344075434,1030.0,pacing,,False,False,320,summer
2026-09-29,cloud_9,2027-08-16,795.0,0.012322121905725307,904.0,pacing,,False,False,321,summer
2026-09-29,cloud_9,2027-08-17,880.0,0.007604899416705186,1035.0,pacing,,False,False,322,summer
2026-09-29,cloud_9,2027-08-18,870.0,0.00819218401439212,1021.0,pacing,,False,False,323,summer
2026-09-29,cloud_9,2027-08-19,910.0,0.006010858888714367,1066.0,pacing,,False,False,324,summer
2026-09-29,cloud_9,2027-08-20,1145.0,0.012416789814106636,1347.0,pacing,,False,False,325,summer
2026-09-29,cloud_9,2027-08-21,1130.0,0.013109476830342113,1329.0,pacing,,False,False,326,summer
2026-09-29,cloud_9,2027-08-22,890.0,0.007152060162283945,1045.0,pacing,,False,False,327,summer
2026-09-29,cloud_9,2027-08-23,850.0,0.00937979201651071,998.0,pacing,,False,False,328,summer
2026-09-29,cloud_9,2027-08-24,845.0,0.00967422351040245,990.0,pacing,,False,False,329,summer
2026-09-29,cloud_9,2027-08-25,855.0,0.009145414806099648,1003.0,pacing,,False,False,330,summer
2026-09-29,cloud_9,2027-08-26,865.0,0.008619296256717405,1014.0,pacing,,False,False,331,summer
2026-09-29,cloud_9,2027-08-27,1055.0,0.016214183185255034,1237.0,pacing,,False,False,332,summer
2026-09-29,cloud_9,2027-08-28,1030.0,0.017174187575359455,1209.0,pacing,,False,False,333,summer
2026-09-29,cloud_9,2027-08-29,795.0,0.012423553919507533,905.0,pacing,,False,False,334,summer
2026-09-29,cloud_9,2027-08-30,770.0,0.013771869663175495,850.0,pacing,,False,False,335,summer
2026-09-29,cloud_9,2027-08-31,770.0,0.013750160931147127,850.0,pacing,,False,False,336,summer
2026-09-29,cloud_9,2027-09-01,770.0,0.013726196333817612,850.0,pacing,,False,False,337,summer
2026-09-29,cloud_9,2027-09-02,795.0,0.012366337759871657,929.0,pacing,,False,False,338,summer
2026-09-29,cloud_9,2027-09-03,1295.0,0.006546580165930329,1521.0,pacing,,False,False,339,summer
2026-09-29,cloud_9,2027-09-04,1295.0,0.006630607945834204,1521.0,pacing,,False,False,340,summer
2026-09-29,cloud_9,2027-09-05,1240.0,0.001,1458.0,pacing,,False,False,341,summer
2026-09-29,cloud_9,2027-09-06,770.0,0.013742164721274278,850.0,pacing,,False,False,342,summer
2026-09-29,cloud_9,2027-09-07,785.0,0.012924648336905762,872.0,pacing,,False,False,343,summer
2026-09-29,cloud_9,2027-09-08,785.0,0.012911485392060619,871.0,pacing,,False,False,344,summer
2026-09-29,cloud_9,2027-09-09,835.0,0.010268258085241795,978.0,pacing,,False,False,345,summer
2026-09-29,cloud_9,2027-09-10,970.0,0.019452869188609972,1136.0,pacing,,False,False,346,summer
2026-09-29,cloud_9,2027-09-11,930.0,0.02091110824016209,1094.0,pacing,,False,False,347,summer
2026-09-29,cloud_9,2027-09-12,795.0,0.012371819713055524,909.0,pacing,,False,False,348,summer
2026-09-29,cloud_9,2027-09-13,785.0,0.012891755096843635,874.0,pacing,,False,False,349,summer
2026-09-29,cloud_9,2027-09-14,780.0,0.013136614762702576,868.0,pacing,,False,False,350,summer
2026-09-29,cloud_9,2027-09-15,785.0,0.012859569853359853,875.0,pacing,,False,False,351,summer
2026-09-29,cloud_9,2027-09-16,845.0,0.001,990.0,pacing,,False,False,352,shoulder_fall
2026-09-29,cloud_9,2027-09-17,965.0,0.005599187014672796,1133.0,pacing,,False,False,353,shoulder_fall
2026-09-29,cloud_9,2027-09-18,895.0,0.010538217826209085,1052.0,pacing,,False,False,354,shoulder_fall
2026-09-29,cloud_9,2027-09-19,760.0,0.001,864.0,pacing,,False,False,355,shoulder_fall
2026-09-29,cloud_9,2027-09-20,750.0,0.001,850.0,pacing,,False,False,356,shoulder_fall
2026-09-29,cloud_9,2027-09-21,890.0,0.001,1046.0,pacing,,False,False,357,shoulder_fall
2026-09-29,cloud_9,2027-09-22,750.0,0.001,850.0,pacing,,False,False,358,shoulder_fall
2026-09-29,cloud_9,2027-09-23,790.0,0.001,906.0,pacing,,False,False,359,shoulder_fall
2026-09-29,cloud_9,2027-09-24,895.0,0.010550366486997014,1050.0,pacing,,False,False,360,shoulder_fall
2026-09-29,cloud_9,2027-09-25,900.0,0.010219273710472081,1054.0,pacing,,False,False,361,shoulder_fall
2026-09-29,cloud_9,2027-09-26,775.0,0.001,881.0,pacing,,False,False,362,shoulder_fall
2026-09-29,cloud_9,2027-09-27,750.0,0.001,850.0,pacing,,False,False,363,shoulder_fall
2026-09-29,cloud_9,2027-09-28,890.0,0.001,1046.0,pacing,,False,False,364,shoulder_fall
