scenario,seed,policy,held_out,content_hash,hindsight_revenue,hindsight_gap,revenue,revpan,occupancy,adr,lead_le_21,los_mean,inquiry_per_confirmed,orphan_nights,guardrail_triggers,confirmed,inquiries,occupancy_peak,occupancy_early
den_capacity_cut,1,comp_median,True,df4b7dc38d537e60319ff96389eb91c4fa29c4c34ef19486044442a8eb242442,462617.49,0.0,266356.47,493.2527,0.7204,684.72,0.3034,4.3708,0.6517,21,0,89,58,0.7695,0.5455
den_capacity_cut,2,comp_median,True,51ff7f60ad63a8cb141f2c42591129b49cc67aae7122afc1fd3b8c5316d1d955,459005.34,0.0,254032.56,470.4307,0.6907,681.05,0.3516,4.0989,1.033,19,0,91,94,0.7414,0.5379
den_capacity_cut,3,comp_median,True,89481c10cbf39efc78985e6d70e3b1154e0f6eb1db1c1ec83b6e588188ffaa31,467025.22,0.0,253798.35,469.9969,0.6926,678.61,0.2824,4.4,0.9176,22,0,85,78,0.7321,0.553
den_capacity_cut,4,comp_median,True,3144b86f3c9821cc14a52749fffc36a5ac1974f58aeee2dbfd4dcd06e7d20f70,463238.22,0.0,254841.05,471.9279,0.687,686.9,0.2471,4.3647,1.0353,21,0,85,88,0.7508,0.4773
den_capacity_cut,5,comp_median,True,ab06413927e0924d136961d3158b94a3e8204b0866dc89b49a6f3135acb332dc,459635.39,0.0,247649.11,458.6095,0.6704,684.11,0.2105,3.8105,0.9579,23,0,95,91,0.7664,0.4015
den_capacity_cut,6,comp_median,True,54aa33a24633b53d8aa4df2edafde82deced7ddb6fb1780e98a52661d7b72f07,465707.08,0.0,245014.57,453.7307,0.6667,680.6,0.3294,4.2353,0.9059,24,0,85,77,0.7072,0.4848
den_capacity_cut,7,comp_median,True,47f43f4d0a6d7a3c7560af4b707f99b9ffa4482aa44c9fb7bee6c2b14d2d6ccd,475272.03,0.0,255177.18,472.5503,0.6944,680.47,0.3,4.1667,0.7333,27,0,90,66,0.7321,0.4924
den_capacity_cut,8,comp_median,True,7596e3d0126ad7c6853239527e67a2a38981ab6fcf84936b3721d2a76b4d170f,461661.97,0.0,239963.75,444.3773,0.6463,687.58,0.2619,4.1548,0.9762,24,0,84,82,0.7352,0.3712
den_capacity_cut,9,comp_median,True,5a8ba1763cbda0d980d6882aea6abe2dc40ffdaf60c422aeaba5f81c80ae07d8,469052.43,0.0,259250.06,480.0927,0.7019,684.04,0.2667,4.2111,0.8889,19,0,90,80,0.7975,0.4015
den_capacity_cut,10,comp_median,True,059cc163782e7b3978bb1d354d08cca647c618b067a74634ac822ffc091296a0,450558.92,0.0,269846.03,499.7149,0.7352,679.71,0.3936,4.2234,0.8404,29,0,94,79,0.7975,0.5379
den_capacity_cut,11,comp_median,True,aef9e9940081d897a6a1df5131b3771b5046e391452fad9b7e5be7feb3b25926,469692.43,0.0,265096.68,490.9198,0.7222,679.74,0.3258,4.382,0.9775,18,0,89,87,0.785,0.5076
den_capacity_cut,12,comp_median,True,fb57cbc0b0a4fa7631f151afb5f57f00b5cb727ff25c04ca044cc48f68b2d6a1,469845.04,0.0,262375.65,485.8808,0.713,681.5,0.3034,4.3258,0.6854,30,0,89,61,0.7664,0.5076
den_capacity_cut,13,comp_median,True,da273e2302775319b70cffc1f52a155c3379629204ed59f30004ec32479c7e58,472528.32,0.0,268158.52,496.5899,0.7241,685.83,0.2556,4.3444,0.7556,22,0,90,68,0.81,0.4394
den_capacity_cut,14,comp_median,True,4db6aa2b87ca88fd61ea1c1f482e48e5efa2e79c0c6f4b7deff24f2319edb12e,450433.8,0.0,236600.31,438.1487,0.6407,683.82,0.3294,4.0706,0.7882,17,0,85,67,0.7103,0.3788
den_capacity_cut,15,comp_median,True,dad870b1556e42463d992f880cefb9e9fdf31d0e16e8d63ea314203bd339d132,487702.83,0.0,258853.47,479.3583,0.7056,679.41,0.3152,4.1413,1.0217,21,0,92,94,0.729,0.5833
den_capacity_cut,16,comp_median,True,f6b04c655b8a12030cbc85decb2035d30d645bf64ade26909c250bdb58e67dfb,447244.35,0.0,260848.05,483.052,0.7111,679.29,0.3,4.2667,0.8333,28,0,90,75,0.785,0.4924
den_capacity_cut,17,comp_median,True,a1eb58eddb879e662c4012b4db27ec9b890fe4f19c5ad2205841e446666b9dd9,456095.37,0.0,265671.99,491.9852,0.7222,681.21,0.3085,4.1489,0.8191,19,0,94,77,0.7944,0.5152
den_capacity_cut,18,comp_median,True,ab2083585f7ce0af6a16ad4dee7b343f31e97da88db9264bcfc3e59eedda5fed,459805.51,0.0,240577.8,445.5145,0.65,685.41,0.2771,4.2289,0.7229,17,0,83,60,0.7321,0.4394
den_capacity_cut,19,comp_median,True,6ed6a297c22efec8e6d1f5dff88e56f857eef3d245ac1b8655616b50c4697320,452202.04,0.0,262684.38,486.4526,0.7093,685.86,0.2614,4.3523,0.7614,18,0,88,67,0.7975,0.447
den_capacity_cut,20,comp_median,True,7e734c50a317e6167db8c537a67c7399fb358b6c857ed011896ea8a00e06670f,461737.7,0.0,260493.21,482.3948,0.7074,681.92,0.2947,4.0211,0.9053,26,0,95,86,0.7757,0.5076
den_capacity_cut,21,comp_median,True,3d049360f3bc97297a57880ba39617c4e4b67999d3f7d584ed17a601a8b1601a,468540.17,0.0,263457.91,487.885,0.7167,680.77,0.3043,4.2065,0.9783,20,0,92,90,0.7726,0.5227
den_capacity_cut,22,comp_median,True,99c7af361518d2eeeb19a575701684fd30632bcf478bf9c2da694015768d4fcc,460134.54,0.0,238767.63,442.1623,0.6481,682.19,0.2857,4.1667,0.9286,23,0,84,78,0.7103,0.4924
den_capacity_cut,23,comp_median,True,ca5d324a58848ff8fea2d724424ff46791c3c3c9d63a3b5ae9f05a717cab8f2d,467118.62,0.0,244852.56,453.4307,0.6611,685.86,0.2824,4.2,1.1765,17,0,85,100,0.7383,0.4318
den_capacity_cut,24,comp_median,True,32eb6f1533a709509f8cb4268adc2077fc822a51aea5fcefc7ef2e25cf5102e6,463747.72,0.0,246555.02,456.5834,0.6685,682.98,0.3068,4.1023,0.8523,18,0,88,75,0.7259,0.5076
den_capacity_cut,25,comp_median,True,6ab0b1267ec34a2ef9d0ad5be5a6c6313d7f9565e2c379976e6ecb590d04a08e,463998.83,0.0,258070.24,477.9078,0.6981,684.54,0.2755,3.8469,0.8571,28,0,98,84,0.7601,0.4773
den_capacity_cut,26,comp_median,True,1e29d72748ad6a75afb8701671fc4c0b6e32dae94b22147bd2e186db4b4a5506,464445.17,0.0,252560.2,467.7041,0.687,680.76,0.2222,4.1222,0.7111,24,0,90,64,0.7601,0.4167
den_capacity_cut,27,comp_median,True,6a3b1bdfbf49f637216e89c71560527b0e3043e71b16da1a70167939e6460b13,471801.51,0.0,254704.19,471.6744,0.6926,681.03,0.2747,4.1099,0.8791,19,0,91,80,0.757,0.5227
den_capacity_cut,28,comp_median,True,786e43d683118a91b43b782000ae62e2ed5aeb4992c36525d1465a8fc01d8beb,452357.81,0.0,248010.05,459.2779,0.6741,681.35,0.3218,4.1839,1.2529,23,0,87,109,0.7072,0.5227
den_capacity_cut,29,comp_median,True,25b47d8375ddf2b8eb91d37022f1a25da37dc742cff7f0486b684a481d29777b,447060.5,0.0,243357.99,450.6629,0.663,679.77,0.3043,3.8913,0.9565,24,0,92,88,0.7103,0.4545
den_capacity_cut,30,comp_median,True,759585247b9c460733a0b6b0566b2cddc31bcf59327779d10f2f10440931a328,489888.34,0.0,236866.33,438.6413,0.6426,682.61,0.2979,3.6915,1.0638,18,0,94,100,0.7196,0.3864
den_capacity_cut,1,engine,True,f16ab4b4b93bcff47ac922b57952b15e6239676b81f01b6e3f6167b5355e284b,462617.49,0.0,228010.0,422.2407,0.6167,684.71,0.3625,4.1625,0.925,19,1757,80,74,0.5826,0.5606
den_capacity_cut,2,engine,True,f661f571f277cab4b18718eb0e4765f24722dee7fd1b21e6624ed9074410b7b3,459005.34,0.0,235865.0,436.787,0.6222,701.98,0.3544,4.2532,1.1013,23,2222,79,87,0.6168,0.5455
den_capacity_cut,3,engine,True,c7b9a1319d19ac57e0d37f66a1be799f6f2690f8bb89ad89f67917df2eae42b0,467025.22,0.0,237310.0,439.463,0.6222,706.28,0.4625,4.2,1.0,17,2087,80,80,0.6168,0.5833
den_capacity_cut,4,engine,True,667a8fcc7dd8f397f7ba5ca2b443f678668a40c1f82d3829eb1ac9d08bdd326a,463238.22,0.0,224130.0,415.0556,0.6093,681.25,0.359,4.2179,1.1538,16,2202,78,90,0.5732,0.5303
den_capacity_cut,5,engine,True,8e4ffca402987bd757e127aa1ff743c591e071cddf94e23241fb1b5ba192527c,459635.39,0.0,239300.0,443.1481,0.6278,705.9,0.321,4.1852,1.0,14,1811,81,81,0.6324,0.4924
den_capacity_cut,6,engine,True,e216e8659f46872f2ea64dbfce19df0ce869f50d48d6a1c9e3616dae836308ea,465707.08,0.0,213390.0,395.1667,0.5722,690.58,0.4189,4.1757,0.7432,17,2336,74,55,0.5452,0.4924
den_capacity_cut,7,engine,True,fc07ada8a7d2e02e86c353d36469d3c5eb8407158701d89db09587bbbf04377a,475272.03,0.0,224210.0,415.2037,0.6056,685.66,0.36,4.36,0.8133,18,2173,75,61,0.567,0.5227
den_capacity_cut,8,engine,True,8246971606af09596b7840e52f525de4d01ae466512ab53a35ea62b6acd58fea,461661.97,0.0,213720.0,395.7778,0.5481,722.03,0.3699,4.0548,0.9041,13,1704,73,66,0.5826,0.3712
den_capacity_cut,9,engine,True,d256d11163df457f758ca1d7f2fea397bef2fd323152dc14707c16f9da9b940d,469052.43,0.0,244125.0,452.0833,0.6352,711.73,0.3951,4.2346,0.7901,21,1734,81,64,0.6511,0.4848
den_capacity_cut,10,engine,True,e6e4460a319b6a3dabd2beea8c0331308476783e42963bd5575233ddc6bcfeb3,450558.92,0.0,241950.0,448.0556,0.6426,697.26,0.4337,4.1807,0.7349,24,2047,83,61,0.6293,0.553
den_capacity_cut,11,engine,True,cbba9d14c0453ce71360ee2b844876206f119987d2d9b91302e3099e79fe248a,469692.43,0.0,252235.0,467.1019,0.6648,702.6,0.3718,4.6026,0.859,20,2046,78,67,0.6636,0.5606
den_capacity_cut,12,engine,True,5d2d5b9cd02f64e478265ba642272326fa285b553dd4bb85100f9075258851f2,469845.04,0.0,213305.0,395.0093,0.5907,668.67,0.4521,4.3699,0.8356,16,1997,73,61,0.5265,0.5152
den_capacity_cut,13,engine,True,94642742bef7fd2b693396e0d78655776753b5e71ed9359d3843a1c98ac6338e,472528.32,0.0,244455.0,452.6944,0.6481,698.44,0.4048,4.1667,0.6667,16,1865,84,56,0.6355,0.5606
den_capacity_cut,14,engine,True,a4c9cc76240115e1608cb0061beb4e0830f4bd131f5dd238c8338e4036be9984,450433.8,0.0,229595.0,425.1759,0.6074,699.98,0.4286,4.2597,0.6753,16,1978,77,52,0.6044,0.4697
den_capacity_cut,15,engine,True,db48bfaaf43b98ac966fcab586e9473c088837073daf6843401e1db40967fe6d,487702.83,0.0,245015.0,453.7315,0.65,698.05,0.3421,4.6184,0.9605,14,1910,76,73,0.6231,0.5606
den_capacity_cut,16,engine,True,9ac3c98e8c821cb2b4f4202f3b121dd57ea83942b91396c39a01f645c4078573,447244.35,0.0,245650.0,454.9074,0.6444,705.89,0.35,4.35,0.7625,13,1712,80,61,0.6573,0.5076
den_capacity_cut,17,engine,True,b0ac86e92786cc4839387dcdd9e74728966c973a2d87dae55301fda2af33fa67,456095.37,0.0,239745.0,443.9722,0.637,696.93,0.4,4.3,0.925,19,1748,80,74,0.595,0.6061
den_capacity_cut,18,engine,True,32427dc0cb3d00346d2a07e4e52f8f547ac9865dce6c693d34def4d0f9ff8e97,459805.51,0.0,220955.0,409.1759,0.5963,686.2,0.4143,4.6,0.7,16,2247,70,49,0.5701,0.5379
den_capacity_cut,19,engine,True,fa76029c1a93bb5e9a30142f833d3b8b846b910c59bcf6a4ddf073e6c73ad4d3,452202.04,0.0,234850.0,434.9074,0.6185,703.14,0.3026,4.3947,0.8684,9,2075,76,66,0.6293,0.4545
den_capacity_cut,20,engine,True,3175e2182017ed4d73f247d4d9999596f2757205d14d7399d83ca86bc2fcae34,461737.7,0.0,227910.0,422.0556,0.6019,701.26,0.4074,4.0123,1.0617,17,2433,81,86,0.595,0.5227
den_capacity_cut,21,engine,True,664b7bd0bc0296dbfce4fac57d7b6226809079aad13ebd068ddaf358895f2ebb,468540.17,0.0,228335.0,422.8426,0.6093,694.03,0.3836,4.5068,0.9315,14,1917,73,68,0.5981,0.5
den_capacity_cut,22,engine,True,fb6ac743436f279471f91380065da1103568e44354186a472fe91c8bcbf1056a,460134.54,0.0,205885.0,381.2685,0.55,693.22,0.4028,4.125,1.1806,14,2039,72,85,0.5078,0.5227
den_capacity_cut,23,engine,True,ef79cb75917a14390ff0242fd0756d5034ddd5d015be8431380ea6c847b17f21,467118.62,0.0,220585.0,408.4907,0.5833,700.27,0.411,4.3151,1.2192,17,1901,73,89,0.5701,0.4848
den_capacity_cut,24,engine,True,41ade3c9db18a0135548a7edcc1c629aeacbcfea95777ae868738bb713ac8662,463747.72,0.0,228930.0,423.9444,0.6167,687.48,0.3974,4.2692,0.7564,10,2141,78,59,0.5826,0.6061
den_capacity_cut,25,engine,True,9fcc8d38b9052434ec2d9be6c396eaaf4d311e772bcc899f9a3d013aab1b1a97,463998.83,0.0,242195.0,448.5093,0.637,704.06,0.3976,4.1446,0.9277,20,1767,83,77,0.6449,0.5152
den_capacity_cut,26,engine,True,31d6a9c9a39435de74d1309a3ddbec6e8c0b513f74667f6dcdd94755afd7e4f0,464445.17,0.0,223470.0,413.8333,0.5907,700.53,0.3378,4.3108,0.9865,19,2006,74,73,0.595,0.5
den_capacity_cut,27,engine,True,214ee5f3ec526558dac560c0fa360ef92b4d5f71e2f6e945a51d0d75dc7cc774,471801.51,0.0,237500.0,439.8148,0.6241,704.75,0.4156,4.3766,0.8701,18,2391,77,67,0.6262,0.5606
den_capacity_cut,28,engine,True,29d7b6f3c67f15f0f91141b9d3c4e9053c61b6220037a7341933a93b44ba6d11,452357.81,0.0,213900.0,396.1111,0.5722,692.23,0.4028,4.2917,1.0833,17,2234,72,78,0.5358,0.5303
den_capacity_cut,29,engine,True,afc0b78fbd15f31e17aa1f70a204b8cae66b01a24c9a1d92a5c5524fcd9025a4,447060.5,0.0,218025.0,403.75,0.5926,681.33,0.3333,4.1026,0.859,14,1978,78,67,0.5701,0.5076
den_capacity_cut,30,engine,True,4eadba673a808a86f07cc874f0f79fb0f3644afd9ff339f36259410c6e17f9bb,489888.34,0.0,233855.0,433.0648,0.6167,702.27,0.3529,3.9176,0.8706,18,1855,85,74,0.6231,0.4167
den_capacity_cut,1,flat,True,9461b9ce5ba6e809e717804f3863086b002a23fee96f6d8a957b9c7160b2ab5b,462617.49,0.0,259550.0,480.6481,0.587,818.77,0.3333,4.4028,0.9583,16,0,72,69,0.5857,0.4924
den_capacity_cut,2,flat,True,032ce72adcac813fe27b00af456661ad3c88c273ed195a523525004ef84297a5,459005.34,0.0,263650.0,488.2407,0.5926,823.91,0.3684,4.2105,0.9474,17,0,76,72,0.6199,0.447
den_capacity_cut,3,flat,True,8608a8fb06ff47dc154685e1587fb22141994f2e5e8d1a746d4f97d057a03f92,467025.22,0.0,275450.0,510.0926,0.6241,817.36,0.4054,4.5541,0.7568,14,0,74,56,0.6106,0.5606
den_capacity_cut,4,flat,True,3f6fde3b597bb7f0ad8ba207bc60f881c435aa1a123caded390e6d6233c3566b,463238.22,0.0,246150.0,455.8333,0.5574,817.77,0.3188,4.3623,1.1449,14,0,69,79,0.567,0.3788
den_capacity_cut,5,flat,True,066266cc4b7fdbac78927978f9cd5f2121af250ffd29cb76323a78f84d1219dd,459635.39,0.0,260250.0,481.9444,0.5833,826.19,0.2933,4.2,1.0,10,0,75,75,0.6293,0.3788
den_capacity_cut,6,flat,True,72d46f4411c65b289fe7b53e63c62830169bb251dc0ee546988025f35ef53484,465707.08,0.0,248500.0,460.1852,0.5648,814.75,0.4225,4.2958,0.8451,16,0,71,60,0.5514,0.4545
den_capacity_cut,7,flat,True,251e00b31af3cd73598946e4fba289f99c69f62e50ed18c2915daad54a9482e9,475272.03,0.0,250500.0,463.8889,0.5704,813.31,0.3433,4.597,0.8358,17,0,67,56,0.5607,0.4015
den_capacity_cut,8,flat,True,78a2302d6ce03ef7421e3bf98176e6b66b031055b599db760df33691a1e6dd7e,461661.97,0.0,237950.0,440.6481,0.5352,823.36,0.3485,4.3788,0.9242,12,0,66,61,0.5732,0.3106
den_capacity_cut,9,flat,True,715bb5075f0321a4d27a7cb5f4af594699fc34a27759f64ec14f882e159ea3bd,469052.43,0.0,264950.0,490.6481,0.5981,820.28,0.3944,4.5493,0.8873,18,0,71,63,0.6168,0.4167
den_capacity_cut,10,flat,True,6c01462c308b86fcaff8e98de00d74578eea5cb5be6c00426d91a1d5b0308bb2,450558.92,0.0,271000.0,501.8519,0.6111,821.21,0.4231,4.2308,0.6026,26,0,78,47,0.6293,0.4545
den_capacity_cut,11,flat,True,f0fe7556c2cd3119999acce95940fa88807881b9524ec726c39a432ba232cf9c,469692.43,0.0,287650.0,532.6852,0.6463,824.21,0.3289,4.5921,0.7632,18,0,76,58,0.6854,0.4394
den_capacity_cut,12,flat,True,acb68127d5130ef44448e6a29aec37b53501bad0d4fc5bd8260ee8abaab69bf8,469845.04,0.0,234550.0,434.3519,0.5333,814.41,0.381,4.5714,0.7937,14,0,63,50,0.5265,0.3864
den_capacity_cut,13,flat,True,19979e52916bb29e4a9f6fc2c143d4e39d46069fa80ac0cc048182976d583dec,472528.32,0.0,265600.0,491.8519,0.6,819.75,0.3425,4.4384,0.6712,10,0,73,49,0.6168,0.4167
den_capacity_cut,14,flat,True,81405b57c18ef88599d0b62f01e1ae74007c0a063d5acb21f4028391f4c0664c,450433.8,0.0,256900.0,475.7407,0.5796,820.77,0.4,4.4714,0.6857,9,0,70,48,0.6012,0.3939
den_capacity_cut,15,flat,True,ee0d00178d2f130edc717bb006811f9120cf0d6478d9aa6ebdfd11e831b5d17b,487702.83,0.0,279100.0,516.8519,0.6296,820.88,0.3382,5.0,1.0882,13,0,68,74,0.6355,0.5379
den_capacity_cut,16,flat,True,d65b32fe0b909afbd8d5f66c82cd71fb850a36c4b8bf92f7662dfa028b28b419,447244.35,0.0,272550.0,504.7222,0.6111,825.91,0.338,4.6479,0.8451,11,0,71,60,0.6573,0.4015
den_capacity_cut,17,flat,True,634c873376b1a90264bd36a7ff1e3dea78db95ede7ca0524be8c4437d365294a,456095.37,0.0,251700.0,466.1111,0.5667,822.55,0.3043,4.4348,0.8841,13,0,69,61,0.6044,0.3258
den_capacity_cut,18,flat,True,e24b702803bc397426fe4e1968f3fb2839254a97c31b9b8fa705bcee7ee41368,459805.51,0.0,230200.0,426.2963,0.513,831.05,0.3559,4.6949,1.0,14,0,59,59,0.5763,0.2955
den_capacity_cut,19,flat,True,81b54631b9b36e76956ef79c31cc7761427627e68ef5430619cfe5d0d13bdf5b,452202.04,0.0,259100.0,479.8148,0.5815,825.16,0.3099,4.4225,0.8028,6,0,71,57,0.6231,0.3788
den_capacity_cut,20,flat,True,f4c986ea3ed4fdf107b911f35eea8e423bb5e9f2e01a434fa190146b84555bb5,461737.7,0.0,261300.0,483.8889,0.5926,816.56,0.4444,4.4444,1.1389,17,0,72,82,0.5857,0.4773
den_capacity_cut,21,flat,True,28db6c0e4a029ee5fc540a0417566f32f0db83621d9da3ed9700712458259333,468540.17,0.0,268500.0,497.2222,0.6056,821.1,0.3333,4.7391,0.8261,14,0,69,57,0.6262,0.4318
den_capacity_cut,22,flat,True,4c0a4a712aacc695a4cefce794e66fb5ede723d12d5c5e55272e16a16bbeb889,460134.54,0.0,228450.0,423.0556,0.5167,818.82,0.3538,4.2923,1.1538,11,0,65,75,0.5109,0.4621
den_capacity_cut,23,flat,True,f004be2c08cda3219c9963eb09bd9c18662f8756a9eb1028d7ea68e1b0545cb1,467118.62,0.0,236000.0,437.037,0.5315,822.3,0.3333,4.5556,1.2381,13,0,63,78,0.5639,0.3182
den_capacity_cut,24,flat,True,bbe74ec9ffae490275327165a060f056273a2d342c59f0b53785b8fa0c114f40,463747.72,0.0,247000.0,457.4074,0.5556,823.33,0.3231,4.6154,0.8769,7,0,65,57,0.5794,0.4167
den_capacity_cut,25,flat,True,8f116ae8bcc6cfc8927a51080237790807e56d068c707bb57f916a0e5cc92791,463998.83,0.0,267550.0,495.463,0.6,825.77,0.3056,4.5,0.8472,20,0,72,61,0.6449,0.3939
den_capacity_cut,26,flat,True,ca1705b1fc5335479825077a0b015310d18d12483f6a41d71fc4bc50c3ed5b40,464445.17,0.0,256350.0,474.7222,0.5796,819.01,0.3088,4.6029,0.9412,11,0,68,64,0.5919,0.4091
den_capacity_cut,27,flat,True,ed63b44e8e50668ec47f33e5b07483af6a3f3fba900a612892a145b82a2bc6b3,471801.51,0.0,263000.0,487.037,0.5889,827.04,0.3571,4.5429,0.9143,15,0,70,64,0.6355,0.4015
den_capacity_cut,28,flat,True,5038a5fde6b4dbe95e20e625526ae6bf517a0a2d6657004c85ee3ca2f90d1fe4,452357.81,0.0,243300.0,450.5556,0.5556,811.0,0.3582,4.4776,1.0746,15,0,67,72,0.5296,0.4394
den_capacity_cut,29,flat,True,80bd9a1d5a28fdf4604ae3c08b871000fbb8309c82ec5d52d0ec258b5eb8b9f1,447060.5,0.0,248000.0,459.2593,0.5611,818.48,0.2754,4.3913,0.8551,14,0,69,59,0.5701,0.4015
den_capacity_cut,30,flat,True,20955d39b19721e4a0d073eaed14cf8761ae6c3068d354fe87da6a17d11086bf,489888.34,0.0,262750.0,486.5741,0.5907,823.67,0.3333,4.0897,0.7821,15,0,78,61,0.6231,0.4091
den_capacity_cut,1,tool,True,951a3c894821b6a1e65730734dcd87cea9f5d13617427e104fd1f04985e34f07,462617.49,0.0,207103.55,383.5251,0.4463,859.35,0.4906,4.5472,1.1509,11,0,53,61,0.3988,0.4242
den_capacity_cut,2,tool,True,727cb95d8d62af679b4bb473a0754906518ce69e8c2f4b68593af09dedf01b91,459005.34,0.0,191787.5,355.162,0.4185,848.62,0.4906,4.2642,0.9623,14,0,53,51,0.3364,0.5379
den_capacity_cut,3,tool,True,45a4f750e8f6f384279a1054474a3aaf332c6b0ea350edd74f0b59588b5a38d1,467025.22,0.0,224243.15,415.2651,0.4704,882.85,0.3966,4.3793,0.6897,7,0,58,40,0.4579,0.4545
den_capacity_cut,4,tool,True,7df2b0096d71afb36ee108edf5bce38b0145155ecde35ad5dfd812a494fe50e6,463238.22,0.0,196023.4,363.0063,0.4185,867.36,0.4118,4.4314,1.0392,11,0,51,53,0.352,0.4318
den_capacity_cut,5,tool,True,2269b51ac00fe52ee179ae02efbf4b5f0df25318dfa4e4fff695d3c8e7c7b429,459635.39,0.0,169932.76,314.6903,0.3648,862.6,0.3846,3.7885,1.1154,7,0,52,58,0.3396,0.25
den_capacity_cut,6,tool,True,36ad3034ea83de0f638495798cd5e08d7820d87f6a0fc390240305b5cbdf2391,465707.08,0.0,217283.69,402.3772,0.4593,876.14,0.3519,4.5926,0.537,12,0,54,29,0.405,0.4394
den_capacity_cut,7,tool,True,0773ad84e144e322dade6a1d41fab1fd59afb76891f6b5c6ba9a73259f816563,475272.03,0.0,211584.42,391.823,0.4463,877.94,0.4231,4.6346,0.7692,9,0,52,40,0.3988,0.3636
den_capacity_cut,8,tool,True,e973b4c599ee5034b1cc5c18b8c751a2721120275d6df5dd2e72ce6eb1ad37ee,461661.97,0.0,171427.74,317.4588,0.3722,852.87,0.5,4.3696,1.3261,6,0,46,61,0.2928,0.3333
den_capacity_cut,9,tool,True,32cc43885ed0fb1e011145cd59483d748f8e2fbea27822278d2426f2e2e939b3,469052.43,0.0,213222.98,394.8574,0.4556,866.76,0.4528,4.6415,0.717,9,0,53,38,0.4112,0.4015
den_capacity_cut,10,tool,True,a2537c9b5227640e6aecd7c03db9d9ce4ce4662559221ee61add91a569266ddf,450558.92,0.0,192519.02,356.5167,0.413,863.31,0.451,4.3725,0.7255,10,0,51,37,0.3333,0.3636
den_capacity_cut,11,tool,True,716f8eb64c2a8391f6d3b734ac3306b5fe98f311e441567f2180244a90103239,469692.43,0.0,206136.71,381.7346,0.4389,869.78,0.3725,4.6471,0.8824,5,0,51,45,0.3832,0.3864
den_capacity_cut,12,tool,True,5f4d45252d171da20f714330d58eca61b1b0a31b9eb8abfcdc0c6ebab131917c,469845.04,0.0,185018.02,342.626,0.3944,868.63,0.4286,4.3469,0.8367,6,0,49,41,0.3614,0.2727
den_capacity_cut,13,tool,True,9eddde32a78736788790730e95db97b0fc7b2da84be3bc332de6d34ae24041be,472528.32,0.0,223258.86,413.4423,0.4722,875.52,0.4286,4.5536,0.7321,10,0,56,41,0.4143,0.4318
den_capacity_cut,14,tool,True,f1a1367a2d5c405c42a3c3938aafaa614adfe01c9347930d1a7f03e2f077f0bf,450433.8,0.0,204842.49,379.3379,0.4315,879.15,0.3774,4.3962,0.7547,7,0,53,40,0.3988,0.3333
den_capacity_cut,15,tool,True,53aab32819ec9b23fe19da6ef5d07db755e3327d4222f9651da5844767947595,487702.83,0.0,207021.16,383.3725,0.4352,880.94,0.38,4.7,1.12,4,0,50,56,0.3988,0.4091
den_capacity_cut,16,tool,True,8db48d6f1819c42d44ab6d4d9dd450de221ce06df1e4445196ba7c5307ac4bac,447244.35,0.0,215233.23,398.5801,0.4556,874.93,0.3774,4.6415,0.717,8,0,53,38,0.4237,0.3182
den_capacity_cut,17,tool,True,973a747909a3408217eb7cb6718641d13d25064a831a2c36c0c3311d3f2a8d5e,456095.37,0.0,190421.29,352.632,0.4,881.58,0.3265,4.4082,0.7959,8,0,49,39,0.3645,0.303
den_capacity_cut,18,tool,True,9c21454884305f928e56c2be5b04450673e56fb5dfee06ba7aaddb5a3fd4ea61,459805.51,0.0,183397.64,339.6253,0.387,877.5,0.413,4.5435,0.9565,5,0,46,44,0.3894,0.25
den_capacity_cut,19,tool,True,a4a4e69528cb212dbe140a33bef97067cebf51aa277fae9e326d20587835132b,452202.04,0.0,199973.29,370.3209,0.4296,861.95,0.4643,4.1429,0.7143,11,0,56,40,0.3738,0.4015
den_capacity_cut,20,tool,True,41a841787f90e42bb5b438e9fbd6eb9e72f720d2a840c290b3c65863edf9923a,461737.7,0.0,195182.26,361.4486,0.4185,863.64,0.48,4.52,1.34,7,0,50,67,0.324,0.4773
den_capacity_cut,21,tool,True,56d7fa783c13c861626c6418c4c70b36abd868e7922cd7dbd16b06fa32f0a169,468540.17,0.0,227987.05,422.1982,0.4741,890.57,0.4828,4.4138,0.6897,9,0,58,40,0.4081,0.3864
den_capacity_cut,22,tool,True,ec1f1d2b9746eded1e96bfa6bbd8fd5db548bdcb0f5566aa1a77421a4499f532,460134.54,0.0,206562.41,382.523,0.4352,878.99,0.5,4.5192,1.0192,11,0,52,53,0.4019,0.4091
den_capacity_cut,23,tool,True,65f1e4dceef798910d1ac0d02a6ab637703e8ed7b2113a4a6bceb1e330ff8a5f,467118.62,0.0,186188.91,344.7943,0.3926,878.25,0.413,4.6087,1.3478,8,0,46,62,0.3645,0.3182
den_capacity_cut,24,tool,True,88305dd99e7cc8bc33fc74e33b0d6a60c3b461c772d4bf41532029580b60a629,463747.72,0.0,221103.38,409.4507,0.4611,887.97,0.3898,4.2203,0.5254,8,0,59,31,0.4393,0.4015
den_capacity_cut,25,tool,True,cf4c5480f8fdecb88cb0a1f6743443cc8a84d168a0bd6821a1d3f363d87f38af,463998.83,0.0,232185.64,429.9734,0.4778,899.94,0.3929,4.6071,0.8571,13,0,56,48,0.4611,0.3561
den_capacity_cut,26,tool,True,298d1e16f427a0ca081787a3ddb86c9e81671d258bb085ae5d53624082fcfbf8,464445.17,0.0,205535.42,380.6211,0.437,870.91,0.3269,4.5385,0.6346,5,0,52,33,0.3801,0.3712
den_capacity_cut,27,tool,True,9bd1bb2385127b20589940ec2aa29ac33e08e42dd12581b3c06b4ff6b02dba58,471801.51,0.0,209446.82,387.8645,0.4463,869.07,0.5,4.463,1.0556,9,0,54,57,0.4174,0.3636
den_capacity_cut,28,tool,True,b0cbb488d98e57e12b3ca6126caaa5db1ca278c6fc555b42b10d55940caadcc5,452357.81,0.0,185576.31,343.6598,0.3944,871.25,0.44,4.26,1.04,13,0,50,52,0.3209,0.3864
den_capacity_cut,29,tool,True,a1cea059078451f97bd845ef47cdceb13209255fcb884a88e5612cfe8b95bf97,447060.5,0.0,178183.73,329.9699,0.3852,856.65,0.3137,4.0784,0.8627,10,0,51,44,0.3271,0.3561
den_capacity_cut,30,tool,True,3ada3d37d5376383695376c99a8aed32626c6089495aa494c99a3a9a71a08d5f,489888.34,0.0,217043.5,401.9324,0.4556,882.29,0.4194,3.9677,0.7258,11,0,62,45,0.405,0.3864
drought,1,comp_median,False,99b3167d271bb9db2e79de7f166f5d97b1936c30fbef4dad4a219bdb7e99da38,457908.92,0.0,247264.2,457.8967,0.6759,677.44,0.2317,4.4512,0.7073,15,0,82,58,0.6916,0.5379
drought,2,comp_median,False,fb7bbb9a91379cbdb71d57bbf3b245c92454be0ee5381205c984e0cba366ba82,448652.23,0.0,227993.39,422.21,0.6185,682.61,0.2892,4.0241,1.1566,15,0,83,96,0.704,0.3712
drought,3,comp_median,False,aabf13c829015acf7b3cec19ad818a4337bfa2cd8b0935d36da9e7f69b647c1b,450273.41,0.0,248640.34,460.4451,0.6722,684.96,0.2386,4.125,0.7955,16,0,88,70,0.7695,0.3258
drought,4,comp_median,False,99e51d1157568117df3deff3f0ebea44f21098d18e38580c3a0a67fd76060637,455715.13,0.0,235567.57,436.2362,0.637,684.79,0.1951,4.1951,0.8537,21,0,82,70,0.7445,0.3409
drought,5,comp_median,False,7c5a8d80dbd882ffed1e23d9073a83ad8b7064ba20872c0cb8c3c6d80adf9dc8,448603.62,0.0,247750.96,458.7981,0.6741,680.63,0.3908,4.1839,0.931,19,0,87,81,0.7103,0.5227
drought,6,comp_median,False,5862bed60dcceed1323d06a622af72578bc061c48358d4099591bfa8106e7a0d,468390.47,0.0,247176.05,457.7334,0.6741,679.06,0.3488,4.2326,0.6163,27,0,86,53,0.6916,0.5303
drought,7,comp_median,False,a72bd586c6ba7937cf6a9a153a545107fbf101740aacdad296672a68d2be5f16,469133.29,0.0,246373.45,456.2471,0.6722,678.71,0.3571,4.3214,0.8333,24,0,84,70,0.7445,0.5152
drought,8,comp_median,False,9d3231628fa7d8b52eb0e200e4b2014d3e7e226cd1a93381379211ff018acb08,450175.54,0.0,235322.06,435.7816,0.6389,682.09,0.3735,4.1566,0.8193,19,0,83,68,0.7072,0.447
drought,9,comp_median,False,34920b254cb26741894ce5c82c1fc0c60d3bb9efd1d02ba8b9587f66d3853ce9,464388.09,0.0,241555.35,447.3247,0.6574,680.44,0.2614,4.0341,0.9432,20,0,88,83,0.7259,0.4621
drought,10,comp_median,False,6e9020594895734c6b4094e5ae9902d9b371285d6e9ed1fdf38770a99be37ab6,458584.23,0.0,246630.91,456.7239,0.6648,686.99,0.3452,4.2738,0.869,22,0,84,73,0.7539,0.5
drought,11,comp_median,False,f778de21c8e3838a910f7a99d8014765d79606fed52c87b75cac0c66108fe7ac,462953.14,0.0,226654.98,419.7315,0.6093,688.92,0.2639,4.5694,1.0139,14,0,72,73,0.729,0.25
drought,12,comp_median,False,92520ff67cd280923a6532e6fabc1fd0498c261fa84f9d6ba3766db0b88a1935,452564.2,0.0,243548.1,451.015,0.6611,682.21,0.2381,4.25,0.8214,22,0,84,69,0.7383,0.3788
drought,13,comp_median,False,ae895f7ef5d649ea289a14192ca4a202540a9daa1f2c8032ecd95fd9f8ed3965,442747.02,0.0,241344.85,446.9349,0.6593,677.93,0.2683,4.3415,0.7439,15,0,82,61,0.6822,0.4697
drought,14,comp_median,False,ad8eecedcd6cb437fb41e7c0e7c0fa3973de31f5376dbf2ca13a493d7e23fbfa,468396.28,0.0,242183.73,448.4884,0.6574,682.21,0.3133,4.2771,0.6988,20,0,83,58,0.7259,0.4394
drought,15,comp_median,False,97367e34eb7fa28311891fa5beb391afb3794c32b93f5ba1927b356040f6983d,466459.91,0.0,250707.93,464.274,0.6796,683.13,0.3077,4.033,0.7692,27,0,91,70,0.7913,0.3485
drought,16,comp_median,False,b6f33faa500decd4b0307e1cfb989accbe22de3f5ea6e318eb83b808f60bf9ed,439281.92,0.0,242016.91,448.1795,0.6537,685.6,0.2439,4.3049,0.9268,21,0,82,76,0.7508,0.3636
drought,17,comp_median,False,cdb87f6eb69fcf133fe557d80e3981df4cb0cfb72fe6f04ceeae703719269af4,470970.23,0.0,249105.31,461.3061,0.6778,680.62,0.3333,4.2069,0.6437,25,0,87,56,0.7352,0.4242
drought,18,comp_median,False,9a02481c70772c06a4107f4130ee104384f15826455f70377ceab4ebb9bdbcf3,465915.88,0.0,237167.86,439.1997,0.6426,683.48,0.3077,4.4487,0.9359,14,0,78,73,0.7165,0.4091
drought,19,comp_median,False,bfa48ac7bba99848b3e40f0cf5ad4534801b0bec7bd73eaec4314126a6e101e6,474209.24,0.0,221913.48,410.9509,0.6,684.92,0.3553,4.2632,1.1579,18,0,76,88,0.6698,0.4015
drought,20,comp_median,False,f0cb4c34de37d69453d90e8e15ba77ddcafc619e5e51501fff71a0912c11016f,453899.07,0.0,238038.66,440.8123,0.65,678.17,0.3765,4.1294,0.9294,12,0,85,79,0.6885,0.5303
drought,21,comp_median,False,ef1795ec78acbadae2a43a3f076321e3a6ad60331bb7bf3cfae56491834f73ea,445717.87,0.0,239283.05,443.1168,0.6537,677.86,0.3494,4.253,0.8916,25,0,83,74,0.6667,0.5152
drought,22,comp_median,False,c439e035d6dfbacb23a646a66a2b071a5c77db46316c3d943e8933e4ffa4e1e6,461202.88,0.0,245043.36,453.784,0.6667,680.68,0.3133,4.3373,0.9639,13,0,83,80,0.7196,0.4697
drought,23,comp_median,False,b895c76674762a79fca6346cd9f00dbe730814133c14e69d4aea03596e8ffcc2,448012.18,0.0,258745.68,479.1587,0.7037,680.91,0.2841,4.3182,0.8523,30,0,88,75,0.7664,0.5227
drought,24,comp_median,False,ced2e98e6774a06f2f63b4c31757eacb86b36007b821cc40aae1c84d9e8c27ea,454619.75,0.0,242453.97,448.9888,0.6611,679.14,0.3882,4.2,0.9294,19,0,85,79,0.7072,0.5227
drought,25,comp_median,False,d0c8a243b7b69b972c2d6ad7eb0b09380061ad7cf530d1c52f045191bdabc9a1,453491.37,0.0,234621.23,434.4838,0.6426,676.14,0.4023,3.9885,0.8736,8,0,87,76,0.676,0.5
drought,26,comp_median,False,1655c4e657a37f6e228f1a9e84ad3cb0f89f3702f3ec3efa6801905d191f7852,459617.21,0.0,236610.21,438.1671,0.6407,683.84,0.3077,4.4359,0.9231,19,0,78,72,0.7383,0.4091
drought,27,comp_median,False,3b9f4f0c88c66f962343e1af7f724e9314fee13072583dbabca77d1f105a777b,443431.72,0.0,240916.53,446.1417,0.6463,690.31,0.2907,4.0581,0.8605,14,0,86,74,0.7414,0.3258
drought,28,comp_median,False,652c00fa66c3a1dadb4fdd769631d66590a316a0031ec9dd67a74b230a5dcb1c,459915.25,0.0,239353.92,443.248,0.6519,679.98,0.3529,4.1412,0.8235,15,0,85,70,0.7165,0.4167
drought,29,comp_median,False,315bfa230faa9f7ebafe3118a4be8368fed882ba72b7386aa7db77afbbe95bfd,450331.14,0.0,244543.64,452.8586,0.663,683.08,0.3133,4.3133,0.9759,11,0,83,81,0.7352,0.4621
drought,30,comp_median,False,45084da968faa69abdb41c53bc6e806713b42e64d0a98d4cd64bafa0daa4e9ae,459887.05,0.0,243666.48,451.2342,0.663,680.63,0.3253,4.3133,1.0964,17,0,83,91,0.7196,0.4394
drought,1,engine,False,7fbfaecba01522042146b38cf877b3f3a36799ef3d8fb3fa6e93f39b57947904,457908.92,0.0,212015.0,392.6204,0.5704,688.36,0.2857,4.4,0.6857,15,1389,70,48,0.5171,0.5303
drought,2,engine,False,51f94fc29d1abeea4d5781de7fb76c92d3f97a3321b9933a5f14ee23d2c8441e,448652.23,0.0,205685.0,380.8981,0.5315,716.67,0.4265,4.2206,1.1176,9,2352,68,76,0.5452,0.3788
drought,3,engine,False,0e6c74c9eadf0ffc37bf999030854a7d06d10f08de921f17be462105c34c2910,450273.41,0.0,235260.0,435.6667,0.6278,693.98,0.3671,4.2911,0.6962,16,1978,79,55,0.6168,0.5
drought,4,engine,False,9a8c549722dec15435cf0c8b673f80d1a918039ec93e4b61f222c3fc61c8c413,455715.13,0.0,195060.0,361.2222,0.5037,717.13,0.3231,4.1846,1.0308,17,2130,65,67,0.5109,0.3409
drought,5,engine,False,5749723fd22c10646d2c2d9f0021542b52c307fbe3e6859953decc3581ffe41b,448603.62,0.0,206560.0,382.5185,0.5741,666.32,0.3944,4.3662,0.8028,13,2396,71,57,0.5078,0.5682
drought,6,engine,False,3cf4261d07eb5f850bb535a46cb417e6222c7a83e5eefc1a85a49e8ae2c2fbb0,468390.47,0.0,244405.0,452.6019,0.6519,694.33,0.4675,4.5714,0.7922,12,2118,77,61,0.6324,0.5606
drought,7,engine,False,5116ab368525dd563532dc0b94d430af5e47c24b015d41ce6b917ee76b463704,469133.29,0.0,218835.0,405.25,0.5778,701.39,0.4306,4.3333,0.75,13,2099,72,54,0.5794,0.5076
drought,8,engine,False,967be93059b30d39f1e7eb0ffd3aaf4c7b13b875e03e7da492f06b61a6ee2b14,450175.54,0.0,205280.0,380.1481,0.5481,693.51,0.3731,4.4179,0.8358,16,2249,67,56,0.5202,0.4697
drought,9,engine,False,af3a965e5e539af0ffa93feb1fd3dd80859a6618b36e7cc937936a7b2ee16a54,464388.09,0.0,219870.0,407.1667,0.5944,684.95,0.2727,4.1688,0.8571,12,1673,77,66,0.5452,0.5833
drought,10,engine,False,b1cb5fc111abe4be72977b393df327f75ed53b1bf4f2c7aa141b110b6010c425,458584.23,0.0,233965.0,433.2685,0.6093,711.14,0.4684,4.1646,0.8228,19,2354,79,65,0.6199,0.5606
drought,11,engine,False,ceebd6ee727eb499ec99667aa4141019baae3f7eb58389883223c2647a9aeb39,462953.14,0.0,221210.0,409.6481,0.5593,732.48,0.3385,4.6462,0.9846,5,2078,65,64,0.6324,0.3106
drought,12,engine,False,b0f2ac71f471bf581406d8b6c2f4f7c0c46bf80bc03522fc952f56c30ce6b8db,452564.2,0.0,239010.0,442.6111,0.6241,709.23,0.3457,4.1605,0.8272,17,1853,81,67,0.648,0.4924
drought,13,engine,False,6135e19a8694b3b10939ae5036057ca80f097d7822ebfc248c843584390cbd23,442747.02,0.0,208095.0,385.3611,0.563,684.52,0.3623,4.4058,0.7246,6,2230,69,50,0.5234,0.5
drought,14,engine,False,cbf6c0fea3e85a7386b19141d69ea9126952bd403d1a4e22d8d49a4802e36300,468396.28,0.0,216110.0,400.2037,0.587,681.74,0.375,4.4028,0.8333,13,2186,72,60,0.5576,0.5076
drought,15,engine,False,bdbc0ae1591ab2d71cb909df64a2fffa2eba332619d14aba634da7388da1f7c3,466459.91,0.0,235965.0,436.9722,0.613,712.89,0.3067,4.4133,0.96,16,1885,75,72,0.6355,0.4015
drought,16,engine,False,4f8827c8cbdfef28866b797b42dada40bd3a6b6656c4f211443f57ac6853eb0f,439281.92,0.0,215545.0,399.1574,0.5593,713.73,0.2836,4.5075,0.9403,14,2535,67,63,0.5826,0.3485
drought,17,engine,False,7939ab39c63bec0b327fa2b97faafdc87fd3b439d9a9fe66a6c962eac1388883,470970.23,0.0,201120.0,372.4444,0.5463,681.76,0.4058,4.2754,0.7391,16,2156,69,51,0.5047,0.4394
drought,18,engine,False,6579c8b788b634ce59735ead2280ec36582b20210f7ad9d1a39e610172312c58,465915.88,0.0,200595.0,371.4722,0.5296,701.38,0.3065,4.6129,0.871,12,1777,62,54,0.5234,0.4242
drought,19,engine,False,ba3e45a65340fed1c63ebd0aca35bc7676b9f0e4a76fd83f71a371423922988a,474209.24,0.0,197520.0,365.7778,0.5222,700.43,0.4355,4.5484,1.1613,11,2218,62,72,0.5016,0.4242
drought,20,engine,False,47786a4c4634d26c3392f40fe35f056206fa1b3f507098ddda9bd27e88522e29,453899.07,0.0,225140.0,416.9259,0.5981,697.03,0.3836,4.4247,0.6575,11,1652,73,48,0.5888,0.5152
drought,21,engine,False,5a9efe967e0a32dec8e934d7053f8ecc797fecf6498c60fcf2931cf422c48bf5,445717.87,0.0,231025.0,427.8241,0.6185,691.69,0.3947,4.3947,0.7105,20,2213,76,54,0.6075,0.5455
drought,22,engine,False,592ab944e72774e3ef01668644a57882a480c3cd9a7d8f94329ba0240dfb5185,461202.88,0.0,237875.0,440.5093,0.6259,703.77,0.4079,4.4474,0.8289,8,1541,76,63,0.6168,0.553
drought,23,engine,False,deffb4cbbe457d59b0bf6141e7791d353bf6f762b7c1c7743d10f2ce15925c60,448012.18,0.0,221705.0,410.5648,0.5889,697.19,0.36,4.24,0.8667,15,2421,75,65,0.5576,0.5152
drought,24,engine,False,07609ac948950d5188a0d171d3f638aedbb0e68ec6f72887c05f1286293e2bf3,454619.75,0.0,206480.0,382.3704,0.5519,692.89,0.5075,4.4478,0.9104,13,1975,67,61,0.5171,0.5227
drought,25,engine,False,7724d1e9745d6e343448b6ebc06da325a6eff06b037f36a5e027d78dc8299a4e,453491.37,0.0,222635.0,412.287,0.5981,689.27,0.5616,4.4247,1.0,14,2167,73,73,0.5794,0.5379
drought,26,engine,False,0acc1ced2fcd1b91d88444d059829f80d72296463c5102e370a4656bc030f427,459617.21,0.0,205860.0,381.2222,0.5426,702.59,0.3333,4.4394,1.0455,9,2592,66,69,0.5358,0.4242
drought,27,engine,False,e59db110f53de1a2eaae5395b8fec226b548a35b6137311547ec2bd99b9592bc,443431.72,0.0,212045.0,392.6759,0.5611,699.82,0.3797,3.8354,0.8228,11,2281,79,65,0.567,0.3864
drought,28,engine,False,62b6ab4b2ec47d0abf7ddd5dbeb0a4fb15d81d4a7c6d914673aaad256a3441d6,459915.25,0.0,209100.0,387.2222,0.5648,685.57,0.3662,4.2958,0.9859,12,2268,71,70,0.5421,0.4621
drought,29,engine,False,21c823bd776bcaa22e60ecccbe2c964edb16278d03d5155eddbc50bf7e23f469,450331.14,0.0,215910.0,399.8333,0.5722,698.74,0.4507,4.3521,1.1127,14,2114,71,79,0.5732,0.4242
drought,30,engine,False,43e167b95170d604924890c41e27dcb7494cbcfbfcbb44706a333516dc0dc801,459887.05,0.0,230890.0,427.5741,0.6074,703.93,0.3889,4.5556,1.0694,10,1897,72,77,0.6075,0.4621
drought,1,flat,False,0fa7865317606b04c42cd411ac5a04450bb593d425278d7b2bac007cf91b6f94,457908.92,0.0,242100.0,448.3333,0.5537,809.7,0.3125,4.6719,0.7344,13,0,64,47,0.514,0.4924
drought,2,flat,False,6eda87ff4d5dcf94ac2a1bba79c8eb866385c434a432e15c5b3915dfde29f0b4,448652.23,0.0,219850.0,407.1296,0.4926,826.5,0.4098,4.3607,1.1967,9,0,61,73,0.5452,0.2424
drought,3,flat,False,01d4a4dac4baebc41a356d4ec11934629a77aebfa056f47f606377fb06355863,450273.41,0.0,250300.0,463.5185,0.5593,828.81,0.2727,4.5758,0.697,12,0,66,46,0.6355,0.2273
drought,4,flat,False,3b21805ebf9428d0f670fd0b788b180ccd777277b6b27fa56b5ce47ad0fc0322,455715.13,0.0,221200.0,409.6296,0.5,819.26,0.3651,4.2857,0.9683,16,0,63,61,0.5109,0.3561
drought,5,flat,False,6be19d8fe0437315ca0638641e6d74c09d653deccbc7572da77f5b6b540459fc,448603.62,0.0,231700.0,429.0741,0.5278,812.98,0.375,4.4531,0.7812,8,0,64,50,0.514,0.3939
drought,6,flat,False,fe3880408b594e36946bf4853855799e60697966714dd88d1f6df7a129b3b5ef,468390.47,0.0,271650.0,503.0556,0.613,820.69,0.4286,4.7286,0.7286,12,0,70,51,0.6355,0.4167
drought,7,flat,False,4b9f246c13432e9c8cac629f2d5ea743027abb82bec048c1755af49b5afdcd96,469133.29,0.0,246550.0,456.5741,0.5537,824.58,0.3636,4.5303,0.697,13,0,66,46,0.5794,0.4318
drought,8,flat,False,190b6bd0f85c92b0866640e7dfc6ae912be4650c8ae6a77c48a11d91bcd61a6a,450175.54,0.0,229150.0,424.3519,0.5185,818.39,0.371,4.5161,0.7581,12,0,62,47,0.5202,0.4091
drought,9,flat,False,0382ee5e7067fbf10af8838d069a003d866ec77539d72424a590c64f3e084175,464388.09,0.0,233950.0,433.2407,0.5278,820.88,0.2308,4.3846,1.0308,7,0,65,67,0.5421,0.3939
drought,10,flat,False,6e46855b02b03ffe6e23007f84ad38fb23fd628daa9c8a1f06ba133549e2c39d,458584.23,0.0,261950.0,485.0926,0.5852,828.96,0.4143,4.5143,0.8143,13,0,70,57,0.6262,0.4773
drought,11,flat,False,3e220280b58283720c37a91905b500deba773c14cdf66233e2c0cc4a2be08152,462953.14,0.0,252250.0,467.1296,0.563,829.77,0.3279,4.9836,0.8197,4,0,61,50,0.6262,0.3333
drought,12,flat,False,4161fe59280b91a7491c1f3237067fd428e2826c819c96053eabfc9c1e6c9106,452564.2,0.0,255850.0,473.7963,0.5722,827.99,0.2429,4.4143,0.7429,16,0,70,52,0.648,0.2273
drought,13,flat,False,6107e4d5bd7c8e436b36d1145e915a4e3e9f7e455baf7c5a2a2b5c4eaadeeb00,442747.02,0.0,246950.0,457.3148,0.5648,809.67,0.3692,4.6923,0.6154,6,0,65,40,0.5296,0.4697
drought,14,flat,False,ed88e7418853d4ba156ba813b3aae2e572c09bac39383877f712503a8822149d,468396.28,0.0,242400.0,448.8889,0.5481,818.92,0.3636,4.4848,0.7576,12,0,66,50,0.5545,0.4167
drought,15,flat,False,a307217d7355e79f31d50bac5ec65756f698addc6545b79168165cf9ecfdc078,466459.91,0.0,262200.0,485.5556,0.5889,824.53,0.3143,4.5429,0.8714,15,0,70,61,0.6355,0.3409
drought,16,flat,False,dde73ddf0ee15564be18105fadd49d3bf1e26dc0e8dd2cfb17f44c164c4fd16e,439281.92,0.0,245700.0,455.0,0.5556,819.0,0.3231,4.6154,0.8769,15,0,65,57,0.5732,0.3561
drought,17,flat,False,4ed6f446f002489439c5f4cb1a98d243466b696648f4a44e8defe770fe707391,470970.23,0.0,218350.0,404.3519,0.4963,814.74,0.3103,4.6207,0.8103,11,0,58,47,0.5016,0.2955
drought,18,flat,False,8c6dac5654ad544192daeba9077ae35ac12f9b6afac74ecacc2aa5894b7f08ff,465915.88,0.0,213900.0,396.1111,0.4815,822.69,0.2545,4.7273,0.9818,8,0,55,54,0.5171,0.2576
drought,19,flat,False,e373e8a615bef3a9eada2f53ce208d77887c1646215cf4eacce405bdcef7ee4b,474209.24,0.0,221200.0,409.6296,0.5,819.26,0.45,4.5,0.9167,8,0,60,55,0.5109,0.3561
drought,20,flat,False,6b86ba83c752c11d6c841639488ee721c5766676555cb45135fa73be1805dac7,453899.07,0.0,256550.0,475.0926,0.5796,819.65,0.3582,4.6716,0.6567,9,0,67,44,0.5857,0.4621
drought,21,flat,False,17bfbfc2dc09fe2af2756e6b69af47c8882efe1fb5f7889d50f94c655824d484,445717.87,0.0,258650.0,478.9815,0.5833,821.11,0.3623,4.5652,0.6957,18,0,69,48,0.6044,0.4091
drought,22,flat,False,3359fa934149ba53f88dac954b2413b063018b1ad46df77b56b3f4edaf5b6381,461202.88,0.0,269950.0,499.9074,0.6093,820.52,0.4,5.0615,1.0462,8,0,65,68,0.6168,0.5
drought,23,flat,False,5f718269100540fbda721efe02b2f486e28fa55368d0f9a2795bc859d5eb036e,448012.18,0.0,254150.0,470.6481,0.5759,817.2,0.3714,4.4429,0.9714,13,0,70,68,0.5607,0.5303
drought,24,flat,False,c74d4c4a329d4775cb63426398ea5ce495b4f08c642c3fdde77b62dfbd4542cd,454619.75,0.0,233750.0,432.8704,0.5315,814.46,0.5,4.629,0.8548,11,0,62,53,0.5109,0.4697
drought,25,flat,False,e7b5352f8db6ecf26e21d7d76c0c65d8ac1fd9494b9806fcaadaeec129231d39,453491.37,0.0,245950.0,455.463,0.5574,817.11,0.5556,4.7778,1.0317,15,0,63,65,0.5483,0.4773
drought,26,flat,False,4ea79756f711852480e694a08fcd67ff853c3ab8ae235b8e2bd798c68184dc5c,459617.21,0.0,227900.0,422.037,0.513,822.74,0.2667,4.6167,0.9667,12,0,60,58,0.5389,0.3485
drought,27,flat,False,d4d2e649730f88c0ce0afbb47415655bdebc825c6c295b4339d3b6c189a3ff6c,443431.72,0.0,229800.0,425.5556,0.5148,826.62,0.2899,4.029,0.7391,9,0,69,51,0.5732,0.2348
drought,28,flat,False,bf1d95a3a9ecbbbf4d07878d087a879f639339594e450bd7075ac08f59c740c1,459915.25,0.0,233450.0,432.3148,0.5278,819.12,0.2833,4.75,0.85,9,0,60,51,0.5358,0.3939
drought,29,flat,False,5c45408b630a7517a78695de93db23c1e6e0cafd599fa52494b12fef0a8a2c6b,450331.14,0.0,242700.0,449.4444,0.5426,828.33,0.3871,4.7258,1.0323,9,0,62,64,0.5826,0.4167
drought,30,flat,False,6aaa5fcee9f516302a81c02050630201ccd73100a38c995629dd715e55213750,459887.05,0.0,257300.0,476.4815,0.5815,819.43,0.3636,4.7576,0.9545,8,0,66,63,0.5981,0.3939
drought,1,tool,False,b336b12cb9a697d867383a9c9aa53eee06cc5c9a722b7434e2cbf1b60bf0ef26,457908.92,0.0,218289.81,404.2404,0.4648,869.68,0.3725,4.9216,0.5294,7,0,51,27,0.3738,0.4924
drought,2,tool,False,a524136e646d97ad759f3bfcff9a2691e8c1b95afbc2d91096831ad1100bec37,448652.23,0.0,179550.75,332.5014,0.387,859.09,0.5106,4.4468,1.1702,7,0,47,55,0.3209,0.3333
drought,3,tool,False,f2b06f258f7ed144e6340f9a853f7226cf87636c42f17f20004fc9f54fc15adc,450273.41,0.0,186536.53,345.438,0.3944,875.76,0.2917,4.4375,0.9375,11,0,48,45,0.3801,0.2727
drought,4,tool,False,961935a4fba244a4bd5a494c7e302d646b6cd3a8b9678694c03124d22f6634de,455715.13,0.0,174511.34,323.1691,0.3741,863.92,0.2609,4.3913,0.8261,5,0,46,38,0.3302,0.25
drought,5,tool,False,8c1cd6d02668770f5f0da762823c9f566dc6d3dcfbdc40a4fbf6f23cc5634f1c,448603.62,0.0,186939.7,346.1846,0.4074,849.73,0.54,4.4,0.92,13,0,50,46,0.3302,0.4167
drought,6,tool,False,ed507c17fa7c9302bb0e1f27eb47225fcf5c0ed1e1ed03217fd0b33e8b815156,468390.47,0.0,228005.62,422.2326,0.4815,876.94,0.5789,4.5614,0.9474,11,0,57,54,0.4455,0.3939
drought,7,tool,False,201bcc2847991342b564a1b35ab1f319ab80cc7357f9ff11a2351e40c0764f3c,469133.29,0.0,194481.69,360.1513,0.4093,880.01,0.4043,4.7021,0.7872,8,0,47,37,0.3676,0.3485
drought,8,tool,False,abd514bead9f45fe18a0c2fce95330cd377f629f3d3bc6a52576cabdfc34d5fd,450175.54,0.0,182004.92,337.0461,0.3963,850.49,0.5106,4.5532,0.766,6,0,47,36,0.324,0.4015
drought,9,tool,False,3924c5f01ddaa81e06a3a8b1f5ec0cb4cca840b814176bc6d99fe5f2ffb4f1a2,464388.09,0.0,195583.89,362.1924,0.4185,865.42,0.3922,4.4314,1.0392,5,0,51,53,0.3551,0.4318
drought,10,tool,False,4957bc68fe639272df6d77a5646d5f2df87efb4cb846b4ebd33ed4f1aa84d4cb,458584.23,0.0,207754.69,384.7309,0.4389,876.6,0.4902,4.6471,0.7843,10,0,51,40,0.4268,0.3106
drought,11,tool,False,53b8b8694d112675d94330f1800242467156eb84fa04d2206a66721207b88562,462953.14,0.0,198430.62,367.4641,0.4167,881.91,0.4468,4.7872,0.9362,7,0,47,44,0.4143,0.2652
drought,12,tool,False,b97d244ad501d69e3b318f68205e899f0f8d02b7a5bd872aca7e91c63ed1f420,452564.2,0.0,200218.86,370.7757,0.4167,889.86,0.3542,4.6875,0.8125,7,0,48,39,0.4299,0.2045
drought,13,tool,False,43d6854e34d84d1b947b7e035eb2aee0d43489dfde523d0496d144103a7c34ff,442747.02,0.0,186625.93,345.6036,0.4037,856.08,0.4255,4.6383,0.8511,8,0,47,40,0.3302,0.3864
drought,14,tool,False,b68d7cb3c47853adb1d83ed36b311a4dca5f00e8cc6debc3eeec532c07b6886c,468396.28,0.0,200904.2,372.0448,0.4259,873.5,0.4314,4.5098,0.7255,12,0,51,37,0.3676,0.3636
drought,15,tool,False,8d78deddc6763e0675a902cfa44b07ab42598109da0457a3865ea80a17518d58,466459.91,0.0,208854.38,386.7674,0.437,884.98,0.4,4.72,0.9,6,0,50,45,0.4517,0.2348
drought,16,tool,False,e986c11de76a8afd8178f214a0f72d23a826493e1b512d41b6a37c9b2fe0f9c5,439281.92,0.0,178290.16,330.167,0.3833,861.31,0.3261,4.5,1.0,9,0,46,46,0.3364,0.3106
drought,17,tool,False,101ced241c8fe5b66dd9c46ed8b414b452d8523c4e8bed828606c2c78dc45938,470970.23,0.0,193597.05,358.5131,0.4148,864.27,0.3958,4.6667,0.6042,11,0,48,29,0.3707,0.303
drought,18,tool,False,73dec784a48f43aa5cbae916eac5324a5c24101e5e51fc66b5a330fbae846ee7,465915.88,0.0,162894.81,301.6571,0.3481,866.46,0.359,4.8205,1.0,9,0,39,39,0.3022,0.2424
drought,19,tool,False,b67056d61a494ed6c88ca0cf6445e233f808f8165c9acdcbabb88560170f39ac,474209.24,0.0,174457.56,323.0696,0.3796,851.01,0.4318,4.6591,0.9545,2,0,44,42,0.352,0.3561
drought,20,tool,False,96319b3b052441bdfc8e8b10e1c2ef21d3912a19d42222c9f734a0e962e83b58,453899.07,0.0,192101.27,355.7431,0.4167,853.78,0.4894,4.7872,0.617,7,0,47,29,0.3271,0.4848
drought,21,tool,False,3952269e97bfdd3efd453df7839f4535e0494b7a6e606e57535c41d6f3dc7a2c,445717.87,0.0,190852.08,353.4298,0.4111,859.69,0.42,4.44,0.58,9,0,50,29,0.3364,0.3712
drought,22,tool,False,403ca89e57e14c87fe3a120336164592fbc14a531639787a82d28973a9a2949b,461202.88,0.0,175642.47,325.2638,0.387,840.39,0.5909,4.75,1.3182,7,0,44,58,0.3209,0.4697
drought,23,tool,False,87745015910b1eb75ce28142e007a82a21b93ead09dfd6ce9c54e774bf9e038d,448012.18,0.0,164147.12,303.9761,0.363,837.49,0.5,4.4545,1.2727,10,0,44,56,0.271,0.4545
drought,24,tool,False,ea4361fe92a00bc744f048aa61323a0ad45e2d418eef3ebf20c8bc21c5ba83bc,454619.75,0.0,192634.81,356.7311,0.4222,844.89,0.6087,4.9565,0.9565,7,0,46,44,0.3707,0.3712
drought,25,tool,False,6a904aae14dcf1bd453dd9f862b753c94775e01eb5e9950dbab8bd283049fd11,453491.37,0.0,190811.1,353.3539,0.4185,844.3,0.6122,4.6122,0.9184,8,0,49,45,0.3489,0.4394
drought,26,tool,False,d245cdbacfdbb570dd4873395afcb8ee6baf794384da52f198a97107c45b43fa,459617.21,0.0,166122.1,307.6335,0.3593,856.3,0.3902,4.7317,1.1463,6,0,41,47,0.3302,0.2576
drought,27,tool,False,5629d60877fc8aa0e85472d660fcc73916cbca0ef5572644907f9ca6f69376c4,443431.72,0.0,162295.64,300.5475,0.3481,863.27,0.3617,4.0,0.8511,4,0,47,40,0.3115,0.197
drought,28,tool,False,53790b3f5aaa8cfaddbf56e92745119676d3714e10d259c1bc473a8405ee640b,459915.25,0.0,198257.58,367.1437,0.4278,858.26,0.4423,4.4423,0.7885,7,0,52,41,0.3707,0.3636
drought,29,tool,False,689465147898a38083c05e4224b03a8a4d7786393f8be1638c136b584885a33b,450331.14,0.0,187659.75,347.5181,0.4037,860.82,0.451,4.2745,1.1373,5,0,51,58,0.3676,0.3636
drought,30,tool,False,5667a454038a6aaa6a3bc910b00971ba50a43ef4ca0ffbfe3663242dbf6bd8fa,459887.05,0.0,189311.8,350.5774,0.4111,852.76,0.36,4.44,1.04,6,0,50,52,0.3427,0.4242
early_closure,1,comp_median,False,258f951b543f9a0cffaaea9ccab3dee048d3123f9721f0e40a26c13e09cce9b7,462876.53,0.0,245774.72,455.1384,0.663,686.52,0.3222,3.9778,0.7556,20,0,90,68,0.7414,0.4167
early_closure,2,comp_median,False,56197709e2ffc98099c1051ec07f609f0618d5be6cc95195359f80b1c74dd345,486584.71,0.0,256903.68,475.7476,0.6963,683.25,0.3103,4.3218,0.8046,22,0,87,70,0.7944,0.4318
early_closure,3,comp_median,False,e6a65acfab9a47cd2154f41dbe0379ce2ae72a0a67cb1117009728a876b596c6,472528.34,0.0,239117.76,442.8107,0.6463,685.15,0.2024,4.1548,0.9524,19,0,84,80,0.7321,0.4394
early_closure,4,comp_median,False,3c98a5e660ee00e6d0286bd38b375a25d1a65fb29a9f777d32278143a2dbc5a5,465891.07,0.0,268274.34,496.8043,0.7315,679.18,0.3837,4.593,1.0233,26,0,86,88,0.7882,0.6288
early_closure,5,comp_median,False,359a4896cbd091be04bcd98cf05b631b59c549bc73fba12a221aca6a9fcf1b53,474990.34,0.0,275157.87,509.5516,0.7519,677.73,0.3019,3.8302,0.6038,21,0,106,64,0.81,0.553
early_closure,6,comp_median,False,edf08ce1bd464b68a9657510e03c89ae74ea862f6a3127481fb66a0a340aa1bd,455476.4,0.0,267630.21,495.6115,0.7278,680.99,0.2955,4.4659,0.75,19,0,88,66,0.7508,0.6212
early_closure,7,comp_median,False,aa991bafce3b972522542eb1b174f8c70963f9aec530932fc838927264cbbb25,476322.34,0.0,257424.14,476.7114,0.6963,684.64,0.2,4.4235,0.8706,20,0,85,74,0.757,0.4697
early_closure,8,comp_median,False,bb32e5ef4bbde672b7d8ac178e3554f728d77476b7bf20d14ca3c8bfa758f345,473732.15,0.0,246719.05,456.8871,0.6648,687.24,0.2759,4.1264,0.7471,14,0,87,65,0.7539,0.4091
early_closure,9,comp_median,False,dcf5c1601e49aad9d448575fe31bff54c210199df24c917b688c31fe9b952d94,467983.66,0.0,253003.41,468.5248,0.6889,680.12,0.3656,4.0,0.8387,22,0,93,78,0.7352,0.5379
early_closure,10,comp_median,False,1c78ea73b537894439693c75737b28977d5a9b17148c8a6c97cb7f6e44c2870d,466714.84,0.0,270560.68,501.0383,0.7315,684.96,0.2667,4.3889,0.8889,29,0,90,80,0.8069,0.5076
early_closure,11,comp_median,False,4f08f73d6552761bb7f0407a92ff5e450e8be497341d4256727b41c36503a3b8,473565.32,0.0,254295.38,470.9174,0.6907,681.76,0.375,3.8854,0.9792,31,0,96,94,0.7913,0.4242
early_closure,12,comp_median,False,177f9db575d93f0d05d7346687121df38e11011795696590c1800445f22b425a,475433.57,0.0,273331.89,506.1702,0.7426,681.63,0.3673,4.0918,0.7347,21,0,98,72,0.7975,0.5303
early_closure,13,comp_median,False,3f51ee1802af40d921a6caf0b44b3858eed4aa1f1ea0e56b825bf3ab151d162e,472900.39,0.0,251273.33,465.321,0.6815,682.81,0.2778,4.0889,1.0778,22,0,90,97,0.7632,0.4242
early_closure,14,comp_median,False,f8fd6a52f26367717e0e555a60c9bf61c9b30d199681529f99ef3d20344296eb,465813.95,0.0,272874.22,505.3226,0.737,685.61,0.2747,4.3736,0.7363,20,0,91,67,0.8474,0.4242
early_closure,15,comp_median,False,4411a6fe9d94757afa5be030023488334cde5a8f3f1ec62562a43a8b903aff58,459870.19,0.0,248510.05,460.2038,0.6796,677.14,0.3011,3.9462,0.8172,35,0,93,76,0.7227,0.5303
early_closure,16,comp_median,False,105b23188e28e2dd2e4ef883ae0e5e8a1dca97de3815fcde14119f347356fe81,459753.31,0.0,235797.4,436.6619,0.6444,677.58,0.2706,4.0941,0.9294,16,0,85,79,0.6916,0.4318
early_closure,17,comp_median,False,0916de28b20883b013c14bb4d713f2622a52ebb3d48cc508e7c4177208bf02de,478062.42,0.0,271607.5,502.9769,0.7389,680.72,0.3111,4.4333,0.7444,26,0,90,67,0.8037,0.5379
early_closure,18,comp_median,False,e5a7fdbd43843f6acb897896bead9f6a16ddf4dee09dcd21982b21256969de38,465927.27,0.0,252627.16,467.8281,0.6815,686.49,0.2766,3.9149,0.6489,20,0,94,61,0.7601,0.4621
early_closure,19,comp_median,False,21527daa0c69af14eb29a987ea6319cc23e036b171fb5e9f90f0e62fd47cae16,484859.5,0.0,260762.79,482.8941,0.7056,684.42,0.2472,4.2809,0.8876,14,0,89,79,0.7819,0.5
early_closure,20,comp_median,False,3ba7a5939bf96835f265284e71d35ec4319573462a1cd89b5c6d1163e93dfaae,467218.18,0.0,246848.73,457.1273,0.6704,681.9,0.3371,4.0674,0.9438,25,0,89,84,0.7477,0.3864
early_closure,21,comp_median,False,df5093350845281b05803cc6f947987c83235304d3c71fb6f854b411536e0055,463053.51,0.0,244249.73,452.3143,0.6648,680.36,0.2911,4.5443,0.8734,19,0,79,69,0.7072,0.4621
early_closure,22,comp_median,False,e6d31dc480cb3730567f8600eb209a9eacbab00b2960dd3883030aac6f3cd0a7,469153.6,0.0,254598.64,471.479,0.6944,678.93,0.3297,4.1209,0.7473,26,0,91,68,0.7445,0.553
early_closure,23,comp_median,False,31c2befab28040666b2553f43eae3b2791fe7d9598c5cbe39e5ec55020784999,466993.73,0.0,248195.68,459.6216,0.6704,685.62,0.2471,4.2588,0.9647,19,0,85,82,0.7695,0.3864
early_closure,24,comp_median,False,73c6d23c8fb69e285adaa72a874af3b6812087024e1169f7d987cb1a9060abff,469606.82,0.0,258283.19,478.3022,0.7037,679.69,0.2889,4.2222,0.6778,26,0,90,61,0.7321,0.553
early_closure,25,comp_median,False,01b19fcea0b3713d577c70125c4643fc80a964aea4b79c57620774fda66426de,480921.24,0.0,260772.51,482.9121,0.7037,686.24,0.2317,4.6341,0.8659,23,0,82,71,0.7726,0.5
early_closure,26,comp_median,False,d2534082748cf6f545bc89548cfff3c9f755c53953a60daa53c06cc771392661,474801.23,0.0,269449.15,498.9799,0.7315,682.15,0.2747,4.3407,0.8352,24,0,91,76,0.7975,0.5227
early_closure,27,comp_median,False,388679509cf703ebae16c4ae7e9104aaf142aaf6fee4a4636b3b4631b1d19d56,486928.46,0.0,255743.21,473.5985,0.6944,681.98,0.2842,3.9474,0.7053,19,0,95,67,0.7477,0.5076
early_closure,28,comp_median,False,1b891b2f9075b3c8855aba1731e671fe2035319ff98890e8a35e2a6e34b9f374,478433.05,0.0,249980.18,462.9263,0.6796,681.14,0.2588,4.3176,1.0,27,0,85,85,0.7383,0.4924
early_closure,29,comp_median,False,ac7200913e3b08e6ddc6e89c0d50e38b09334c3a7ed943109f8318d7d5c689bb,461649.65,0.0,252069.68,466.7957,0.687,679.43,0.2588,4.3647,0.8706,25,0,85,74,0.7445,0.447
early_closure,30,comp_median,False,c0a1820295368968ec891b177dc0179a6523767282ab5e037b96369c6eff86dd,477900.81,0.0,269808.73,499.6458,0.7333,681.34,0.3163,4.0408,0.7959,25,0,98,78,0.81,0.5152
early_closure,1,engine,False,62b2daab3ea5e7944438fc0985b8e05fbfc5ee139a30ad550c52af5a27f937f3,462876.53,0.0,233090.0,431.6481,0.6167,699.97,0.3766,4.3247,0.7922,11,2060,77,61,0.6199,0.4773
early_closure,2,engine,False,3b7cd4e8330eb1adee1b1b9f64f999eb4ea2631a74d0622835e31e6fe265294a,486584.71,0.0,254150.0,470.6481,0.6667,705.97,0.3704,4.4444,0.7901,13,2049,81,64,0.6947,0.5076
early_closure,3,engine,False,644212fe0cf5bbf4791e3128af652b994c8a74183e475dacd23c5c3cfcd15acb,472528.34,0.0,245070.0,453.8333,0.6222,729.38,0.3699,4.6027,1.1507,18,2264,73,84,0.6667,0.4318
early_closure,4,engine,False,af318d63a29a80d1c7bd387f698a63a227e4b7d34c29d47976873951aa5cd3a2,465891.07,0.0,220670.0,408.6481,0.6,681.08,0.4722,4.5,1.125,14,2425,72,81,0.5358,0.697
early_closure,5,engine,False,4cc1c9b2f5cf0d60e2e5da82217897c5676959626ef3f37d9c9aecda8fea2b71,474990.34,0.0,250745.0,464.3426,0.6648,698.45,0.3483,4.0337,0.5843,13,1636,89,52,0.6417,0.6288
early_closure,6,engine,False,64de6741a71db6e811e6973f97e768704554220368c87d034a2ffd20171f593e,455476.4,0.0,267365.0,495.1204,0.7056,701.75,0.4651,4.4302,0.6047,24,1773,86,52,0.6791,0.6515
early_closure,7,engine,False,ae58d72bc08b4a16270913802acf9397b6f53fa08af3395ae3e4ae24cb0e0616,476322.34,0.0,222420.0,411.8889,0.6074,678.11,0.2877,4.4932,0.9041,18,1601,73,66,0.5763,0.5379
early_closure,8,engine,False,ad5c02eacc7a29288c90db36fcbb7ab5a7f96e2c39d75103906053905b0a53d6,473732.15,0.0,229500.0,425.0,0.5981,710.53,0.3846,4.141,0.9487,15,1755,78,74,0.6044,0.4621
early_closure,9,engine,False,1422bbb8894fe5d824c7f86457e96456c0a4bd899545d05eb6fcd98c3b33c840,467983.66,0.0,231645.0,428.9722,0.6056,708.39,0.4074,4.037,0.9506,16,1966,81,77,0.6168,0.4924
early_closure,10,engine,False,73e8e7e54859013a62939abd2803889a6942b4a80345b10c099f30a629d9ce2b,466714.84,0.0,223970.0,414.7593,0.5907,702.1,0.3611,4.4306,0.9028,9,2158,72,65,0.5514,0.5455
early_closure,11,engine,False,7e7a533bc01454810449d90f161e4adfe70aa8c17cb31e7af5b4c7a8bd5258bc,473565.32,0.0,229230.0,424.5,0.5981,709.69,0.4684,4.0886,0.8481,20,2180,79,67,0.6106,0.4697
early_closure,12,engine,False,776adb6ac1a8fe0d4c0ad1f5cb6952266b32795fefa74b13ad3f9da04255695a,475433.57,0.0,229825.0,425.6019,0.613,694.34,0.4545,4.2987,0.8701,19,2137,77,67,0.5794,0.5606
early_closure,13,engine,False,172ed6f8574c9df5b737802307ac258841edb46174d0af134d88c392460f13ee,472900.39,0.0,222980.0,412.9259,0.5926,696.81,0.4051,4.0506,1.0633,13,2014,79,84,0.5857,0.447
early_closure,14,engine,False,edb1216122631d5a3b7cb6fd70b74b3c1230133e913c2194c441559a5a5c6c73,465813.95,0.0,252830.0,468.2037,0.6574,712.2,0.3253,4.2771,0.6747,14,2058,83,56,0.6542,0.5
early_closure,15,engine,False,927ea441d6744f1b29e5f71957cdb58aeef2ca0b8cd82fcdc2a6718d9915f61d,459870.19,0.0,249615.0,462.25,0.6481,713.19,0.3704,4.321,0.7901,19,1815,81,64,0.6636,0.5076
early_closure,16,engine,False,cd875fd67e0ad44494083ab87e29e28d681ea1cf4feb3cf3493c50ad5d9add59,459753.31,0.0,220550.0,408.4259,0.5833,700.16,0.4,4.2,0.8933,12,2044,75,67,0.5732,0.4621
early_closure,17,engine,False,3c60dc223f83f899acca043fbccaf00d2c61190c373fe97fc5c0946656c8deb4,478062.42,0.0,240405.0,445.1944,0.637,698.85,0.3784,4.6486,0.8784,21,2078,74,65,0.6106,0.6212
early_closure,18,engine,False,4ff7d6e1ac699f9d8ead4d359973065713af3510de013bab666d607951df8988,465927.27,0.0,244865.0,453.4537,0.6389,709.75,0.3452,4.1071,0.8333,19,1720,84,70,0.6449,0.5379
early_closure,19,engine,False,757a0322df03ddb14424f8a47cbce29409398bf8a8a4c7906361cf29c841e1b8,484859.5,0.0,238530.0,441.7222,0.6185,714.16,0.4198,4.1235,1.0617,13,2033,81,86,0.6168,0.5303
early_closure,20,engine,False,808e8ea52c033a450bbe25b6f125ec8b8af3eab0281824a3e271748faf6ee9d1,467218.18,0.0,228210.0,422.6111,0.6037,700.03,0.4667,4.3467,1.1067,19,1855,75,83,0.6199,0.4091
early_closure,21,engine,False,36126200f1b65ad31c7f74a75ee32a902b5e010eadc2fcbceaec9943d8f7dac0,463053.51,0.0,257720.0,477.2593,0.6815,700.33,0.3544,4.6582,0.6709,17,1706,79,53,0.6854,0.5682
early_closure,22,engine,False,5c6e3388d4a3c9010526e2cda6e35194093aadb177d3d5a56d6a2b8130938387,469153.6,0.0,231680.0,429.037,0.6185,693.65,0.3377,4.3377,0.987,11,1924,77,76,0.6044,0.5455
early_closure,23,engine,False,f2785c3b67c9349278afa57e571cd97a437366486c077c6cec59c8f75e98b847,466993.73,0.0,221635.0,410.4352,0.5722,717.27,0.3506,4.013,0.8961,18,2126,77,69,0.5919,0.4318
early_closure,24,engine,False,5f1cc29dada9ff1d9d0fd0ebc3ef7503df1b8000640ccb4d5b58a376cfc16ae6,469606.82,0.0,230660.0,427.1481,0.6148,694.76,0.36,4.4267,0.8933,20,2301,75,67,0.5919,0.5682
early_closure,25,engine,False,c793882ae4145f5e7f6e9751a2a48a695ab59cd6b692a175d1a311152b80c290,480921.24,0.0,256680.0,475.3333,0.6704,709.06,0.3506,4.7013,0.8182,17,1696,77,63,0.6791,0.6061
early_closure,26,engine,False,86f1a3b3b4fd5a3fd10e2faaf37028436979c01b7340928098b8c3032bfcb873,474801.23,0.0,245905.0,455.3796,0.6426,708.66,0.4474,4.5658,0.9605,15,2057,76,73,0.6542,0.5606
early_closure,27,engine,False,2bd870f27c4c4e3ff16cbb3495dcde78aa854b044682653b0244d223936d250f,486928.46,0.0,229940.0,425.8148,0.6167,690.51,0.3562,4.5616,0.8767,24,2016,73,64,0.5981,0.553
early_closure,28,engine,False,ab5616fbecda225fb913ff7acb509068e691b84bdc56e28aaf40002c169bfeac,478433.05,0.0,229025.0,424.1204,0.6148,689.83,0.4324,4.4865,0.973,14,1647,74,72,0.5576,0.6288
early_closure,29,engine,False,ee463d9b1d0ee50718200065ec213916b0fb8a1ad21890974535eb8ab4eeb776,461649.65,0.0,239525.0,443.5648,0.6259,708.65,0.3151,4.6301,1.0,12,1860,73,73,0.6293,0.4848
early_closure,30,engine,False,2b05d24b9c676e385f38ee1c8b78d725f3b21514264cc6e20ba5e71cfab4e19b,477900.81,0.0,238140.0,441.0,0.6352,694.29,0.4051,4.3418,0.9367,15,1839,79,74,0.6075,0.5833
early_closure,1,flat,False,7b6b3f54eebd12dc1f1b08d43b2df96c4f75261e38e6c755e5e6033f57c3aee2,462876.53,0.0,259650.0,480.8333,0.5815,826.91,0.3521,4.4225,0.7606,10,0,71,54,0.6324,0.3636
early_closure,2,flat,False,a209da65d461e1af38225e89e1366a1ef988758821f7cf14e39223b50a286450,486584.71,0.0,285550.0,528.7963,0.6352,832.51,0.3649,4.6351,0.7432,13,0,74,55,0.7103,0.4242
early_closure,3,flat,False,e86f347bbe36206d6d91bef337ae11b970cc40e9c49da980ab9f9bb373d4ba2f,472528.34,0.0,264250.0,489.3519,0.587,833.6,0.3529,4.6618,1.1029,19,0,68,75,0.6667,0.3561
early_closure,4,flat,False,6b56c1c9682d1ef120d379744ee69573b16cf992a63b43fdda40b2fc609a8f05,465891.07,0.0,250600.0,464.0741,0.5685,816.29,0.4559,4.5147,1.0882,11,0,68,74,0.5452,0.553
early_closure,5,flat,False,1ca3167bd74737fa7edcb6037a50734122d5db426490a35836f7236c84dd6fdb,474990.34,0.0,271150.0,502.1296,0.6111,821.67,0.3077,4.2308,0.7308,10,0,78,57,0.6324,0.447
early_closure,6,flat,False,3decb0b9d8a45f195e76aff5bfd4f33a19e2c7cd1fc70d7107798d2e2f1137c7,455476.4,0.0,289300.0,535.7407,0.6519,821.88,0.3836,4.8219,0.6438,17,0,73,47,0.6667,0.5303
early_closure,7,flat,False,19a1a39154020ee6bc2f2f43301d77b552a2b4777149f4eeb34dadf54580e550,476322.34,0.0,255800.0,473.7037,0.5815,814.65,0.2353,4.6176,0.8382,11,0,68,57,0.5732,0.4318
early_closure,8,flat,False,f4b3de1c0161a1bec3038905003feee21b16b760db8545f7a81185a24f67ab21,473732.15,0.0,252000.0,466.6667,0.5648,826.23,0.3333,4.4203,0.8841,12,0,69,61,0.6137,0.3409
early_closure,9,flat,False,0118759fde401de062fa6f7393f7c26c37456295b5a46f353d79a385283fdf46,467983.66,0.0,255500.0,473.1481,0.5741,824.19,0.3514,4.1892,0.8514,13,0,74,63,0.6044,0.4167
early_closure,10,flat,False,aa78fbb0d0651743ea5c16ce241f4aae1672bc6336adbd2e6dd280a3ab9a7cce,466714.84,0.0,253700.0,469.8148,0.5778,813.14,0.3333,4.5217,0.8696,12,0,69,60,0.5483,0.5227
early_closure,11,flat,False,9a883baaa95dd5152e6c27c66bf59393c95985e9bcb433e0933c31e37c23890d,473565.32,0.0,244150.0,452.1296,0.55,822.05,0.4179,4.4328,0.9104,14,0,67,61,0.5794,0.3485
early_closure,12,flat,False,c1a80dd39187c948429f7fcb3ddd2ca5e4ef5516f55644d58e814a0073c18160,475433.57,0.0,250050.0,463.0556,0.5648,819.84,0.4493,4.4203,0.8841,12,0,69,61,0.5794,0.4015
early_closure,13,flat,False,1e7a2a8c9aa91f90b64e85d7ce6bcd5d9a51835b8d60bd3c505c04c1d3affe9c,472900.39,0.0,245500.0,454.6296,0.5537,821.07,0.3857,4.2714,1.0429,8,0,70,73,0.5826,0.3333
early_closure,14,flat,False,b116de9915ea69b0a3b9f33fa578ceaddcdcb45b6cd3728bbdb298f284eab130,465813.95,0.0,260100.0,481.6667,0.5815,828.34,0.2319,4.5507,0.8696,10,0,69,60,0.6417,0.3409
early_closure,15,flat,False,a182eae34c550af52185123626447a1c2f692ab83c85dd3f76cac5fd45d4d6fa,459870.19,0.0,271250.0,502.3148,0.6093,824.47,0.3467,4.3867,0.8,19,0,75,60,0.6417,0.447
early_closure,16,flat,False,17cefa48ead98994a686e11e552d6b343459a7fa25f5a791ceb0afd62c8dc9f0,459753.31,0.0,236800.0,438.5185,0.5333,822.22,0.2951,4.7213,0.9016,10,0,61,55,0.5732,0.2727
early_closure,17,flat,False,273e7c3dc66507eff94923fabe787f6430eddb0693a1d1ae074fd344a0358b19,478062.42,0.0,266450.0,493.4259,0.6019,819.85,0.3529,4.7794,0.9265,18,0,68,63,0.6106,0.4697
early_closure,18,flat,False,c2a6b16c37e9e1ce8ffc4eabc52fc1249478ba73e302f7505324da6a8113ee66,465927.27,0.0,266150.0,492.8704,0.5963,826.55,0.2778,4.4722,0.7083,10,0,72,51,0.6386,0.4242
early_closure,19,flat,False,9a962fac51382b54f2cc782e64525367571ee68d9782716cde71768800a41bb9,484859.5,0.0,259700.0,480.9259,0.5852,821.84,0.4028,4.3889,1.0694,11,0,72,77,0.5981,0.4773
early_closure,20,flat,False,d50b77e900e539d77c61d994f2ec395b3727e8a87a90b8abd38696a6900bf49a,467218.18,0.0,247850.0,458.9815,0.5537,828.93,0.4615,4.6,1.2154,14,0,65,79,0.6106,0.3409
early_closure,21,flat,False,6b87e474c5cb229acfa4b99c74cf7eb4791f2da400f93aa500880329a83e20a0,463053.51,0.0,289000.0,535.1852,0.6481,825.71,0.3333,4.8611,0.7083,17,0,72,51,0.6978,0.4167
early_closure,22,flat,False,b1db0f2f8ca7b05216db0d00fa9b15c8ec30287d3d473c2034379774277deb83,469153.6,0.0,247050.0,457.5,0.5556,823.5,0.3134,4.4776,1.0,8,0,67,67,0.5888,0.3636
early_closure,23,flat,False,4cca89ffe15839fe15801012809b818efff74068c7bca2a01fc0c8decafb3d78,466993.73,0.0,247550.0,458.4259,0.5574,822.43,0.3239,4.2394,0.8169,12,0,71,58,0.5857,0.3712
early_closure,24,flat,False,0ca7cd1d5f33b09f61117acac675082e1187f0f0af45b745565d1ebce6ea4a17,469606.82,0.0,266900.0,494.2593,0.6056,816.21,0.338,4.6056,0.8028,19,0,71,57,0.595,0.5
early_closure,25,flat,False,b6fb4d8551e456a2afe3493c2f97e894547433cad4ab23afa64f6680d3371207,480921.24,0.0,295550.0,547.3148,0.6648,823.26,0.3151,4.9178,0.8356,16,0,73,61,0.6854,0.5455
early_closure,26,flat,False,cd3fd5e9f95d30e018c3a5cae30c78f31f46ccd53f3a948982a7510640e214c7,474801.23,0.0,280450.0,519.3519,0.6315,822.43,0.3571,4.8714,0.9143,16,0,70,64,0.6542,0.4773
early_closure,27,flat,False,ef1eec4ae4191749056f5c7aa66fb6e8e8598c2b5f9df1653b1a3288d8dc6a3d,486928.46,0.0,276500.0,512.037,0.6259,818.05,0.3889,4.6944,0.7639,24,0,72,55,0.6231,0.5152
early_closure,28,flat,False,998e03fa481e48c2e7cc5144d0ff6f0a8e2f96a2f7cdfa77846f01f4de7adcfc,478433.05,0.0,241900.0,447.963,0.55,814.48,0.3492,4.7143,1.0,14,0,63,63,0.5327,0.4621
early_closure,29,flat,False,04aad568ddbd1459f009ac81adcd1544f8f36f46cb60f4e2b6111df284047655,461649.65,0.0,267500.0,495.3704,0.6037,820.55,0.2941,4.7941,1.0,13,0,68,68,0.6293,0.3864
early_closure,30,flat,False,a1d09bab1c5d637247945d03322349b78cce23386bed0b720228036db77ed211,477900.81,0.0,256300.0,474.6296,0.5778,821.47,0.3857,4.4571,1.1143,8,0,70,78,0.5981,0.4167
early_closure,1,tool,False,3d79772860a7fb314cc065ba1747ec0b9cda653bd42a688afd88ce6b7097d390,462876.53,0.0,199622.47,369.6712,0.413,895.17,0.3878,4.551,0.8163,4,0,49,40,0.3894,0.2727
early_closure,2,tool,False,70b5af43ccd778972a3d9ab5b84e3bcc189cdee428c3a43c4397f9500a69029b,486584.71,0.0,210075.27,389.0283,0.4352,893.94,0.434,4.434,0.7547,9,0,53,40,0.4237,0.3409
early_closure,3,tool,False,a37566e22e573a42edc779c0ea5a4388b93f6f789870887e6655dbacad5f9a11,472528.34,0.0,235139.4,435.4433,0.4833,900.92,0.3725,5.1176,0.7647,11,0,51,39,0.4704,0.3409
early_closure,4,tool,False,0060fdaf6f13481eb6d9bbd1fb912f4a42ee302a450d72e0f09d2d75990a38ff,465891.07,0.0,195553.11,362.1354,0.4259,850.23,0.5098,4.5098,0.8824,6,0,51,45,0.3583,0.4697
early_closure,5,tool,False,ab9bb162bccf19479b97eee2e2687620cc3a6cfbea2453e92327131ccb845a22,474990.34,0.0,223353.36,413.6173,0.4722,875.9,0.4407,4.322,0.678,12,0,59,40,0.4361,0.4167
early_closure,6,tool,False,2adbd275e4d811621bbc3e4f6604f73634fcc8633ac9c21a630acd009544ed90,455476.4,0.0,195883.49,362.7472,0.4333,837.11,0.4583,4.875,0.9583,6,0,48,46,0.3645,0.447
early_closure,7,tool,False,a3c8e429993dcf5b183d5891201326b2c2cd338a47a0daa0a721def4726dcbe3,476322.34,0.0,181266.97,335.6796,0.387,867.31,0.3261,4.5435,1.0435,2,0,46,48,0.2991,0.3788
early_closure,8,tool,False,ef9fa1ecab7798afff6ff001e8eba4810eedaa21d38fdd94ec294b0be81d98d1,473732.15,0.0,221807.31,410.7543,0.463,887.23,0.3585,4.717,0.9811,5,0,53,52,0.4579,0.3409
early_closure,9,tool,False,7f6d7fd1a48b45ff24e9a36858e709175443b84bfca826f2530667e920e7eb41,467983.66,0.0,202576.48,375.1416,0.4241,884.61,0.4182,4.1636,0.8182,5,0,55,45,0.405,0.3333
early_closure,10,tool,False,160e85ce78804e1bb4aa1c98669419de86d066068d059a09075d97b02d5453f6,466714.84,0.0,207198.31,383.7006,0.4426,866.94,0.4231,4.5962,0.9038,10,0,52,47,0.3832,0.4545
early_closure,11,tool,False,46fb84209cc60a26b902168323e3bc708cc563d013f4f2e3c2dc071bed910f92,473565.32,0.0,193932.68,359.1346,0.4167,861.92,0.4182,4.0909,0.9818,10,0,55,54,0.3956,0.3409
early_closure,12,tool,False,9b30ecc419554197900e1840fbb6d7082cdf751e3a6ca731cd72748f4638764e,475433.57,0.0,184762.55,342.1529,0.3981,859.36,0.4375,4.4792,0.9375,3,0,48,45,0.3146,0.3636
early_closure,13,tool,False,8c330ef7904a6bfbe73ca884de2dac6e6d47b4aac5d7b76f795287735d9a947d,472900.39,0.0,204479.28,378.6653,0.4259,889.04,0.4364,4.1818,1.1455,3,0,55,63,0.4081,0.3485
early_closure,14,tool,False,c16e0f9718cd47005b760834302a4e857776a8128402d0c22900355827a37140,465813.95,0.0,208435.86,385.9923,0.4352,886.96,0.3,4.7,0.76,10,0,50,38,0.4112,0.3333
early_closure,15,tool,False,8e454c61f3abd447389d1480f9b29f3ceca2327a8e7e568306635792aa8f6954,459870.19,0.0,175613.79,325.2107,0.3778,860.85,0.4565,4.4348,1.1957,5,0,46,55,0.3364,0.3485
early_closure,16,tool,False,c43824300db0f6709bc5001229762ea198ea6ea4d1150cbdbe582d7ef14cf0a3,459753.31,0.0,191420.19,354.4818,0.4019,882.12,0.3478,4.7174,1.0435,6,0,46,48,0.3738,0.2879
early_closure,17,tool,False,d243caa21c331b66ea808a7754040c66c6c17ba43fcaf1c728c2203863ebf67b,478062.42,0.0,204776.21,379.2152,0.4389,864.03,0.4615,4.5577,1.0192,8,0,52,53,0.3427,0.4924
early_closure,18,tool,False,52b8bff394bea20a3f3f47560da783edc7e0fa93e3267c1daa5d828af8089c0a,465927.27,0.0,200416.03,371.1408,0.4259,871.37,0.3148,4.2593,0.5926,12,0,54,32,0.3956,0.2879
early_closure,19,tool,False,0c73a80f031a8332c5f71b91918fde8ea750d0e7d2cd64867d2f06e4c926c327,484859.5,0.0,230438.09,426.7372,0.4778,893.17,0.5424,4.3729,0.8475,7,0,59,50,0.4579,0.4167
early_closure,20,tool,False,253d0b26d745b449731e91e22457570686cbd3d3a3f2178c7d0bb803beddd31d,467218.18,0.0,180471.91,334.2072,0.3833,871.84,0.5217,4.5,1.2609,5,0,46,58,0.3645,0.2652
early_closure,21,tool,False,8237bb1bd2707a753b7557e6e3f8d51c061a430426e3e1613a95ea19fcec781d,463053.51,0.0,197780.87,366.2609,0.4278,856.19,0.4808,4.4423,0.7692,7,0,52,40,0.3707,0.3712
early_closure,22,tool,False,e95fd11ac5176c4b5fe3803a274f3c3c3dbcad433a9979b6e507d4d16ebf8563,469153.6,0.0,222904.44,412.786,0.4667,884.54,0.5,4.6667,0.8148,8,0,54,44,0.4299,0.4015
early_closure,23,tool,False,495a020fba9112a7f967ffa1489ec468e8d204fe128095a75edcef41e3448e1f,466993.73,0.0,216405.26,400.7505,0.4574,876.13,0.3818,4.4909,0.7818,7,0,55,43,0.4206,0.303
early_closure,24,tool,False,faab19224346f9b49f52eb564e4d1f638f0f48eaac1154bdaf50ae6c888c51a2,469606.82,0.0,217722.37,403.1896,0.4574,881.47,0.4,4.94,0.9,6,0,50,45,0.3988,0.4242
early_closure,25,tool,False,09cc30e220ed4af65b2ad08222c9d4e47e0c58be7c7cb33ed353c03493af43dd,480921.24,0.0,240641.42,445.6323,0.5056,881.47,0.4464,4.875,0.6964,7,0,56,39,0.4174,0.5909
early_closure,26,tool,False,5a143bed4d1a935f594396b4882bbc340093c69aeab4cebaf5a6cb0b9624db75,474801.23,0.0,221927.23,410.9764,0.4667,880.66,0.4035,4.4211,0.9298,12,0,57,53,0.4237,0.3712
early_closure,27,tool,False,ae485ab3a1b6bee4fcca8d2c27ed6bf64d708f828401a66792d90d21191f465e,486928.46,0.0,237327.2,439.4948,0.5,878.99,0.4746,4.5763,0.7627,16,0,59,45,0.433,0.5303
early_closure,28,tool,False,18f639673a50d3238e4c901adfe98e3807267131abe5411f67db9160fb5a85ed,478433.05,0.0,169987.27,314.7912,0.3759,837.38,0.4043,4.3191,1.0851,9,0,47,51,0.3115,0.4091
early_closure,29,tool,False,7280631bb9acc71699766fc23a729553be744dd3bde4d972b67c4b8a39c0f30b,461649.65,0.0,206242.45,381.9305,0.4352,877.63,0.3265,4.7959,0.8776,8,0,49,43,0.3925,0.3409
early_closure,30,tool,False,342ac5548d9106639d0cf8d3de169ca453c819991a3cf34b55de70ef13439ba6,477900.81,0.0,211539.67,391.7401,0.4556,859.92,0.4727,4.4727,0.9091,6,0,55,50,0.4268,0.3864
holiday_shift,1,comp_median,True,595d0cc487e3f5f72fa3a7b3db1a9d3abe6cc693c0720d99fb7bcc330f4541be,475901.28,0.0,246949.83,457.3145,0.6685,684.07,0.2683,4.4024,0.8659,25,0,82,71,0.729,0.4773
holiday_shift,2,comp_median,True,e6730df84390a403b07d074429e937b8a066b7e114258523f8343dc7175a1814,456356.51,0.0,259750.52,481.0195,0.6981,688.99,0.25,4.2841,0.9545,24,0,88,84,0.8037,0.3788
holiday_shift,3,comp_median,True,c2357ff78d7a2d6ca41f297835fef5ae8cb92962b3671839314e33f7540dfca1,473753.94,0.0,261331.12,483.9465,0.7093,682.33,0.3483,4.3034,0.809,28,0,89,72,0.7944,0.4318
holiday_shift,4,comp_median,True,f075817dcd55486bbc79efc04cac3b9d35e63933c110b001f3483cfb637383ae,464436.4,0.0,267324.77,495.0459,0.7315,676.77,0.2717,4.2935,0.8261,26,0,92,76,0.7601,0.5076
holiday_shift,5,comp_median,True,373f839bae51c678a10c8821e2a2442f19b21591500158873dcefd8976c84c3e,470362.38,0.0,256042.86,474.1534,0.6926,684.61,0.2841,4.25,1.0341,18,0,88,91,0.7757,0.4318
holiday_shift,6,comp_median,True,0c56d2eee76b4900ec2a005e22d7506577fddb13780978a405dec2712550e1cf,467181.8,0.0,266400.95,493.3351,0.7204,684.84,0.3,4.3222,0.8333,19,0,90,75,0.8162,0.4015
holiday_shift,7,comp_median,True,9a27a7c47ef45925544459e2a282428d33a0528c674ac17d98f63076e2425806,462175.39,0.0,248215.42,459.6582,0.6778,678.18,0.2841,4.1591,0.8864,19,0,88,78,0.7009,0.5
holiday_shift,8,comp_median,True,d56399559e94d250d9ff91cf805ed1c864c68cfc48c9f638e6e2f3476d057957,470111.63,0.0,273826.02,507.0852,0.7407,684.57,0.3125,4.1667,0.7083,23,0,96,68,0.81,0.553
holiday_shift,9,comp_median,True,892cf1c115a5739de69d342f91ce841ccf6c8997c331d74db2af8fd4cf85c05b,469654.96,0.0,268841.35,497.8544,0.7315,680.61,0.3505,4.0722,1.0,20,0,97,97,0.785,0.5303
holiday_shift,10,comp_median,True,a6a28d39b4922e923e1600afedb46a71263f8d6fda146c2da26c1ab6a3dc7e2e,475265.81,0.0,253745.45,469.899,0.687,683.95,0.3103,4.2644,1.023,28,0,87,89,0.7601,0.447
holiday_shift,11,comp_median,True,612a5e51fba8b55a6ea7e1fb633fe19743609414d2e329d0c5853804a9cca02c,470994.92,0.0,261477.33,484.2173,0.7111,680.93,0.2857,3.9184,0.7347,21,0,98,72,0.7352,0.5682
holiday_shift,12,comp_median,True,d0c599910905083273ffb326084cbe6bea2cd46bc14ac3d3a3716ce550ec69fa,458498.8,0.0,268759.24,497.7023,0.7278,683.87,0.3465,3.8911,0.9703,24,0,101,98,0.81,0.5303
holiday_shift,13,comp_median,True,9bf2d440e555579a119016e105c9737f42d3f9f418c0322c4fa8897755bbf153,480738.13,0.0,263683.41,488.3026,0.7148,683.12,0.2826,4.1957,0.7609,20,0,92,70,0.7695,0.5227
holiday_shift,14,comp_median,True,79b91da7d9c9b96f43c7e9662def0ded1fe4c85aa690619a7bcffc377fee9a49,476589.91,0.0,250283.26,463.4875,0.6741,687.59,0.3146,4.0899,1.1236,23,0,89,100,0.7632,0.3788
holiday_shift,15,comp_median,True,e975781987643bbe729952547ff549dfbbbb675bc5c0932dec4fc7292916e3ec,467905.29,0.0,248365.46,459.936,0.6741,682.32,0.3068,4.1364,0.8068,24,0,88,71,0.7414,0.5
holiday_shift,16,comp_median,True,d6f5921ac4e6fc787e499f18e451394600e52fca1222782c90b90723eebcf90c,488838.41,0.0,265757.5,492.1435,0.7167,686.71,0.2857,4.2527,0.7802,23,0,91,71,0.7944,0.5076
holiday_shift,17,comp_median,True,5c47a512507c45c6eefa96e1e578bc832e1334c26bf20d973461b61151f617b0,467882.73,0.0,264133.91,489.1369,0.7185,680.76,0.2644,4.4598,0.6667,24,0,87,58,0.7664,0.5303
holiday_shift,18,comp_median,True,660bfc90a40bff3fef367ba1e65081a732e5ddf90e6d83b6dc857e2c77ebf9dc,464677.44,0.0,253292.01,469.0593,0.687,682.73,0.2584,4.1685,0.8202,15,0,89,73,0.7601,0.4394
holiday_shift,19,comp_median,True,d33a34cfb4587de063b7228c6d869391702a1d65ce94ff17fc35ae32eb53f656,477192.18,0.0,250574.19,464.0263,0.6815,680.91,0.3103,4.2299,0.9655,17,0,87,84,0.7103,0.5455
holiday_shift,20,comp_median,True,549a878f982ba0c8c826a60e4d601b0c3d19c2812e29039219141fd52527fc08,460239.58,0.0,268600.34,497.408,0.7296,681.73,0.3579,4.1474,0.8316,28,0,95,79,0.7913,0.4697
holiday_shift,21,comp_median,True,3ea41f16e0376f33dae6e0670cdec552bd52ae9f37ad8b9762c0b57e5f8e0381,470371.93,0.0,267772.02,495.8741,0.7241,684.84,0.3469,3.9898,0.9796,25,0,98,96,0.7788,0.5227
holiday_shift,22,comp_median,True,01bcd431b7ce1f57e9cde4c7715653a402050898f77b9efec5878f676059e8b1,471191.1,0.0,253865.28,470.1209,0.6889,682.43,0.3182,4.2273,0.9659,23,0,88,85,0.7975,0.4015
holiday_shift,23,comp_median,True,55106eb34ace19fda544820862c4c42a378432e3c8a03d36412c00e5259910ec,469017.05,0.0,263878.38,488.6637,0.7185,680.1,0.3263,4.0842,0.8211,20,0,95,78,0.785,0.5227
holiday_shift,24,comp_median,True,6fa8b52453788295337d170e8da9e88d6d1a3b93ebe4b7d8f4dc729abadbcf2e,474838.24,0.0,265091.61,490.9104,0.7204,681.47,0.236,4.3708,0.7865,24,0,89,70,0.7726,0.5152
holiday_shift,25,comp_median,True,ccd0a38c84165a71c8c483de4d66f2d57f6069b2c0b96fdd7d0d48f77262cf32,482871.19,0.0,243339.53,450.6288,0.6593,683.54,0.2892,4.2892,0.8795,12,0,83,73,0.7477,0.3939
holiday_shift,26,comp_median,True,70f7cde381b86cc227551132d06b03ab8855b2ecdb05ad02602527806d26af44,472196.65,0.0,257078.83,476.0719,0.6963,683.72,0.2444,4.1778,0.7778,24,0,90,70,0.7882,0.4318
holiday_shift,27,comp_median,True,51655634b2af8e6b377ab09cc7fef30668a07b4765b4ae11dc638ad576512d74,471395.16,0.0,254962.99,472.1537,0.6907,683.55,0.3372,4.3372,0.9884,29,0,86,85,0.7664,0.4167
holiday_shift,28,comp_median,True,db4de9de1bbfeaec4b0bd6cc7b7ed22d5851d78cba82a9d605f0be27181c1cbf,464304.09,0.0,251748.58,466.2011,0.6796,685.96,0.3111,4.0778,0.7667,16,0,90,69,0.7726,0.4242
holiday_shift,29,comp_median,True,659e91e11b028924ae9a726c8fd9f5507daace087999a1342c0e6a474ef8bbdc,470457.75,0.0,247700.53,458.7047,0.6741,680.5,0.3218,4.1839,1.1379,18,0,87,99,0.7259,0.4773
holiday_shift,30,comp_median,True,684ad401a5ad4b2071321134bf75062027362a3da8b80a33c19c706d45f0f200,455879.17,0.0,241139.75,446.5551,0.6574,679.27,0.321,4.3827,1.0988,23,0,81,89,0.7196,0.4773
holiday_shift,1,engine,True,d1b156bd98069c26f0069a4be9636932a078f3e22460bb070109986a18dd88d2,475901.28,0.0,242840.0,449.7037,0.6296,714.24,0.3462,4.359,0.7436,19,2120,78,58,0.6636,0.4697
holiday_shift,2,engine,True,279b357eaddaca54b80a9f9c7e74cdc52819c14ddcf05b0200c77448eb6f8890,456356.51,0.0,236265.0,437.5278,0.6185,707.38,0.3158,4.3947,0.8553,17,2116,76,65,0.6449,0.4242
holiday_shift,3,engine,True,8c37316d5fbacb05db512e13fd2c09bedd66d1055843fe39748481d9edfeb3bc,473753.94,0.0,249800.0,462.5926,0.6444,717.82,0.4156,4.5195,0.8571,21,1590,77,66,0.6667,0.447
holiday_shift,4,engine,True,ecb1b5d00b258214e39e9c7c672d2f2d4e62bc7eb770b4901dff2a0718fd9287,464436.4,0.0,240790.0,445.9074,0.6444,691.93,0.3293,4.2439,0.6829,19,2308,82,56,0.6293,0.5076
holiday_shift,5,engine,True,1cd7c580399aa1facb0fe46a5b77fda7f55bbea439cdf28cc7f32eb07912ecd7,470362.38,0.0,244815.0,453.3611,0.65,697.48,0.3827,4.3333,0.9136,15,1872,81,74,0.6604,0.4848
holiday_shift,6,engine,True,7ed5c4c3dd59bea6e8ef15654129950edaa8a0ac842e999497cb02bbf88b6ee8,467181.8,0.0,234140.0,433.5926,0.6259,692.72,0.4051,4.2785,0.8608,13,2051,79,68,0.6137,0.4924
holiday_shift,7,engine,True,c47874da86417c051e0666fadda9e9f7764365a3389b565bd187b3a6386ca091,462175.39,0.0,229580.0,425.1481,0.6185,687.37,0.4359,4.2821,0.8205,17,2429,78,64,0.5919,0.5606
holiday_shift,8,engine,True,0d911c0049888e4a6b90ccae4f54efbd7f03f0aa33fed0e22a719cebaa0dc384,470111.63,0.0,256645.0,475.2685,0.6759,703.14,0.4118,4.2941,0.7294,19,1935,85,62,0.6573,0.6061
holiday_shift,9,engine,True,eda23b6c73da27292ff0e06ffa9198670f7b9d9b5a781645548be427930aa81a,469654.96,0.0,237040.0,438.963,0.6222,705.48,0.3718,4.3077,1.0,19,1884,78,78,0.6199,0.5227
holiday_shift,10,engine,True,9de614ead207461b911f1e704add1733457b3f68c2207614adaa24f3b0430c71,475265.81,0.0,238925.0,442.4537,0.6259,706.88,0.3158,4.4474,0.9605,20,2200,76,73,0.6324,0.4848
holiday_shift,11,engine,True,6b406ecf2f50d12e9ffc1e2b6e569c81c04659b2fb9fba45b33fcb12293d393f,470994.92,0.0,234085.0,433.4907,0.6333,684.46,0.3457,4.2222,0.8272,11,1906,81,67,0.5888,0.5833
holiday_shift,12,engine,True,1a1c1f83f27c87cf2bb0b4db5661c3b25f47c610233363295fd509cb340f56b8,458498.8,0.0,246515.0,456.5093,0.6444,708.38,0.4,4.0941,1.0824,15,2077,85,92,0.6604,0.5379
holiday_shift,13,engine,True,0cf88e7222281c1aae560f933d68e3ba66ddaf877e44e0d3d0d074e30f1c3b66,480738.13,0.0,237695.0,440.1759,0.6333,695.01,0.3293,4.1707,0.6341,19,2279,82,52,0.6075,0.5758
holiday_shift,14,engine,True,f4a1832f5e9e6002acbfeb7a88d6519d29450c24c6b900c79705afc7c5f34fc5,476589.91,0.0,262190.0,485.537,0.6833,710.54,0.3977,4.1932,0.8864,27,1619,88,78,0.7165,0.5303
holiday_shift,15,engine,True,43fdbffcacab9e22ae84141c07b120405d745fbd4db8ff57a460b56f777b895b,467905.29,0.0,254155.0,470.6574,0.6593,713.92,0.3671,4.5063,0.8101,21,2069,79,64,0.6667,0.6136
holiday_shift,16,engine,True,590a1cefce6499f4c1ac25e26f8c9df064905627b0b8c1c74940bf6b9f723a19,488838.41,0.0,234230.0,433.7593,0.6259,692.99,0.3827,4.1728,0.7654,19,1937,81,62,0.595,0.5682
holiday_shift,17,engine,True,ab3b96b9eec17a8ee21ea0a3db680276c1c1784238ab36baa6e53c2a91330268,467882.73,0.0,236625.0,438.1944,0.6222,704.24,0.359,4.3077,0.8974,17,2015,78,70,0.6106,0.5076
holiday_shift,18,engine,True,87364890173069845fc7e77c554f7a97d05a901e233d4333812626edfdaae103,464677.44,0.0,239730.0,443.9444,0.6315,703.02,0.35,4.2625,0.5375,18,1914,80,43,0.6137,0.5682
holiday_shift,19,engine,True,552927dbbcfac34febc79102a6a87d26eca0d645cfd364a7b599896ffdf62614,477192.18,0.0,243725.0,451.3426,0.65,694.37,0.4,4.1294,0.7882,23,2415,85,67,0.6231,0.5833
holiday_shift,20,engine,True,0cb8634aad8a1150bed578c91320f8435e6cb508ac85317fb1e8fb528146f27a,460239.58,0.0,244945.0,453.6019,0.6407,707.93,0.4375,4.325,0.9375,20,1763,80,75,0.6417,0.5152
holiday_shift,21,engine,True,b4267f6508f162b1bad5b5c49a5019e2a4f575e8e0b226c2652a761edd0ed553,470371.93,0.0,239745.0,443.9722,0.637,696.93,0.4828,3.954,0.9425,16,2425,87,82,0.6293,0.553
holiday_shift,22,engine,True,f34cd436ac3e23d55c962475f6fae9976287846131c2a0db2a9d33d2293578a0,471191.1,0.0,217795.0,403.3241,0.5833,691.41,0.3803,4.4366,1.0141,13,1890,71,72,0.5763,0.4621
holiday_shift,23,engine,True,1a74c5e76a81fb4128d7d975f609c77c90f1f840c453b00cc80076ff8bdc8622,469017.05,0.0,257425.0,476.713,0.6796,701.43,0.3908,4.2184,0.7816,19,2015,87,68,0.6791,0.5379
holiday_shift,24,engine,True,dcb679af0fc6c197598644d4937b64c1f0c8cb3c89eec35f011746d99a83e71e,474838.24,0.0,257935.0,477.6574,0.6796,702.82,0.2907,4.2674,0.6163,20,1712,86,53,0.6947,0.4848
holiday_shift,25,engine,True,0306f988aafee65a4676235a7c902c7c8655dd0a4b02ae2cbd4f4ffb0aaa263c,482871.19,0.0,232515.0,430.5833,0.5889,731.18,0.2429,4.5429,0.9857,15,1779,70,69,0.6293,0.4091
holiday_shift,26,engine,True,bb022db669d999f5b978624307affe6fbba769ff76572972259c7ff99ebfce9f,472196.65,0.0,253135.0,468.7685,0.6519,719.13,0.3544,4.4557,0.8228,14,2322,79,65,0.6791,0.5152
holiday_shift,27,engine,True,137af8e054ed1c1cbb7442074d5a92669423a8073f4005f1de7b555b89958fee,471395.16,0.0,244810.0,453.3519,0.637,711.66,0.3846,4.4103,0.9231,14,1807,78,72,0.6604,0.4773
holiday_shift,28,engine,True,588b2b42a40de1477794e6eb8934330f303afb7d92e3f790e08dd69b57dcecea,464304.09,0.0,232520.0,430.5926,0.6185,696.17,0.4217,4.0241,0.7831,13,2157,83,65,0.6012,0.5379
holiday_shift,29,engine,True,5a921a83e7444b52c7b11ba5e2a3db00c611665a44dfb0ab3b0fe0c9ec313854,470457.75,0.0,221580.0,410.3333,0.5815,705.67,0.3699,4.3014,1.0,17,1920,73,73,0.5857,0.4545
holiday_shift,30,engine,True,5c7f1a02054e799c0743943e5472223e3a769467fb0109ee09331bad026f96a4,455879.17,0.0,206680.0,382.7407,0.5741,666.71,0.3944,4.3662,0.8732,15,2187,71,62,0.5296,0.5303
holiday_shift,1,flat,True,b849e92a1b9fdf65dbb1479070a19a3d9336b3d467930f4375331e92fbc69cf8,475901.28,0.0,274250.0,507.8704,0.6148,826.05,0.3243,4.4865,0.6486,15,0,74,48,0.6573,0.4318
holiday_shift,2,flat,True,c1528313af5d916058a87b7d2b0ef6a8925eb15c90857aefe5591081a0f4d6c6,456356.51,0.0,264050.0,488.9815,0.5926,825.16,0.2714,4.5714,0.8,19,0,70,56,0.6449,0.3258
holiday_shift,3,flat,True,30ce0e09d7425ed26085a2694950eb6dd278b623b002b47eba974f761d326467,473753.94,0.0,273750.0,506.9444,0.613,827.04,0.3803,4.662,0.8028,15,0,71,57,0.6667,0.3864
holiday_shift,4,flat,True,74bee400d4981106dfa0e03b5925be041b1f8d0c51e5e480f92c1dec7bb6ea5b,464436.4,0.0,275200.0,509.6296,0.6241,816.62,0.2821,4.3205,0.6026,17,0,78,47,0.6324,0.4091
holiday_shift,5,flat,True,3f023861d495ac65177be2f00410ff92d38a2b25f7013741e0334ea1248ce437,470362.38,0.0,275950.0,511.0185,0.6204,823.73,0.3699,4.589,0.8767,10,0,73,64,0.6542,0.4318
holiday_shift,6,flat,True,5f44a93e41d2ef8028c1c0219b83253621493ba4c245317e47425f0b90ec26df,467181.8,0.0,252650.0,467.8704,0.5685,822.96,0.3714,4.3857,1.0,10,0,70,70,0.6168,0.2727
holiday_shift,7,flat,True,c247bcaebbf840201a9314106dc6b27498d1613a658aac26862ee74f76526660,462175.39,0.0,255750.0,473.6111,0.5796,817.09,0.3944,4.4085,0.9718,13,0,71,69,0.5919,0.3636
holiday_shift,8,flat,True,0f18fdc1ba0c39059a260f1eba43ec0ccfc1b82a07a271fa140d33790e886d71,470111.63,0.0,286200.0,530.0,0.6426,824.78,0.3947,4.5658,0.7895,22,0,76,60,0.6822,0.447
holiday_shift,9,flat,True,11085179355d5e2baaf493cfbc440faca2e22de25cd3ed25ac664f4e609ce40b,469654.96,0.0,264300.0,489.4444,0.5963,820.81,0.3151,4.411,0.9315,14,0,73,68,0.6168,0.4167
holiday_shift,10,flat,True,601aed04b40c8d99b57cc958a5c3365ca8669904bff8cb956967f96a5365720a,475265.81,0.0,266900.0,494.2593,0.6019,821.23,0.3239,4.5775,0.9437,15,0,71,67,0.6262,0.4091
holiday_shift,11,flat,True,dfcc1780128987453df4fb2b81d35cde3ced98e4a0a749dc11a8ae58f32a849f,470994.92,0.0,256500.0,475.0,0.5815,816.88,0.2917,4.3611,0.8056,9,0,72,58,0.5857,0.4091
holiday_shift,12,flat,True,4018677e86def6398a59d1419dfe9c463da246c91b2697f42339432ee7b1a216,458498.8,0.0,269950.0,499.9074,0.6037,828.07,0.3718,4.1795,1.0897,12,0,78,85,0.6511,0.4394
holiday_shift,13,flat,True,7609a7588ebf19443d1da1e879d015291fbb59149e3d3e65b395459cb7242225,480738.13,0.0,264350.0,489.537,0.6,815.9,0.28,4.32,0.76,18,0,75,57,0.5826,0.5303
holiday_shift,14,flat,True,12cd218ab719cbbc3ce92a14278588330e925b2753a9346623dea4cd6aabb177,476589.91,0.0,283050.0,524.1667,0.6315,830.06,0.3467,4.5467,0.9467,25,0,75,71,0.7103,0.3333
holiday_shift,15,flat,True,1ce1c7d5433f6784808b9c489b0a0a4715d7ed2e6851275b25bbe0b60529d99c,467905.29,0.0,283400.0,524.8148,0.637,823.84,0.3611,4.7778,0.8333,12,0,72,60,0.6542,0.553
holiday_shift,16,flat,True,0fad9b0ff8aba871e6b50424085b4c08c084f60ea97d2eecb66d0ef8e7fd199b,488838.41,0.0,253900.0,470.1852,0.5722,821.68,0.3286,4.4143,0.8429,16,0,70,59,0.595,0.4015
holiday_shift,17,flat,True,4bb953b4090b03061794563ae2dcb551dcad90fa67ea09e9ee5233a636c54b04,467882.73,0.0,262200.0,485.5556,0.5907,821.94,0.3824,4.6912,0.9118,12,0,68,62,0.6137,0.4242
holiday_shift,18,flat,True,d7a543a4708095ddbdd029c2773195b1a5fb29afbcac4042986a167ddee38832,464677.44,0.0,257150.0,476.2037,0.5778,824.2,0.2857,4.4571,0.6857,16,0,70,48,0.6137,0.3864
holiday_shift,19,flat,True,b7e37ec4729173c7561e8657dcf5b11b1c129fc9d2d6d5a19ede8116132e13a1,477192.18,0.0,256550.0,475.0926,0.5796,819.65,0.3239,4.4085,0.9577,15,0,71,68,0.5981,0.3864
holiday_shift,20,flat,True,d1acd40612f7d6b630a58dafcd4cfab6abf9aeaa1a085dd4c638727c5e0aaab5,460239.58,0.0,270700.0,501.2963,0.6111,820.3,0.3699,4.5205,0.7671,18,0,73,56,0.6293,0.4318
holiday_shift,21,flat,True,7a526ddadf076558217ecf3afd8419743abb836a50edc85d94a7ee33161ec45a,470371.93,0.0,259600.0,480.7407,0.5852,821.52,0.4342,4.1579,1.1184,15,0,76,85,0.6168,0.3561
holiday_shift,22,flat,True,9cecacb2aa111d44fcd84f25e9cf22b5e92fdb7cfed4c53a879b09e4658c068b,471191.1,0.0,247250.0,457.8704,0.5593,818.71,0.3281,4.7188,0.8906,12,0,64,57,0.5701,0.3939
holiday_shift,23,flat,True,1573b4be44bf478b5686c17ce8d85d909fd46fec882abe9a5fd0de630d07511d,469017.05,0.0,292800.0,542.2222,0.6556,827.12,0.3333,4.5385,0.6923,21,0,78,54,0.7103,0.4318
holiday_shift,24,flat,True,a7a4599d2c73d66d2e99f0fc85134b59056289c7c30a79c54edeeb122051fa8a,474838.24,0.0,294250.0,544.9074,0.663,821.93,0.2785,4.5316,0.5696,16,0,79,45,0.6947,0.4394
holiday_shift,25,flat,True,219041a3cfcd05c01b6dba4858a8eacc854b52186057c95993b4dd49ebe38364,482871.19,0.0,258300.0,478.3333,0.5815,822.61,0.2687,4.6866,0.7164,11,0,67,48,0.6106,0.3939
holiday_shift,26,flat,True,51b55dd4b7c4f83ceaf92082af5163de28270bbf0cde47178b94c3f50c5f438f,472196.65,0.0,283800.0,525.5556,0.637,825.0,0.3816,4.5263,0.7368,18,0,76,56,0.6729,0.4697
holiday_shift,27,flat,True,922bf34f638f169fd44ad8d89c4f65f4f8d79efcaefdc794a3a290b48ee102a9,471395.16,0.0,279450.0,517.5,0.6278,824.34,0.3649,4.5811,0.8649,16,0,74,64,0.6667,0.4242
holiday_shift,28,flat,True,caad82ed334f6fd681690d5c03c07c81d53b211741245c0d5e9ed03532d3f155,464304.09,0.0,250700.0,464.2593,0.563,824.67,0.3611,4.2222,0.8333,10,0,72,60,0.5981,0.3864
holiday_shift,29,flat,True,1b4dbf612767e64541bb0d873b286fc81f8a77029aa0f85b434b91dbf5add8b7,470457.75,0.0,246400.0,456.2963,0.5574,818.6,0.3538,4.6308,1.0923,14,0,65,71,0.5701,0.3788
holiday_shift,30,flat,True,2ad7077233162f5dde2b20ef63c17766e97b47e348ff2ed4253dcc9256278a4e,455879.17,0.0,230900.0,427.5926,0.5222,818.79,0.3443,4.623,1.0492,9,0,61,64,0.5296,0.3864
holiday_shift,1,tool,True,052946af87261b717175d4294173ca5981eb15d18a53bdc97f273b3d88891600,475901.28,0.0,215281.05,398.6686,0.4519,882.3,0.4737,4.2807,0.7368,9,0,57,42,0.3988,0.3788
holiday_shift,2,tool,True,85058972ba3454936949298f75ae7fb8aa25512be3e8a05a1437f1fb6ec2dadb,456356.51,0.0,200503.36,371.3025,0.4296,864.24,0.2857,4.7347,0.8571,10,0,49,42,0.3707,0.3485
holiday_shift,3,tool,True,a1eb7b3a41667a0e0b87d1baca259cef815e3b115421e067eae259d2a681574c,473753.94,0.0,205020.73,379.668,0.4352,872.43,0.44,4.7,0.8,4,0,50,40,0.4174,0.3485
holiday_shift,4,tool,True,3e11abfffb7660b370f70b821d9d23fd29b80377935a37f93ff5389d6233f365,464436.4,0.0,200031.38,370.4285,0.4352,851.2,0.4364,4.2727,0.7636,4,0,55,42,0.3801,0.3788
holiday_shift,5,tool,True,ae6681f74ca91200f535b0edd59daae4ca5061a6383b5297dda56cdf589d97f9,470362.38,0.0,235309.0,435.7574,0.5037,865.11,0.5455,4.9455,0.8545,9,0,55,47,0.4455,0.4697
holiday_shift,6,tool,True,043dadd4d8d59b7b7520b9ed94c6ce1ead19bf1e59fe92f6ba73aa437955259c,467181.8,0.0,194860.28,360.8524,0.4,902.13,0.4255,4.5957,1.0851,6,0,47,51,0.3956,0.2273
holiday_shift,7,tool,True,bec33bd677c9db8f7adf033bb21a6e6f51723133d4d835144971488eef469c3c,462175.39,0.0,223193.07,413.3205,0.4722,875.27,0.5273,4.6364,0.8182,8,0,55,45,0.4579,0.2955
holiday_shift,8,tool,True,8a922e39c567787a129f2ff1ec7dc9f20d4a47a6b51146bcc9f0108eedd7b49e,470111.63,0.0,206282.34,382.0043,0.4444,859.51,0.3846,4.6154,0.7692,12,0,52,40,0.3925,0.3788
holiday_shift,9,tool,True,717547ff975c8904da3f245dc04feaa400ab83ef8003582dfd6ed7be4a328919,469654.96,0.0,204226.79,378.1978,0.4333,872.76,0.4074,4.3333,0.9444,9,0,54,51,0.3925,0.3409
holiday_shift,10,tool,True,a76a3be44fa60dc56aca63599346f443e694e757cb6a47c005ba00f4d9629d8b,475265.81,0.0,202280.8,374.5941,0.4278,875.67,0.4444,4.2778,0.9259,12,0,54,50,0.3769,0.3939
holiday_shift,11,tool,True,c03654e0572905b43ee60ce5f553423c61bf15f8cdf9c8559f2a57f8dae21f4d,470994.92,0.0,213094.63,394.6197,0.45,876.93,0.4561,4.2632,0.7018,9,0,57,40,0.3988,0.4318
holiday_shift,12,tool,True,f3391d69b8ae78504f673457e4d906ada6ccb66a8e8fab391e8e03fd10caf40e,458498.8,0.0,200669.87,371.6109,0.4241,876.29,0.3929,4.0893,0.9464,8,0,56,53,0.3988,0.3788
holiday_shift,13,tool,True,cc657afa5f892c353c99c2e40a79b68802b913626e45ca6cdcf39b9726654803,480738.13,0.0,182615.6,338.177,0.4,845.44,0.3673,4.4082,0.9388,5,0,49,46,0.3084,0.4091
holiday_shift,14,tool,True,7a4c1877fe2acb623e7794e7221d1329985438371518f853a3aecf3e5ee4256d,476589.91,0.0,207566.71,384.3828,0.4333,887.04,0.4231,4.5,1.2308,9,0,52,64,0.4393,0.2576
holiday_shift,15,tool,True,dd85f42fa12b34e6639d7d2706022c8ef5d033671ee19e0f93862e57f155c39c,467905.29,0.0,228538.22,423.2189,0.4815,878.99,0.5179,4.6429,0.75,10,0,56,42,0.4237,0.5076
holiday_shift,16,tool,True,a6d828576c1baf4e4c590e495394b0b0b3f44d1c4516308153a3981aab80332b,488838.41,0.0,213757.36,395.847,0.4574,865.41,0.3846,4.75,0.8462,10,0,52,44,0.4143,0.3182
holiday_shift,17,tool,True,b6742cae57fdbcffe9c8931517652ef609af5efe29cb9a90491d1619d212d2a6,467882.73,0.0,234819.93,434.8517,0.4833,899.69,0.4444,4.8333,0.5926,8,0,54,32,0.4579,0.3788
holiday_shift,18,tool,True,3d8f3b59fc388966d406730bd25c2bdaea2636c4855f16946d6e349f50641735,464677.44,0.0,192367.21,356.2356,0.4056,878.39,0.3125,4.5625,1.0417,6,0,48,50,0.3489,0.3409
holiday_shift,19,tool,True,91fa1019105c0e80ccf72399cd0e6d2df3a169830e625e6083657a57df57116f,477192.18,0.0,209859.98,388.6296,0.4519,860.08,0.4909,4.4364,1.1636,6,0,55,64,0.3863,0.4167
holiday_shift,20,tool,True,19af15b5bd53df9de88c2302f3f6542852e01a712a9ca07bcec99805a4ca4281,460239.58,0.0,201303.94,372.7851,0.4259,875.23,0.3333,4.7917,0.8125,8,0,48,39,0.3738,0.2879
holiday_shift,21,tool,True,f87c24f447a1c49b166f17e605e4c77ed6540bd3aa6c751aee4f9abc1650b7dd,470371.93,0.0,198055.56,366.7696,0.4259,861.11,0.5,4.4231,1.0769,8,0,52,56,0.4081,0.3106
holiday_shift,22,tool,True,993b47045c0b12267a12ba6811bfe1de72a95819b9c0e03cd6a06f7594f2307d,471191.1,0.0,212900.83,394.2608,0.4444,887.09,0.4118,4.7059,0.7843,9,0,51,40,0.4081,0.303
holiday_shift,23,tool,True,fb8e24e0d10824278146ab53b827e70632e135d9c38adbf5b7235f1122d6cc85,469017.05,0.0,211721.46,392.0768,0.4519,867.71,0.4821,4.3571,0.9464,9,0,56,53,0.4112,0.3712
holiday_shift,24,tool,True,b1887fba831d6016e69707761aafd36f4ac0222a090a9955c3331baceefa7977,474838.24,0.0,205824.23,381.156,0.4352,875.85,0.3846,4.5192,0.8654,12,0,52,45,0.405,0.3258
holiday_shift,25,tool,True,288d1f8198375d05dfa2556f4d2d582553d400da1ac5fa1e46872f0515349f11,482871.19,0.0,198561.13,367.7058,0.4222,870.88,0.375,4.75,0.9167,4,0,48,44,0.3676,0.3864
holiday_shift,26,tool,True,afa3f09e53bf5f90d8cc3ee38c3d7cea46abe4d50171b5e1e82ce781d919fd0f,472196.65,0.0,223990.11,414.7965,0.4741,874.96,0.4,4.6545,0.6182,11,0,55,34,0.4299,0.4394
holiday_shift,27,tool,True,e0506e91af3383c14a0ef15b365047c235b8610e09e2f3a9ac742fe35996832c,471395.16,0.0,212071.54,392.7251,0.4556,862.08,0.5088,4.3158,0.9123,11,0,57,52,0.3894,0.3636
holiday_shift,28,tool,True,62d9883f54f737c200239a839258b16af7a1a0843266d96d9bcf4b5dbd3c6949,464304.09,0.0,229027.24,424.1245,0.4778,887.7,0.5614,4.5263,0.9474,11,0,57,54,0.4611,0.4318
holiday_shift,29,tool,True,7d0a31db2e7534d8daae9eda668447fca7299590f6e13b2479e89c27e25f62f7,470457.75,0.0,171272.25,317.1708,0.3722,852.1,0.3488,4.6744,1.2326,4,0,43,53,0.3458,0.2576
holiday_shift,30,tool,True,7d6f30af3859a305e87d6665e6e09c428a31f765467ab0695d0ae27aa40b1cf6,455879.17,0.0,186573.51,345.5065,0.4019,859.79,0.413,4.7174,0.8696,5,0,46,40,0.352,0.3333
i70_closure,1,comp_median,False,1302eb2a4d93265123596ef3249f52020947e89a8e4ca72a03e56d1b86f3fc35,476058.0,0.0,246105.68,455.7513,0.6648,685.53,0.2195,4.378,0.9024,20,0,82,74,0.7508,0.4697
i70_closure,2,comp_median,False,b1f9ab43f035ccf793652ed0b1bd95105d4e4bb06f794cd885096da488472269,454668.96,0.0,263987.36,488.8655,0.7204,678.63,0.2688,4.1828,0.7419,21,0,93,69,0.7695,0.5227
i70_closure,3,comp_median,False,44d9371239423b4d105ae47ac2ed7629f436d32cbe048d7501f4312ed714e32a,474577.25,0.0,266298.68,493.1457,0.7185,686.34,0.2706,4.5647,1.1294,18,0,85,96,0.8287,0.3939
i70_closure,4,comp_median,False,98baaab4cde2d64841752e4a79d25220916f7350c66b6217ee441518a9523efc,465120.93,0.0,233964.03,433.2667,0.6278,690.16,0.2125,4.2375,0.9875,15,0,80,79,0.7508,0.3106
i70_closure,5,comp_median,False,1ab6885ac8e47133cbaf946e808abbedbba6a4b446da7c919017c22c725614b2,461887.45,0.0,267732.04,495.8001,0.7278,681.25,0.3182,4.4659,0.8636,28,0,88,76,0.7788,0.5682
i70_closure,6,comp_median,False,ca7d99e5de0807adb1d317aa47ac988fad0014d31f8b4651f7a6cfbc40e19ead,460763.9,0.0,263010.99,487.0574,0.7148,681.38,0.3977,4.3864,1.0114,18,0,88,89,0.7664,0.5152
i70_closure,7,comp_median,False,af57d9d32d54d6e8a29ce9e3e956bfbd7b907d4b9cd80594ed2e4e33f1838ef7,472365.09,0.0,255667.47,473.4583,0.6926,683.6,0.253,4.506,0.9157,17,0,83,76,0.7508,0.4697
i70_closure,8,comp_median,False,1ad55649dc82152343d3bb3b2ab3188a19729945265a6b32d1935acc0b662392,485466.01,0.0,256462.63,474.9308,0.7019,676.68,0.314,4.407,0.8605,24,0,86,74,0.7134,0.6136
i70_closure,9,comp_median,False,2babc33a10aac04676b98aa7df7ccda68df583131046faa94783fca74fe29204,471322.17,0.0,249748.43,462.4971,0.6759,684.24,0.3297,4.011,0.7692,17,0,91,70,0.7632,0.4621
i70_closure,10,comp_median,False,ca9feab6485c9b8b1ebad5dd5d562936f5ca47b57f340f9061768b0bf04b1716,465055.01,0.0,241671.27,447.5394,0.6556,682.69,0.3529,4.1647,1.1294,18,0,85,96,0.7165,0.4848
i70_closure,11,comp_median,False,2e1aec4176c70d280c788ee4db3395f88efa089c529606cad066d27b23a0130f,457854.34,0.0,257944.66,477.6753,0.6981,684.2,0.3636,4.2841,0.8409,21,0,88,74,0.785,0.4773
i70_closure,12,comp_median,False,687ebf2832c12aaf1bbc44fb1fd41f3dc9e4ae3b3229a9dbffad36274372032c,482890.04,0.0,249940.46,462.8527,0.6796,681.04,0.3415,4.4756,1.1707,28,0,82,96,0.7664,0.4545
i70_closure,13,comp_median,False,e24c3a2ba0c5628220b328780626d49d2b966adccee5ee1612e5b84dab5f84f9,455580.82,0.0,249122.16,461.3373,0.6741,684.4,0.3182,4.1364,0.8409,17,0,88,74,0.7477,0.4394
i70_closure,14,comp_median,False,d7bbb7138f58faa2935fc667b76a806e6ed52ebc2ccddd24abbaa7273c81f3d4,470717.87,0.0,259949.36,481.3877,0.7093,678.72,0.3936,4.0745,0.883,24,0,94,83,0.7227,0.6288
i70_closure,15,comp_median,False,5b9a8a33c08996f08a0d8f7d6b560d0e750ab5973a9ce3bde4ed16e15143c76d,465644.97,0.0,243006.18,450.0114,0.6574,684.52,0.3176,4.1765,1.0353,23,0,85,88,0.7383,0.4394
i70_closure,16,comp_median,False,4815aea1872462c790a705076935b9256d11f33c16b528a94db975685feed1ee,474711.29,0.0,244019.49,451.8879,0.6574,687.38,0.2299,4.0805,1.0805,16,0,87,94,0.7352,0.4318
i70_closure,17,comp_median,False,34983850a6fbb86c0b6bcab89f1f679a878a8e4b2fb9234ad8c77a3a1dc22eef,468860.05,0.0,249535.28,462.1024,0.6759,683.66,0.3977,4.1477,1.2841,15,0,88,113,0.7352,0.5227
i70_closure,18,comp_median,False,346a2b46592c293d4c1787fe345f08125a747dff346bd226623de18fe57f2450,459473.89,0.0,255225.64,472.6401,0.6926,682.42,0.2874,4.2989,0.8276,20,0,87,72,0.757,0.5076
i70_closure,19,comp_median,False,1cdd62de528dc38353e58fe499a389ad91964b9ac81c1b499f60309305b319e9,458186.12,0.0,237111.15,439.0947,0.6463,679.4,0.3488,4.0581,1.0465,19,0,86,90,0.7103,0.4015
i70_closure,20,comp_median,False,9602c6420a67147e7ef32bf69375951877928b0532dd2312072469dd66a0f829,472187.3,0.0,266713.55,493.914,0.7222,683.88,0.3511,4.1489,0.9681,17,0,94,91,0.7944,0.4924
i70_closure,21,comp_median,False,342171d3fec8ad61697dae066aedbeb84530337ba9cbe701e6874922e177d5bf,478305.44,0.0,249470.28,461.982,0.6778,681.61,0.3625,4.575,1.2,23,0,80,96,0.7414,0.4697
i70_closure,22,comp_median,False,7bd10b9f8e763994a63643dbbdecc10ad7b0b8f9bb348b39e650732e64150e29,472491.99,0.0,267173.52,494.7658,0.7222,685.06,0.3617,4.1489,0.8723,17,0,94,82,0.8037,0.5
i70_closure,23,comp_median,False,2c7e9d0282bbf06a74e675484cfcd0232e5b0730c73ee486040e7617e55496e3,450747.51,0.0,249165.11,461.4169,0.6833,675.24,0.3333,3.9677,0.8387,21,0,93,78,0.7165,0.5379
i70_closure,24,comp_median,False,7c52e6e4fefc2a7b3b9b920b5620a0a66ebd0cabe8839caa58afcea30f9fc280,455074.15,0.0,250261.42,463.4471,0.6759,685.65,0.2697,4.1011,0.809,22,0,89,72,0.7695,0.3788
i70_closure,25,comp_median,False,9d7aee7b465829cf8c1c4972842679a9e18b225b141e6067c3c1fbc9bb9a8c92,461239.57,0.0,269986.36,499.9747,0.7333,681.78,0.3333,4.125,0.9375,18,0,96,90,0.8037,0.5
i70_closure,26,comp_median,False,c1a945a14f04f3e86d3658bd22f0fc643c196972797e2b380a4d756bae4e32fd,458450.32,0.0,254454.34,471.2117,0.6926,680.36,0.25,4.675,0.9,16,0,80,72,0.7383,0.5455
i70_closure,27,comp_median,False,561375ae09764981ca5d222017a1535be598d6b771f1d384e4a0b12dfabe5786,484209.95,0.0,262889.24,486.8319,0.7111,684.61,0.3222,4.2667,0.9111,16,0,90,82,0.757,0.5455
i70_closure,28,comp_median,False,d4176d591c7bd36ea7d60234e62b0aeccbebeebedbdf3e5036d2fc7285f6f6f3,475567.87,0.0,274726.8,508.7533,0.7519,676.67,0.3474,4.2737,1.0105,18,0,95,96,0.7944,0.6061
i70_closure,29,comp_median,False,99b1d76fdc5c368c9777962552b998c8841f99d093a96de4e0158c59ac3f90c9,438904.31,0.0,251923.69,466.5254,0.6833,682.72,0.2857,4.3929,0.8452,23,0,84,71,0.7601,0.4545
i70_closure,30,comp_median,False,b220932c642aba0b2ad84ce4b9b868ea91aab93e5de9e083dcdc529da911aefc,458083.25,0.0,252692.51,467.9491,0.6852,682.95,0.2941,4.3529,0.9059,24,0,85,77,0.7632,0.5227
i70_closure,1,engine,False,f2d540777f100f246c05b11c93f81d31d79b98b46d4a81a16bbbd6f6c3a27644,476058.0,0.0,234620.0,434.4815,0.6167,704.56,0.3514,4.5,0.8243,14,1776,74,61,0.6262,0.5227
i70_closure,2,engine,False,5b012861704a8af31b33fbfc80cf07a4d149e7fa0f713a9b377c767d2760a95f,454668.96,0.0,240745.0,445.8241,0.637,699.84,0.3415,4.1951,0.7439,15,2126,82,61,0.6012,0.5909
i70_closure,3,engine,False,7d7b048672f1d3a0105f75fb9c23dd948d7e7102d13373e1b409b1c47e748e75,474577.25,0.0,246375.0,456.25,0.6315,722.51,0.3158,4.4868,1.0526,15,2211,76,80,0.6667,0.4394
i70_closure,4,engine,False,62852cb815444b9db6b1be51fa6a13cb3dcd0e9ccb93228b133f41dac4e276dc,465120.93,0.0,220190.0,407.7593,0.5759,708.01,0.3611,4.3194,0.875,15,1893,72,63,0.6044,0.3939
i70_closure,5,engine,False,9c366449cb6833edadd14dd592ff5fb0c37630a0be61f8f06b0cf5c2931a9b9b,461887.45,0.0,233535.0,432.4722,0.6185,699.21,0.3333,4.6389,0.8056,15,2379,72,58,0.5857,0.5833
i70_closure,6,engine,False,b1493746cd387f75f3f06fa1d73efa8a08776847fa126869707512f378facc9a,460763.9,0.0,237940.0,440.6296,0.637,691.69,0.475,4.3,0.8875,13,2255,80,71,0.6106,0.553
i70_closure,7,engine,False,5fec6bb93b385c84bcdbc548d9c1ef0a34ac0ada43445910b29339b2f0e84ccc,472365.09,0.0,244350.0,452.5,0.6481,698.14,0.2927,4.2683,0.878,15,2111,82,72,0.6542,0.4924
i70_closure,8,engine,False,67b41542532b466577eb9a00664f07619160899e23f49ef288c7246ec5bebb15,485466.01,0.0,235015.0,435.213,0.6278,693.26,0.3562,4.6438,0.9315,22,1673,73,68,0.5732,0.6136
i70_closure,9,engine,False,ba5b49c6d8713fa2cbb92c06bb421b7d9cceaf81e5557cc5e3e7962532c0978e,471322.17,0.0,236885.0,438.6759,0.6037,726.64,0.369,3.881,0.75,23,1567,84,63,0.648,0.4697
i70_closure,10,engine,False,57e90d2a26f1c71ce065c6dcf0f9f3a3ee8c50600e9ec5c4974acb3210ea0d15,465055.01,0.0,217325.0,402.4537,0.5815,692.12,0.4324,4.2432,0.973,15,1986,74,72,0.5732,0.4545
i70_closure,11,engine,False,c1c647dde0b070951fa71f250364541128d02337699ca5d47612d3dc18a42aca,457854.34,0.0,235170.0,435.5,0.6074,716.98,0.4533,4.3733,0.9067,17,2211,75,68,0.5888,0.5909
i70_closure,12,engine,False,54ea1100a52a993ec02b618eecec7ec8d95656c50b81a3831030f8cd84be8fc0,482890.04,0.0,237290.0,439.4259,0.6315,695.87,0.4416,4.4286,1.1169,21,1991,77,86,0.6293,0.5606
i70_closure,13,engine,False,1421aaee5e4e2a5f5c26b286ea7fd700b29ba02764f7b5e6f302a3cd80938d20,455580.82,0.0,252010.0,466.6852,0.6574,709.89,0.3165,4.4937,0.8987,16,1878,79,71,0.676,0.5227
i70_closure,14,engine,False,9907edb626bc340defe1ff06a45d99cd664fc430e3d2be4393d2ed1622224335,470717.87,0.0,224820.0,416.3333,0.6,693.89,0.4,4.05,0.9375,19,1852,80,75,0.5639,0.5682
i70_closure,15,engine,False,ed0154604760cebf71cbf429658fe21b9a7daa67ad8c8c0e5e0430780375782e,465644.97,0.0,217740.0,403.2222,0.5778,697.88,0.4384,4.274,0.9726,13,2184,73,71,0.5701,0.4848
i70_closure,16,engine,False,37d0a024c27e8d963ce970bbd1c93a0090b4fab661e5d39b9dd3631eac118b28,474711.29,0.0,208940.0,386.9259,0.5722,676.18,0.4545,4.013,1.1688,12,1921,77,90,0.5265,0.553
i70_closure,17,engine,False,a283b322e6deb6f56c9942df16a73bd6add8181732f876022e06ad486f9c3f68,468860.05,0.0,247500.0,458.3333,0.6593,695.22,0.4074,4.3951,0.8519,21,1946,81,69,0.6511,0.5455
i70_closure,18,engine,False,1422303752f7e61c5c1a68eb96c554c06cb9a9c6a7021385ded22f35345167a1,459473.89,0.0,244370.0,452.537,0.6481,698.2,0.4304,4.4304,0.7342,19,2413,79,58,0.6324,0.5985
i70_closure,19,engine,False,1c5174a295ba7a85b6655b2c4476514a22c7f12c6398ae9aeced544759b6379e,458186.12,0.0,223610.0,414.0926,0.5778,716.7,0.4133,4.16,1.04,16,2307,75,78,0.5888,0.4318
i70_closure,20,engine,False,ff69638b523a37ac983bbac85a3ba7519cc2aec9df0a1989517234170e562e05,472187.3,0.0,260825.0,483.0093,0.6852,704.93,0.4205,4.2045,0.8977,9,1685,88,79,0.6822,0.5833
i70_closure,21,engine,False,d93ba648b1c84a66884a23d092afadc2b5c686a86c48a49f566ca2138a8ce463,478305.44,0.0,237750.0,440.2778,0.637,691.13,0.4545,4.4675,0.8052,12,1629,77,62,0.6293,0.5379
i70_closure,22,engine,False,6f175e99a003c4f4f61a81b58ad1b3fc5bddef8c7bd37b66592b79904070a4af,472491.99,0.0,228235.0,422.6574,0.5981,706.61,0.4359,4.141,0.9872,17,1992,78,77,0.6012,0.5076
i70_closure,23,engine,False,b11aab4d6002be666512bb11712f9b6f8152d4a406261891e62b889bb8f8c1b9,450747.51,0.0,208090.0,385.3519,0.5704,675.62,0.3421,4.0526,0.8158,14,2235,76,62,0.5047,0.5682
i70_closure,24,engine,False,a95e30feacef325f0f6d96205671fbeef72fa43a642bb893cfdeaaf4df0a0bc2,455074.15,0.0,225050.0,416.7593,0.5907,705.49,0.3649,4.3108,0.9054,11,1999,74,67,0.5981,0.4621
i70_closure,25,engine,False,54f513dee23ad21a88fb8d4c0b5ddb0f618c2a0f9484d4817883a830221d521c,461239.57,0.0,239650.0,443.7963,0.6389,694.64,0.4198,4.2593,1.0247,17,2291,81,83,0.6137,0.5758
i70_closure,26,engine,False,febd6f6d279f09ea488b8c76a9247a0da0ac986a08c57cc43f79ef9d4851c857,458450.32,0.0,257510.0,476.8704,0.6685,713.32,0.2949,4.6282,0.7564,18,2012,78,59,0.676,0.5682
i70_closure,27,engine,False,e0ea74652d9e17727ba9dce2bd7c3403cdb4e5eab1dd6b6c6b4c84b857c0d007,484209.95,0.0,260410.0,482.2407,0.6926,696.28,0.4396,4.1099,0.7473,17,2093,91,68,0.6729,0.6288
i70_closure,28,engine,False,c8647b2827933ab1c69951248c29ca0cc1d576e4fb219a69992008087a75827f,475567.87,0.0,233215.0,431.8796,0.6185,698.25,0.4054,4.5135,1.1486,12,2198,74,85,0.5857,0.6136
i70_closure,29,engine,False,2d15fc79d5787ff8197b35248b75ce7e87b80e3cbf766897b37e6f345757a37d,438904.31,0.0,210595.0,389.9907,0.5667,688.22,0.4384,4.1918,0.9178,16,2152,73,67,0.5514,0.4545
i70_closure,30,engine,False,1e402a57e2f9aa33df81ab7111486ce01ff29f6891856f8c44c3bf5495c0a8ad,458083.25,0.0,236475.0,437.9167,0.6111,716.59,0.3291,4.1772,0.7975,22,1827,79,63,0.6231,0.5152
i70_closure,1,flat,False,f02d5b7eb67b595f919131df88a0976a345408e247fe188da45d5800e9fbfe73,476058.0,0.0,262000.0,485.1852,0.5852,829.11,0.2687,4.7164,0.7612,9,0,67,51,0.6293,0.4621
i70_closure,2,flat,False,93846c45da506c4f052a757f89657d9ca5410f8d78ea9c376cbeb402aeda0039,454668.96,0.0,262300.0,485.7407,0.5944,817.13,0.3014,4.3973,0.726,14,0,73,53,0.6012,0.4091
i70_closure,3,flat,False,7b63bbb2c52ea97a658d2332c33d02401882d392fdee5996c2caddc5ad5cb589,474577.25,0.0,270400.0,500.7407,0.6037,829.45,0.3043,4.7246,1.2029,12,0,69,83,0.6667,0.3788
i70_closure,4,flat,False,08c72308b90ec4f9f68c2baf4d7eed674e952cebaeea38d48d3ea9e72f939e67,465120.93,0.0,246400.0,456.2963,0.55,829.63,0.3231,4.5692,0.8769,15,0,65,57,0.6137,0.3106
i70_closure,5,flat,False,f777c07d9ec780d55e2aa264417d280d9f30a7688beaf63d333b773e7335f74e,461887.45,0.0,264350.0,489.537,0.6019,813.38,0.4,4.6429,0.7571,14,0,70,53,0.5732,0.5379
i70_closure,6,flat,False,605637eb1165cbf69a25e13f7253cabf42a30d5c1b3e9d0dd0bc0b4f6479aae1,460763.9,0.0,269900.0,499.8148,0.6111,817.88,0.4189,4.4595,0.7838,11,0,74,58,0.6168,0.447
i70_closure,7,flat,False,a235c0d572aa1d709ad5589cb48d978fc23acda7c207758a5c3b2186a98d4e29,472365.09,0.0,269250.0,498.6111,0.6056,823.39,0.2703,4.4189,0.9054,12,0,74,67,0.6417,0.3939
i70_closure,8,flat,False,ce4b3ac591bde81592a555f27f83b6a81b0d118220084625f76dc478261e378f,485466.01,0.0,266750.0,493.9815,0.6074,813.26,0.3043,4.7536,0.7826,13,0,69,54,0.5763,0.553
i70_closure,9,flat,False,a01c3e7919d62514fa971dfaf6146647cfa951aeb7b63d163b299e67d2b9f93d,471322.17,0.0,265050.0,490.8333,0.5907,830.88,0.3671,4.038,0.7215,21,0,79,57,0.6542,0.3939
i70_closure,10,flat,False,32337b6fcc176235113f0543b68f97d65a2254d8f91848dffecc5aa5e4b82232,465055.01,0.0,237650.0,440.0926,0.5333,825.17,0.3906,4.5,1.1094,11,0,64,71,0.5639,0.3939
i70_closure,11,flat,False,eb44145ec91405d64a6ddc9bed75255097acfe4c91baa978f7f1ce58a11a8ccc,457854.34,0.0,258450.0,478.6111,0.5833,820.48,0.3881,4.7015,0.8955,13,0,67,60,0.5919,0.4697
i70_closure,12,flat,False,1ecfefc2662154e1e0f8184aa64716a3cf2ebab219ecdbccd31b7b050efa0498,482890.04,0.0,259600.0,480.7407,0.5815,826.75,0.3939,4.7576,1.197,17,0,66,79,0.6168,0.4545
i70_closure,13,flat,False,df551b8cf9bc4c25a76ed6e7a34bbef8c1e4555c1d45188cde9456b414afc237,455580.82,0.0,275200.0,509.6296,0.6167,826.43,0.2877,4.5616,0.7671,13,0,73,56,0.6698,0.3788
i70_closure,14,flat,False,09b016a17aad4deae0bcfb7bb60961f17306d5c7dbba9d380bf6e0424cae4060,470717.87,0.0,257750.0,477.3148,0.5852,815.66,0.3836,4.3288,0.9726,14,0,73,71,0.5639,0.5379
i70_closure,15,flat,False,8f1387ceccd53d980055ec09b7cdf6048aa8050e25bf25f68706188d2635840d,465644.97,0.0,250050.0,463.0556,0.5648,819.84,0.4179,4.5522,0.9851,11,0,67,66,0.5732,0.4394
i70_closure,16,flat,False,1c724b625e04e1ffe5bdd5d199946dbcf2b01b458b653a26f4725b1cad712d16,474711.29,0.0,246550.0,456.5741,0.5611,813.7,0.4085,4.2676,1.0423,9,0,71,74,0.5296,0.5379
i70_closure,17,flat,False,457b2614c030c8d7975e29e06fed778a267c3847bb80e00fa2d417af8124c763,468860.05,0.0,261400.0,484.0741,0.5833,829.84,0.4286,4.5,1.1143,14,0,70,78,0.6386,0.4091
i70_closure,18,flat,False,f20ecf6a3b54b031d9d4c362a57325160450949241ded6807759195f3599eac8,459473.89,0.0,261700.0,484.6296,0.587,825.55,0.3768,4.5942,0.8116,11,0,69,56,0.6262,0.4091
i70_closure,19,flat,False,020b9532d4999133f76e1a4cb3e5bec578f2adb5d96b098246940095135706ee,458186.12,0.0,246400.0,456.2963,0.5537,824.08,0.3529,4.3971,1.0294,12,0,68,70,0.6012,0.2879
i70_closure,20,flat,False,eebbedfcfb155b65437c326a6f85a7870bac889b82a612d02f3dba888b454c84,472187.3,0.0,279650.0,517.8704,0.6241,829.82,0.3947,4.4342,0.8684,8,0,76,66,0.6791,0.4621
i70_closure,21,flat,False,e58e56b23d848bddbf69cb15beba8baf26ba82890a49150bcf0a7ca801688567,478305.44,0.0,254100.0,470.5556,0.5704,825.0,0.4127,4.8889,0.9365,6,0,63,59,0.6168,0.3333
i70_closure,22,flat,False,1a3777d0536b9396ead7e1b0b88e27f76b9c11cbf104a40743accd91d644c4ca,472491.99,0.0,263350.0,487.6852,0.5926,822.97,0.44,4.2667,0.7733,13,0,75,58,0.6137,0.4621
i70_closure,23,flat,False,c9a696d5d7903f78fe71f3ff2d4d6a551a99c877abd6aa361e5097e167651e0e,450747.51,0.0,240350.0,445.0926,0.5481,811.99,0.2899,4.2899,0.7681,11,0,69,53,0.5202,0.4697
i70_closure,24,flat,False,7e3778a911d4f675559eb9dfe3633f5216993d7df15fcf1cb1691978851e33ac,455074.15,0.0,241450.0,447.1296,0.5407,826.88,0.2581,4.7097,0.9677,10,0,62,60,0.595,0.2955
i70_closure,25,flat,False,8a8c1767763a20ab59a3abc7f8b465ed113caef581f41532cf62eeead1b1936b,461239.57,0.0,262650.0,486.3889,0.5944,818.22,0.375,4.4583,0.9722,10,0,72,70,0.6044,0.4167
i70_closure,26,flat,False,0345c4f966d24013ccdde490f437836667e7979a0ccc405316e94448e8ce661f,458450.32,0.0,276650.0,512.3148,0.6204,825.82,0.2647,4.9265,0.75,11,0,68,51,0.6542,0.4848
i70_closure,27,flat,False,6dc57302b86631fcd1211bd4c225e6a1743f8119d74200fa6abe5d68888ad32d,484209.95,0.0,285900.0,529.4444,0.6444,821.55,0.375,4.35,0.7125,11,0,80,57,0.6604,0.5076
i70_closure,28,flat,False,8f697863771f5721140321b7e2a9e0aa2a221347c51c4826f6a039ad912d815d,475567.87,0.0,271600.0,502.963,0.6185,813.17,0.3913,4.8406,1.2029,12,0,69,83,0.5794,0.6061
i70_closure,29,flat,False,587afededc204bf4e191ab6ac18c6e468595babf74153ac6faac8c4e8d64b581,438904.31,0.0,234300.0,433.8889,0.5278,822.11,0.4286,4.5238,0.9365,12,0,63,59,0.5514,0.3636
i70_closure,30,flat,False,126a1b24a10933e852f49305e24dcb92f55fd0b12cc7091cfa3f9e48d10c5e7f,458083.25,0.0,255750.0,473.6111,0.5704,830.36,0.2537,4.597,0.7761,13,0,67,52,0.6262,0.4015
i70_closure,1,tool,False,14076986bc1666a2c380d4e57ea2fa7e903741ef23d61a84ae14d8532d1e0724,476058.0,0.0,206657.59,382.6992,0.4278,894.62,0.3469,4.7143,0.8367,8,0,49,41,0.3894,0.4318
i70_closure,2,tool,False,1afe1feb9a2c23356211414e3a1b5d7af12d1631fdc3121e8465914a12d0981e,454668.96,0.0,199958.64,370.2938,0.4241,873.18,0.3922,4.4902,0.7843,4,0,51,40,0.3707,0.3788
i70_closure,3,tool,False,129d1e8e4ab6249b8e14a1d47eba5554af972addf9d67ca99dafb8b8e55bd7b7,474577.25,0.0,203631.78,377.0959,0.4167,905.03,0.3617,4.7872,1.0213,5,0,47,48,0.3988,0.3106
i70_closure,4,tool,False,af95040dc3f38fe77babdda1c678f9d76f16a5e572f924b68327173aef569f0a,465120.93,0.0,188204.09,348.5261,0.4,871.32,0.46,4.32,0.96,7,0,50,48,0.3925,0.2879
i70_closure,5,tool,False,fdeb08802c9057229802a5f149d48c4c84f7467937c166f04fb6f4d55f094ac5,461887.45,0.0,187907.21,347.9763,0.4019,865.93,0.4255,4.617,0.7872,6,0,47,37,0.352,0.3409
i70_closure,6,tool,False,ab5a917782398edb45c5e0b840100416c0b3faca21a478e2cb6695be2c886112,460763.9,0.0,219717.35,406.884,0.4611,882.4,0.4107,4.4464,0.6071,7,0,56,34,0.4143,0.3712
i70_closure,7,tool,False,44d8f58a37ffaacf1d98d769aa280bee5c5f41a075f0dac1a0a55d218dce02e7,472365.09,0.0,236604.86,438.1571,0.4833,906.53,0.339,4.4237,0.661,10,0,59,39,0.4766,0.3409
i70_closure,8,tool,False,ba51e99c19ecb9080dd1da5f2ed36aee66c73f833ca9da4c2ead9483f08a86ac,485466.01,0.0,222638.74,412.294,0.4796,859.61,0.4444,4.7963,0.7593,6,0,54,41,0.3832,0.4848
i70_closure,9,tool,False,c0324d250359c85d8676c1a23299e8e07b8cca043138cd03582956b4ba0e8f6a,471322.17,0.0,211472.8,391.6163,0.4389,892.29,0.3889,4.3889,0.8519,6,0,54,46,0.4299,0.3788
i70_closure,10,tool,False,88bcddeb6acae64857bf46d282b3e60031a1678af69a32410f066f7b03dbbd5c,465055.01,0.0,193965.37,359.1951,0.4074,881.66,0.3696,4.7826,1.1304,7,0,46,52,0.3645,0.3409
i70_closure,11,tool,False,3c869946f9cee4292cd68d5652cec9c3e064b41c467670252f5fb519c53bed1d,457854.34,0.0,192252.43,356.023,0.4074,873.87,0.4082,4.4898,0.7347,8,0,49,36,0.3707,0.3864
i70_closure,12,tool,False,0ba3171589a07be1a7b2cf8de64917c8da04ebab50206ab0c4db9a6114e9ff26,482890.04,0.0,191929.91,355.4258,0.4111,864.55,0.4667,4.9333,1.3333,3,0,45,60,0.3551,0.3939
i70_closure,13,tool,False,283731ef5e55bb33ba07643a4d2700a6b4537fe4eea93b3a218891ac3ab4ceb6,455580.82,0.0,176280.9,326.4461,0.3815,855.73,0.3111,4.5778,1.1333,8,0,45,51,0.3427,0.2803
i70_closure,14,tool,False,ac9a15e9386c92ebd2f22c835fa0abe6cad497abef251cd50576aa8b35622909,470717.87,0.0,215418.51,398.9232,0.4593,868.62,0.5789,4.3509,0.7544,11,0,57,43,0.3863,0.5
i70_closure,15,tool,False,a6c77841e9feba4ba88feb10ebe5760b8859e66f99437efe2ba95ff8041c70cf,465644.97,0.0,190427.13,352.6428,0.4093,861.66,0.4167,4.6042,1.0,8,0,48,48,0.3614,0.3939
i70_closure,16,tool,False,3c36b72037a211b4a21d71f62be24a11d0684150425ffb9e27eea342166b895d,474711.29,0.0,202093.3,374.2469,0.4278,874.86,0.3725,4.5294,0.7843,3,0,51,40,0.3832,0.3712
i70_closure,17,tool,False,65f957340c52abae783053f946d4e62b7049fc7076bc97c85cb96ade685aa183,468860.05,0.0,220327.95,408.0147,0.4648,877.8,0.4808,4.8269,0.9423,3,0,52,49,0.4143,0.4621
i70_closure,18,tool,False,9b2d89c6a5ced678a213ec9cd060f470bba96c4945707b0dd3a5d56675d76f65,459473.89,0.0,209284.76,387.5644,0.4444,872.02,0.4231,4.6154,0.8654,7,0,52,45,0.3988,0.3561
i70_closure,19,tool,False,8ede09f1b916e9b024e9502d859745772f6a5d8af6c8424931a82bd9f1c83e6d,458186.12,0.0,199327.63,369.1252,0.4241,870.43,0.451,4.4902,0.9608,11,0,51,49,0.405,0.2955
i70_closure,20,tool,False,47bff384bf9986a5ff2512cb358f73308575d5ae21d26aaacec5183999e5dedc,472187.3,0.0,192497.07,356.4761,0.4037,883.01,0.4255,4.6383,1.3191,8,0,47,62,0.3427,0.4091
i70_closure,21,tool,False,65f36874aa6eca13f7ffacc5d14da94e66923ea0513d69d415229211a67552b1,478305.44,0.0,231330.82,428.3904,0.4852,882.94,0.463,4.8519,0.9259,9,0,54,50,0.4393,0.3939
i70_closure,22,tool,False,8b6ee9f041b11136913dd834250cf305eaf19891945086a527dc5d146dd1bec1,472491.99,0.0,226950.88,420.2794,0.4796,876.26,0.4746,4.3898,0.7458,5,0,59,44,0.4174,0.4167
i70_closure,23,tool,False,783032588b3c8a802dfe7da7053f71c28e5b43bfc4edc5a728645c687f59e50e,450747.51,0.0,175132.83,324.3201,0.387,837.96,0.3469,4.2653,0.9184,7,0,49,45,0.3084,0.3788
i70_closure,24,tool,False,ade840edda47225c1a21cb73b29f59c82ccdde4dc0bf30febbda2bc109753537,455074.15,0.0,184475.43,341.6212,0.387,882.66,0.3721,4.8605,1.0465,7,0,43,45,0.4019,0.197
i70_closure,25,tool,False,7cecc741ff0500e617491032829b1ddfcb95139e4924deda7c7e13870c4f5325,461239.57,0.0,215453.4,398.9878,0.4611,865.27,0.4444,4.6111,0.9259,12,0,54,50,0.405,0.4167
i70_closure,26,tool,False,02f601f84c9fa00ff9f54c46bebb86e9662cec177889c05846bc18e482d84826,458450.32,0.0,207049.77,383.4255,0.437,877.33,0.3404,5.0213,0.7021,6,0,47,33,0.3863,0.4242
i70_closure,27,tool,False,c08290cc36a5258998d6e5904f0e9e8efbc48bd76f86ef7f161c5aa1fbe33cea,484209.95,0.0,212441.94,393.411,0.45,874.25,0.3519,4.5,0.8333,11,0,54,45,0.3894,0.3939
i70_closure,28,tool,False,0f75ff024542b8511aa300b5f364aa9207b911596e4c2327ef2eb13769471e71,475567.87,0.0,231162.2,428.0781,0.487,878.94,0.4364,4.7818,0.8727,6,0,55,48,0.4112,0.5076
i70_closure,29,tool,False,cf71965f7fd12c9f7b8e1165f7acaee589cef6b28a6e8123bfb2c30e1bddc298,438904.31,0.0,209111.69,387.2439,0.45,860.54,0.5179,4.3393,0.625,15,0,56,35,0.3925,0.4242
i70_closure,30,tool,False,04e581f2bde459fb6209486d615c7a684e75fb7123fcca68424368b738f36bed,458083.25,0.0,217540.16,402.8521,0.4537,887.92,0.3962,4.6226,0.9434,11,0,53,50,0.433,0.3333
late_opening,1,comp_median,False,5a5579a827e9e48adb0f886a8a88749988493dbbfc33e6188f45ac6e0f3785d6,448470.65,0.0,246298.11,456.1076,0.6648,686.07,0.3373,4.3253,1.0602,14,0,83,88,0.7508,0.4015
late_opening,2,comp_median,False,c630e098618362f89ec54d247fd0586cf81a69fc554d02fb243aded4f9cbf704,451533.44,0.0,257130.02,476.1667,0.6944,685.68,0.2386,4.2614,0.6818,25,0,88,60,0.7539,0.4848
late_opening,3,comp_median,False,c24af698d1df3c6dfe96c10007dd7ce70d357fb59e02d79fe55044623ed8a38b,455035.49,0.0,239298.81,443.1459,0.6481,683.71,0.2771,4.2169,0.8193,20,0,83,68,0.729,0.3864
late_opening,4,comp_median,False,f16a30c5f87c32e0560e98471baaecb50b343d4c9a0fc56713de5f382d19f500,471428.29,0.0,251170.03,465.1297,0.6833,680.68,0.2553,3.9255,0.7021,22,0,94,66,0.7477,0.5076
late_opening,5,comp_median,False,e5dfae0f1c299298cc77f7dafd9dfcc5aa62776df5824ab21fd39a83b7474b7e,457875.17,0.0,256531.23,475.0578,0.7019,676.86,0.2967,4.1648,0.6264,18,0,91,57,0.7601,0.4924
late_opening,6,comp_median,False,247a76e39043b49087891941d9510f60e80d68838ae12f8f0cefddc8cfb680ec,458372.69,0.0,257251.98,476.3926,0.6963,684.18,0.3152,4.087,0.8043,26,0,92,74,0.7508,0.4773
late_opening,7,comp_median,False,9978f4123bf7946bdb456407a06515b83d6ba8b61b8d1297798807cd81001e7e,459805.34,0.0,255911.85,473.9108,0.6907,686.09,0.2727,4.2386,0.8409,26,0,88,74,0.757,0.5303
late_opening,8,comp_median,False,4d001f65630ee7fa1bfe15d5cc031a45acf317c87523f3b27268680e415fa881,457069.16,0.0,245597.21,454.8096,0.6667,682.21,0.2727,4.0909,0.8523,19,0,88,75,0.7445,0.4242
late_opening,9,comp_median,False,808a063ab81386b7d92d85351f3e86c6c7189b743b9f463fc691625951de5d1b,466273.58,0.0,243510.51,450.9454,0.6648,678.3,0.2889,3.9889,0.7889,17,0,90,71,0.7196,0.4318
late_opening,10,comp_median,False,46b81d6ef27c1dd1f898c3aded751aa13feee83b19c1889bd679aebe7eac120c,466599.88,0.0,238340.97,441.3722,0.6481,680.97,0.253,4.2169,0.7831,24,0,83,65,0.7414,0.3258
late_opening,11,comp_median,False,bc52d4722d765879ea719bdb20fe858ab3eb3ec9a367850c3234b0eb0a0bb72a,459355.11,0.0,236052.34,437.134,0.6426,680.27,0.284,4.284,1.1481,22,0,81,93,0.704,0.4318
late_opening,12,comp_median,False,c71e6f8138daa20c68b4bd4c1ae4b216dfa7b012a454520bec154bab3bea78a3,453598.96,0.0,242637.82,449.3293,0.6574,683.49,0.2771,4.2771,0.8434,15,0,83,70,0.7445,0.3788
late_opening,13,comp_median,False,019ebae5923051cf963ff14a5bd624bb649d6f8e5b7ee80e20f21c6d46d90d8c,455824.43,0.0,241537.84,447.2923,0.6519,686.19,0.2118,4.1412,0.9294,21,0,85,79,0.7508,0.4242
late_opening,14,comp_median,False,14bbaa629036f3f1e80884fdef0b8b0fac86309dc3ef23d29f997639fdf7d1ea,468708.79,0.0,263298.17,487.5892,0.7204,676.86,0.3804,4.2283,0.7826,19,0,92,72,0.7695,0.5606
late_opening,15,comp_median,False,4bf298f65f43f7cecb13d5703f0af9e0387ff8c78d681f7788d94602f3c83aea,475866.79,0.0,225149.8,416.9441,0.6093,684.35,0.275,4.1125,0.825,22,0,80,66,0.6791,0.3636
late_opening,16,comp_median,False,9919f894ca566638815360127907ab4bb632cb4ac02b507c6e75f6112eccfe92,468275.2,0.0,256895.16,475.7318,0.6981,681.42,0.2989,4.3333,0.8621,19,0,87,75,0.7726,0.5076
late_opening,17,comp_median,False,b61eaddda94f4d1f70763af851f23f35df6284090c916761ddbae28b44e09fff,447189.2,0.0,249591.79,462.207,0.6741,685.69,0.4268,4.439,1.2195,23,0,82,100,0.7726,0.4394
late_opening,18,comp_median,False,f2b33493ed97a3758f1fb7fc94890a0f78d78634bf9f5483c6b77d6520562564,451383.18,0.0,239780.69,444.0383,0.65,683.14,0.3086,4.3333,0.9383,16,0,81,76,0.7383,0.4621
late_opening,19,comp_median,False,ed5de25dc509810d14271c220ffcca2208a64a9af4da9edc015ef9ecd34d5454,465583.18,0.0,245103.42,453.8952,0.6722,675.22,0.3218,4.1724,0.8851,15,0,87,77,0.729,0.4394
late_opening,20,comp_median,False,41c22accd52f1dfb5a79a3253829757c35b4a683a1daa6c625b08f936a01975d,460233.84,0.0,241447.14,447.1243,0.6556,682.05,0.3034,3.9775,0.9326,21,0,89,83,0.7072,0.4545
late_opening,21,comp_median,False,60b17613c21af99a7b166728516f3917f65f9b6391f010985793180925be86a4,468425.5,0.0,248175.85,459.5849,0.6667,689.38,0.2791,4.186,0.9884,22,0,86,85,0.7819,0.3788
late_opening,22,comp_median,False,d16af73aa4e21b61c80414d5f2ad65160082e05e19a8985ac7313bbbb5cc3437,465569.69,0.0,259636.5,480.8083,0.7056,681.46,0.3222,4.2333,0.9778,23,0,90,88,0.7414,0.4773
late_opening,23,comp_median,False,38611b82fc2ec83bef3a6bb60f9268ef6ee8955909d7e3a6efed2193756dd786,469082.68,0.0,248172.45,459.5786,0.6741,681.79,0.3293,4.439,1.0732,20,0,82,88,0.7227,0.4621
late_opening,24,comp_median,False,d0b07ed3ece1620fd0bc14e68e8466279201edd7068ea3c33f336c6e02ca73e5,470550.81,0.0,247240.86,457.8534,0.6667,686.78,0.3333,3.871,0.7419,24,0,93,69,0.7601,0.4621
late_opening,25,comp_median,False,bbf3e32385648406cf4c3b57e5be4264efbf9267050f4d4ef9569f891a6ba25c,451349.78,0.0,241709.38,447.61,0.6574,680.87,0.2805,4.3293,0.9024,16,0,82,74,0.729,0.3939
late_opening,26,comp_median,False,55200a6016457dc612c5d74a810afc346ace8875815e564fa98c3b851dcb6f4a,465277.44,0.0,237683.14,440.154,0.6444,683.0,0.3908,4.0,0.9655,23,0,87,84,0.704,0.4773
late_opening,27,comp_median,False,26ec1e160f5eec1578ed868dcbee21ae4ac4a4af3d3d9f82e4e1966bb12fb389,462898.53,0.0,250483.99,463.8592,0.6778,684.38,0.2558,4.2558,0.9651,17,0,86,83,0.7352,0.5227
late_opening,28,comp_median,False,f99075c096fbade2aa87188c123865052682d50b4bcaabbe42345e991200f0a1,468612.81,0.0,253193.93,468.8777,0.6889,680.63,0.3889,4.1333,0.8889,20,0,90,80,0.7477,0.5152
late_opening,29,comp_median,False,6959ffdcde8db0a99c16b8e7956815a5abc979a142e221b0e1c0cf6a298d6aae,472153.12,0.0,263483.24,487.9319,0.7204,677.33,0.3407,4.2747,0.7582,25,0,91,69,0.7975,0.4848
late_opening,30,comp_median,False,37da62c6218fd0a314009e9f01cbae06efd400b831aaae9c366b8ca6926318ca,455275.61,0.0,237280.69,439.4087,0.6444,681.84,0.2907,4.0465,0.9535,20,0,86,82,0.7072,0.3864
late_opening,1,engine,False,51349edd15920250299043950f5d281fa52edb8fac71d5a2d3d82e2c623b1d03,448470.65,0.0,205250.0,380.0926,0.5481,693.41,0.4091,4.4848,1.0758,13,2110,66,71,0.5421,0.4242
late_opening,2,engine,False,2e15d60164f604492b8b4233df1586d053d15595a51f03782df65e5e8d125cfc,451533.44,0.0,210750.0,390.2778,0.5537,704.85,0.274,4.0959,0.8356,11,2404,73,61,0.5452,0.4545
late_opening,3,engine,False,d7975b94c47c0ef2787ec236a4be3cf79b365136d42faec7e45565cc2d48ec5c,455035.49,0.0,231890.0,429.4259,0.613,700.57,0.4459,4.473,0.9459,15,1970,74,70,0.6199,0.4924
late_opening,4,engine,False,4ced6bf4313f6e303ec162e78b9ae210e5be496f09f40b55b421618cd40bc831,471428.29,0.0,225855.0,418.25,0.6111,684.41,0.3951,4.0741,0.6667,21,2097,81,54,0.5794,0.5303
late_opening,5,engine,False,b16aa3a353c9b1ad11adba3b6ac320a8d367ffe6480813daa554a4b4290848ef,457875.17,0.0,228415.0,422.9907,0.6222,679.81,0.4103,4.3077,0.6795,15,2106,78,53,0.5857,0.5379
late_opening,6,engine,False,6cf6225fe8e62bd2fda2dd2193638fcf43f7900a568aa893a63b22c172a97f2a,458372.69,0.0,246395.0,456.287,0.6463,706.0,0.4253,4.0115,0.7931,21,2160,87,69,0.6355,0.5682
late_opening,7,engine,False,6b2de93c8119c02280059ec5b58046825e0d00e6b1bb1e794d115afec949c99d,459805.34,0.0,253325.0,469.1204,0.6611,709.59,0.3902,4.3537,0.7561,17,1831,82,62,0.6636,0.5833
late_opening,8,engine,False,f971431c46f553dacc9eb1f4d5f02ff05238876241ce95ef6475be0ea13bb878,457069.16,0.0,222940.0,412.8519,0.587,703.28,0.3108,4.2838,0.6351,15,1772,74,47,0.5732,0.5076
late_opening,9,engine,False,0a6d224ff545c75189fdee6eb541a8c30ed642266af0d28f9e427e1b2f1a8b72,466273.58,0.0,232725.0,430.9722,0.6204,694.7,0.4103,4.2949,0.9359,13,1867,78,73,0.6012,0.5227
late_opening,10,engine,False,664417e875de72eaa80d151ab5ec1fd58db04815bcc286a9c4ac35183fb77afe,466599.88,0.0,212405.0,393.3426,0.5593,703.33,0.3824,4.4412,0.9118,14,2411,68,62,0.5421,0.4015
late_opening,11,engine,False,bcac222991be190679ab80d8d4c9ab89e90f02327ce4f07c98b5f3249c9be673,459355.11,0.0,219080.0,405.7037,0.5796,699.94,0.4054,4.2297,1.0,18,1809,74,74,0.5826,0.5
late_opening,12,engine,False,5156dd3e71e8ac1c10ad9df1db57f7fd0b64a4eb3d4bbb02b30f118f7324bbbe,453598.96,0.0,227695.0,421.6574,0.5944,709.33,0.3671,4.0633,0.7215,18,1306,79,57,0.6137,0.4167
late_opening,13,engine,False,e581d779c035fbf94a2051efcca9345907e93486e91a82b2b7da0d67236ac7e4,455824.43,0.0,233080.0,431.6296,0.6037,714.97,0.2785,4.1266,0.7595,19,2046,79,60,0.6355,0.447
late_opening,14,engine,False,065ad42f006240498097f2a7f10fafd1b6796428468075d6bd4baaa36769f210,468708.79,0.0,213305.0,395.0093,0.587,672.89,0.4928,4.5942,0.971,7,2144,69,67,0.5421,0.5682
late_opening,15,engine,False,e927dde3e0bcae0eebfe1a08666f2596d65fbeab1b135b5276b71310cb0154dd,475866.79,0.0,195325.0,361.713,0.5278,685.35,0.403,4.2537,0.8657,11,2220,67,58,0.5078,0.3788
late_opening,16,engine,False,c385979377abc6af2f4bde9c03f2341f4a02cd882e1c4876d2b5395ece1fb9ed,468275.2,0.0,243050.0,450.0926,0.6296,714.85,0.3875,4.25,0.75,18,1908,80,60,0.6355,0.5
late_opening,17,engine,False,91219a3c6ca60b576a699602b6dee613204e339bd5d172943981afb35e3b5b11,447189.2,0.0,233455.0,432.3241,0.6093,709.59,0.4861,4.5694,0.7917,12,2424,72,57,0.6324,0.5
late_opening,18,engine,False,81b440da1d81a2633e84fb5e109f4a7c0bba41be920116cfd1db296191550c52,451383.18,0.0,227180.0,420.7037,0.5926,709.94,0.3836,4.3836,0.7671,15,1942,73,56,0.595,0.553
late_opening,19,engine,False,0251ba4599e8c13053bedbd009342c5a86e922159e57fd3b74a9e838b62a89e4,465583.18,0.0,218530.0,404.6852,0.5741,704.94,0.375,4.3056,0.9861,14,1943,72,71,0.5826,0.4545
late_opening,20,engine,False,d9ddd6665515b5b6e6350eca0fb527120d4d12c17ebd4f4de97ef8f98de94a7f,460233.84,0.0,223705.0,414.2685,0.5833,710.17,0.3733,4.2,0.8933,14,2425,75,67,0.5888,0.4924
late_opening,21,engine,False,80774019adab4fd596f2da800f043fce4b4a0516bb8b3de5ca8146ed196fc765,468425.5,0.0,200290.0,370.9074,0.5222,710.25,0.3968,4.4762,1.3333,12,2512,63,84,0.5514,0.2955
late_opening,22,engine,False,02ca3bda4983ab6db17e628a4cc8af0c671695694841ffe92b4fcddaaf8dde72,465569.69,0.0,246055.0,455.6574,0.6407,711.14,0.3506,4.4935,0.7662,21,1599,77,59,0.6449,0.5
late_opening,23,engine,False,94ee2cc2ed9637f80cf811a531688023bcd747c60a5d6314d44211529a7ba9bb,469082.68,0.0,221275.0,409.7685,0.5926,691.48,0.4054,4.3243,0.9595,12,2105,74,71,0.5701,0.4621
late_opening,24,engine,False,47199a1815a0f3ba7604189ac1b597cde23a68a933dcb356c62460bc072ff138,470550.81,0.0,240560.0,445.4815,0.6352,701.34,0.3976,4.1325,0.6627,13,1806,83,55,0.6199,0.5758
late_opening,25,engine,False,068a8db634971aae0dabb917391c980a96585d2213d6aba99304dc5d0e28bb36,451349.78,0.0,212355.0,393.25,0.5704,689.46,0.4324,4.1622,0.8649,9,2019,74,64,0.5545,0.4697
late_opening,26,engine,False,11af69be6b3435d5bfdb63479574231751735135b94dca8140264a88bd488bf8,465277.44,0.0,213740.0,395.8148,0.5667,698.5,0.375,4.25,1.1667,13,2393,72,84,0.5607,0.4848
late_opening,27,engine,False,9acb832be602711eee76ec135b2b3047cce9fdaf64717c85e18c2a2e7079a2bd,462898.53,0.0,232530.0,430.6111,0.6204,694.12,0.4211,4.4079,0.9605,15,2603,76,73,0.6044,0.5606
late_opening,28,engine,False,02ad150e98283bb35cd8866639c9e1bd851fdaf5930ea8d41a072f8afbb94d71,468612.81,0.0,244875.0,453.4722,0.6389,709.78,0.4588,4.0588,0.7882,26,2260,85,67,0.6511,0.5303
late_opening,29,engine,False,6efea1542b63a18e4512b119ac9d60384431f2ead57a04409c2d3ad41a5f0313,472153.12,0.0,240075.0,444.5833,0.6315,704.03,0.3205,4.3718,0.641,15,1887,78,50,0.648,0.4924
late_opening,30,engine,False,442f91caf6bd68a98d7374036bbfca2d03faa01a99d931511f94ed4f218d78f3,455275.61,0.0,226785.0,419.9722,0.5944,706.5,0.3421,4.2237,0.8289,17,1884,76,63,0.5919,0.4621
late_opening,1,flat,False,2eed8e0a1ebee9609631e8a482e5bf2efd4eaab6815c020c77d712946664b292,448470.65,0.0,225550.0,417.6852,0.5093,820.18,0.3607,4.5082,0.8689,9,0,61,53,0.5358,0.2879
late_opening,2,flat,False,237eeacd0df37326ce12e8061fc00abb0852eee542a02c72adf772fe0394afc7,451533.44,0.0,234850.0,434.9074,0.5315,818.29,0.2273,4.3485,0.9091,11,0,66,60,0.5421,0.3636
late_opening,3,flat,False,02c891f3b72f36756faa20b94d26c012e46ff8ff5f1eb3660eca41e105d36c25,455035.49,0.0,248300.0,459.8148,0.5574,824.92,0.375,4.7031,0.9688,13,0,64,62,0.6012,0.3333
late_opening,4,flat,False,b20ca426de53a61929653cda0fc4703d610d8c76378c4a1a967e1e34a60e8b9c,471428.29,0.0,251200.0,465.1852,0.563,826.32,0.3333,4.2222,0.7361,18,0,72,53,0.6044,0.3864
late_opening,5,flat,False,595f76147d7042db38fddb44771c7dfca350fdbf7161e494c2cadfa1eb617e35,457875.17,0.0,245650.0,454.9074,0.5574,816.11,0.3971,4.4265,0.8088,13,0,68,55,0.5607,0.3788
late_opening,6,flat,False,aed96fac64dc4463c08c41db2688b8f1e7d19ec6455b0aba4d3b9fcf64682543,458372.69,0.0,258050.0,477.8704,0.5815,821.82,0.3947,4.1316,0.8289,14,0,76,63,0.6199,0.3182
late_opening,7,flat,False,0fb6c59fdc691002f238ed153d882a9a480e6f0d79b0369eb17b982427552dbe,459805.34,0.0,273400.0,506.2963,0.6111,828.48,0.3514,4.4595,0.8243,17,0,74,61,0.6604,0.447
late_opening,8,flat,False,0db2d76c7f973938c749178e9ea7dd205624deffcf744e34932b92272c2a1fda,457069.16,0.0,257500.0,476.8519,0.5833,817.46,0.3378,4.2568,0.527,13,0,74,39,0.5763,0.4924
late_opening,9,flat,False,98b2e321e8616b71d66afee9617e69c0d79b76ea82db3bfa834d1845deb1546a,466273.58,0.0,251000.0,464.8148,0.5685,817.59,0.3043,4.4493,0.913,10,0,69,63,0.5763,0.3939
late_opening,10,flat,False,0543301320c1519aa67f5f24623bac382f1f2fe6fbe4c6f76086aec130e78561,466599.88,0.0,241700.0,447.5926,0.55,813.8,0.4,4.5692,0.8923,11,0,65,58,0.5389,0.4091
late_opening,11,flat,False,be356aa3477f86e25a0d2adbb1ac543650427ff12b46fc2e17ce032c9de8c0de,459355.11,0.0,247850.0,458.9815,0.5593,820.7,0.3731,4.5075,0.7761,15,0,67,52,0.5763,0.4015
late_opening,12,flat,False,de116dd0831649854fd60b9f6bce38169dbc71841bdeb6aa8e497e49a39e5475,453598.96,0.0,254900.0,472.037,0.5722,824.92,0.3194,4.2917,0.7361,13,0,72,53,0.6199,0.3258
late_opening,13,flat,False,e86e3ac06d40b4399530410758c5864d7050034ad6a777a4d8d3dabc19092120,455824.43,0.0,244250.0,452.3148,0.5426,833.62,0.194,4.3731,0.806,16,0,67,54,0.6168,0.3258
late_opening,14,flat,False,dce7edfab6a55b9b73785af5283c25fcae6ecc01ce29b80e682dbfa16e05cb5a,468708.79,0.0,244800.0,453.3333,0.5556,816.0,0.4531,4.6875,0.9375,5,0,64,60,0.5483,0.4394
late_opening,15,flat,False,1576f5bb116eb4c293ebeab06e8f1fddcbb56263e8512c532bf37faae94b2743,475866.79,0.0,228350.0,422.8704,0.5185,815.54,0.4754,4.5902,0.8361,11,0,61,51,0.514,0.3864
late_opening,16,flat,False,82260d191b2c650a0453f2698601f5fc6463a7b7f737019286eb78b0a47914cc,468275.2,0.0,264850.0,490.463,0.5944,825.08,0.3571,4.5857,0.8429,14,0,70,59,0.6293,0.4318
late_opening,17,flat,False,4046b66f17f7ded2e5122e716f7f20de87e31ead41220edc775593e29de976aa,447189.2,0.0,264050.0,488.9815,0.5889,830.35,0.4559,4.6765,0.8824,18,0,68,60,0.6449,0.4242
late_opening,18,flat,False,8aee48290d9da23a992a7b5582b1e78a95397eb742279138ab01f947e57419aa,451383.18,0.0,248600.0,460.3704,0.5556,828.67,0.3438,4.6875,0.8594,11,0,64,55,0.5981,0.4242
late_opening,19,flat,False,6e125cd5af512d0c8162fb7d147e49d9cdd22bc99ab6d8443430f4b0f1ad5a71,465583.18,0.0,250950.0,464.7222,0.5667,820.1,0.3284,4.5672,0.8955,13,0,67,60,0.5826,0.4015
late_opening,20,flat,False,c080ffac6acaec45afe177fd640617709679c26c709c7682808af5905f9ee924,460233.84,0.0,245550.0,454.7222,0.5519,823.99,0.3088,4.3824,0.7941,10,0,68,54,0.5888,0.3485
late_opening,21,flat,False,c60cb7bbfe37560c70d46d2c300978b9339dbacbcbbb1116694b9c46c368b358,468425.5,0.0,228800.0,423.7037,0.5148,823.02,0.3793,4.7931,1.2414,11,0,58,72,0.5483,0.3106
late_opening,22,flat,False,2f4ef98ac55d258591aa820c6024e0ff146e52eab0be9da9219996910d8e9a37,465569.69,0.0,272200.0,504.0741,0.6148,819.88,0.3056,4.6111,0.8194,22,0,72,59,0.648,0.3333
late_opening,23,flat,False,a94f4fffcf7f263187c7a75fe65fdfa33f717a7c6585aede52c8a177406bbc05,469082.68,0.0,251350.0,465.463,0.5685,818.73,0.3846,4.7231,0.9538,9,0,65,62,0.5857,0.3636
late_opening,24,flat,False,7852ac40ebdad9527a844ace2a9e489e1d18fd131f8d5cdf6cabcfb81c621380,470550.81,0.0,263250.0,487.5,0.5926,822.66,0.3649,4.3243,0.7027,11,0,74,52,0.6075,0.4924
late_opening,25,flat,False,078c49178685e1ccc26f782062eaecdba7a16e6aca807acd0524a7abce788b0d,451349.78,0.0,242100.0,448.3333,0.5481,817.91,0.3478,4.2899,0.7536,11,0,69,52,0.5607,0.3561
late_opening,26,flat,False,e61ec889e74a5bb8355d996cbe8e1d77c9ed69a2422e6db708e9bf414e32fd79,465277.44,0.0,247450.0,458.2407,0.5574,822.09,0.3623,4.3623,0.9565,14,0,69,66,0.567,0.4773
late_opening,27,flat,False,038b3ef8ab739d2ad1c322035c892affcb6c501c632ab5060a34339235d565c2,462898.53,0.0,265800.0,492.2222,0.5981,822.91,0.3803,4.5493,1.0704,12,0,71,76,0.6137,0.5
late_opening,28,flat,False,683dc5ef6be3ce017c0aa3be9e772f30ada61cf884908b5f5b3e2d5018fb3d70,468612.81,0.0,255550.0,473.2407,0.5685,832.41,0.4521,4.2055,0.8493,17,0,73,62,0.6417,0.3409
late_opening,29,flat,False,dc1b4554716abf76e69cf64140032c73e040fdc4e1a4456d4079d4a0b4ab2284,472153.12,0.0,261850.0,484.9074,0.587,826.03,0.2388,4.7313,0.7015,14,0,67,47,0.648,0.2879
late_opening,30,flat,False,5c5ba1b3a864528b653ad8023022a8c281e52fb538be6f32f09fb35a936786f2,455275.61,0.0,248150.0,459.537,0.5574,824.42,0.2727,4.5606,0.9242,14,0,66,61,0.5981,0.3409
late_opening,1,tool,False,cb3f9cc824a4210c0c2847cd07b7a615bf07a47029c69c0ee2eade8412d5d9fd,448470.65,0.0,172466.28,319.382,0.3778,845.42,0.4167,4.25,0.8542,5,0,48,41,0.3427,0.2576
late_opening,2,tool,False,158901a73d7563d91b7ca621c373ef69ad02d1cb3d2b36dfcd776cd1fbf89896,451533.44,0.0,207717.38,384.6618,0.4426,869.11,0.3962,4.5094,0.566,7,0,53,30,0.3863,0.4167
late_opening,3,tool,False,e131b3045e8e235e8eef65dcc2d88275ab63953745ab98268a0fab51779c98ea,455035.49,0.0,189064.47,350.1194,0.4111,851.64,0.54,4.44,0.94,12,0,50,47,0.3645,0.303
late_opening,4,tool,False,b3da55392f4eab529d8e2d24c8573d1b0d026140d15a2a826abbdbde739081d0,471428.29,0.0,207810.33,384.8339,0.4352,884.3,0.4035,4.1228,0.7018,13,0,57,40,0.3925,0.3712
late_opening,5,tool,False,4634144b591bca149127daa99dae644fd6116479bc61c6bccdcfb2ef52772289,457875.17,0.0,201840.52,373.7787,0.437,855.26,0.42,4.72,0.66,6,0,50,33,0.3458,0.4015
late_opening,6,tool,False,129e2133754c4640021d4e202e55242a1601a10a1b368f39d7a794f14360044b,458372.69,0.0,182683.97,338.3036,0.3926,861.72,0.3462,4.0769,1.0,5,0,52,52,0.3645,0.2424
late_opening,7,tool,False,b8669e6994141432e608f3c7d208891ba61b1c68588097d77cb1ea3ebcc8696c,459805.34,0.0,228916.49,423.9194,0.4852,873.73,0.4737,4.5965,0.7544,11,0,57,43,0.4361,0.4848
late_opening,8,tool,False,fcfd6e0649f86018460dcff5e2af9f42fbb1f20f1ac2bc2bc4fefa00bfe843f5,457069.16,0.0,203401.66,376.6697,0.4352,865.54,0.4717,4.434,0.566,8,0,53,30,0.3925,0.3864
late_opening,9,tool,False,a8d512fa3d29641fe77c1f6f3e85dcdfa93218b3c341dcb49ddd7b2a8cef1010,466273.58,0.0,197271.91,365.3184,0.4296,850.31,0.4231,4.4615,0.9423,10,0,52,49,0.3801,0.3712
late_opening,10,tool,False,8875347ebd9f4e246a936fb9caa82efaabec494262a34f9440a5d84d34ff4d1a,466599.88,0.0,187777.77,347.7366,0.4056,857.43,0.4,4.38,0.96,8,0,50,48,0.3427,0.3788
late_opening,11,tool,False,408bfd0446857379b90464ffaec88557c67a4acbb0dbfb245f7354fb3ba39626,459355.11,0.0,184459.79,341.5922,0.3926,870.09,0.4,4.7111,1.2667,7,0,45,57,0.3614,0.3258
late_opening,12,tool,False,cf454042bcab9cfc776f1d5a1b4e5f4414aecaec80a3e15c77fcfd724658bf1a,453598.96,0.0,197723.88,366.1553,0.4167,878.77,0.4364,4.0909,0.7455,13,0,55,41,0.3925,0.3409
late_opening,13,tool,False,b892d0f4a96ebcc8aada3346b215a54b5fae1207e3831872ce9e248f1e6c0686,455824.43,0.0,196211.62,363.3549,0.4074,891.87,0.3265,4.4898,0.551,7,0,49,27,0.4112,0.2803
late_opening,14,tool,False,c46b728ebb986d1b4a84a05a9ba295da9f8fbb864608b1d6525e3023010c4373,468708.79,0.0,190413.82,352.6182,0.4148,850.06,0.551,4.5714,1.1429,6,0,49,56,0.3676,0.3258
late_opening,15,tool,False,d39c214466cf2e3a0ba14b4450403a4e77076b1e7ffe79db4fd947b0c0b956ea,475866.79,0.0,206276.63,381.9938,0.4296,889.12,0.5217,5.0435,0.7609,3,0,46,35,0.4174,0.2803
late_opening,16,tool,False,c2c8639bc1a663600b92b845660f7807d88af354f1261c29bfd4db5d8a6ee2f0,468275.2,0.0,197251.21,365.28,0.4185,872.79,0.4314,4.4314,0.9412,8,0,51,48,0.3551,0.3939
late_opening,17,tool,False,583ce6a470291ed38c55041f7a8d167b331ba855dcbfe7f6a736f41742defb30,447189.2,0.0,196872.56,364.5788,0.4204,867.28,0.5319,4.8298,0.7021,8,0,47,33,0.3863,0.3788
late_opening,18,tool,False,077ac9208c44bbbc87557ea7b42e7234153155fd58c02069eb666617936dda13,451383.18,0.0,210840.96,390.4462,0.4407,885.89,0.46,4.76,0.82,3,0,50,41,0.4174,0.3939
late_opening,19,tool,False,31074991deca645de003b21550ffee291fb7caf459e45a5be2426f8596004ede,465583.18,0.0,204208.0,378.163,0.4352,868.97,0.4909,4.2727,0.8364,7,0,55,46,0.3894,0.3864
late_opening,20,tool,False,f2bf42bb4c8905aae9fcd5f91915f6c1d2fb64dd35aeadc7599369a15519d9a9,460233.84,0.0,172696.87,319.809,0.3722,859.19,0.3043,4.3696,0.8261,6,0,46,38,0.3427,0.2955
late_opening,21,tool,False,cb7c0ddb3f4e84d8cf48ff6178a7aea9f1b491380c7a0256dc63ab7378a0d0b4,468425.5,0.0,199435.47,369.3249,0.4241,870.9,0.5435,4.9783,1.2609,12,0,46,58,0.3956,0.3182
late_opening,22,tool,False,3a36c75798fb8ffc7e6fc5c6fa835d560367e6d57ad7f686577de3a590f91aa9,465569.69,0.0,173642.06,321.5594,0.3796,847.03,0.4783,4.4565,0.9783,8,0,46,45,0.3396,0.1894
late_opening,23,tool,False,1614802cf1379b2f5cda77d516ce2643be2487f1e8406f8848eb1ba901c65e5a,469082.68,0.0,201705.33,373.5284,0.4315,865.69,0.4118,4.5686,1.0392,9,0,51,53,0.3427,0.3939
late_opening,24,tool,False,3dc1218fe264229b3c9d210a0cd41219e7c50cf0bd5d33aee700b2c9c81e809d,470550.81,0.0,201026.7,372.2717,0.4259,874.03,0.3962,4.3396,0.8302,5,0,53,44,0.3707,0.4242
late_opening,25,tool,False,ea449af535571a49e09afc4bccdcd556d1ad1662dedcb985079868823e49db78,451349.78,0.0,194846.77,360.8274,0.4148,869.85,0.4,4.48,0.96,7,0,50,48,0.3801,0.3485
late_opening,26,tool,False,3a78ba89fa04b39ce952e27b1b95a97c76d7671667efc881124259cbdc7271a7,465277.44,0.0,221586.73,410.3458,0.4648,882.82,0.4576,4.2542,0.6271,15,0,59,37,0.4081,0.4848
late_opening,27,tool,False,b80bed12ddb29cf1f71ed4fdc4f09cbe1cb54f9b749d6d76a56754589b753022,462898.53,0.0,217336.06,402.4742,0.4537,887.09,0.4717,4.6226,1.0377,7,0,53,55,0.4361,0.4091
late_opening,28,tool,False,d9468426a112df12e2d55c1b4bece66e71c8dfe755f930bf15deb7bc4aaa9f45,468612.81,0.0,202199.54,374.4436,0.4352,860.42,0.4906,4.434,0.9434,12,0,53,50,0.3863,0.4015
late_opening,29,tool,False,07c9994c83f846456a6bae5fde9892e7b6c4472c3579fa0b3b78b014fd2b1c6a,472153.12,0.0,192331.45,356.1694,0.4074,874.23,0.3043,4.7826,0.7174,6,0,46,33,0.3956,0.2576
late_opening,30,tool,False,12eeda1d7691454d9edbbb15381a89ee1aa54ce9d2c9221137c67727c598d3dc,455275.61,0.0,183178.3,339.2191,0.3907,868.14,0.3913,4.587,0.8696,9,0,46,40,0.3551,0.3106
normal,1,comp_median,False,bb08e8ff9b2ebe3825cee79cfc0366c2b38316a1651a046a30f50d97ab0b2c16,466277.73,0.0,262490.82,486.0941,0.7093,685.35,0.3448,4.4023,0.9655,19,0,87,84,0.785,0.5152
normal,2,comp_median,False,9a548d809ab3f7c79c2eb0c5edad8cf6767228cd38570ce7f3471a6c010a157c,453294.63,0.0,263559.34,488.0729,0.7148,682.8,0.3333,4.2889,0.6667,22,0,90,60,0.7695,0.5909
normal,3,comp_median,False,3426ff35b4cedf316649d1a08d264d88d57e450089ca6c87559cae13d7a8deee,478857.68,0.0,268344.83,496.9349,0.7296,681.08,0.2614,4.4773,0.7273,21,0,88,64,0.7757,0.5758
normal,4,comp_median,False,3a63644201ad22618d871b59a38f45fc35d5e3d6e87043e17d1792b1b1fd4c2c,471404.64,0.0,261658.6,484.553,0.7111,681.4,0.3258,4.3146,0.9438,18,0,89,84,0.785,0.5152
normal,5,comp_median,False,f46bcc9171fa3cef9ad1e8c8dbf91d393033d412aa0a045738d5fffe49c80a2f,492801.4,0.0,240768.49,445.8676,0.6593,676.32,0.2989,4.092,0.8161,20,0,87,71,0.6791,0.5379
normal,6,comp_median,False,de6fc4ed393814d87971236f323eabc23e7bf67618b24dfce1fd3103099bdc00,457368.82,0.0,257663.02,477.1537,0.7,681.65,0.2614,4.2955,0.8182,25,0,88,72,0.7477,0.5379
normal,7,comp_median,False,f1c23ef988ce3acf447ec60b0c611dd73fe3594084afd5a9bd2cae3fdb80019f,470540.18,0.0,248055.69,459.3624,0.6741,681.47,0.3218,4.1839,0.8736,15,0,87,76,0.7196,0.5076
normal,8,comp_median,False,840cfd9688601f97ab55ffed395d813a2d0fbf975fbb8e2570124152e04f6aa6,467196.32,0.0,253928.89,470.2387,0.6852,686.29,0.2941,4.3529,0.9059,21,0,85,77,0.7695,0.4167
normal,9,comp_median,False,4986a1ffd49444ee73ebf5369fb51cb4b63bce2cae2fb62115843ed45ee8f77e,475401.91,0.0,248118.51,459.4787,0.6704,685.41,0.2247,4.0674,0.8539,19,0,89,76,0.7383,0.4545
normal,10,comp_median,False,e54150088d88c47701b3d82df7f4d35ee9a1a31fb4558ea20e926a89694282ce,462545.56,0.0,258238.12,478.2187,0.7037,679.57,0.3444,4.2222,0.9333,27,0,90,84,0.7695,0.4697
normal,11,comp_median,False,881509699f257c51510c6772123b1d20d9ad26ec2dcb1ed11e107e7501298b1c,464389.58,0.0,261297.62,483.8845,0.7074,684.03,0.2841,4.3409,0.9773,20,0,88,86,0.7819,0.4697
normal,12,comp_median,False,87d51e033916d18d55dd10a74a8f1f606d40dca3a13cca0ec6b8e09a0c51eff6,469843.7,0.0,253218.31,468.9228,0.687,682.53,0.2706,4.3647,0.7176,19,0,85,61,0.7321,0.5303
normal,13,comp_median,False,41f7b20d0f5451794dc8124677e49b0803b55d02d30f95fc749f34a400808392,471985.49,0.0,264427.1,489.6798,0.7204,679.76,0.3511,4.1383,0.9468,22,0,94,89,0.7726,0.553
normal,14,comp_median,False,d7c0cc3c9ea1ae0793a18d88351d282f2565da5d3b66fe8369b109537fcb8d25,476823.04,0.0,247793.22,458.8763,0.6741,680.75,0.2614,4.1364,0.9545,20,0,88,84,0.7632,0.4545
normal,15,comp_median,False,c579376112fbe9a37fa919afbf504e8331a478ce03bbe01f4bbc764b63a84b92,474604.85,0.0,271744.04,503.2297,0.737,682.77,0.3936,4.234,0.6702,31,0,94,63,0.8037,0.5379
normal,16,comp_median,False,1c29abda776a7ace2064890c9baa78f37b061fc0f2d3594beee705ce4483ca4b,463740.67,0.0,254482.57,471.264,0.6907,682.26,0.3605,4.3372,1.0349,23,0,86,89,0.7321,0.5076
normal,17,comp_median,False,2206d38593bd2475670af396b326ba72edb997351ecf3c74b0acba57e3d951b9,462201.75,0.0,243195.4,450.3619,0.6648,677.42,0.3626,3.9451,0.978,20,0,91,89,0.7165,0.5
normal,18,comp_median,False,99682f30f90739f333312c5c12d2a5998fd0b35778aa9268f3cb6f321e8ce343,469178.91,0.0,259220.5,480.038,0.7056,680.37,0.3152,4.1413,0.8261,18,0,92,76,0.7539,0.5606
normal,19,comp_median,False,4e407c65d3113d06fe96a23cc607de461ed1f23e4c586705ba57a777bc063aa4,453253.57,0.0,240042.74,444.5236,0.65,683.88,0.3214,4.1786,1.0476,18,0,84,88,0.7383,0.3939
normal,20,comp_median,False,54629a913d182f5cf41383252f6f52baa9ea4c835860c94125d8ad25af007ce1,468448.78,0.0,241718.97,447.6277,0.6593,678.99,0.3068,4.0455,1.0909,21,0,88,96,0.7196,0.4621
normal,21,comp_median,False,acd19c4ce3085f1ca303b3901fe8ab3ff1f58016b08347243087bc515c80c0b3,456613.52,0.0,247591.46,458.5027,0.6685,685.85,0.2989,4.1494,0.8161,11,0,87,71,0.7539,0.4773
normal,22,comp_median,False,a3f253e161f8c90f2f5bbbdc922dcd6580cbf346ec2833f128f2313b70fa0bd3,443921.72,0.0,260292.94,482.024,0.7056,683.18,0.2584,4.2809,1.0112,33,0,89,90,0.7757,0.5076
normal,23,comp_median,False,69ce96e5302e053937eb992fbc861f85401de9e5b8037aad4c675b1374c21e16,460419.39,0.0,247281.79,457.9292,0.6685,684.99,0.2697,4.0562,1.1573,24,0,89,103,0.7695,0.3939
normal,24,comp_median,False,31a6a547875665ee3bf8bb7a44aec8ac958fe2901c2899fe73659d05e8d247ad,477467.48,0.0,258611.82,478.9108,0.7,684.16,0.2872,4.0213,0.6702,29,0,94,63,0.7757,0.4848
normal,25,comp_median,False,56a4741e513fad4bc7231efd22276142c6ba2a879ea1fe08aaea098eb249ba75,470443.97,0.0,262459.44,486.036,0.7111,683.49,0.2234,4.0851,0.8298,22,0,94,78,0.8069,0.4394
normal,26,comp_median,False,3c728b3ce63b630ebc6791da57d6078d806312c50bfb9efc8aea6fe716dc5553,458576.59,0.0,265324.29,491.3413,0.7222,680.32,0.2921,4.382,0.8539,15,0,89,76,0.7882,0.4697
normal,27,comp_median,False,6ee51f33afafe15e3fa070bfda74151544dc1c7daaaf1ce6545249bc815062d9,455063.39,0.0,240017.49,444.4768,0.65,683.81,0.2907,4.0814,0.8488,22,0,86,73,0.7165,0.4015
normal,28,comp_median,False,b184ecc247ad1adb833db942b455517dd69f2df4d491c2c37838f29623741961,458053.92,0.0,248525.01,460.2315,0.6704,686.53,0.3412,4.2588,0.9647,22,0,85,82,0.7975,0.2955
normal,29,comp_median,False,635465fd472e6bb87def03d343a9213b4e75b58ca6cbcd1fc21237132b88073b,473918.47,0.0,263341.98,487.6703,0.7185,678.72,0.2872,4.1277,0.766,28,0,94,72,0.7882,0.5303
normal,30,comp_median,False,21651e1bcf6b3602524afbecef1eb8940d59415c22ed442dcadf86509698d532,465134.21,0.0,256325.05,474.676,0.6944,683.53,0.3556,4.1667,1.1222,22,0,90,101,0.7508,0.4924
normal,1,engine,False,0b68015bef62c50896e4ff10ef293a01c33204223896a677996a94480e7db314,466277.73,0.0,234675.0,434.5833,0.6111,711.14,0.3816,4.3421,0.8684,19,1894,76,66,0.6075,0.5682
normal,2,engine,False,0f2f7dc9b33f1b1d2c2d67b78c5fe3a1f6287efe603c69c85e3e343234abb02e,453294.63,0.0,248395.0,459.9907,0.6444,713.78,0.439,4.2439,0.6829,21,1955,82,56,0.6417,0.5985
normal,3,engine,False,9863424be469107d818ca08c8cc132f3a52b7c4b94cd47dd77e8db4da2f2c5c6,478857.68,0.0,235165.0,435.4907,0.6222,699.9,0.3158,4.4211,0.7368,16,1867,76,56,0.6012,0.5758
normal,4,engine,False,18164181f2dec496bbe5533bccd818d81404e0dd2037377dfe27b4f7dd7ce2da,471404.64,0.0,247970.0,459.2037,0.6519,704.46,0.4819,4.241,1.0723,16,1777,83,89,0.6449,0.5455
normal,5,engine,False,ab531d3eec6295afb568656a3b1d2978832f3f852468a7fe9b6c34ddb9fef6aa,492801.4,0.0,213575.0,395.5093,0.5815,680.18,0.3733,4.1867,1.0933,9,2208,75,82,0.5327,0.5606
normal,6,engine,False,6a515fd1ada0a4668dc9ebd124cdac438567658b0b2ca260600f4f4d457d1e8a,457368.82,0.0,214365.0,396.9722,0.5796,684.87,0.4118,4.6029,1.1618,9,1924,68,79,0.5358,0.5606
normal,7,engine,False,1a667fb0dabe19c9d0ea49b31bdbec5490ffe9f788d2f829df8d65ade1e4b2af,470540.18,0.0,227295.0,420.9167,0.6056,695.09,0.3867,4.36,1.1333,9,2094,75,85,0.5732,0.5909
normal,8,engine,False,4054789eddf2da7377a670cb32430406a8d0fc78e4a678762beed33f7a6d4c0b,467196.32,0.0,242960.0,449.9259,0.6481,694.17,0.3797,4.4304,0.7975,18,2080,79,63,0.648,0.4773
normal,9,engine,False,caf02a838e39d6556a4a3a1d6bb9cbcaf83950ce5e9f59ec38c52d392e40d267,475401.91,0.0,246145.0,455.8241,0.6278,726.09,0.3718,4.3462,0.9231,14,1742,78,72,0.6636,0.4091
normal,10,engine,False,9c6da371753ea0ff7eb57a13f975371fd148ab29af793d4a383ef40d23404cb6,462545.56,0.0,255805.0,473.713,0.663,714.54,0.4074,4.4198,0.8025,14,1900,81,65,0.6916,0.5227
normal,11,engine,False,58e2faf3c7a33d64126b6527fa4066ebe89fec26f6a27b1d5506a72162ab2ba0,464389.58,0.0,235675.0,436.4352,0.6093,716.34,0.4054,4.4459,1.1351,12,2408,74,84,0.6355,0.4318
normal,12,engine,False,f3a651718697326292738ede862a3535481cd96948420e3aa1fdb767e6620911,469843.7,0.0,241670.0,447.537,0.6333,706.64,0.3457,4.2222,0.716,14,1452,81,58,0.6168,0.5606
normal,13,engine,False,7e0528db2b18733fe3f3100e464628b1f5ecf2c66d2cb83cc338934049027a92,471985.49,0.0,250210.0,463.3519,0.6556,706.81,0.3721,4.1163,0.8837,12,1509,86,76,0.6573,0.5985
normal,14,engine,False,c8548739ccce25e3e10f3159c619a9a84f1615a86e3ed1eeba80463f4e5f591d,476823.04,0.0,230825.0,427.4537,0.6093,701.6,0.4177,4.1646,0.9114,10,1975,79,72,0.5919,0.5455
normal,15,engine,False,1bc113c11a324dcb81761c0b005f60b06926d00652d399730fd7d6ca5fa54227,474604.85,0.0,224835.0,416.3611,0.5963,698.25,0.4189,4.3514,0.8514,21,1973,74,63,0.5794,0.5076
normal,16,engine,False,d6f7b5746181a829e8217ec6e8f696d21edeca9849a4f81c1d53f3a4ccf4961a,463740.67,0.0,230650.0,427.1296,0.6278,680.38,0.3766,4.4026,1.013,14,2078,77,78,0.5857,0.5455
normal,17,engine,False,de3fa1e298c67b6a8c21af403bc2db3873879664b78cf86661442247a7bbb08d,462201.75,0.0,236325.0,437.6389,0.6333,691.01,0.35,4.275,0.7875,13,1793,80,63,0.6137,0.5909
normal,18,engine,False,80e8d4268afa2f9312321c77b92f14b8c354bfc4649191488f72c8a7cbb505c0,469178.91,0.0,237695.0,440.1759,0.6389,688.97,0.4051,4.3671,0.7342,13,1645,79,58,0.6199,0.6212
normal,19,engine,False,5b6bc6b6316f09d89a23dac6c0c8b5f7966992fb14367c308acdb38ee47d0c0b,453253.57,0.0,215475.0,399.0278,0.5778,690.62,0.4058,4.5217,1.2174,6,2306,69,84,0.5483,0.4848
normal,20,engine,False,f268b1c117020f7dcbec5d3d02414a2e45020914e48722a7b91bc94f8da7c2b6,468448.78,0.0,241305.0,446.8611,0.6352,703.51,0.3415,4.1829,0.7561,12,1724,82,62,0.6449,0.5227
normal,21,engine,False,175200b51c65fd8ecf85bfbe8fb84235dfb6d4314a1fa23a323c47ed2550abc2,456613.52,0.0,249160.0,461.4074,0.6426,718.04,0.369,4.131,0.6429,14,1440,84,54,0.6667,0.553
normal,22,engine,False,b1152a78a2849f712d7baa265eff7a00627702364c56794e3a803b369de0e492,443921.72,0.0,228390.0,422.9444,0.5963,709.29,0.3636,4.1818,1.0,20,1986,77,77,0.5981,0.5
normal,23,engine,False,cdf1349f4dd9ae5c69750ee8dc0591111395f792e5c49d0ab02c3251c8d66414,460419.39,0.0,195870.0,362.7222,0.5259,689.68,0.3056,3.9444,0.9861,16,1784,72,71,0.5109,0.3939
normal,24,engine,False,d8691afbd5c1017b4a9d67bbf4ba362da320389f29af816e6569187e6030e1de,477467.48,0.0,231190.0,428.1296,0.613,698.46,0.3,4.1375,0.75,19,2394,80,60,0.5826,0.553
normal,25,engine,False,89bf27c5941adba1f9e612c24f4f93a2f2e3a0cf0d8f2281fc1518ffbb162b34,470443.97,0.0,236765.0,438.4537,0.6296,696.37,0.3951,4.1975,0.8642,24,2077,81,70,0.6012,0.6288
normal,26,engine,False,0ca80c0f85718e3f82222cca41d490060d37ac024f96dfce743c389756b084bd,458576.59,0.0,228805.0,423.713,0.6185,685.04,0.4359,4.2821,0.9615,10,2596,78,75,0.5888,0.5379
normal,27,engine,False,cd21c95fe75e1dcaa5f6532e9de22ca6c7905cf215421cf6131f8a2bd1ef8a50,455063.39,0.0,238400.0,441.4815,0.637,693.02,0.3735,4.1446,0.6386,17,1937,83,53,0.6262,0.5076
normal,28,engine,False,f8b12f1266729cd2426e583f6edb1e5c4eaf5c99e0f2f1b2fcff727e8d29bac6,458053.92,0.0,214040.0,396.3704,0.5593,708.74,0.3676,4.4412,1.3529,12,2423,68,92,0.5919,0.3333
normal,29,engine,False,261bbca4445bceec6f1c3815f5cff4e523551ec2d4a79e9f1b1be42152124a29,473918.47,0.0,230905.0,427.6019,0.613,697.6,0.3784,4.473,1.027,13,2079,74,76,0.5981,0.5379
normal,30,engine,False,d23f36cbb7873f6e9239e52a41e04fa901b885c5f7a24f87d4aeafbe6e3caf6e,465134.21,0.0,231950.0,429.537,0.6296,682.21,0.4198,4.1975,0.9259,19,2199,81,75,0.567,0.6439
normal,1,flat,False,f6a9fb2c12d8cdcfefe1946f76982c7f8d761090ca1c769bad77345d1603907a,466277.73,0.0,270400.0,500.7407,0.6093,821.88,0.3913,4.7681,0.8986,15,0,69,62,0.6262,0.4773
normal,2,flat,False,182b15dab6a01b9fc728cc2501344ff0fdd0c38bac5124fc407d2988752e65f2,453294.63,0.0,268100.0,496.4815,0.6037,822.39,0.3973,4.4658,0.6849,15,0,73,50,0.6231,0.4697
normal,3,flat,False,9e309b83af64d1e70d1d595345fc9a758065026c7aeb5a451f639130478b6e7c,478857.68,0.0,268050.0,496.3889,0.6074,817.23,0.2817,4.6197,0.8732,12,0,71,62,0.6012,0.5
normal,4,flat,False,79a808ea9519492c25ffdfb5df26e01ff5b43c81bf08990a65aab39a9ff09e55,471404.64,0.0,278600.0,515.9259,0.6259,824.26,0.4267,4.5067,1.0,11,0,75,75,0.6542,0.4848
normal,5,flat,False,6b9e6a38138134a4ec4e004265533743339ec7ca137eb157a9938ef54cde44bc,492801.4,0.0,250750.0,464.3519,0.5667,819.44,0.3088,4.5,0.8382,8,0,68,57,0.5701,0.4621
normal,6,flat,False,949d3fa8649ed842234cc6c671f877c8d39164758b9725db2fe36f2eb7a7bcd2,457368.82,0.0,241650.0,447.5,0.5481,816.39,0.3934,4.8525,1.2459,12,0,61,76,0.5327,0.4924
normal,7,flat,False,28dba0040a575af81bd2ca3aa0c3146a569e6b95b43ed494c05abcbf5f6913d5,470540.18,0.0,251300.0,465.3704,0.5704,815.91,0.3846,4.7385,1.2308,8,0,65,80,0.5483,0.5379
normal,8,flat,False,5a8613055f3fffb62bd6c679fbe6690ddbc48f185a4dd010b079ae75c31fef82,467196.32,0.0,262150.0,485.463,0.587,826.97,0.3188,4.5942,0.7971,12,0,69,55,0.648,0.3106
normal,9,flat,False,b52a20747fd4bba1399b614c84e77dab0839fedf7da66be276c42917b0d7e3a8,475401.91,0.0,269650.0,499.3519,0.6037,827.15,0.3288,4.4658,0.7945,15,0,73,58,0.6573,0.3788
normal,10,flat,False,a3a12b70795d78d360a982172ef1baca3d3ca0ddfaa3b8c42464ceec01731ed5,462545.56,0.0,285050.0,527.8704,0.6389,826.23,0.3562,4.726,0.8082,14,0,73,59,0.6916,0.4015
normal,11,flat,False,8ee59c9e4e566c4b83014e14f48f5a86ce9bb41892bd1e6c2eab49fe8150580a,464389.58,0.0,270750.0,501.3889,0.6093,822.95,0.4085,4.6338,1.0704,13,0,71,76,0.6417,0.4091
normal,12,flat,False,386404105b119b291eb4f14b158cf9328c388c6b5562a67b532005580e035a01,469843.7,0.0,252800.0,468.1481,0.5667,826.14,0.2899,4.4348,0.8116,7,0,69,56,0.6106,0.3712
normal,13,flat,False,0ee78959d11d379f667752446c7cabc674e0b4b7e2ab095a2b64cfc35c57efbd,471985.49,0.0,278650.0,516.0185,0.6278,821.98,0.375,4.2375,0.875,13,0,80,70,0.648,0.4773
normal,14,flat,False,e905504519b98c53b05e3bc5c3c85122509b4422b11d0788f9b9fe8c3b161ff4,476823.04,0.0,254550.0,471.3889,0.5722,823.79,0.3333,4.4783,0.971,6,0,69,67,0.5981,0.4318
normal,15,flat,False,7dfbdf47e4a205b7314b983dec0beebe5f3eb919abecf37a5cbf0c1deb13966e,474604.85,0.0,257150.0,476.2037,0.5833,816.35,0.4118,4.6324,0.7794,17,0,68,53,0.5794,0.447
normal,16,flat,False,c537af9ace8d17f974e49ba182012ebd56b42e2576e90d0fc62a0c6e62cd87f2,463740.67,0.0,265200.0,491.1111,0.6,818.52,0.3857,4.6286,0.9286,13,0,70,65,0.6044,0.4621
normal,17,flat,False,3feb1eb3771d28ba0502a8886ac69b57d8d833e78276bd455bc1f1d71b8ce5c6,462201.75,0.0,258450.0,478.6111,0.5815,823.09,0.3333,4.3611,0.8611,12,0,72,62,0.6075,0.4242
normal,18,flat,False,11fc711d561819fd37b747444ebff7c3badcaf5240d9fdaa588c220c8cf2138c,469178.91,0.0,264850.0,490.463,0.5963,822.52,0.3472,4.4722,0.6944,10,0,72,50,0.6137,0.4773
normal,19,flat,False,eec78d4e6e91eef5289cc86af9aad7c77ca4ffb36e6bc15fd6b3b6943ccdf176,453253.57,0.0,230000.0,425.9259,0.5185,821.43,0.3871,4.5161,1.129,7,0,62,70,0.5421,0.3409
normal,20,flat,False,3c1948449dd086cf0eaf471a2f1f7cc764788a8bbd4de563ec7c6e68aec68fd8,468448.78,0.0,267200.0,494.8148,0.6,824.69,0.3158,4.2632,0.8684,12,0,76,66,0.6355,0.4242
normal,21,flat,False,f379e7225835a5df07606160ecbb3fee7f5d164fd4c16b84b50d8058c116cf4c,456613.52,0.0,271650.0,503.0556,0.6037,833.28,0.3514,4.4054,0.7432,12,0,74,55,0.6636,0.4924
normal,22,flat,False,17253ff7fa9d3a68c640f2a80dcfe3c28bc8ec6b0801d969c2e7e903a688ee3f,443921.72,0.0,261450.0,484.1667,0.5907,819.59,0.3151,4.3699,0.8219,17,0,73,60,0.5981,0.4621
normal,23,flat,False,9e1e1f24a30a388bfe6134521d6031130da45db0d05ae2d465634cb4f0b88d01,460419.39,0.0,227150.0,420.6481,0.5148,817.09,0.2794,4.0882,0.9706,15,0,68,66,0.5202,0.3561
normal,24,flat,False,af6f7d12f51cd333176df5c934508a8845c0cf2ba55d6876deddbb064d6d18bd,477467.48,0.0,250850.0,464.537,0.5648,822.46,0.2676,4.2958,0.8028,12,0,71,57,0.5981,0.3485
normal,25,flat,False,e027825b313331e0d07b890df8924feae76c369db042827e7654765ce9c2d896,470443.97,0.0,263900.0,488.7037,0.5963,819.57,0.3521,4.5352,0.9014,19,0,71,64,0.5919,0.5379
normal,26,flat,False,ef29e968b3a49707785e019240ccc780e18aa2b41a4f1223f3e80d78bb811335,458576.59,0.0,241750.0,447.6852,0.5463,819.49,0.3492,4.6825,1.0952,7,0,63,69,0.5732,0.303
normal,27,flat,False,25d196fe7902050da7081d931c2ac5bf6bec0c92852312aecefbd5343de7474e,455063.39,0.0,256350.0,474.7222,0.5741,826.94,0.3521,4.3662,0.8451,10,0,71,60,0.6262,0.3485
normal,28,flat,False,ddb334c48d4067dd3bfc8cc333cdb4085875f8e4ad8663fe4a3ff99f049e5e6f,458053.92,0.0,228450.0,423.0556,0.5093,830.73,0.2951,4.5082,1.2787,13,0,61,78,0.5919,0.1667
normal,29,flat,False,e9af2f0a2a901ca5e3396d7fb2e15e7d90f9e9ab6d34f089316de028d3743360,473918.47,0.0,256500.0,475.0,0.5778,822.12,0.3676,4.5882,1.0147,12,0,68,69,0.5981,0.4318
normal,30,flat,False,0cdfd710d0ee950d9c9ce072c25dd0caed21671b39d53d814652b3d8bde19b9b,465134.21,0.0,259150.0,479.9074,0.5889,814.94,0.3194,4.4167,0.9306,14,0,72,67,0.5763,0.4697
normal,1,tool,False,2d01d04b0a72ec8a2e505216fa4ab9286183c2a531fe54a328544a8b45942f0b,466277.73,0.0,210451.73,389.7254,0.4426,880.55,0.4706,4.6863,0.9216,6,0,51,47,0.4143,0.3788
normal,2,tool,False,079f6806da3ca98f4717d13fa28003d53ba599ee7afc23ea5fcc0dd3e6d937f6,453294.63,0.0,238802.89,442.2276,0.5019,881.19,0.4138,4.6724,0.5517,9,0,58,32,0.4735,0.4621
normal,3,tool,False,8876d56f3614e577e461437a17b2322f852ac141e06a99b0fbb8383d33fa03dc,478857.68,0.0,218568.83,404.7571,0.4667,867.34,0.4151,4.7547,0.7925,7,0,53,42,0.4112,0.4167
normal,4,tool,False,1082bf3e2ff335cbf4e27f5461fb355c69e0da1f16a6ab4944b3ed829867ad8c,471404.64,0.0,192546.58,356.5677,0.4148,859.58,0.5,4.48,1.08,7,0,50,54,0.3676,0.4015
normal,5,tool,False,111d19c6404b17492d787ed36ba57dc4afd391606fb744a0c11ade522aec7f18,492801.4,0.0,210214.79,389.2866,0.4407,883.26,0.4,4.3273,0.8727,7,0,55,48,0.3832,0.4394
normal,6,tool,False,13339f68ebac581c561a21229e5e46403ad08d624a62888124fbd968febaec93,457368.82,0.0,183580.43,339.9638,0.4,849.91,0.4894,4.5957,1.1277,3,0,47,53,0.3209,0.4394
normal,7,tool,False,ab1f871bbc1af8d8759320d6801038b56c2c104dc1a76d8707ce8897196ef857,470540.18,0.0,212830.38,394.1303,0.4574,861.66,0.4902,4.8431,1.098,5,0,51,56,0.3894,0.4848
normal,8,tool,False,640f2e3304eda23b802cdf121edc0d65e7df18de55d34d3a867557e0fd3d01c9,467196.32,0.0,207990.49,385.1676,0.4389,877.6,0.3,4.74,0.98,9,0,50,49,0.3925,0.3258
normal,9,tool,False,bb994c73484ee606713418fd74ba02fc1375d190e038a706bbd280e310c0a16f,475401.91,0.0,215883.28,399.7839,0.4537,881.16,0.434,4.6226,0.8491,10,0,53,45,0.4268,0.303
normal,10,tool,False,24c021313536b7126b7e187538e327dee533d91c14c62f0643ced20d881277a2,462545.56,0.0,207145.07,383.602,0.4296,892.87,0.4423,4.4615,0.9038,8,0,52,47,0.4081,0.3182
normal,11,tool,False,3851148acb4671b533969068b98f6cc669d321c83c20e274714875dc3c90cccb,464389.58,0.0,198839.13,368.2206,0.4278,860.78,0.3404,4.9149,1.0851,4,0,47,51,0.3738,0.4167
normal,12,tool,False,0e6889e4c105dc99bc2d7a3d76682f9bd5653c63727140fff69cb9b8803bc195,469843.7,0.0,202662.12,375.3002,0.4259,881.14,0.4528,4.3396,0.8868,7,0,53,47,0.3988,0.4015
normal,13,tool,False,c0c6d293f3cdc3fc78dadaace3a56bc3cd721104df5aa6954d91795b4f718300,471985.49,0.0,211511.13,391.6873,0.45,870.42,0.3929,4.3393,0.6607,9,0,56,37,0.3769,0.4924
normal,14,tool,False,76315cfcffb3da412fb80ea0f48c73d75582a869c3d14c2ca4e4a4471e047e98,476823.04,0.0,181948.93,336.9425,0.3944,854.22,0.375,4.4375,1.1458,7,0,48,55,0.3427,0.3636
normal,15,tool,False,66e452b6d468748b0a45db8aede34db256cc81a752986ce4219f06ef4904a832,474604.85,0.0,182149.59,337.3141,0.4,843.29,0.4898,4.4082,1.0408,7,0,49,51,0.3115,0.4091
normal,16,tool,False,3fd1d6cf0b6d8eaf2dd6e3fe618a96d274db7a0e13fd4100f8ed230b540c98e4,463740.67,0.0,210073.22,389.0245,0.4463,871.67,0.4906,4.5472,1.0566,7,0,53,56,0.4206,0.3561
normal,17,tool,False,82f1b329b28f7d03fc7bd33975c209dc2165d6e74bd7ffe64273865f4e9e521f,462201.75,0.0,215491.54,399.0584,0.45,886.8,0.4182,4.4182,0.8727,7,0,55,48,0.4112,0.4091
normal,18,tool,False,8242eccc619b79757b4cd692f1ba40e930c833ddc4ad3321a6a16e16a7dc3769,469178.91,0.0,201154.45,372.5082,0.4296,867.05,0.5185,4.2963,0.8704,8,0,54,47,0.3801,0.4015
normal,19,tool,False,be6a0430fb4682d36d05c7c50fbfdae1eb10419b0ed1fb51fde5fd9fecf609a2,453253.57,0.0,199301.17,369.0762,0.4278,862.78,0.4583,4.8125,0.8542,4,0,48,41,0.405,0.3561
normal,20,tool,False,dbda1d3d4d345a07c855455b6e40cd8d684295d80fc3897e9fe6411d32fa2186,468448.78,0.0,226759.96,419.9259,0.4815,872.15,0.4464,4.6429,0.9107,11,0,56,51,0.4455,0.3788
normal,21,tool,False,d6be98215022f3648096d25396ad39bfa4ff97a03fdfdd2ec066475253bd04a1,456613.52,0.0,208903.59,386.8585,0.4389,881.45,0.375,4.2321,0.8036,6,0,56,45,0.3894,0.4621
normal,22,tool,False,5c88db3a687123fe1450c719c0e1f0669b7b91b2c080e84cd52022a858dfab32,443921.72,0.0,225449.25,417.4986,0.4722,884.11,0.4286,4.5536,0.8929,12,0,56,50,0.4237,0.4394
normal,23,tool,False,2408063d125e0a369130409e4d0542cb64e7679bbd744abe6de1871331267b21,460419.39,0.0,190866.41,353.4563,0.4056,871.54,0.3922,4.2941,0.7843,9,0,51,40,0.3583,0.303
normal,24,tool,False,3cd09faddd580dca4a29d8d08296006130948d7dd0c97eba8df9de1498a8d5a6,477467.48,0.0,177029.72,327.8328,0.3833,855.22,0.2885,3.9808,0.8654,4,0,52,45,0.352,0.303
normal,25,tool,False,b0822ecbb361960c791a9b037d9a747e01822e6a7025b0a7ab927d4e4960519c,470443.97,0.0,234421.42,434.1137,0.4907,884.61,0.463,4.9074,0.8519,6,0,54,46,0.4829,0.4394
normal,26,tool,False,50cd1cd78d2356343ccc0bb20478d8cd8adb944bd0ff78541caef8cd2659f106,458576.59,0.0,180377.79,334.0329,0.3889,858.94,0.4773,4.7727,1.1364,8,0,44,50,0.3396,0.3106
normal,27,tool,False,54429f209a1e3292bfdb444e274e2388734bd6ed0a1f84479349ed81c9565691,455063.39,0.0,200016.13,370.4002,0.4241,873.43,0.4615,4.4038,0.75,8,0,52,39,0.3676,0.3561
normal,28,tool,False,c29c7bde953db74a508cfe5c7fc3a58a2689712be74daad726f989c174e86c32,458053.92,0.0,193555.83,358.4367,0.413,867.96,0.4528,4.2075,1.0943,9,0,53,58,0.405,0.1894
normal,29,tool,False,acbff69dcd1bab0fcb12926a32c5b0e52678728b2ab51e1386d2901b7e386ac2,473918.47,0.0,209422.46,387.8194,0.4407,879.93,0.4231,4.5769,1.0192,10,0,52,53,0.4019,0.3636
normal,30,tool,False,65adad5ae346ffbe933e6838a0643355d9e2007714a424459358f8c368c4244a,465134.21,0.0,194839.25,360.8134,0.4222,854.56,0.4808,4.3846,0.9423,10,0,52,49,0.3333,0.4848
pandemic_collapse,1,comp_median,True,158e727998e1e4203192238903c5bff157f8640bf0726699945b4698c6cfe338,292855.3,0.0,55913.5,103.5435,0.1537,673.66,0.55,4.15,0.85,0,0,20,17,0.1869,0.1212
pandemic_collapse,2,comp_median,True,8b7c972aec9c3cb4f4447eba2fa1db57f91cfe3215d2fe14308b9515d9de5ec8,308499.34,0.0,78979.36,146.2581,0.2185,669.32,0.4815,4.3704,0.9259,1,0,27,25,0.2617,0.0833
pandemic_collapse,3,comp_median,True,4710af04990b8c80fc00559e50791f9bbdac97de9e168462fe531e1cb4046982,327492.29,0.0,79600.73,147.4088,0.2185,674.58,0.3846,4.5385,0.9231,1,0,26,24,0.2617,0.0682
pandemic_collapse,4,comp_median,True,3b7ac3692b31fefb821b0f48814f5ca7e5ea21b645671081a7ede3a12349c4fe,294531.64,0.0,62175.3,115.1395,0.1741,661.44,0.5652,4.087,0.5652,3,0,23,13,0.1651,0.2197
pandemic_collapse,5,comp_median,True,b5cdff5294c78f57a3d8cd4a55b4f061ec8f5c58c5ff719af8fa0842c1ad0787,306321.78,0.0,79679.96,147.5555,0.2204,669.58,0.4828,4.1034,0.6897,2,0,29,20,0.2586,0.0985
pandemic_collapse,6,comp_median,True,629c9e817ace4dc4be69d28a0807cb629c2f58c679b9b28ed193a27153816084,316080.23,0.0,78035.88,144.5109,0.2167,666.97,0.4348,5.087,1.2174,1,0,23,28,0.2461,0.0606
pandemic_collapse,7,comp_median,True,68ba4f35481e5e716f9ad580da87d924404041197218db0d827b9801b57a1494,321228.66,0.0,59353.96,109.9147,0.1667,659.49,0.7,4.5,1.3,0,0,20,26,0.162,0.1667
pandemic_collapse,8,comp_median,True,9e946179e5bcdd214037bd33366b76b818d886051182aac5c8b5768e941522be,295446.53,0.0,76618.45,141.886,0.213,666.25,0.3462,4.4231,0.9231,1,0,26,24,0.2523,0.0833
pandemic_collapse,9,comp_median,True,f58535a267a4dd25109893f7c30e51c4c041877ada363cb30576a63cff699d98,320745.11,0.0,83939.09,155.4428,0.237,655.77,0.4483,4.4138,0.8966,0,0,29,26,0.2305,0.1136
pandemic_collapse,10,comp_median,True,737889f67e9efda7433a23ff953e4a8a4b05ec6bd3d9f26c94d5bfc6566f6ddc,314251.51,0.0,87828.6,162.6456,0.2389,680.84,0.5357,4.6071,0.75,2,0,28,21,0.3302,0.0379
pandemic_collapse,11,comp_median,True,cda9764a1e7d8ba8b3fe80dd59b77c24fcba1726dd8ec06566bde52b1ac257da,291380.3,0.0,62969.09,116.6094,0.1722,677.09,0.3913,4.0435,1.087,2,0,23,25,0.2336,0.0152
pandemic_collapse,12,comp_median,True,c16b48439c095859fed5d90d8429679c11cf61287df2ecffe4f5dfde4772ccaf,310503.26,0.0,86375.86,159.9553,0.2407,664.43,0.5172,4.4828,0.6897,2,0,29,20,0.271,0.1667
pandemic_collapse,13,comp_median,True,6781868b129a4daae7166f9d00a1702d438ffd1050c2a8f8f04b1e4840ade848,283841.67,0.0,74847.88,138.6072,0.2093,662.37,0.36,4.52,0.8,1,0,25,20,0.2087,0.0985
pandemic_collapse,14,comp_median,True,3bd959c0ebc3afe29e2ea6f3a88ad792ef2dfc6e20244e7f3f2e8657d8a6c998,300317.14,0.0,107646.92,199.3461,0.2926,681.31,0.4167,4.3889,0.4444,4,0,36,16,0.4081,0.1439
pandemic_collapse,15,comp_median,True,bea0a323d92114ea61dfafe4e65259ddf714931150b0f89d3770025980b498db,285192.95,0.0,91296.96,169.0685,0.25,676.27,0.4643,4.8214,0.7143,2,0,28,20,0.2991,0.1136
pandemic_collapse,16,comp_median,True,d00bdf0495bff7b9c364eaf55ad90e35249fae7fd31ad15303cf687692c0e1ec,273254.86,0.0,88473.59,163.84,0.2444,670.25,0.4815,4.8889,0.7037,2,0,27,19,0.296,0.0379
pandemic_collapse,17,comp_median,True,6f366d7ebf1494dfc27373446820554e62205f3231a10cd5673d9384247fe1e3,296136.24,0.0,90997.75,168.5143,0.2463,684.19,0.3636,4.0303,0.6364,1,0,33,21,0.3458,0.0682
pandemic_collapse,18,comp_median,True,5e2d8fd826aba114b82153c2650fd78fac31619903b57f0540f510e99f1a5439,308733.74,0.0,81558.48,151.0342,0.2259,668.51,0.64,4.88,0.72,2,0,25,18,0.2679,0.1288
pandemic_collapse,19,comp_median,True,ea5c7ddac44a90ee18d27464c6c330727175ccf00e8cf1e7bdefeff06c3e2336,331443.11,0.0,70528.41,130.6082,0.1963,665.36,0.2727,4.8182,1.0909,2,0,22,24,0.215,0.0303
pandemic_collapse,20,comp_median,True,9b2a62322cf13742378ad4e123a726160d041f24b333bf70517c53c90e9ea7c0,299668.79,0.0,76079.29,140.8876,0.2074,679.28,0.52,4.48,1.0,1,0,25,25,0.271,0.0152
pandemic_collapse,21,comp_median,True,2b5d34a99f3b09cc8ea344b177de2f06351dd16c8ae2853642743707143473ff,321766.78,0.0,69891.33,129.4284,0.1963,659.35,0.5769,4.0769,1.2308,1,0,26,32,0.1931,0.1591
pandemic_collapse,22,comp_median,True,17f7cde179222254ec0cbf4a39597d260a1fe4bde28614379f944b8dddc54b49,294771.13,0.0,62842.86,116.3757,0.1722,675.73,0.4348,4.0435,1.0435,0,0,23,24,0.2461,0.0227
pandemic_collapse,23,comp_median,True,48eaef991371ceb7c53660bfeecbc07f4fb5ca16395bae5dd341843f13e34e2f,291631.05,0.0,96472.88,178.6535,0.2704,660.77,0.3103,5.0345,0.4483,1,0,29,13,0.2835,0.1667
pandemic_collapse,24,comp_median,True,d9e027e1b49951482bf8e1990577f90c5266b2855cbfcffb7507a3b2b0143541,292107.9,0.0,103487.9,191.6443,0.2852,672.0,0.5882,4.5294,0.5294,6,0,34,18,0.3427,0.1894
pandemic_collapse,25,comp_median,True,2ce72b67896110a3da5c45c7a52b21a944bf8cd25d959f7f5028bfffd72b95f9,307205.55,0.0,76724.58,142.0826,0.2111,673.02,0.48,4.56,0.92,0,0,25,23,0.2679,0.0682
pandemic_collapse,26,comp_median,True,dacd5b80a79615479f2edd7702bb07948bec110a57d8e8a95699c664adbb2f13,300401.41,0.0,85355.4,158.0656,0.2352,672.09,0.5172,4.3793,0.6897,3,0,29,20,0.2928,0.1894
pandemic_collapse,27,comp_median,True,81522d9bcef9f3e22053d6970c4d38e1ab4094312f3c87903a5713697dd2b757,296891.43,0.0,66514.8,123.1755,0.1852,665.15,0.5909,4.5455,0.7273,3,0,22,16,0.1931,0.2045
pandemic_collapse,28,comp_median,True,48993f99fc434e0d21aaa3c6700fb642841cc5417fe937d9927f67e936dfe6f7,310906.76,0.0,90349.35,167.3136,0.2519,664.33,0.5,4.25,0.6875,2,0,32,22,0.2835,0.2045
pandemic_collapse,29,comp_median,True,a565f0550516850e3f31f16c08ecc8a50c5a285d66819f61d6fd6f8227f5a936,307463.87,0.0,50836.82,94.1423,0.1407,668.91,0.3125,4.75,1.8125,0,0,16,29,0.1651,0.0606
pandemic_collapse,30,comp_median,True,f59ecec03ffa1354632e4c40f00037d309bac5d8f5226ff1b9cc7a48bddaeb83,294872.35,0.0,104344.01,193.2296,0.2926,660.41,0.5429,4.5143,0.5143,3,0,35,18,0.3084,0.197
pandemic_collapse,1,engine,True,7ce1fdd12759134d711db56b86c2a41d9ebaea6e3bd9f8ea2538cd825ba3f3aa,292855.3,0.0,40380.0,74.7778,0.1111,673.0,0.6875,3.75,0.75,0,2760,16,12,0.0997,0.1212
pandemic_collapse,2,engine,True,b8f5801667ec162b489c2c4fad763c5695edf127d3e13d1c219e74f2cf5ffdf6,308499.34,0.0,52475.0,97.1759,0.1593,610.17,0.5,3.9091,0.6818,0,2688,22,15,0.1215,0.1212
pandemic_collapse,3,engine,True,11cbe0ed3dd56d525487d37d5baf0687b092451e0ba1d4d3150362eaa456e934,327492.29,0.0,68810.0,127.4259,0.1926,661.63,0.375,4.3333,0.5417,0,2468,24,13,0.1745,0.1591
pandemic_collapse,4,engine,True,3839921b0bc51d2c3e8dcaab0950a03e960b6f420a5a411b7b7dc9c81efffe0f,294531.64,0.0,36630.0,67.8333,0.1241,546.72,0.7368,3.5263,0.4737,2,2760,19,9,0.0623,0.2197
pandemic_collapse,5,engine,True,71bea77e460f8c1c2f3ec4b569d6bf697db330d121c87ebd88c6aebf866e0e5d,306321.78,0.0,54560.0,101.037,0.1574,641.88,0.55,4.25,0.8,1,2763,20,16,0.134,0.1136
pandemic_collapse,6,engine,True,04f2194485e693b53ba37c089dee0e3f8934c165d89698b26e6b75ad1da90088,316080.23,0.0,38215.0,70.7685,0.1278,553.84,0.5333,4.6,1.2667,0,2760,15,19,0.0717,0.1061
pandemic_collapse,7,engine,True,6eb8291022d9e178bec99ff8bd031eaa069d4d7af4092a133de9eb1777c766cb,321228.66,0.0,35940.0,66.5556,0.1204,552.92,0.7143,4.6429,1.3571,0,2760,14,19,0.0623,0.2045
pandemic_collapse,8,engine,True,9cd9647361dc180b0e010679f6afee516ccba549a3a7f7b9a0cd54c16e33a72c,295446.53,0.0,28835.0,53.3981,0.0963,554.52,0.1818,4.7273,1.7273,0,2736,11,19,0.0592,0.0833
pandemic_collapse,9,engine,True,79043a3c3ae95a0c26593bb79d8a5142fbb8e2755585cf4e253bf7b776162a29,320745.11,0.0,70110.0,129.8333,0.2037,637.36,0.56,4.4,0.48,0,2577,25,12,0.1651,0.1288
pandemic_collapse,10,engine,True,cd86de670aa8354dfe1f3a9e5b93c18ba46b70624e9c7ddeedbd7b345dc62936,314251.51,0.0,45865.0,84.9352,0.1315,645.99,0.625,4.4375,1.25,0,2360,16,20,0.1121,0.0909
pandemic_collapse,11,engine,True,dfe65883f6dfa53fd3bbcf080db4666ec98f58980990962240a8949da9d789ed,291380.3,0.0,48315.0,89.4722,0.1204,743.31,0.4706,3.8235,1.0,1,2760,17,17,0.1402,0.0152
pandemic_collapse,12,engine,True,432883fee177d5c12526562eff8b973df6596b415b0a7709dead303d291f4d57,310503.26,0.0,33025.0,61.1574,0.1111,550.42,0.7143,4.2857,1.2857,1,2721,14,18,0.053,0.1667
pandemic_collapse,13,engine,True,254733479ca9e9663a1e92fdd42d9337eaf57368becb792b5de2eeeee7884665,283841.67,0.0,40615.0,75.213,0.1444,520.71,0.5,4.875,1.125,1,2732,16,18,0.0654,0.1288
pandemic_collapse,14,engine,True,bb6ff55eb98fc07a32bf0c5535129b5ed09309d600d04da93a5f731797560898,300317.14,0.0,77665.0,143.8241,0.1963,732.69,0.6,4.24,0.56,2,2763,25,14,0.2243,0.1515
pandemic_collapse,15,engine,True,c55d1ff9dd7134cbd808a6a7f70a277164ab08ada3f272974c5648a2c29471e1,285192.95,0.0,74110.0,137.2407,0.1944,705.81,0.6957,4.5652,0.6087,2,2676,23,14,0.2056,0.1136
pandemic_collapse,16,engine,True,df814720c9de62f74dab2949183d3a2690474444a4b43cf0c1d6cea5bb6d7e84,273254.86,0.0,59535.0,110.25,0.1648,668.93,0.5,4.9444,0.7222,2,2535,18,13,0.1526,0.0379
pandemic_collapse,17,engine,True,ce6aababd0ee49cccec02dcea7205cc354ffdf602abb73893de53e431723fd83,296136.24,0.0,51070.0,94.5741,0.137,690.14,0.3889,4.1111,1.1111,0,2461,18,20,0.1277,0.1136
pandemic_collapse,18,engine,True,a5a26f8c6a58c160c93360e91a50c9191de2fadc92820dde5c0ce0f5369d9fbb,308733.74,0.0,67440.0,124.8889,0.1852,674.4,0.7,5.0,0.8,2,2206,20,16,0.1776,0.1591
pandemic_collapse,19,engine,True,ecc6912e1bce0205a3296660ae834619d12030217d744c3afcf2a8fa42d22648,331443.11,0.0,69305.0,128.3426,0.2,641.71,0.4545,4.9091,0.7273,1,2357,22,16,0.1682,0.1136
pandemic_collapse,20,engine,True,1a9bcc97934da1aedffff5e91934a93324d13cca91a417dc7949e2c8ff11f020,299668.79,0.0,55195.0,102.213,0.15,681.42,0.5789,4.2632,0.7895,0,2490,19,15,0.1495,0.053
pandemic_collapse,21,engine,True,32c32beeeb0870d368937f91164f7e4fd06ffbadbeb5828f7b453f0572f5394c,321766.78,0.0,47060.0,87.1481,0.1556,560.24,0.619,4.0,0.9048,3,2745,21,19,0.0841,0.2348
pandemic_collapse,22,engine,True,92068ef5c1cb6bc78a24d5654de0a6acb9331267a32e85fe34ab11000cfbaba0,294771.13,0.0,61125.0,113.1944,0.1537,736.45,0.5263,4.3684,0.7895,0,2692,19,15,0.1776,0.053
pandemic_collapse,23,engine,True,3988a9f78e9c8e6999a0b1c31d06749ad170c51d873524f5971335cef6073e88,291631.05,0.0,57525.0,106.5278,0.1759,605.53,0.4762,4.5238,0.4286,0,2718,21,9,0.1246,0.1667
pandemic_collapse,24,engine,True,683ff8d1b53a87353d8346cfe9a51e71fd0351df2deccc4742a609ce50ffd9bd,292107.9,0.0,62705.0,116.1204,0.1796,646.44,0.6667,4.0417,0.2917,4,2704,24,7,0.1464,0.2348
pandemic_collapse,25,engine,True,28f548bfc988f9297155ad135c55c08a332fc46cf965b10e91a096a2d3a1ee87,307205.55,0.0,49160.0,91.037,0.1389,655.47,0.5,4.6875,0.9375,0,2756,16,15,0.1184,0.0833
pandemic_collapse,26,engine,True,2dd3e5e687fa958f46031eb91ff676e0f7b8ac069f23fd49b8e5ea1771fd7fef,300401.41,0.0,59375.0,109.9537,0.1648,667.13,0.55,4.45,0.75,2,2349,20,15,0.1464,0.2045
pandemic_collapse,27,engine,True,d0a11a3b9a916570947bed7a0daf0fcd947eedd38a686727e9ac6b64592b004a,296891.43,0.0,34820.0,64.4815,0.1259,512.06,0.6875,4.25,0.625,1,2760,16,10,0.053,0.2273
pandemic_collapse,28,engine,True,8dc0d20674658bd18ac734bd67e83b4b61f8bbc749b7144320849fada7aae810,310906.76,0.0,55135.0,102.1019,0.1722,592.85,0.5909,4.2273,0.5909,0,2760,22,13,0.1153,0.2576
pandemic_collapse,29,engine,True,69a66103a8e545def3ab07add78eb0a91b9f1ff3d303d449a937b5452b5f138a,307463.87,0.0,42335.0,78.3981,0.113,694.02,0.4167,5.0833,1.5833,0,2641,12,19,0.1184,0.0606
pandemic_collapse,30,engine,True,8d5c7fe3c1cb1615189d616f1b0f817e2c49379e73291def8a41150a7db063bd,294872.35,0.0,57730.0,106.9074,0.1944,549.81,0.6667,3.8889,0.7037,1,2655,27,19,0.1059,0.2121
pandemic_collapse,1,flat,True,f9289667ef14b0d66312fe1eb3018d402816d725471314f68637dbd053ba2495,292855.3,0.0,35050.0,64.9074,0.0796,815.12,0.6364,3.9091,0.8182,0,0,11,9,0.0748,0.0833
pandemic_collapse,2,flat,True,59277d930fdd1d106bc048863694f755db06328f9694cd91091078595267ceff,308499.34,0.0,55300.0,102.4074,0.1278,801.45,0.4118,4.0588,0.6471,0,0,17,11,0.1215,0.053
pandemic_collapse,3,flat,True,322a2c72251de86da54eef43644e006e4addb87660fe506908c272af808da46a,327492.29,0.0,63950.0,118.4259,0.1444,819.87,0.3333,4.3333,0.5556,0,0,18,10,0.1589,0.0379
pandemic_collapse,4,flat,True,29ff5e065b6513ad3298d0952ce08d670f0f8a5c00b56537cf8d7bc41ab07ea1,294531.64,0.0,39600.0,73.3333,0.0944,776.47,0.6667,4.25,0.5,1,0,12,6,0.053,0.1667
pandemic_collapse,5,flat,True,12def885bc34e34612308fd67c2f7e2dc2e8fd5d4f4a63756e24bb537a876acf,306321.78,0.0,58300.0,107.963,0.1333,809.72,0.5,4.5,0.75,1,0,16,12,0.1308,0.0758
pandemic_collapse,6,flat,True,20a9420f2bc2eaafbb9f8c60a7e19c269d478c14bbfcfc2cc5d57ee9ce54c60b,316080.23,0.0,46200.0,85.5556,0.113,757.38,0.4167,5.0833,1.0,0,0,12,12,0.0717,0.0606
pandemic_collapse,7,flat,True,d603f8a7a9ea7ae6aa92a29cfbe9cc5722da4145c8b784f4ccb71b997b92e44f,321228.66,0.0,37400.0,69.2593,0.0889,779.17,0.5556,5.3333,1.8889,0,0,9,17,0.0623,0.0909
pandemic_collapse,8,flat,True,8a8ee8b6316a30e8dfdd16b0d00a1fcc4f3f174ac383373d5f8902025e9e81b5,295446.53,0.0,34700.0,64.2593,0.0833,771.11,0.1111,5.0,1.3333,0,0,9,12,0.0592,0.053
pandemic_collapse,9,flat,True,038ec72dd47935d4edc75f77c47d7cb08984a50ebe75b9f0ee9332d3a336050d,320745.11,0.0,71100.0,131.6667,0.1648,798.88,0.4375,5.5625,0.625,0,0,16,10,0.1651,0.0
pandemic_collapse,10,flat,True,15c29b8c2892d061b749804fbb954878935e9756c6a28b00fa650ae2da6968ce,314251.51,0.0,43750.0,81.0185,0.0981,825.47,0.5455,4.8182,1.3636,0,0,11,15,0.1121,0.0227
pandemic_collapse,11,flat,True,ef87d48071ef78233bb5dadd4025af574b60558e46673837cae71a8df29b9a94,291380.3,0.0,52400.0,97.037,0.1167,831.75,0.4375,3.9375,0.6875,1,0,16,11,0.1402,0.0152
pandemic_collapse,12,flat,True,c60cea0eb639ea218f1d18bceed82d314f414d9e6c0516bf42064d5b27d6ccab,310503.26,0.0,42450.0,78.6111,0.1037,758.04,0.6923,4.3077,0.7692,0,0,13,10,0.053,0.1364
pandemic_collapse,13,flat,True,db58e0863033a21452a35faf82c7dab59ff19aaa8c559623c37864497eab18d6,283841.67,0.0,55350.0,102.5,0.1352,758.22,0.3846,5.6154,0.7692,0,0,13,10,0.081,0.1061
pandemic_collapse,14,flat,True,2feb027a2c8513dc404614509109cae44802db0ad55c2d33e31a870f348c958c,300317.14,0.0,69750.0,129.1667,0.1463,882.91,0.4118,4.6471,0.7647,1,0,17,13,0.2243,0.0303
pandemic_collapse,15,flat,True,179260df2ae4243f9e7321858ebde34af9901038ab41d598dfbf9a6a14d549d7,285192.95,0.0,72400.0,134.0741,0.1593,841.86,0.6111,4.7778,0.5556,1,0,18,10,0.2056,0.0
pandemic_collapse,16,flat,True,5330849ce338084d286a46832a277dd460e82f953ff91b1bf6dffb373f868c44,273254.86,0.0,70600.0,130.7407,0.1648,793.26,0.5,4.9444,0.6111,1,0,18,11,0.1526,0.0379
pandemic_collapse,17,flat,True,53b957a2ce1aca18306e3e25cabb726b47767b3c310541c298343e905c683bcb,296136.24,0.0,46900.0,86.8519,0.1056,822.81,0.1667,4.75,1.3333,0,0,12,16,0.1153,0.0455
pandemic_collapse,18,flat,True,6590a6cd4d73efdbb5abfcc6faf10a06b9a8c55f8a1bb2db8103bd9c6a1987d6,308733.74,0.0,62750.0,116.2037,0.1389,836.67,0.6,5.0,1.0,2,0,15,15,0.1682,0.0379
pandemic_collapse,19,flat,True,d658607c054c29f7dbcef8af1f412706cb4b5de9b97d0da2ef8ee374a54c8c95,331443.11,0.0,70450.0,130.463,0.1611,809.77,0.3529,5.1176,0.7647,2,0,17,13,0.1682,0.0303
pandemic_collapse,20,flat,True,4fc5383d82e88ff06f7a20c51fd599006ee3f960fc32c6e544288076a7490290,299668.79,0.0,59650.0,110.463,0.1352,817.12,0.5882,4.2941,0.7647,0,0,17,13,0.1495,0.0152
pandemic_collapse,21,flat,True,60811723cf36576884345597edaa6ebe99e7ea07cc4a3786081b95a98ce99ed8,321766.78,0.0,49000.0,90.7407,0.1167,777.78,0.5333,4.2,0.8667,1,0,15,13,0.0841,0.0985
pandemic_collapse,22,flat,True,355ce7fd6451bacdafad9231fee6c117d00446c90b1e051b576fc0ca15113cdf,294771.13,0.0,59750.0,110.6481,0.1296,853.57,0.4667,4.6667,0.8,0,0,15,12,0.1776,0.0
pandemic_collapse,23,flat,True,1e7d60efe18bb35742ee646dbc3c0c663422595c7cfda7e97b991ce227747924,291631.05,0.0,58650.0,108.6111,0.1352,803.42,0.4667,4.8667,0.6,0,0,15,9,0.1246,0.0909
pandemic_collapse,24,flat,True,c267b4513459b28fdae4d17bd022c0947150b26c2aba6aee7fab6b4a57728888,292107.9,0.0,68900.0,127.5926,0.1574,810.59,0.65,4.25,0.25,2,0,20,5,0.1464,0.1439
pandemic_collapse,25,flat,True,d3931f7144d8f0aebdad787b0c71f666ca90c485fd0f0b8621abc65dcc517fa5,307205.55,0.0,50600.0,93.7037,0.1167,803.17,0.5385,4.8462,1.0,0,0,13,13,0.109,0.0682
pandemic_collapse,26,flat,True,32ef140479349a89d2187c9b4d7b613b2d17a9c57dc2032cfc5c667bbe30bb8f,300401.41,0.0,57200.0,105.9259,0.1278,828.99,0.5333,4.6,0.6667,0,0,15,10,0.1277,0.1591
pandemic_collapse,27,flat,True,7c412b61442a7bd0269e240b0f4c0fb6d662a21ad405a9d1adf346de4f6eaf66,296891.43,0.0,35950.0,66.5741,0.0852,781.52,0.6,4.6,0.8,0,0,10,8,0.053,0.1364
pandemic_collapse,28,flat,True,eae06140a24c02e7c6572533952f85ca181d570b3fa2b0d35703bafa8f8ff420,310906.76,0.0,54600.0,101.1111,0.1259,802.94,0.5333,4.5333,0.5333,0,0,15,8,0.1121,0.1061
pandemic_collapse,29,flat,True,735b47b6ba5d4ebdf8bfa698d5e13fca80abc173625f8dc4eb1666da24324138,307463.87,0.0,49950.0,92.5,0.113,818.85,0.4167,5.0833,1.1667,0,0,12,14,0.1184,0.0606
pandemic_collapse,30,flat,True,1dbb0fc0a749b3c3ceba35d5b14dfe5aad27a04f7ccb2dc3cc51cc9f7862313a,294872.35,0.0,64300.0,119.0741,0.1537,774.7,0.5556,4.6111,0.8333,1,0,18,15,0.1028,0.1591
pandemic_collapse,1,tool,True,9666e0280612bb51857767698ab7b42db996641f0bfb115130f150a3026f6f74,292855.3,0.0,26119.02,48.3686,0.0556,870.63,0.625,3.75,1.375,0,0,8,11,0.0343,0.0833
pandemic_collapse,2,tool,True,6217d281df2513dbe9fd79390ee265204ede36acfe218cdfc0050f07d7a0e159,308499.34,0.0,56161.61,104.003,0.1241,838.23,0.375,4.1875,0.625,1,0,16,10,0.1153,0.053
pandemic_collapse,3,tool,True,7fccd5517f147315c1d7e90c46b430845c6b18d54b36f68d516212d099b50371,327492.29,0.0,55650.75,103.0569,0.1222,843.19,0.3333,4.4,0.8,0,0,15,12,0.1371,0.0682
pandemic_collapse,4,tool,True,c879e1bc4d72c9bcb5c35746a5efbcf62509f82a89f10d0414a2957d9b8cef58,294531.64,0.0,43211.44,80.0212,0.0981,815.31,0.6667,4.4167,0.1667,0,0,12,2,0.0654,0.2045
pandemic_collapse,5,tool,True,aa078d0ec842339116c3d4ef77b6f1b34352f9758469c25d8899e41250faf647,306321.78,0.0,55116.05,102.0668,0.1241,822.63,0.5333,4.4667,0.6667,1,0,15,10,0.1121,0.0758
pandemic_collapse,6,tool,True,7a19b144e76f83cb88b01fef6f7ef9d8ffae9e018f372e536c09e457022c1015,316080.23,0.0,46601.62,86.2993,0.1074,803.48,0.4545,5.2727,0.9091,0,0,11,10,0.1121,0.0076
pandemic_collapse,7,tool,True,b3ef879bef73d8915336fcec33aeab472060f06954a3d1f216dfbc5996c5c78c,321228.66,0.0,44764.19,82.8966,0.1037,799.36,0.6364,5.0909,1.1818,0,0,11,13,0.0592,0.1439
pandemic_collapse,8,tool,True,525211832ac89ff6efd48c4eaf30652ed81b15edf43237d48c380230d1f5cab7,295446.53,0.0,30772.54,56.9862,0.0741,769.31,0.2857,5.7143,1.0,0,0,7,7,0.0592,0.053
pandemic_collapse,9,tool,True,7d77cb42cc206f30be63739b669fb841001bb0df2adf3d0a4854e6292be34711,320745.11,0.0,65562.9,121.4128,0.15,809.42,0.4667,5.4,0.6,0,0,15,9,0.1526,0.0
pandemic_collapse,10,tool,True,61a16bd102daa5b5cd3889e10059e85255b0bddb8b1e9b79ec7fa1a102c71fcd,314251.51,0.0,38433.25,71.1727,0.0889,800.69,0.7,4.8,1.1,0,0,10,11,0.0966,0.0227
pandemic_collapse,11,tool,True,2102c53b6c4d8fd5f560dc6422b14573fdfc977ea3d4744256ceec1a2caf6298,291380.3,0.0,38422.96,71.1536,0.0833,853.84,0.4,4.5,1.0,0,0,10,10,0.1059,0.0152
pandemic_collapse,12,tool,True,57b8bfcf8263b66acc99ddcfa9ec328812bfead914d7ffa78e0d1ca37d4f813a,310503.26,0.0,53901.72,99.818,0.1241,804.5,0.7143,4.7857,0.5,0,0,14,7,0.1059,0.0758
pandemic_collapse,13,tool,True,c07165c9c973ca0a9205893cc1e80c114b0360c75861f920cf01f9e73f4a66fd,283841.67,0.0,53017.82,98.1811,0.1259,779.67,0.5,4.8571,0.5714,2,0,14,8,0.109,0.0758
pandemic_collapse,14,tool,True,17842216ebcbbef96167d6f2622d6342f79a7a2b99618668e3c55367d36be1ec,300317.14,0.0,57045.11,105.6391,0.1241,851.42,0.4,4.4667,0.6,1,0,15,9,0.1713,0.0303
pandemic_collapse,15,tool,True,6a71fe5b662d57ee014d645ee1f4bc6b054c3b732dd06fd522184fe5fec05e0f,285192.95,0.0,67522.89,125.0424,0.1481,844.04,0.5625,5.0,0.75,1,0,16,12,0.1713,0.0379
pandemic_collapse,16,tool,True,01ea307808cb7d836e0c7bb9d0d8d57eb3146839d1467ccc6d2c12caedadae96,273254.86,0.0,51641.2,95.6319,0.1185,806.89,0.5833,5.3333,0.9167,1,0,12,11,0.1028,0.0
pandemic_collapse,17,tool,True,a349b62de25fadf318564b353dacc979874bfa1717ceb3356f1b9b3d0dbdc753,296136.24,0.0,42298.71,78.3309,0.0944,829.39,0.3636,4.6364,1.0,1,0,11,11,0.109,0.0303
pandemic_collapse,18,tool,True,d5ffc7915bb364b4f8d96dccc7087a8379bc536eff82c00dfc9c9064d2932e50,308733.74,0.0,50190.48,92.9453,0.113,822.79,0.8333,5.0833,1.1667,0,0,12,14,0.109,0.0758
pandemic_collapse,19,tool,True,5f8eda38cc78eb187c96818e885aa39926807aae4d359fd84c517ace78c13617,331443.11,0.0,37847.38,70.0877,0.0907,772.4,0.3636,4.4545,1.3636,2,0,11,15,0.0654,0.0303
pandemic_collapse,20,tool,True,1f0d1ef419e541d4dc92a89a449f2de94937fe306cb260e80f0e93be782e8532,299668.79,0.0,60203.51,111.488,0.1315,847.94,0.6875,4.4375,0.8125,0,0,16,13,0.1433,0.0152
pandemic_collapse,21,tool,True,07fadf44d79ad34e879f6fc4365ed0973e919e19be279327bc593141dfd6f74a,321766.78,0.0,46770.62,86.6123,0.1111,779.51,0.4615,4.6154,1.0,2,0,13,13,0.0903,0.0909
pandemic_collapse,22,tool,True,b7c1e856df1ee6953b5b4c6cf1c7c4634ef0fb8f46e20a90b13783511e3175ee,294771.13,0.0,43120.98,79.8537,0.0963,829.25,0.4545,4.7273,1.0,1,0,11,11,0.134,0.0
pandemic_collapse,23,tool,True,1520b8cdd193b69d69c8646affeaf6e929723030f3cbd7497a33d36c56a8d07f,291631.05,0.0,45861.08,84.9279,0.1093,777.31,0.5455,5.3636,0.9091,0,0,11,10,0.0748,0.1061
pandemic_collapse,24,tool,True,5646274ea35e14f4cf91481d61500ad9110f4208689cbe4509c442e4bd54afd7,292107.9,0.0,66689.62,123.4993,0.15,823.33,0.5882,4.7647,0.3529,0,0,17,6,0.1402,0.1439
pandemic_collapse,25,tool,True,76445861862e94cbbdebe0dc00abfc670a78daa5db95819da0440bdc8a248227,307205.55,0.0,40024.85,74.1201,0.0944,784.8,0.6,5.1,1.4,0,0,10,14,0.0841,0.0379
pandemic_collapse,26,tool,True,a882f47bd58aaa388af58aa7dc2ac4135ad8907e15f3c0a120a734efa3350557,300401.41,0.0,55789.8,103.3144,0.1185,871.72,0.6667,5.3333,0.9167,1,0,12,11,0.1246,0.1212
pandemic_collapse,27,tool,True,92f2208e95cda70b3f1b72c5751d2545d42d3e4742cc964e637bdb51d87ef96f,296891.43,0.0,33798.46,62.5897,0.0778,804.73,0.4444,4.6667,0.7778,0,0,9,7,0.0654,0.1061
pandemic_collapse,28,tool,True,eccbc28a54fbaaf3953ec865f69b20c3361c01cb0387fc81bc17310adbcdf78b,310906.76,0.0,55986.65,103.679,0.1278,811.4,0.5333,4.6,0.4667,0,0,15,7,0.1153,0.1212
pandemic_collapse,29,tool,True,afd70c79273c70b0d442b40a657a01050bdeb95e2141960c05760f99e83feb5d,307463.87,0.0,22995.69,42.5846,0.0556,766.52,0.2857,4.2857,1.5714,0,0,7,11,0.0436,0.0606
pandemic_collapse,30,tool,True,c636a1269dcd3b92175c00967482ba272958187d241853a5b85e26120de339b2,294872.35,0.0,48702.98,90.1907,0.1148,785.53,0.3846,4.7692,0.8462,1,0,13,11,0.0685,0.0833
price_war,1,comp_median,False,75a3f4a36eeecded6d546e1d04f6b67efd507094f156e5bc6a8e4bfa16160538,469010.29,0.0,247963.57,459.1918,0.7185,639.08,0.3402,4.0,0.8351,25,0,97,81,0.7913,0.5455
price_war,2,comp_median,False,d76d1c22b13960d8ea1e71802e6c92d8e4c544c499225c8495aea643d978293a,474836.67,0.0,242304.59,448.7122,0.7074,634.31,0.3077,4.1978,0.8132,25,0,91,74,0.7819,0.5
price_war,3,comp_median,False,89512c925f92f76fa0fd435871e16fafdfea0ac2771c1d39dcde3903fc07789e,476002.62,0.0,245110.23,453.9078,0.7093,639.97,0.2967,4.2088,0.8901,27,0,91,81,0.757,0.5455
price_war,4,comp_median,False,2f6162df21d418c9d490243c466795ff55b30d3d4d24dbcdb16f3ac1fa486b66,470425.69,0.0,248509.18,460.2022,0.7185,640.49,0.2921,4.3596,0.7303,25,0,89,65,0.7788,0.553
price_war,5,comp_median,False,6b6fee60fdf3b9ffca1c8773723f8f0f0acee5deae40c0385b374a6501af8af8,461760.7,0.0,239133.3,442.8394,0.6963,635.99,0.2791,4.3721,0.9535,19,0,86,82,0.7352,0.5682
price_war,6,comp_median,False,9fb5201a6d09ac1e8a7542884762fb659d8bee3110b46e0c2f282ce923a1a2b5,466983.37,0.0,238758.45,442.1453,0.6944,636.69,0.3407,4.1209,1.1209,21,0,91,102,0.7508,0.4773
price_war,7,comp_median,False,66b670384ed612aaa28e6e5cd76716b74e8e4d39426d4bacfce94e4890c04719,459872.65,0.0,242737.98,449.5148,0.7037,638.78,0.2903,4.086,0.8817,19,0,93,82,0.7414,0.5455
price_war,8,comp_median,False,6253fdc6f7c1411a5b63517dcc6bf508abbae7fbc34804cb8088e86e013ce25d,459188.18,0.0,249389.81,461.833,0.7278,634.58,0.3723,4.1809,1.2234,21,0,94,115,0.7632,0.5833
price_war,9,comp_median,False,26818d1cec5b5a2ccfcfc54af65c50c2576e35948e4e36b91b5575a45a9f134c,485899.24,0.0,251588.14,465.904,0.7333,635.32,0.3846,4.3516,1.1099,30,0,91,101,0.7632,0.6288
price_war,10,comp_median,False,7ef475dcf15fd9fc97b0003a6016c1e178d5e773c2949774c22930613cc9395b,476895.47,0.0,246007.37,455.5692,0.7148,637.32,0.3163,3.9388,0.8878,28,0,98,87,0.7321,0.6364
price_war,11,comp_median,False,3ca856ed0e83a843aaa66df389a3195bb538b5748b3c3bd9ba9c45aab52e4643,477040.26,0.0,235841.13,436.7428,0.6833,639.14,0.2529,4.2414,0.8736,32,0,87,76,0.7882,0.4167
price_war,12,comp_median,False,b8d22f37b8ed69fe05426691174a5dc3fb5e69131cc920e39539a5cf151d6f59,456817.74,0.0,242925.66,449.8623,0.7074,635.93,0.3478,4.1522,1.1087,26,0,92,102,0.7477,0.5682
price_war,13,comp_median,False,4fce303fd38ae9e746dbb30acee9c7b5816f58d744101ba1a74266fd62b1ef81,470892.12,0.0,232335.57,430.2511,0.6704,641.81,0.3523,4.1136,1.1477,19,0,88,101,0.7632,0.3788
price_war,14,comp_median,False,3c406d13194337071beac1cafc89a16d1e2d9092b87ab068f24d9a193192f6ac,466335.96,0.0,233634.76,432.657,0.6796,636.61,0.3,4.0778,0.8333,23,0,90,75,0.7383,0.5227
price_war,15,comp_median,False,63a89b329434295a0d386c8c4c67f5116848d625e4c1b8bdcefcf7610f4793ba,468559.78,0.0,243619.5,451.1472,0.7056,639.42,0.2979,4.0532,0.883,21,0,94,83,0.7882,0.4773
price_war,16,comp_median,False,a804ca751d5e5c0313dd443f12926749a1022675f47cf323bb1a566d07f7fb57,460375.04,0.0,228069.08,422.3501,0.6574,642.45,0.2529,4.0805,0.9425,23,0,87,82,0.7414,0.3712
price_war,17,comp_median,False,170f6d2711a2e387760b4872848a0d167d0fca04a825a712c7fbe262f3ce37e5,470393.83,0.0,236323.91,437.6369,0.6889,635.28,0.3684,3.9158,1.1579,31,0,95,110,0.7445,0.5
price_war,18,comp_median,False,687e15c8ee8212d58d08e39e047e2579d8274ec6f42249a544b46a10c4358305,479517.13,0.0,227560.73,421.4088,0.663,635.64,0.2418,3.9341,0.7802,18,0,91,71,0.729,0.4621
price_war,19,comp_median,False,bb9626395c94292e1cb53888ce1fd4ce167957ceae04f00401f28c88c605a22e,479462.51,0.0,249953.32,462.8765,0.7241,639.27,0.3043,4.25,0.9239,20,0,92,85,0.7913,0.5758
price_war,20,comp_median,False,abd348cd3a86efe5c74fd745ef1136af48016b7d9f684a99032383740803e58a,477568.88,0.0,250405.93,463.7147,0.7315,633.94,0.2526,4.1579,0.7474,21,0,95,71,0.7508,0.6136
price_war,21,comp_median,False,60b82bb3cf4dd6720d744268a62e2b6831206fec7741f560bcc60d8bc911cf29,476196.81,0.0,247101.44,457.5953,0.7222,633.59,0.3723,4.1489,0.8404,25,0,94,79,0.7539,0.5833
price_war,22,comp_median,False,cd54ce78679b846b6196c368a8b1479fe72dffe39570fd4efd244291dd6e8afd,483610.17,0.0,234751.47,434.7249,0.6796,639.65,0.2118,4.3176,0.9294,26,0,85,79,0.757,0.3939
price_war,23,comp_median,False,77954c15744305661d5b1429bda5df80f20ceaa00941a32f4fb84568bed02162,461967.16,0.0,239160.98,442.8907,0.6907,641.18,0.2842,3.9263,0.7579,22,0,95,72,0.757,0.5076
price_war,24,comp_median,False,d28d35e7877e14d9a040e74f7148f99ffa4ab6d7b3df2f0de76ef3b2659854a5,470681.47,0.0,245496.34,454.6228,0.7148,636.0,0.3511,4.1064,1.0532,20,0,94,99,0.7882,0.5227
price_war,25,comp_median,False,247755c612d3bd8c9531b18d3e3cbea6a5c31e03aedcffb849ed17119dce3d38,465120.08,0.0,236814.06,438.5446,0.687,638.31,0.3895,3.9053,0.8842,22,0,95,84,0.7664,0.4545
price_war,26,comp_median,False,400d96917d66c3c4edb2dcbfd2ff48d0c6790728d937e83e76259d75a6e5d20d,470701.06,0.0,254866.94,471.9758,0.737,640.37,0.3125,4.1458,0.6979,30,0,96,67,0.8349,0.5227
price_war,27,comp_median,False,1a54d68a4a6f23b1e3c3a88b4bf9816cf385bf61fc9eac05a60c04a9016ff9d5,479097.56,0.0,251644.72,466.0087,0.7333,635.47,0.3258,4.4494,0.8427,25,0,89,75,0.7664,0.6061
price_war,28,comp_median,False,8edbd0d1d934f1780f0d43bbcf8506603766287f9c85334bc669464890ba3c72,456876.1,0.0,244840.55,453.4084,0.7056,642.63,0.236,4.2809,0.6966,24,0,89,62,0.81,0.4318
price_war,29,comp_median,False,cd026006476ab5b2fb95b706104053d282086a31611a89d00293280eb7e359a4,466108.67,0.0,238380.31,441.445,0.6907,639.09,0.2727,4.2386,0.8068,23,0,88,71,0.7788,0.3788
price_war,30,comp_median,False,955adc767c0edce810284791528c90843c406986fa6fb0e2c0e467a7c294adf3,465356.73,0.0,242013.3,448.1728,0.7056,635.21,0.3736,4.1868,0.7253,23,0,91,66,0.7539,0.5606
price_war,1,engine,False,999f839071c7121b7331c3e5db6c1eaf84f2a95217b0c43a211a0724c115598e,469010.29,0.0,243320.0,450.5926,0.6333,711.46,0.359,4.3846,0.859,13,2154,78,67,0.6324,0.5455
price_war,2,engine,False,fbf5594e2dc0391873a6213a62433b1287a27f2175e80bdc7c93bd53ebe6016e,474836.67,0.0,237355.0,439.5463,0.6241,704.32,0.3947,4.4342,0.7368,19,1768,76,56,0.6012,0.5379
price_war,3,engine,False,94bfacc0f7d4f08b17cf8e76e2f09b153937ad4f3b7e55ce662f317731ee7912,476002.62,0.0,232290.0,430.1667,0.6185,695.48,0.3108,4.5135,0.7432,13,2394,74,55,0.5857,0.5303
price_war,4,engine,False,8f5bcd864e04f63cb2b514a9b9103ecdd1a5439e3c5c56987ea882109d985330,470425.69,0.0,232235.0,430.0648,0.6204,693.24,0.3056,4.6528,1.0139,11,2199,72,73,0.6012,0.5682
price_war,5,engine,False,2fd9ebadd3dac1385eace6ee304f1521c0f4f891356c9371304a8df3648ae857,461760.7,0.0,233550.0,432.5,0.6111,707.73,0.411,4.5205,0.8356,13,2050,73,61,0.6075,0.5379
price_war,6,engine,False,e8008e7bf9c54269852e8a5e8d88f02db5a9fce9dcdfd51e2be2904249ad5baf,466983.37,0.0,233260.0,431.963,0.6148,702.59,0.4545,4.3117,1.013,14,2060,77,78,0.595,0.5303
price_war,7,engine,False,42813a71c36ab6403b6027f47caf8a7ab1dfc8cb9922a33956d47b979b4032e2,459872.65,0.0,248710.0,460.5741,0.6519,706.56,0.4074,4.3457,0.9877,18,2145,81,80,0.6324,0.5682
price_war,8,engine,False,a1dcc19c910b594ba7389db1a7afe3e19a46dd6a50be707c86e23f6af7fa73cc,459188.18,0.0,231315.0,428.3611,0.6296,680.34,0.369,4.0476,0.869,16,2203,84,73,0.5732,0.6061
price_war,9,engine,False,6833cfbff9ab0c12c77adae35d388c515513eb940907bb3cdf885382f61c7e84,485899.24,0.0,251975.0,466.6204,0.663,703.84,0.4545,4.6494,1.1688,18,2046,77,90,0.6573,0.5833
price_war,10,engine,False,7e28c9c92885477d5ca4672617de6e8366343196034c04ddd426685760f5ccbe,476895.47,0.0,234235.0,433.7685,0.6259,693.0,0.4321,4.1728,0.6667,20,2158,81,54,0.5857,0.6212
price_war,11,engine,False,3d18d5028e776425e4a7800f64c54a0799fc3636f77d4653a1e821fe79e4b46d,477040.26,0.0,233690.0,432.7593,0.6056,714.65,0.3378,4.4189,0.9865,17,1785,74,73,0.6168,0.4318
price_war,12,engine,False,41f9308eebad09947d52de0a0828e01253264567b60972cc7d4a745cb5af77ce,456817.74,0.0,198440.0,367.4815,0.5537,663.68,0.3623,4.3333,1.1594,18,2105,69,80,0.4829,0.5833
price_war,13,engine,False,450dffe6181c2182eab0f3a73de595e65837c8b73959c77d6eecf46ffc5b73a8,470892.12,0.0,239665.0,443.8241,0.6111,726.26,0.4684,4.1772,1.0127,14,2182,79,80,0.6698,0.4167
price_war,14,engine,False,82758f2c6a8e62020c816171aaa218651d23b92416719236ceda18193a14f6d4,466335.96,0.0,227830.0,421.9074,0.5981,705.36,0.3467,4.3067,1.0533,23,1804,75,79,0.5794,0.5227
price_war,15,engine,False,db20efee1de2a0590a661db52f4c358656ff84d555333fa9a9bcf71115b27e1e,468559.78,0.0,242595.0,449.25,0.6352,707.27,0.3919,4.6351,1.0676,15,1942,74,79,0.6449,0.5227
price_war,16,engine,False,712cab31e8fe2160c1e508ccc3f911cc6a77aa091d89a8de2b335da685886b33,460375.04,0.0,227295.0,420.9167,0.5926,710.3,0.3625,4.0,0.9,15,1613,80,72,0.5981,0.4394
price_war,17,engine,False,944c6efb507ab6d516e000e9e18fa218cf2e5d028d6871d90710f93282f3f6c1,470393.83,0.0,214030.0,396.3519,0.5852,677.31,0.4375,3.95,1.1125,17,1993,80,89,0.5296,0.5379
price_war,18,engine,False,25e3fe09847e6547871d323267d3d20a658824bc72059bba484f30ac375e63d7,479517.13,0.0,234030.0,433.3889,0.6185,700.69,0.325,4.175,0.6875,18,2559,80,55,0.6012,0.5682
price_war,19,engine,False,3acb054e25a286b22d891048c980d8b8e93d2747a854365c15cf257476c27864,479462.51,0.0,253185.0,468.8611,0.6537,717.24,0.3415,4.3049,0.7317,16,2032,82,60,0.6667,0.5682
price_war,20,engine,False,57dba8f92622e023f99d0e81bc2b1b3b4ba16e7d62837854bfc1fdc96b0fe350,477568.88,0.0,237730.0,440.2407,0.663,664.05,0.4651,4.1628,0.7326,14,2203,86,63,0.5732,0.7348
price_war,21,engine,False,ccd8739a217e1a1ef38a0c423539a9e1dc7f89af792cc2058fffee2136a5adc3,476196.81,0.0,235105.0,435.3796,0.637,683.44,0.4079,4.5263,0.7763,16,1757,76,59,0.6106,0.5682
price_war,22,engine,False,cf95ec612a50675cd05081f3e88dd53424b1162a380d1a2f13d09c0d4ed00200,483610.17,0.0,233705.0,432.787,0.6148,703.93,0.3544,4.2025,0.9241,22,1660,79,73,0.6199,0.4394
price_war,23,engine,False,96e6ea1bf8ab689fe276616168a2f964545ca036addeae97d40c77dcf7be8897,461967.16,0.0,216575.0,401.0648,0.5759,696.38,0.375,4.3194,0.8889,9,2266,72,64,0.5545,0.5076
price_war,24,engine,False,639db1f076c07c372a7cdb136b799e97871e466e85b4ca930a3b1c1827efe4c9,470681.47,0.0,241820.0,447.8148,0.6296,711.24,0.4578,4.0964,0.8554,15,2015,83,71,0.6511,0.5076
price_war,25,engine,False,1d9a91d1507682ef4d9e53251e50b18a7f2e6cd53c4edf9b2c6fbdd04091cd9a,465120.08,0.0,218065.0,403.8241,0.5963,677.22,0.4938,3.9753,0.8889,11,2428,81,72,0.5576,0.5455
price_war,26,engine,False,bac92ace57a535e25ec0224f0d4fb63ab1ee39ab1acc40904511458de19bbb02,470701.06,0.0,238395.0,441.4722,0.6204,711.63,0.358,4.1358,0.8272,22,1953,81,67,0.6355,0.4924
price_war,27,engine,False,f095687ce99e38ccba8b095a5dfd434891cf22fe880ec8986e119514b423972d,479097.56,0.0,223035.0,413.0278,0.6074,679.98,0.4,4.6857,0.7714,16,2084,70,54,0.5265,0.6742
price_war,28,engine,False,0ba8297464dbdc8679c95e759c01d47c86c50b1b01d842c71dff971f1555d940,456876.1,0.0,229530.0,425.0556,0.6019,706.25,0.3553,4.2763,0.8026,19,1740,76,61,0.6075,0.4924
price_war,29,engine,False,de8c4a5eafe604877a261bd70fc7ca299582250dfa28db2e91a8f2f2c2591b9a,466108.67,0.0,235090.0,435.3519,0.6093,714.56,0.3816,4.3289,1.0395,17,2343,76,79,0.6449,0.4015
price_war,30,engine,False,94dc7c2b9b318b2b789126041acdc6d4fe7fb257549d0b9811a1e73137468676,465356.73,0.0,233410.0,432.2407,0.613,705.17,0.4691,4.0864,0.8519,20,2103,81,69,0.6231,0.5227
price_war,1,flat,False,7f0bc12239257f78434a2b5ba60fa36bcdbc5c5b4345fbddcb3bd46dd0e395cb,469010.29,0.0,268600.0,497.4074,0.6056,821.41,0.3333,4.7391,0.8696,12,0,69,60,0.6199,0.4773
price_war,2,flat,False,9c8e43502677ba45a55a6cccdc3e4ba28a4c0964824cef19e78794658e44088f,474836.67,0.0,260900.0,483.1481,0.5889,820.44,0.3768,4.6087,0.7971,17,0,69,55,0.5981,0.4697
price_war,3,flat,False,d68f8fb85adddac7b7b6cf3c4da542b5b206fc1a4299df0b6930fe68dfb07518,476002.62,0.0,267400.0,495.1852,0.6074,815.24,0.2958,4.6197,0.7746,11,0,71,55,0.5857,0.5455
price_war,4,flat,False,6cab59a9d6e826b83a2354ee3dcc1a3b8ce9069d1b5880147175ac2e9d982099,470425.69,0.0,253700.0,469.8148,0.5704,823.7,0.2188,4.8125,0.9375,9,0,64,60,0.5981,0.4167
price_war,5,flat,False,8fc72a81abe13a73dc8258445fd54026102123709d6a8c4418c4bdd65a02fa33,461760.7,0.0,261450.0,484.1667,0.5889,822.17,0.3768,4.6087,0.8261,15,0,69,57,0.6075,0.4545
price_war,6,flat,False,968f5ab5d014419d2f4c92a61822d31d9690f4b9bf4e16cd7c17c9b132d3b41f,466983.37,0.0,270150.0,500.2778,0.613,816.16,0.4167,4.5972,1.0139,9,0,72,73,0.5981,0.5303
price_war,7,flat,False,ac4daaaa30795a29d4c2a36a5c70ab58dece2e08c3f6e5f135be7d423db662b6,459872.65,0.0,273950.0,507.3148,0.6185,820.21,0.3472,4.6389,1.0694,14,0,72,77,0.6324,0.4621
price_war,8,flat,False,28bbcc17629e4b2b636b31048d63a2e3a55f3109771ff9d2f95fe204af27f507,459188.18,0.0,243950.0,451.7593,0.55,821.38,0.3,4.2429,0.9429,8,0,70,66,0.567,0.4091
price_war,9,flat,False,7dc38a763e03f2e30e342b8638d4b94b32dca08d9dd51b3bc63bef9e40d70423,485899.24,0.0,289200.0,535.5556,0.6519,821.59,0.4865,4.7568,0.9865,20,0,74,73,0.6667,0.5227
price_war,10,flat,False,5dbb9c5fe2c3af08282f51d67549769a21a3870b0ad8dd6e0e9cecadba9c7023,476895.47,0.0,271650.0,503.0556,0.6185,813.32,0.4304,4.2278,0.6203,20,0,79,49,0.5826,0.5909
price_war,11,flat,False,e5f613892a56241f360b43c2babdbc9b3ea227df8278558dd9a4b0aa8dbe254f,477040.26,0.0,254650.0,471.5741,0.5704,826.79,0.3582,4.597,0.9254,13,0,67,62,0.6137,0.3939
price_war,12,flat,False,8ee6272682b4d6c7296c87475d160f4fcaf809254bfda9ac388b33aebdf65d0b,456817.74,0.0,238150.0,441.0185,0.5481,804.56,0.3582,4.4179,1.1194,15,0,67,75,0.4829,0.5303
price_war,13,flat,False,91e245b0d436bd5821fb38d94719b80a6d2dfb184f41e07a2165cc3174188db5,470892.12,0.0,272000.0,503.7037,0.6093,826.75,0.44,4.3867,0.9067,15,0,75,68,0.6698,0.3333
price_war,14,flat,False,4d220b5a6a1450d3e9130bc85658af6b4b83fd6ab155fd85b75a820ccb120af1,466335.96,0.0,254050.0,470.463,0.5741,819.52,0.3088,4.5588,0.9706,19,0,68,66,0.5701,0.5152
price_war,15,flat,False,a002b63a8becc7c303cedecb684cd16cb212a7da541e7051d4975aebcf074886,468559.78,0.0,272050.0,503.7963,0.6111,824.39,0.3429,4.7143,1.0286,16,0,70,72,0.6449,0.4394
price_war,16,flat,False,20a370e0bf4781d7472d33b2b8232e0e0d9ca070b39da62e7f54bfc989f4871b,460375.04,0.0,246500.0,456.4815,0.5519,827.18,0.2714,4.2571,0.8429,14,0,70,59,0.6044,0.3258
price_war,17,flat,False,8ac292186f544c95eb74e9a93bb4281bd603ffd6ea2587cad20738427759a151,470393.83,0.0,227450.0,421.2037,0.5148,818.17,0.3824,4.0882,1.1618,16,0,68,79,0.5078,0.4545
price_war,18,flat,False,ba148426f56496ead79e39d36b7497fcad73ff48024d1e3950545d3ff42ac0e1,479517.13,0.0,245850.0,455.2778,0.5519,825.0,0.2647,4.3824,0.7353,14,0,68,50,0.595,0.3333
price_war,19,flat,False,f9355c0038983464f6c1e904f3d62724d16cbc298fa0dc506dba1b18225d885c,479462.51,0.0,275850.0,510.8333,0.6167,828.38,0.2877,4.5616,0.726,15,0,73,53,0.6667,0.447
price_war,20,flat,False,d358e566938de8f21db7d4df69a7d8fb7d4e6eb6d9dfb9944c228b42bd69686a,477568.88,0.0,253900.0,470.1852,0.5796,811.18,0.3286,4.4714,0.8571,16,0,70,60,0.5452,0.5076
price_war,21,flat,False,cd2f1368136aa79a63377cbaf1d56d2b6b0bc2a44246eeb3a09c14f5be5adc47,476196.81,0.0,268150.0,496.5741,0.6056,820.03,0.3538,5.0308,0.7385,16,0,65,48,0.6231,0.4242
price_war,22,flat,False,07bb3562323386dc75bdb1b0d507fa002cce45f0dc3fac6b85932fde8032c960,483610.17,0.0,259050.0,479.7222,0.5833,822.38,0.3571,4.5,0.9714,21,0,70,68,0.6168,0.3636
price_war,23,flat,False,4c4d6a3e1a4876264e411f45aa446b1642d2dbfb079c0c561e3f699a25687706,461967.16,0.0,241100.0,446.4815,0.5444,820.07,0.3333,4.4545,0.8485,7,0,66,56,0.5483,0.4545
price_war,24,flat,False,287a10e277f0da31dcc5f6a886708e01c68c97167cb2f33378047f7903ffa845,470681.47,0.0,267100.0,494.6296,0.5981,826.93,0.4,4.3067,0.8267,12,0,75,62,0.6449,0.4091
price_war,25,flat,False,cb205ce0a7ebf4e40ed79bd461576e82a357146b87833b93a9b289f6419bb7d3,465120.08,0.0,237250.0,439.3519,0.5333,823.78,0.4722,4.0,0.9167,14,0,72,66,0.5701,0.3258
price_war,26,flat,False,19f2dd74ef281bb49a612071c7ac709d63ea5b885e0a1977441aa677e2e730f2,470701.06,0.0,271500.0,502.7778,0.6111,822.73,0.3288,4.5205,0.7671,18,0,73,56,0.6355,0.4545
price_war,27,flat,False,d8d4242bd8a591c72cb0fa76106f28045c9f7ffb2befaa121b92e9c8d3ea7fa1,479097.56,0.0,251700.0,466.1111,0.5759,809.32,0.381,4.9365,0.9365,8,0,63,59,0.5265,0.553
price_war,28,flat,False,ac8ffc6eb382f325b11c404123578c00607d61e53929ccff63a86013a9eda03f,456876.1,0.0,259000.0,479.6296,0.5852,819.62,0.3239,4.4507,0.7606,15,0,71,54,0.5981,0.4242
price_war,29,flat,False,f3eaa3e70b7fb86f188274a2174a7d9fc16aeff96298b2f57d0e39edad110602,466108.67,0.0,256750.0,475.463,0.5778,822.92,0.3571,4.4571,0.8714,12,0,70,61,0.6262,0.2803
price_war,30,flat,False,4f0285dc24e3b9e38193aa8cf79a02db9dcef3ef1e87cdee0931f11faf7cc1da,465356.73,0.0,270900.0,501.6667,0.6093,823.4,0.4533,4.3867,0.7733,22,0,75,58,0.6262,0.5152
price_war,1,tool,False,c1206bf06e2c7bd229d9338fb4a9302656cf23ccaa6b692d7fe485b04c33731d,469010.29,0.0,257165.83,476.233,0.5778,824.25,0.4091,4.7273,0.9545,12,0,66,63,0.567,0.5152
price_war,2,tool,False,233b1cc92ec22c9c0baf0c79d249d324822c23d85a0f97f38da51e52c1e68145,474836.67,0.0,241351.06,446.9464,0.537,832.25,0.375,4.5312,0.75,16,0,64,48,0.5078,0.5076
price_war,3,tool,False,a50d8d9cbb9e0ee4db60cca0f17fc359eb4bebee8819ab6d332979d24bd44962,476002.62,0.0,258983.65,479.5994,0.5778,830.08,0.3676,4.5882,0.8971,12,0,68,61,0.567,0.4773
price_war,4,tool,False,86150c6daaae426e163812bb654ebb9ef4bf6080ffc5b3083d87b23ef55685d8,470425.69,0.0,263467.35,487.9025,0.587,831.13,0.3676,4.6618,0.8676,12,0,68,59,0.5732,0.5909
price_war,5,tool,False,a2a1240401af4c4929d4044136422e32c1dff48536e47c882cbdba0a5bed4548,461760.7,0.0,239845.83,444.1589,0.5352,829.92,0.3871,4.6613,0.8548,13,0,62,53,0.5421,0.4621
price_war,6,tool,False,3c70467dabce8e234ef20a0c94b307d69893c936a89a4d7446be566b1abe5b59,466983.37,0.0,263665.28,488.269,0.5926,823.95,0.4028,4.4444,0.7778,9,0,72,56,0.567,0.5303
price_war,7,tool,False,dad5bd963bd5bc9486d5372afc289c57bca72595336cd7f1f29d84694377b621,459872.65,0.0,246800.81,457.0385,0.5463,836.61,0.3385,4.5385,1.2,10,0,65,78,0.5514,0.4394
price_war,8,tool,False,54c8c83197e8c78e19f77cffc288396f57828b60af70d35a62eec32c7ad31866,459188.18,0.0,238117.28,440.9579,0.5278,835.5,0.3803,4.0141,0.9859,13,0,71,70,0.5327,0.4091
price_war,9,tool,False,f02f1392a2caa4f970f2636632ce2c9742f6ac427bf6e6205fa41f8dafe89ee5,485899.24,0.0,271131.85,502.096,0.6204,809.35,0.493,4.7183,0.9437,17,0,71,67,0.5732,0.6439
price_war,10,tool,False,703f2c421db843766532cfe49acc6866e1e3b0341e849a6c3d25657084d4f573,476895.47,0.0,242531.77,449.1329,0.5481,819.36,0.4412,4.3529,0.6471,15,0,68,44,0.486,0.5682
price_war,11,tool,False,d06c8f777fc41e6303ae9c49ab1d05bca04a65335ff9c83f4c1eb76b60baaf11,477040.26,0.0,256801.84,475.559,0.5556,856.01,0.377,4.918,0.9016,17,0,61,55,0.5857,0.3864
price_war,12,tool,False,12a66471e075ad9618bd084774e0ba8f501ef5498d6175d8eae056700a680e1c,456817.74,0.0,213329.88,395.0553,0.4944,798.99,0.4286,4.2381,1.2222,12,0,63,77,0.4517,0.447
price_war,13,tool,False,ea53a45a218ccb7a0f8c5fa6f057a048da5078edf6ef557beceaab9c62fe92db,470892.12,0.0,239933.58,444.3214,0.5315,836.01,0.3824,4.2206,0.9265,11,0,68,63,0.5545,0.3409
price_war,14,tool,False,569abaa48649662306ec6a07f29ab8c9ecedbd28658f3ea734500177c69b7664,466335.96,0.0,243865.27,451.6024,0.5519,818.34,0.3333,4.7302,0.9048,14,0,63,57,0.5265,0.5152
price_war,15,tool,False,577f0e41cba8056a6edca77e06a38632c77f563a4169114d587ae5e4c47df581,468559.78,0.0,251924.35,466.5266,0.563,828.7,0.403,4.5373,1.0896,10,0,67,73,0.5919,0.3939
price_war,16,tool,False,311aed1b3a41304567880c323690c282fc422adbf5de933fbb997371700822e1,460375.04,0.0,245957.18,455.4763,0.5426,839.44,0.3333,4.4394,0.7576,12,0,66,50,0.5639,0.3333
price_war,17,tool,False,0c218c0739ca4f1a30f0e8474cbf436672a90ffebf58b066dac7eaf7ae60f3c7,470393.83,0.0,236961.06,438.8168,0.5315,825.65,0.4923,4.4154,1.2154,11,0,65,79,0.5109,0.4848
price_war,18,tool,False,8de9a69dd9909c1efdce4edf8f23d2eb4d2d5dc1fc5922aba1e5e357e718ee40,479517.13,0.0,236385.58,437.7511,0.5315,823.64,0.3623,4.1594,0.9275,13,0,69,64,0.514,0.4318
price_war,19,tool,False,6c6dfa660ab1472e631e5f7dbe415771fab6813bf593a8a6973116f754b76f81,479462.51,0.0,266727.77,493.9403,0.5963,828.35,0.4058,4.6667,0.6667,10,0,69,46,0.5826,0.553
price_war,20,tool,False,a5bfae38f67e50a4d7efbb153e439c608a61febe4c26f37f912d1d241c3196ea,477568.88,0.0,246510.05,456.5001,0.5667,805.59,0.3913,4.4348,0.7971,18,0,69,55,0.5358,0.5227
price_war,21,tool,False,c3c87723d2fd6e3711cd4dec1eb85e2c6daf30f5fa7bb324aebe95d06847e211,476196.81,0.0,260347.72,482.1254,0.587,821.29,0.4242,4.803,0.7727,14,0,66,51,0.5857,0.447
price_war,22,tool,False,fadc1e612e7e0480e9973f0e89d8f21c87d671cef3fe31d27896725422ddb26c,483610.17,0.0,236378.23,437.7375,0.5296,826.5,0.3443,4.6885,1.0656,11,0,61,65,0.5389,0.3485
price_war,23,tool,False,dc7a454dfbcf7a69f3e5e76e0601a89e45867762069b9f9e89503be65207bc9a,461967.16,0.0,228132.66,422.4679,0.5111,826.57,0.3594,4.3125,0.8125,3,0,64,52,0.486,0.4848
price_war,24,tool,False,c1ea2f5b1c6e55c599390d13b5f561858f54daab2443f5ac4b50e69137e37bfc,470681.47,0.0,241796.73,447.7717,0.55,814.13,0.4028,4.125,1.0417,17,0,72,75,0.5452,0.4242
price_war,25,tool,False,a574717a76a5e5146662d7844f150fdac0b853fdd3ce4d54936b9782c398bcfc,465120.08,0.0,217621.61,403.003,0.4889,824.32,0.4478,3.9403,0.9104,8,0,67,61,0.5202,0.2955
price_war,26,tool,False,9d4df962462182591c4a72db9c86ec04632520229b7076841b38bfd947b5859b,470701.06,0.0,260825.25,483.0097,0.5833,828.02,0.4,4.5,0.6571,13,0,70,46,0.595,0.4545
price_war,27,tool,False,9a8ffb914dacbfaf5dd7634a2fb06356b526bc7d62d510d3798b2aa1ffe10a74,479097.56,0.0,238096.81,440.92,0.5389,818.2,0.3548,4.6935,0.9355,13,0,62,58,0.5078,0.5076
price_war,28,tool,False,6def8980880257bf2ba4dbd44ab8bfebd88e89fe7d562f81e8aca1ca951d16b3,456876.1,0.0,235705.12,436.491,0.5296,824.14,0.3231,4.4,0.7077,16,0,65,46,0.5171,0.4242
price_war,29,tool,False,f1be069d6d6d4f84850f488a7a6c9b056688e637d6884b44547fd7bc35aadfbb,466108.67,0.0,253967.93,470.311,0.5537,849.39,0.3231,4.6,0.8462,16,0,65,55,0.6012,0.303
price_war,30,tool,False,fde3e9c5c3c1bdfd85b545660b2bd0be9ec0c7e0a169249328f689eb3400657e,465356.73,0.0,239384.98,443.3055,0.5333,831.2,0.4776,4.2985,0.791,18,0,67,53,0.5327,0.447
recession,1,comp_median,False,de50cbb1129e077e1705d5c1fd3dcb1ed7aaa8f415aa70b2e13855827023646d,463405.16,0.0,243623.56,451.1547,0.6667,676.73,0.3371,4.0449,0.9438,21,0,89,84,0.729,0.5
recession,2,comp_median,False,80ab8987c9b032e7765607b415341094304532e1a357875c1c833e4bc31cdbe6,461679.13,0.0,225616.04,417.8075,0.613,681.62,0.2727,4.2987,0.8701,20,0,77,67,0.6729,0.3788
recession,3,comp_median,False,64ec57d09ed317da8b2b5def4b8e943dd9201366ad0c79a1eeb10a9180750aaa,446489.63,0.0,245918.6,455.4048,0.6611,688.85,0.3523,4.0568,1.0568,23,0,88,93,0.7726,0.3788
recession,4,comp_median,False,8dbb491131218c51e17e5b117fd464874fbab0a068f53973241b617f01d7ab79,451684.93,0.0,240938.78,446.1829,0.6537,682.55,0.325,4.4125,0.8875,17,0,80,71,0.729,0.4773
recession,5,comp_median,False,7ea011f4939564854ffea898cd7ecdf76c82443ee4a3fe5a14e80f90ad93fc9f,460796.81,0.0,243939.91,451.7406,0.6611,683.31,0.2927,4.3537,0.9756,22,0,82,80,0.7508,0.4394
recession,6,comp_median,False,16c871e868be3cdfe28c16d84c74f814bd8f216d9d94c020ccd4c31674f00c86,453531.63,0.0,257611.39,477.0581,0.7019,679.71,0.3444,4.2111,0.8333,26,0,90,75,0.7601,0.5
recession,7,comp_median,False,036e82c7f8270d783273c7b3e24c5d443b855b08e4a35d4e068936d26b693867,459873.18,0.0,239899.24,444.2578,0.6463,687.39,0.3205,4.4744,0.8077,23,0,78,63,0.7539,0.4394
recession,8,comp_median,False,84bfa65f73fa49b10e239791fd6047b7a7fba340d71e188d5dca108f51fa9261,459255.48,0.0,262363.85,485.859,0.7148,679.7,0.3077,4.2418,0.8132,29,0,91,74,0.7352,0.6364
recession,9,comp_median,False,b4d6ce16c80b9a84e1bff36ef51626bb391cb9607056c226c6319a6dafe562a4,458055.13,0.0,236399.55,437.7769,0.6426,681.27,0.3333,3.9885,0.7586,17,0,87,66,0.676,0.4848
recession,10,comp_median,False,e539b7bcb4f6c2a74246968d46f9555cef4913121632555d722ff3eafcb1f6b9,455164.22,0.0,242968.66,449.942,0.6574,684.42,0.2824,4.1765,0.7412,20,0,85,63,0.7227,0.4015
recession,11,comp_median,False,7d244de4d9e66521e18416ab617bff1f929522c1a6d71e6888472263d228a74b,451791.38,0.0,254010.68,470.3901,0.687,684.66,0.2346,4.5802,0.716,19,0,81,58,0.7695,0.4545
recession,12,comp_median,False,704b59f20aa1d16aed82478ccc2c16ace5dc4b6c75e8214a37802ee57ebb9f68,461528.38,0.0,257974.72,477.731,0.7037,678.88,0.2738,4.5238,0.8571,17,0,84,72,0.7508,0.5606
recession,13,comp_median,False,7e4bccb3a28531b508aa24563ce2179043ee82f42613c92f8703a32f8aa6f362,456393.98,0.0,257579.47,476.999,0.7019,679.63,0.2903,4.0753,0.7419,21,0,93,69,0.7601,0.5152
recession,14,comp_median,False,8e87af5b268d1a09be6857b0dcf1ba24b4d6abb2133b938704a16b09ee41e36a,453096.89,0.0,243505.26,450.9357,0.663,680.18,0.3187,3.9341,0.8901,20,0,91,81,0.7445,0.4848
recession,15,comp_median,False,80c48bbef224661886f2d4bd3b92c758e439f869e0115436ec404f64a6cdd573,445167.5,0.0,238537.56,441.7362,0.6444,685.45,0.3095,4.1429,1.0357,16,0,84,87,0.7227,0.3864
recession,16,comp_median,False,6542825d5f94c2444854cbfd6976e2f924153888c2e4bba73214865ede2f5ec4,452575.5,0.0,242277.63,448.6623,0.6556,684.4,0.3452,4.2143,1.0714,14,0,84,90,0.729,0.447
recession,17,comp_median,False,26f141e2833e3c30b022495d84107062c975db1d4d614a041b6864cac0f38047,464423.09,0.0,252683.8,467.933,0.6833,684.78,0.3077,4.0549,0.7363,20,0,91,67,0.7757,0.447
recession,18,comp_median,False,8951f933448f530bc282fe58e5b2549a57eb34a30b5e57785e36a058391a2c5c,443397.98,0.0,245393.8,454.433,0.6667,681.65,0.2963,4.4444,1.0,22,0,81,81,0.7103,0.4773
recession,19,comp_median,False,8d3f247f668d9bb7c18a953968fad3ad9e63d9b7d6addd40dbc8b5d0f30d08db,461800.56,0.0,260991.11,483.3169,0.7111,679.66,0.3953,4.4651,0.8488,21,0,86,73,0.7695,0.5
recession,20,comp_median,False,77a70210601b4481ef032661013edcffc77ebc5fad68eb705e82235310d79a4e,463779.65,0.0,241928.1,448.015,0.6537,685.35,0.3452,4.2024,1.0357,15,0,84,87,0.7414,0.4318
recession,21,comp_median,False,e8c4d508e9d7e1e4d8f7117e8566496a90f0c77445705a92b02df38b5adf05a3,447207.87,0.0,249291.8,461.6515,0.6722,686.75,0.2874,4.1724,0.9425,19,0,87,82,0.7477,0.4318
recession,22,comp_median,False,b6c85f3e746e7e54fe0ed3051340bb9709d51baa1afa5f955bcad07bc1037d02,459812.81,0.0,242122.69,448.3754,0.6611,678.21,0.3412,4.2,0.8588,20,0,85,73,0.704,0.5076
recession,23,comp_median,False,691cbace3ce2171838e06f9cb98c72fd4d94432a9b33457c8b4ded5a7cc90c0a,474046.39,0.0,249073.44,461.2471,0.6778,680.53,0.2747,4.022,0.8022,22,0,91,73,0.7072,0.5076
recession,24,comp_median,False,65ac7af5ccef9122c3601afd3d3bcdb29eb830045c5d99b5c6d4887776563aca,457038.88,0.0,245776.83,455.1423,0.663,686.53,0.2824,4.2118,0.7529,30,0,85,64,0.7352,0.4091
recession,25,comp_median,False,a817f82e771421922a089e3c09d5ca80ba62a0e094eb0c7a6365c393d7bb86a5,433198.5,0.0,239853.45,444.173,0.6519,681.4,0.2651,4.241,0.8434,29,0,83,70,0.7321,0.4167
recession,26,comp_median,False,986a8912c4f0ac8837d3dd8a66b1fc2123c97088fcdda7d85f6bf06c11214746,461555.47,0.0,252128.26,466.9042,0.687,679.59,0.2921,4.1685,0.764,17,0,89,68,0.7414,0.4773
recession,27,comp_median,False,a06b7731ec76b4fcaf2c77b9803ef0cf8e1f0ae32f60ceb4eef7ea062d7d8d82,468709.42,0.0,240171.34,444.7617,0.65,684.25,0.369,4.1786,1.0238,27,0,84,86,0.7539,0.3409
recession,28,comp_median,False,feba6fedc0dd7c432ab791d637d9273a331bb63c0a2e026897b09cf011bc37ac,454943.99,0.0,246121.43,455.7804,0.6704,679.89,0.225,4.525,0.8,16,0,80,64,0.7726,0.3485
recession,29,comp_median,False,fc5241000bd06ae51e03040f73d4b15705a778d53d72cfa78814272ef41510ba,451576.3,0.0,241925.04,448.0093,0.6519,687.29,0.3953,4.093,0.9535,22,0,86,82,0.7414,0.3409
recession,30,comp_median,False,1d04c7b8993b29ff125eb181b3567cc24241cca4ae9a6cdc0082d441d4496ea1,470162.5,0.0,240352.18,445.0966,0.6556,678.96,0.3929,4.2143,1.2024,20,0,84,101,0.6916,0.5833
recession,1,engine,False,9d06108587b20b58283e8e2923ab71370102a0e6c9ebc8011f7e46d462305348,463405.16,0.0,210875.0,390.5093,0.5667,689.13,0.3636,3.974,0.8182,19,1862,77,63,0.5421,0.5152
recession,2,engine,False,df71155c04856470f6935e05f60f5dd72ff681ab206e2bfd162cdbc577225ca2,461679.13,0.0,228740.0,423.5926,0.5907,717.05,0.3714,4.5571,1.0571,9,2019,70,74,0.6106,0.4318
recession,3,engine,False,76292ad8eace939b6bc04fb1a5c71357783dbc0b8a936f220224733caae41e37,446489.63,0.0,246110.0,455.7593,0.6389,713.36,0.3797,4.3671,0.9241,10,1879,79,73,0.6667,0.5076
recession,4,engine,False,3b5e05bb0f0fedde15ed7abb582acdad73ea754758022d904abdd1f0d4561519,451684.93,0.0,211100.0,390.9259,0.5574,701.33,0.4412,4.4265,1.0588,12,2320,68,72,0.5389,0.4697
recession,5,engine,False,4a188bd30fbd51ba2380d409e1b05e1b4cb24c471c2fd04288380b44c722727d,460796.81,0.0,193630.0,358.5741,0.5167,694.01,0.3284,4.1642,0.9552,17,1836,67,64,0.5016,0.4167
recession,6,engine,False,d27656ea537d2d6a7ff72aba3b2e0ed96444ecfea5bfde2e80f47f005af9e536,453531.63,0.0,232885.0,431.2685,0.6222,693.11,0.3924,4.2532,0.7089,19,1964,79,56,0.5981,0.5682
recession,7,engine,False,3cbac4967d6a34635bb1b7ed39b5de22092b1bb67d92aa4f4344b7b0c488f158,459873.18,0.0,231370.0,428.463,0.6037,709.72,0.4306,4.5278,0.8056,18,2061,72,58,0.6199,0.4848
recession,8,engine,False,9f82b66399aef96e64f0560d284febcdf62faf49587fce504e3512db143eb97f,459255.48,0.0,228395.0,422.9537,0.6,704.92,0.3919,4.3784,0.9595,9,2301,74,71,0.5607,0.5985
recession,9,engine,False,ed4eff25dfa367e6b4c9b12fda1213dbdea5e7324a564b8de3e556ea2e5dd5de,458055.13,0.0,236065.0,437.1574,0.6167,708.9,0.4675,4.3247,0.5844,17,2083,77,45,0.6137,0.5606
recession,10,engine,False,4d0cca13a160c1188bf8f82ea86c117ae10e291affc41ab1364098ad8277f080,455164.22,0.0,224530.0,415.7963,0.5981,695.14,0.3649,4.3649,0.7838,13,1927,74,58,0.5919,0.4848
recession,11,engine,False,732865c9276f58c598b6269a64950f16385f9f81f4472e30fa7e11a2bb9cc5f0,451791.38,0.0,250195.0,463.3241,0.6389,725.2,0.3026,4.5395,0.6447,12,1532,76,49,0.6854,0.4545
recession,12,engine,False,89ca1fe6e967d3d3051908b6e808c19b0d2813675488239af2f8ce447792a6f2,461528.38,0.0,236480.0,437.9259,0.6222,703.81,0.3896,4.3636,0.8182,14,1954,77,63,0.6199,0.5606
recession,13,engine,False,2f8f838352f125111729ac75d0bd98da03aadeb4a7c7bdadc20774b1915c1dcd,456393.98,0.0,237205.0,439.2685,0.6315,695.62,0.3846,4.3718,0.7564,18,2086,78,59,0.6106,0.5455
recession,14,engine,False,cab847f0d96e9ce7dac0e45d5e6b686dff79d0769585a444a2a67e288c587540,453096.89,0.0,189055.0,350.1019,0.5185,675.2,0.4286,4.0,1.0,19,2284,70,70,0.4611,0.5152
recession,15,engine,False,fcef36e648cfd5d617471e94399200edefac77ae7b67ac3a854704574cda9f5c,445167.5,0.0,216140.0,400.2593,0.5611,713.33,0.4348,4.3913,1.058,10,2205,69,73,0.5981,0.3712
recession,16,engine,False,bdc7781044a547dd95232ef80e7627ff38bf1a1e5747034ce22c377db92ca29c,452575.5,0.0,218635.0,404.8796,0.5852,691.88,0.3944,4.4507,0.8592,9,2050,71,61,0.5483,0.553
recession,17,engine,False,49ae397d836c131d498572912ca52a58059af7a0dc1657a4eb704102b795c747,464423.09,0.0,231370.0,428.463,0.5796,739.2,0.3857,4.4714,0.8571,9,2201,70,60,0.6075,0.4697
recession,18,engine,False,2d5753c1fcd9b66ee80462ffcd21e957d388a5551288f76622df57e7067817f9,443397.98,0.0,220415.0,408.1759,0.5889,693.13,0.3385,4.8923,1.1692,20,2366,65,76,0.5639,0.4924
recession,19,engine,False,ce7501daa046e46c8ecbfb5c827164a07945e4165d1fe74811bcb812a7549948,461800.56,0.0,235880.0,436.8148,0.6352,687.7,0.3462,4.3974,0.7436,19,2152,78,58,0.6044,0.5758
recession,20,engine,False,8f68eda38a8ff4305320ea127b01da30ae39303afd0a7edc0ac49e52b31fe5ce,463779.65,0.0,219905.0,407.2315,0.5889,691.53,0.3649,4.2973,0.7162,8,2080,74,53,0.5763,0.4697
recession,21,engine,False,b641f43835ca9dbfc44a0bce438efcf44a8b9bbb8fc6c0029be24089f77430a1,447207.87,0.0,211460.0,391.5926,0.5759,679.94,0.3836,4.2603,1.0,11,2442,73,73,0.5327,0.4848
recession,22,engine,False,02f9db82f7715d49638f95ee01fb7a152cf80fb0ff0ff13d39566c04d357f74a,459812.81,0.0,224145.0,415.0833,0.5889,704.86,0.3889,4.4167,1.0,17,2205,72,72,0.5794,0.4848
recession,23,engine,False,01e9f7d6a09e8978e8df421f376a8b30b5c418d6cf67bc1a46d407adeb2c1504,474046.39,0.0,212495.0,393.5093,0.5704,689.92,0.3421,4.0526,0.9079,10,2264,76,69,0.5514,0.4545
recession,24,engine,False,0bb36c96229e59e78bb5e465b4453e05fbeea88d3e778f702a09798370b3478c,457038.88,0.0,226120.0,418.7407,0.6111,685.21,0.3766,4.2857,0.7143,17,1833,77,55,0.5857,0.5076
recession,25,engine,False,086cedaca400326abd5542206441747fbe8d9facd21831c08831df7d8f10a72c,433198.5,0.0,207910.0,385.0185,0.5537,695.35,0.4203,4.3333,0.8696,15,1825,69,60,0.5296,0.5076
recession,26,engine,False,a1b33ae4aff9d3974159d62f6582cbc5bc18ccd8485b7ae1e459fdfdd82586f9,461555.47,0.0,217955.0,403.6204,0.5815,694.12,0.4189,4.2432,0.7973,11,2377,74,59,0.5701,0.4697
recession,27,engine,False,7039a3dcf9ee7c93f2277aa2548d25f0f0430de7c6db0cb979bb6b31f0dcb2c9,468709.42,0.0,222480.0,412.0,0.5907,697.43,0.3816,4.1974,0.9737,17,1797,76,74,0.5888,0.447
recession,28,engine,False,43625ca5f5895428fcf9849e3083d02da59270ff37342bb560da4c9435d6df54,454943.99,0.0,217140.0,402.1111,0.5889,682.83,0.3286,4.5429,0.9,11,2426,70,63,0.5576,0.4773
recession,29,engine,False,10f82c1b8a308254bdefc063da6dd72ada559b38216f77dec63c10d63e8125fe,451576.3,0.0,209550.0,388.0556,0.563,689.31,0.3662,4.2817,0.7746,16,2442,71,55,0.5514,0.4091
recession,30,engine,False,bae1472e81f9d35b867ccaba3a63f139c7af82f144fa654b0940bd315d66f3ae,470162.5,0.0,240085.0,444.6019,0.6296,706.13,0.4079,4.4737,0.8947,19,1863,76,68,0.6293,0.5455
recession,1,flat,False,b2797b09a042b2e30d14cf2fbed4cff7c2f6251c691bc83679d9f52d22fc88d6,463405.16,0.0,235350.0,435.8333,0.5315,820.03,0.2985,4.2836,0.791,14,0,67,53,0.5421,0.4015
recession,2,flat,False,638e658454ed40e51cfd34691b7868abace0ebeef118258a281be424728d732c,461679.13,0.0,249800.0,462.5926,0.5611,824.42,0.3433,4.5224,0.8657,8,0,67,58,0.6012,0.3485
recession,3,flat,False,ee1d4d8028b6d3215a56b6f5c9decfe60a7772b85b9895716f37641eaf4846f1,446489.63,0.0,267100.0,494.6296,0.5963,829.5,0.3649,4.3514,0.9459,11,0,74,70,0.6667,0.3258
recession,4,flat,False,83771ecb957b20749b551628fd9e2e58c3ace483e66ff6697effc4cb56051ca6,451684.93,0.0,234000.0,433.3333,0.5259,823.94,0.4262,4.6557,1.0164,9,0,61,62,0.5421,0.447
recession,5,flat,False,fbcf24bf41e052380cd2fe324aba47647437e578e6c0a0d9e275d6ef9e1fb239,460796.81,0.0,214950.0,398.0556,0.4852,820.42,0.3,4.3667,0.9167,15,0,60,55,0.5016,0.3333
recession,6,flat,False,db43f40b80f4e0660e70b961bcab992a96a8ba124c658cf01f75efab15777564,453531.63,0.0,246000.0,455.5556,0.5537,822.74,0.2941,4.3971,0.7647,13,0,68,52,0.5888,0.3333
recession,7,flat,False,218c2d35896503946f20d4dc6be8cb1b94ecb116ff396d2c94d683d991d783dd,459873.18,0.0,244750.0,453.2407,0.5463,829.66,0.4127,4.6825,0.7143,13,0,63,45,0.5981,0.3788
recession,8,flat,False,35c0271bceca91e068a7db36a6e9b7a026135dcd5e8f5f07474af2769bb76236,459255.48,0.0,242750.0,449.537,0.5463,822.88,0.3594,4.6094,0.9688,7,0,64,62,0.5607,0.4545
recession,9,flat,False,78d802561573014b498dce2c2ae799d3e6579a9567c77b1f4af47de841ac3886,458055.13,0.0,251600.0,465.9259,0.5648,824.92,0.4328,4.5522,0.6716,12,0,67,45,0.6075,0.3485
recession,10,flat,False,52bcdfa4873983d1d155e64b098a561d653f66b64399120405b5966843595a4a,455164.22,0.0,255800.0,473.7037,0.5759,822.51,0.3676,4.5735,0.7353,10,0,68,50,0.6075,0.3712
recession,11,flat,False,7c7569f3871ad4127fef7024ac40d229b4dd4282e5e582d2433fbf8acc63ee93,451791.38,0.0,291900.0,540.5556,0.6519,829.26,0.2838,4.7568,0.6081,16,0,74,45,0.7103,0.4621
recession,12,flat,False,ee9790e370d8e07ebd1cbfc59fee197cf9a391c95850936101db1d4a8db64737,461528.38,0.0,262950.0,486.9444,0.5926,821.72,0.3188,4.6377,0.7826,16,0,69,54,0.6137,0.4318
recession,13,flat,False,0ea093af0185fc7b12243d24c6f0d6d30d2849da2b6f2d6ac58f797aa7f589e3,456393.98,0.0,256900.0,475.7407,0.5778,823.4,0.2879,4.7273,0.7879,14,0,66,52,0.6106,0.3864
recession,14,flat,False,4a04ff27566437e3dadb6e88a1bad329d2a2d2a3426d2f8852e8010832979aa9,453096.89,0.0,196650.0,364.1667,0.4463,815.98,0.3333,4.0167,1.1,12,0,60,66,0.4486,0.303
recession,15,flat,False,ec8df2183118ef94de956eda6e49e4e7bae6d7fcb5af68f816a7ba95afdd4a82,445167.5,0.0,241900.0,447.963,0.5426,825.6,0.4032,4.7258,0.9032,7,0,62,56,0.5826,0.3561
recession,16,flat,False,a0832bf963bd7fe88a87256addae44e96376680a289162596568c8561f1842fe,452575.5,0.0,241550.0,447.3148,0.5463,818.81,0.3443,4.8361,0.9508,7,0,61,58,0.5483,0.4394
recession,17,flat,False,544751294f1743d128d1cf6fa0c02f03e7637e2c153cc1d69bd6fc7bc5e6c542,464423.09,0.0,258050.0,477.8704,0.5778,827.08,0.3731,4.6567,0.9104,9,0,67,61,0.6262,0.3788
recession,18,flat,False,8fbfe28e17ad8df254d1ad0a8f72479c2eb125aa739cec28bda43d2cd64f05b0,443397.98,0.0,241850.0,447.8704,0.5481,817.06,0.3167,4.9333,1.15,18,0,60,69,0.5514,0.3939
recession,19,flat,False,fab76103c01818deeb4b59e8af727455b5f3eeee99188532480af88772f6db63,461800.56,0.0,266900.0,494.2593,0.6056,816.21,0.3188,4.7391,0.7971,17,0,69,55,0.595,0.5
recession,20,flat,False,ea73b5b2b2360f1259fe6c9ab2cc62e6cf87659103bcb93b02a614114cf3b30b,463779.65,0.0,236900.0,438.7037,0.5315,825.44,0.3333,4.5556,0.8254,6,0,63,52,0.5639,0.3864
recession,21,flat,False,0a072391c6ff0304ac14c446478c3a49fd01372d22f3150f7561418677064349,447207.87,0.0,232000.0,429.6296,0.5259,816.9,0.3134,4.2388,0.9701,10,0,67,65,0.5358,0.3333
recession,22,flat,False,197f5c4b9c3d85a617bf9e397e38a371b3572268a9f71b18c25eab3d48116f50,459812.81,0.0,240000.0,444.4444,0.5426,819.11,0.3939,4.4394,1.0,15,0,66,66,0.5452,0.4394
recession,23,flat,False,7d8aa43ba5fd78cbee23518cffb913560bf38273d6d74829e673cb0fbb7d7e6c,474046.39,0.0,243650.0,451.2037,0.5537,814.88,0.3188,4.3333,0.971,8,0,69,67,0.5483,0.4015
recession,24,flat,False,c0c4aba2a739b83c012d7dc57f2254d1ba5fbb147a7091521d4eaf2463a69465,457038.88,0.0,245500.0,454.6296,0.5556,818.33,0.3333,4.5455,0.7273,10,0,66,48,0.567,0.3788
recession,25,flat,False,afdb7989091d81764b609e15a8dd1165088d9522fbed6b183afd3bd74de66e90,433198.5,0.0,239850.0,444.1667,0.5426,818.6,0.4127,4.6508,0.6984,16,0,63,44,0.5545,0.3712
recession,26,flat,False,6653120e3e77a682455b65b3da643889c2713218170471d0e139321f36a4da18,461555.47,0.0,252200.0,467.037,0.5722,816.18,0.3824,4.5441,0.7206,11,0,68,49,0.5639,0.4621
recession,27,flat,False,15cab0e0c7cf940b6143612669e9f34dd8517103b465ef1e1c86779e5e9e3bfc,468709.42,0.0,249450.0,461.9444,0.5611,823.27,0.3134,4.5224,1.0,15,0,67,67,0.5919,0.3788
recession,28,flat,False,a2efaf6b421ebb6d81ea84d5ed33799ffb60267345a54df12a98b16f64994305,454943.99,0.0,229300.0,424.6296,0.5167,821.86,0.2069,4.8103,1.069,8,0,58,62,0.5514,0.2803
recession,29,flat,False,6e138c5787fcc2e0bc4e591db802beb4be4ecb3ee634484d6f4feae08d198e94,451576.3,0.0,236400.0,437.7778,0.5352,817.99,0.3731,4.3134,0.6866,15,0,67,46,0.5514,0.3258
recession,30,flat,False,5883292f09a04d91f6205d77e9ffb2db5d3ac04e50cf18d32789a898268838bc,470162.5,0.0,261050.0,483.4259,0.5833,828.73,0.3636,4.7727,0.9091,11,0,66,60,0.6293,0.4394
recession,1,tool,False,c4b630e40123046d3031d1e304d3ace739fccb048c4320076e1f68b6622452c3,463405.16,0.0,186318.0,345.0333,0.4,862.58,0.3478,4.6957,0.8913,8,0,46,41,0.3427,0.3333
recession,2,tool,False,2513153f222551529fd7f73973589b4b43446cbf4d562871ec4583ab7a2a3702,461679.13,0.0,187678.73,347.5532,0.4019,864.88,0.3617,4.617,0.7234,5,0,47,34,0.3551,0.303
recession,3,tool,False,d40fddd2c439c2f08963a489daa54121e82bcc48b03c3d11e9d215ade60ba7f3,446489.63,0.0,209498.56,387.9603,0.4352,891.48,0.5094,4.434,1.0,8,0,53,53,0.4517,0.303
recession,4,tool,False,a956fa489f24cca3c56a6c285e95225859b7198cb63ad9a25769e98f98d686c7,451684.93,0.0,193754.16,358.804,0.413,868.85,0.4792,4.6458,1.1667,5,0,48,56,0.3583,0.4621
recession,5,tool,False,eecefd7b1965585a04bbdd1141e9d0f901a52731f1605ca32600724f226e3187,460796.81,0.0,165064.47,305.6749,0.3537,864.21,0.3571,4.5476,1.0952,9,0,42,46,0.324,0.2803
recession,6,tool,False,4637ca48f7487f19747c52710a573778ffe4b302093bbaf9030c959898e70fd7,453531.63,0.0,171770.94,318.0943,0.3759,846.16,0.4898,4.1429,0.898,6,0,49,44,0.3271,0.3409
recession,7,tool,False,d000aa8347d0dae3d5146528d317939216f72f0498e31be7c89f4f8ca05c3b69,459873.18,0.0,174336.35,322.8451,0.3759,858.8,0.3778,4.5111,0.7778,7,0,45,35,0.3364,0.3409
recession,8,tool,False,002760a0e46c466d098e25e13c33c345f7a6bbc29ba4f5d30585aff7d66b1f00,459255.48,0.0,183413.32,339.6543,0.3907,869.26,0.3617,4.4894,0.9362,5,0,47,44,0.3427,0.4167
recession,9,tool,False,d9700b58d18043ccd2b19a50dbe10f8a0432bc6914d00bdaab097a66dc4e8a92,458055.13,0.0,184257.57,341.2177,0.3981,857.01,0.4286,4.3878,0.7347,7,0,49,36,0.3769,0.3106
recession,10,tool,False,396369273cf32200c5638ae56b7f301711b9cd75f8722b1c4a2f51df74bd7e00,455164.22,0.0,193122.66,357.6346,0.4167,858.32,0.4727,4.0909,0.7091,16,0,55,39,0.3707,0.3485
recession,11,tool,False,f0abade59144fdb51c38811b33ecf5d206a884ef4c1dbff498d399fc8b30ffc8,451791.38,0.0,203797.17,377.4022,0.4296,878.44,0.3654,4.4615,0.4808,9,0,52,25,0.3645,0.3864
recession,12,tool,False,ed390c60150dc5578af39ecd73b3ddc7aa1b4978789fa8b0f0e3fe7c1f049fc5,461528.38,0.0,207617.09,384.4761,0.4463,861.48,0.4151,4.5472,0.6792,11,0,53,36,0.4206,0.3561
recession,13,tool,False,284ab63c389fa84e663038d4f48faf256dea6e24a6590faeb58e083f7b79889a,456393.98,0.0,221704.56,410.564,0.4667,879.78,0.434,4.7547,0.6226,9,0,53,33,0.4393,0.4091
recession,14,tool,False,a36f1da0ac1678784055c30d6672980ca451a90c1858144abc3c4dacc7900b19,453096.89,0.0,169868.48,314.5713,0.3704,849.34,0.3333,4.4444,1.0667,8,0,45,48,0.3489,0.2879
recession,15,tool,False,413067d828e3a948b0085fa55fee689d666ac0c7bd78dee671c0218cea7e39c7,445167.5,0.0,188346.23,348.7893,0.4037,863.97,0.5435,4.7391,1.0217,8,0,46,47,0.3614,0.3182
recession,16,tool,False,b4c86216235f1be9590d43899d03ce97964d8bad9e550b6c651ef964549ffa48,452575.5,0.0,194190.5,359.612,0.413,870.81,0.4,4.9556,1.0,4,0,45,45,0.3925,0.3712
recession,17,tool,False,6c2147051277c55ce589049c3029814d95c60b4f2d89de10ab21e08f1fc3c0d1,464423.09,0.0,243365.85,450.6775,0.5019,898.03,0.4737,4.7544,0.6491,9,0,57,37,0.5016,0.4318
recession,18,tool,False,f8abc8bc680200c5700d5c16ba6919c5d84aecfd9a28db19becc1b2c254f4204,443397.98,0.0,172944.93,320.2684,0.3778,847.77,0.3636,4.6364,1.3864,9,0,44,61,0.3146,0.3182
recession,19,tool,False,034e9c6fd573ab5f4a6261c2f99e7cc24f834b6c8c8d8e1fa88416a276e33ccc,461800.56,0.0,225569.11,417.7206,0.487,857.68,0.4909,4.7818,0.8,10,0,55,44,0.4393,0.4621
recession,20,tool,False,7b423ac94ec5319aa6b28a1749a8085fd59c057623564ce10d409b8eb6b2c39e,463779.65,0.0,194788.31,360.7191,0.413,873.49,0.4043,4.7447,0.7447,4,0,47,35,0.3707,0.4015
recession,21,tool,False,255b95b7998ce508db520e24d5c25021e0ccaa82f9eed89facdc0a6e4ea563e2,447207.87,0.0,180056.79,333.4385,0.3907,853.35,0.3922,4.1373,0.8039,13,0,51,41,0.3333,0.2652
recession,22,tool,False,f0d9cd4521afdbf2c39bb3ff6304bc6fff278cf015cabc79fb315657dbc5764c,459812.81,0.0,203053.8,376.0256,0.4352,864.06,0.5,4.5192,0.8654,9,0,52,45,0.3925,0.4242
recession,23,tool,False,3c41456359ba312b5ef3d2a858682d3a182801777f2070fa19e96352e06d5388,474046.39,0.0,210318.08,389.4779,0.45,865.51,0.4259,4.5,0.7778,6,0,54,42,0.4019,0.3939
recession,24,tool,False,cc4f70b49b99549c30d505eecea5fe5bdced5b01086822136df737cff76cbe9f,457038.88,0.0,197782.31,366.2635,0.4259,859.92,0.4694,4.6939,0.5918,10,0,49,29,0.3333,0.4318
recession,25,tool,False,756f379fe8765c30212828fc7188008cf57f5692a8e83967cef7dd02a7661e80,433198.5,0.0,179742.07,332.8557,0.387,860.01,0.3333,4.6444,0.6667,5,0,45,30,0.3333,0.3409
recession,26,tool,False,8a771c39b5296f2f60ff6ee9b3c94aabda527468cc8bef47e77220ecbdb8b20c,461555.47,0.0,196845.85,364.5294,0.4185,871.0,0.3125,4.7083,0.6667,6,0,48,32,0.3863,0.3409
recession,27,tool,False,984934f5f108709e9ead78afb883ede3fd7a97de5a8b88adcdf37936d1716eb5,468709.42,0.0,184737.21,342.1059,0.3944,867.31,0.3878,4.3469,1.0204,11,0,49,50,0.3427,0.3333
recession,28,tool,False,bdc593ea34ad49f34e3630907943d5042cab5d96e7e7026d49bff88f181f4999,454943.99,0.0,179958.63,333.2567,0.387,861.05,0.3023,4.8605,0.907,6,0,43,39,0.324,0.2803
recession,29,tool,False,b30224e76e004b4acd035f10bd975b70db9a766d3d9ba13e47716317dce70f7f,451576.3,0.0,177061.43,327.8915,0.3759,872.22,0.4255,4.3191,0.8936,8,0,47,42,0.3707,0.2652
recession,30,tool,False,59e31441c5d41b23abb841d967b20fcf7aeccd9f37e9d4da28c3b1d1fe37dfde,470162.5,0.0,206662.62,382.7086,0.4407,868.33,0.48,4.76,0.82,10,0,50,41,0.3988,0.4621
record_snow,1,comp_median,False,770203ce9ac3dcdd4a6b4563a9cb278c65130dc0b0778c64f2d0e1a4b7ef94e1,477368.76,0.0,265765.72,492.1587,0.7222,681.45,0.25,4.2391,0.8478,27,0,92,78,0.8037,0.5152
record_snow,2,comp_median,False,308f04a4635499299c7fe51a4c1c754f8e2f5842424c16987f86ccbe1cc63038,475393.37,0.0,261704.76,484.6384,0.7074,685.09,0.3263,4.0211,1.0,23,0,95,95,0.7975,0.4545
record_snow,3,comp_median,False,ffe75f818b73ba994dc5a0cb1e21c14429ef8f5cf486779c26fc96bd5790ccd4,470727.55,0.0,255408.87,472.9794,0.6944,681.09,0.3563,4.3103,1.1264,17,0,87,98,0.7321,0.5833
record_snow,4,comp_median,False,7712201170b5bd05dc70c47cdb372b280c580aa8f45b8c82868f0b6695b44515,463873.2,0.0,269000.43,498.1489,0.7296,682.74,0.2812,4.1042,0.6979,17,0,96,67,0.7757,0.553
record_snow,5,comp_median,False,03143aa931be4e2e930c0b5904e93c899ad0e6b6add8b0833e928ddc6f495de7,486341.57,0.0,277435.18,513.7689,0.7556,679.99,0.3617,4.3404,0.9787,24,0,94,92,0.7944,0.6439
record_snow,6,comp_median,False,9b10b81cd15f92d8d95564d42d6df29b2aa285971040d1561289c9953b70d358,484517.24,0.0,265941.63,492.4845,0.7204,683.65,0.2967,4.2747,0.8901,25,0,91,81,0.7944,0.4773
record_snow,7,comp_median,False,32254ce71a696cdebb0763c4e72a8835cc57d5a40a16de80120e04928254878d,476714.68,0.0,266999.24,494.443,0.7278,679.39,0.2778,4.3667,0.7222,21,0,90,65,0.785,0.5909
record_snow,8,comp_median,False,01f564f9b3cd6f7335326c8d7463a1a1b46e22e1bde7f6ce8825906b9a648b3e,470286.18,0.0,272936.16,505.4373,0.737,685.77,0.2604,4.1458,0.7708,17,0,96,74,0.8193,0.5606
record_snow,9,comp_median,False,dff94b00d1417cca487dbe15eedeb82840829675b14fe2a14a3446c090c33717,476126.71,0.0,267335.76,495.0662,0.7259,681.98,0.3107,3.8058,1.0291,31,0,103,106,0.785,0.5606
record_snow,10,comp_median,False,5ac59b53c2e6d750fd43adffd7b5919453761d331ca8cf5ec601fde672f4464f,476191.02,0.0,271918.06,503.552,0.7407,679.8,0.3229,4.1667,0.8646,23,0,96,83,0.785,0.6212
record_snow,11,comp_median,False,87621822dc04b486fa95c103fce168541ce7888025fb5949102f22c6486f9485,480257.3,0.0,270052.03,500.0964,0.7333,681.95,0.2396,4.125,0.9479,25,0,96,91,0.8069,0.5
record_snow,12,comp_median,False,8521c91db62607c2e35d84a911ba5e085f5597f22e98ad0ca1043bde8a10f048,481015.17,0.0,279174.55,516.9899,0.7556,684.25,0.2842,4.2947,0.8737,20,0,95,83,0.8224,0.6136
record_snow,13,comp_median,False,d0bdf6cad58756d64b938e1a76ca6c207a12c928301b23dd8111258385029ca9,482278.9,0.0,277004.44,512.9712,0.7537,680.6,0.35,4.07,0.68,20,0,100,68,0.8224,0.5758
record_snow,14,comp_median,False,533f054af190e5da6bc62383153a83d35af6b4afccc4eead7008c1708766589c,483294.78,0.0,272211.87,504.0961,0.7352,685.67,0.268,4.0928,0.7629,25,0,97,74,0.8162,0.5152
record_snow,15,comp_median,False,d3d1c24a5465b1819f55568637a5382849b30afe01979b2655da305d3cd59404,467886.49,0.0,255736.6,473.5863,0.6907,685.62,0.2841,4.2386,1.1477,27,0,88,101,0.785,0.4015
record_snow,16,comp_median,False,5341ab6235eee5bea3b4741b80941604a1d313a52715f027fc7acb5818d84e71,480570.32,0.0,268441.28,497.1135,0.7315,679.6,0.26,3.95,0.95,27,0,100,95,0.7695,0.5758
record_snow,17,comp_median,False,2916f9557858b2272bc660d2d61476c54c73d17ddb4ce68339b8e7918bb41087,475098.06,0.0,267664.98,495.6759,0.7259,682.82,0.2935,4.2609,1.0652,27,0,92,98,0.7819,0.5455
record_snow,18,comp_median,False,55dc1ff4858c43c53b14e45b1711189bb633bd5327a54976afe1109c185fd885,450148.4,0.0,270133.85,500.2479,0.7315,683.88,0.3229,4.1146,0.7708,23,0,96,74,0.7913,0.4773
record_snow,19,comp_median,False,dbe3b5efb5bd81bfc603105e895613805b6894675287ba9f1b0914e504be039b,490439.95,0.0,263114.01,487.2482,0.7093,686.98,0.3297,4.2088,1.2418,30,0,91,113,0.7788,0.5152
record_snow,20,comp_median,False,4bf47987ba4ff0ea71cbb80c241d0235c4698a975aac2b325d03ea100055b213,467513.82,0.0,264688.24,490.1634,0.7148,685.72,0.2717,4.1957,0.7717,24,0,92,71,0.7975,0.4773
record_snow,21,comp_median,False,b4985fffa9e2618c9fc5668174192d50f2e05d8d458bf9ecd7b5249e876fc751,478325.95,0.0,265324.8,491.3422,0.7204,682.07,0.2826,4.2283,0.7935,19,0,92,73,0.7757,0.5909
record_snow,22,comp_median,False,b815d87dfcc74848b504c939cedc543af6b3c86603fd0eeed36cb9537407829f,481024.71,0.0,262974.87,486.9905,0.7148,681.28,0.3267,3.8218,1.0,26,0,101,101,0.7539,0.5379
record_snow,23,comp_median,False,ef89c3d1552356c22b5a624db4ad53ea30016a0c3e247e11806f425a6911f60f,488181.85,0.0,272057.32,503.8098,0.7389,681.85,0.2828,4.0303,0.8182,27,0,99,81,0.7944,0.5909
record_snow,24,comp_median,False,63bd9331f74dd1d6c4f28972780e79b2930b123f1dd82bc5184633ebdb4e1485,475902.27,0.0,252056.26,466.7709,0.6815,684.94,0.2128,3.9149,0.9894,20,0,94,93,0.7664,0.4848
record_snow,25,comp_median,False,5352522963a049b4bb67893a0677726e7edfe3db20c4108522e70c677d7f320b,471979.25,0.0,259243.39,480.0803,0.7019,684.02,0.3556,4.2111,1.0667,28,0,90,96,0.7819,0.4848
record_snow,26,comp_median,False,ce901a31d3ec423b54dbc270c9d8c4f37a8b8fa9d60665123c48d57cc2ab64ca,464879.31,0.0,255648.78,473.4237,0.6926,683.55,0.2273,4.25,0.875,27,0,88,77,0.7477,0.5
record_snow,27,comp_median,False,1b04eef1b5b2ac16ce7e5407f0db50797b4467c61b6c4374d892451d9f02349a,477307.17,0.0,252662.63,467.8938,0.6852,682.87,0.3034,4.1573,1.1011,19,0,89,98,0.7477,0.5303
record_snow,28,comp_median,False,b181b8f210a17caa1a98cc4b885dedc247cdd573eb550962a627ca9d778e946a,467958.27,0.0,262183.14,485.5243,0.7093,684.55,0.2472,4.3034,0.8652,21,0,89,77,0.7788,0.5076
record_snow,29,comp_median,False,1d9610ff9998e0237633fcdc773904392df32366990a20584d3e4678f1689c9b,485852.63,0.0,264294.46,489.4342,0.7148,684.7,0.2188,4.0208,0.7604,32,0,96,73,0.7788,0.4697
record_snow,30,comp_median,False,e4d05ccc56c36be519e58e86c745167de4c152d44acbd244b639dd8b7751307c,472441.62,0.0,265464.96,491.6018,0.7204,682.43,0.268,4.0103,0.8969,26,0,97,87,0.7882,0.553
record_snow,1,engine,False,cfb98f1fd95055a28cf906dcf823ba2cb9f628bb0f6e1151e1192ba69873306e,477368.76,0.0,244445.0,452.6759,0.6519,694.45,0.3133,4.241,0.9398,16,1433,83,78,0.6449,0.553
record_snow,2,engine,False,26f85722fc298c8f00403e9a8010c48d5f9c71fd9835a055a452deff73985219,475393.37,0.0,225150.0,416.9444,0.5944,701.4,0.375,4.0125,1.0,14,1877,80,80,0.5763,0.5379
record_snow,3,engine,False,c952010142a18158b83a9746579053f90458b1b06bb45d2f42a6ded4401beff7,470727.55,0.0,242880.0,449.7778,0.6389,704.0,0.325,4.3125,0.9,11,1615,80,72,0.6262,0.6212
record_snow,4,engine,False,3f3e1e7d28ec323fcfc73fb10f4555567dd378abc01ec3b88b6ead39599a4c15,463873.2,0.0,253320.0,469.1111,0.6685,701.72,0.4048,4.2976,0.7381,21,1954,84,62,0.6417,0.5909
record_snow,5,engine,False,78d536b18195a75225bd79c157e375c3a06b613eb2022c8adbd4a3f85f9c64b2,486341.57,0.0,272740.0,505.0741,0.7093,712.11,0.4146,4.6707,0.7195,25,1835,82,59,0.6978,0.6515
record_snow,6,engine,False,370131784dda0c63fab3b44158b70168ed9ce1f5927835dab5c95d9e4603d602,484517.24,0.0,257305.0,476.4907,0.6648,716.73,0.3571,4.2738,0.6905,20,2356,84,58,0.676,0.5152
record_snow,7,engine,False,0433a71bd9b246077512a8d458905816d7844aa7c666c2926b832c7e7cf7d631,476714.68,0.0,244370.0,452.537,0.6574,688.37,0.4177,4.4937,0.8861,21,1857,79,70,0.6012,0.6742
record_snow,8,engine,False,acc3cda2ae4ebd8c898b31a1a2e411ab402798c62e20a0932176e3bd871d834a,470286.18,0.0,257055.0,476.0278,0.663,718.03,0.3556,3.9778,0.7778,20,1833,90,70,0.6822,0.5379
record_snow,9,engine,False,2f551e31316b5a4f9806065fccac60c0362a4518da0588aea4bc29fdb76db78c,476126.71,0.0,233645.0,432.6759,0.613,705.88,0.4177,4.1899,1.0,18,1963,79,79,0.595,0.5303
record_snow,10,engine,False,34218202669cdc664333a4030e74dc0613e293178e2013ef08f1b9a89f718954,476191.02,0.0,235965.0,436.9722,0.6278,696.06,0.4217,4.0843,1.1928,19,2140,83,99,0.5639,0.7045
record_snow,11,engine,False,54fa2443cbcdd7f2dab2fea5e5d14e53cb6650d227065b3bac28481cce1c22d5,480257.3,0.0,255935.0,473.9537,0.6593,718.92,0.3049,4.3415,0.878,17,1781,82,72,0.6791,0.5
record_snow,12,engine,False,89270012910269e375139e833d4b3e24a81e84c9fbb81d9203aa3e92822f94e2,481015.17,0.0,259530.0,480.6111,0.6759,711.04,0.4,4.0556,0.9111,20,1808,90,82,0.676,0.6364
record_snow,13,engine,False,3865066429e9c7d81c781d1c1c57fa2c1bb26ca886a252f2521aebf5fe953eda,482278.9,0.0,260055.0,481.5833,0.6815,706.67,0.3902,4.4878,0.7561,18,1820,82,62,0.6698,0.5909
record_snow,14,engine,False,4d8933400f594e94a6e385f5576f41466895ec97c425df3a36b2a6558194b4f9,483294.78,0.0,264780.0,490.3333,0.6889,711.77,0.4176,4.0879,0.6813,25,1655,91,62,0.6978,0.553
record_snow,15,engine,False,522bfc10ec53b1bf7a8418378573faf63ed1ac4350c88aff3f8c67d1c4a07d20,467886.49,0.0,273835.0,507.1019,0.6907,734.14,0.3125,4.6625,0.8875,13,1692,80,71,0.7508,0.5
record_snow,16,engine,False,aaa425717a584d1b12566ad234db5859b762305bdc5bd59332f1ade83026dec0,480570.32,0.0,247770.0,458.8333,0.6389,718.17,0.3765,4.0588,0.8235,17,1496,85,70,0.6168,0.5985
record_snow,17,engine,False,845226d00da4266c3fe3724d6410aacf8a8b24cabbe153f7398d93d8d1fa028b,475098.06,0.0,250380.0,463.6667,0.6574,705.3,0.3333,4.5513,1.0385,22,1485,78,81,0.6449,0.5909
record_snow,18,engine,False,3fc7e8465c1d7f52ed910967b1e19945d783631be63a15fb0aac4cdbaa7925d0,450148.4,0.0,240440.0,445.2593,0.6333,703.04,0.321,4.2222,0.8025,13,2345,81,65,0.6386,0.4394
record_snow,19,engine,False,c0376c98ebc7b8402b315c8bb4938d846d77447d8a6fb7d440a2228b61694ff1,490439.95,0.0,253560.0,469.5556,0.6593,712.25,0.3614,4.2892,0.9759,29,2326,83,81,0.6636,0.553
record_snow,20,engine,False,89940f26f04963c4412d0e31ed86f6544e3a61837f1c1c0fe228579547452f15,467513.82,0.0,237300.0,439.4444,0.6259,702.07,0.4,4.225,0.7625,19,2060,80,61,0.6137,0.5758
record_snow,21,engine,False,37aba5c04078a41b70fb6d36f51ebfe3184bd58828e3fc71c600eb25ee163481,478325.95,0.0,259140.0,479.8889,0.6722,713.88,0.3671,4.5949,0.9114,23,2150,79,72,0.6885,0.553
record_snow,22,engine,False,2200c3a64e67e0032361985f47a5dfb4f5fb0ffe5fa98580436add02193a8960,481024.71,0.0,248090.0,459.4259,0.6648,691.06,0.3933,4.0337,0.8539,21,1678,89,76,0.6449,0.5909
record_snow,23,engine,False,43de218776f8925a7cd12b352a3c582c45c54fdaa4c068111e4a9d557c2d55b4,488181.85,0.0,256000.0,474.0741,0.6741,703.3,0.4091,4.1364,0.8636,22,2056,88,76,0.6386,0.6439
record_snow,24,engine,False,fbdba65ae4fbf2d391ccedbb79c4069c025c7ef75097f91f469b3f6469720677,475902.27,0.0,212500.0,393.5185,0.5685,692.18,0.3117,3.987,1.0779,17,2066,77,83,0.5452,0.5152
record_snow,25,engine,False,545f527e8a3bb240a2d920340aa3cc39e1114a45565f904f44ab8f559ff055f8,471979.25,0.0,244920.0,453.5556,0.6463,701.78,0.3827,4.3086,0.8519,22,2080,81,69,0.6386,0.5758
record_snow,26,engine,False,8c5842b175bf1834877a2bb11940b63d2bbb5cfb2a8e7a308490ffa2c30cbb15,464879.31,0.0,247345.0,458.0463,0.6407,714.87,0.3291,4.3797,0.8481,20,2238,79,67,0.6698,0.5076
record_snow,27,engine,False,ecd52d496f7c669e237d23e7a63ff5fa641593e5441e620abc33f7d7459ec329,477307.17,0.0,237795.0,440.3611,0.6222,707.72,0.3291,4.2532,0.9114,16,1828,79,72,0.6044,0.5606
record_snow,28,engine,False,dd42280c60ee4de99edba40a567eb34e913f021233076dbd8fb37692beb3ad6a,467958.27,0.0,265900.0,492.4074,0.6944,709.07,0.3647,4.4118,0.8,17,1551,85,68,0.6822,0.6136
record_snow,29,engine,False,15bfd59b5614c65d611a4fb3e2a6c7df868adfac06fc3220515559b011b42e18,485852.63,0.0,224005.0,414.8241,0.5926,700.02,0.3896,4.1558,1.1558,19,2074,77,89,0.5639,0.4773
record_snow,30,engine,False,3ec683521d99f8785c5fe4aa8f28c9f30a6c0bc1c9a24759168490e9c4a0a507,472441.62,0.0,225360.0,417.3333,0.6019,693.42,0.3896,4.2208,1.0909,16,2127,77,84,0.5545,0.5985
record_snow,1,flat,False,8dfbed7b5cf1ac03349819223e7ec4df3833ab85595d6cea76bd549f870d6507,477368.76,0.0,274300.0,507.963,0.6185,821.26,0.2911,4.2278,0.8987,14,0,79,71,0.6417,0.4318
record_snow,2,flat,False,275155d5681853113be9a6345748f06f76a8c734086e329706648495ec0bd3c9,475393.37,0.0,246150.0,455.8333,0.5537,823.24,0.3382,4.3971,1.0588,7,0,68,72,0.5794,0.4015
record_snow,3,flat,False,1742647b8df346a6cfd1352371212d6a9fb7005b795eac07481ce78ad825a47d,470727.55,0.0,269350.0,498.7963,0.6037,826.23,0.3333,4.5278,0.9861,14,0,72,71,0.6324,0.5076
record_snow,4,flat,False,7be2246b11d8fef430e2b15433f8d417bb79273ce6d59807432000b47fd19718,463873.2,0.0,284800.0,527.4074,0.6426,820.75,0.3462,4.4487,0.8718,15,0,78,68,0.6573,0.4924
record_snow,5,flat,False,dae5ac5548d5de1ac96e3d5ec7ba785762bdbf8536ccb4e513714ae0411f8c9f,486341.57,0.0,296800.0,549.6296,0.6648,826.74,0.3733,4.7867,0.92,18,0,75,69,0.7009,0.5455
record_snow,6,flat,False,4561c7ef7a47f8af4d57ff5f2daae80814d789ecfd20f9df7d10699432c14f16,484517.24,0.0,290750.0,538.4259,0.6556,821.33,0.3377,4.5974,0.6753,18,0,77,52,0.676,0.4848
record_snow,7,flat,False,7597f4d16aa845cd5261d37a862fbaa8385191abd04c740c81aba0f25374e3d8,476714.68,0.0,270300.0,500.5556,0.6111,819.09,0.3571,4.7143,0.8857,17,0,70,62,0.6044,0.553
record_snow,8,flat,False,8174e910465156c7e56891bbe13d932dda3c4f044a2349b60cdfcce0e81c60bc,470286.18,0.0,276350.0,511.7593,0.6185,827.4,0.2763,4.3947,0.8421,17,0,76,64,0.6636,0.4545
record_snow,9,flat,False,93a84e0effca94966e912e8d46a26cf34d211174e6d4788805bb0beab77ce847,476126.71,0.0,266650.0,493.7963,0.6037,817.94,0.3896,4.2338,0.8831,16,0,77,68,0.595,0.5303
record_snow,10,flat,False,114198334587847d7f6c97c8caee31294179320d64f03f28d962bc45a8cffb53,476191.02,0.0,262250.0,485.6481,0.5963,814.44,0.3846,4.1282,1.1154,15,0,78,87,0.5763,0.5076
record_snow,11,flat,False,83ecf66efd82c3cc576cab6d89207a2b962d61fb8e3b08317b47cb3b32e6b07b,480257.3,0.0,293100.0,542.7778,0.6593,823.31,0.2949,4.5641,0.7821,15,0,78,61,0.6916,0.4697
record_snow,12,flat,False,ebed38cdb021e27577fe4311c5b2320769cac60181cb44e7e899febdf8b60d8a,481015.17,0.0,280050.0,518.6111,0.6259,828.55,0.3247,4.3896,0.9091,11,0,77,70,0.6698,0.5
record_snow,13,flat,False,5eda2119b20318d431b3959e486b5bc0007dab935e509ad453ec995e14a8301d,482278.9,0.0,283950.0,525.8333,0.637,825.44,0.3425,4.7123,0.7397,16,0,73,54,0.6698,0.5
record_snow,14,flat,False,24142a00f2693194c5a39d7d260a0cb3ba1f9f0e99fd9799265ca7aeb37e74f1,483294.78,0.0,301700.0,558.7037,0.6815,819.84,0.4048,4.381,0.6548,22,0,84,55,0.6854,0.5682
record_snow,15,flat,False,aa2e21fa343ff57ab86d78dc97d03cb0a985689de1d5afeb66d1108a3c4eda81,467886.49,0.0,303200.0,561.4815,0.6778,828.42,0.2877,5.0137,0.9726,12,0,73,71,0.729,0.5152
record_snow,16,flat,False,7194cd7e7bfa2c0acd607f5c0449b4e54d97a70ad3b0d198ef90e17b57049c82,480570.32,0.0,279550.0,517.6852,0.6352,815.01,0.3765,4.0353,0.8824,20,0,85,75,0.6106,0.5758
record_snow,17,flat,False,1e27446c1850a17c8fd99856142c2280a22bb22c40cc623b314c1ce2234fc480,475098.06,0.0,265050.0,490.8333,0.5963,823.14,0.3478,4.6667,0.9565,14,0,69,66,0.6199,0.4545
record_snow,18,flat,False,23daf8de20eb7699d22c0e1518a51758c5262ec1b8b5e27f60cf22cdfbb6ae0f,450148.4,0.0,266450.0,493.4259,0.6056,814.83,0.274,4.4795,0.7945,12,0,73,58,0.6106,0.3712
record_snow,19,flat,False,adfde95f2719f271f5f4fe0c71f90fe32e1f7828abdc5e61536d39043ca00d7c,490439.95,0.0,289450.0,536.0185,0.6519,822.3,0.3289,4.6316,0.8947,28,0,76,68,0.6636,0.5606
record_snow,20,flat,False,9afc46812ce68fb0bb44c32fdb0d0032c72c7feb0177807e9cf3e15f14582ed8,467513.82,0.0,265400.0,491.4815,0.5981,821.67,0.3699,4.4247,0.7534,19,0,73,55,0.6137,0.4697
record_snow,21,flat,False,70350f81e85b2e08a5f7fab96d5e4263ed9236f6c7340429a63cea3ac8cb70ec,478325.95,0.0,289850.0,536.7593,0.6519,823.44,0.3562,4.8219,0.9452,22,0,73,69,0.676,0.5152
record_snow,22,flat,False,3c4b71e057dcedf4b117d962ffd1e3c990f47bc9ad5c13eb37990f911b3e9da3,481024.71,0.0,273000.0,505.5556,0.6148,822.29,0.3117,4.3117,0.987,15,0,77,76,0.6355,0.4697
record_snow,23,flat,False,29cc536c235820085f304e6f673a5bb1d4a14918d115faf0642c71b72c23cea5,488181.85,0.0,276750.0,512.5,0.6241,821.22,0.35,4.2125,0.8125,16,0,80,65,0.6355,0.5076
record_snow,24,flat,False,890aa6191d91216e3d1a492a31a6a41da617a670d07df5f91a1f754f6db37dc5,475902.27,0.0,239450.0,443.4259,0.5407,820.03,0.3,4.1714,1.1714,12,0,70,82,0.5452,0.447
record_snow,25,flat,False,940fa7f1ebe22b54be9e96b5e5ebc61bb79af136b889ffdbd0e9e8160bff1cd8,471979.25,0.0,263300.0,487.5926,0.5907,825.39,0.3425,4.3699,1.0,20,0,73,73,0.6324,0.3939
record_snow,26,flat,False,919e80639f8099c93183cdc5bfd4f542cb4bd22ce0e20bb3fdb891f637a73f18,464879.31,0.0,281250.0,520.8333,0.6315,824.78,0.3243,4.6081,0.7162,17,0,74,53,0.6667,0.4621
record_snow,27,flat,False,c2a5c086c0b01778e2b73ffeb94aa1b4be36592c21c418e1ce19500bf8655fd3,477307.17,0.0,261200.0,483.7037,0.5889,821.38,0.3,4.5429,1.0143,11,0,70,71,0.5981,0.4924
record_snow,28,flat,False,e98597088928d86fcccd8b436a335c6edc454a1271a626a3e26e2e39515f526f,467958.27,0.0,288550.0,534.3519,0.6481,824.43,0.3117,4.5455,0.8312,18,0,77,64,0.676,0.5152
record_snow,29,flat,False,5a92d7b4d3ab7832848ec4aa32cf3947ee25a39969541dd9e5f596b986f9dc11,485852.63,0.0,243450.0,450.8333,0.5537,814.21,0.3529,4.3971,1.25,17,0,68,85,0.5545,0.3485
record_snow,30,flat,False,9611a1ba028302788f6524b395ee9360808586b57f6a0deca20a550df641c293,472441.62,0.0,239700.0,443.8889,0.5407,820.89,0.3235,4.2941,1.0294,15,0,68,70,0.5545,0.4091
record_snow,1,tool,False,208382957d3c8a4322c7570b52b9eea422ecfdd605599429003712f1285836cb,477368.76,0.0,205551.88,380.6516,0.45,845.89,0.4643,4.3393,0.875,9,0,56,49,0.3551,0.4773
record_snow,2,tool,False,0a6d6c6b737bd54caf8122375bdafe1bdfcd2186f0e694148db9c41518471c55,475393.37,0.0,202146.76,374.3459,0.4259,878.9,0.463,4.2593,0.963,11,0,54,52,0.3925,0.3788
record_snow,3,tool,False,4e4a92cf89ddaa1d7135457c3ddb044218bba21e6a2aa254ccfedf66254b5124,470727.55,0.0,226872.14,420.1336,0.4759,882.77,0.4909,4.6727,1.2,9,0,55,66,0.4486,0.5152
record_snow,4,tool,False,2b2a61e5f5f0af8fb0f01a90f2148426487484ba85eedd2e9379df263c0e7f49,463873.2,0.0,202240.3,374.5191,0.4296,871.73,0.3529,4.549,1.0196,8,0,51,52,0.3645,0.4167
record_snow,5,tool,False,1f9011c5791ec2d1471122d28235a289c92bdd40040b512877c3a66d54a68c94,486341.57,0.0,223034.61,413.0271,0.4704,878.09,0.4576,4.3051,0.9661,15,0,59,57,0.4174,0.4545
record_snow,6,tool,False,4a78934ebf70ddeb457989ceb1ea9838a18f721df18f6be58f7b2bc3f28ed6ff,484517.24,0.0,243413.39,450.7655,0.5019,898.2,0.3051,4.5932,0.5593,12,0,59,33,0.4704,0.4545
record_snow,7,tool,False,7834445c201e5c78abd8af0b819fcb0d781e530bd01dd0f2c05d6d3e80d95ad8,476714.68,0.0,229581.21,425.1504,0.4852,876.26,0.3667,4.3667,0.6833,12,0,60,41,0.4424,0.447
record_snow,8,tool,False,bcfb33175e9b0d74a8ebb611ac47c666eabc000db701551ef014344427aa8502,470286.18,0.0,214179.5,396.6287,0.4463,888.71,0.3585,4.5472,0.8868,12,0,53,47,0.4268,0.3788
record_snow,9,tool,False,6c57bdb0dfeb9af1d167958a55e70dd190523b718258240fe2daceae12ea3c25,476126.71,0.0,217042.02,401.9297,0.4667,861.28,0.4426,4.1311,0.7869,14,0,61,48,0.3738,0.4697
record_snow,10,tool,False,97f9b150ff5e70e714c555aa2cccd4b5504fd45a1933ecae4a450148b5c3e2a6,476191.02,0.0,197483.84,365.7108,0.4204,869.97,0.3889,4.2037,0.963,7,0,54,52,0.3396,0.4167
record_snow,11,tool,False,92cb2f2906fb5f48a4339ef515186e88a548953472308bc1f62507316005f5db,480257.3,0.0,237537.79,439.8848,0.5093,863.77,0.4068,4.661,0.8305,10,0,59,49,0.4486,0.4697
record_snow,12,tool,False,e53386d77038595ec8c903004f02d1bb2ef0fde2ceac4ea35a51c7336cc99348,481015.17,0.0,221365.94,409.9369,0.4704,871.52,0.4821,4.5357,0.9821,6,0,56,55,0.3925,0.4924
record_snow,13,tool,False,0db9bc79cd016202ae1724cbef001c83ddf967e8baf8209d25c71b7151a18e7a,482278.9,0.0,244568.51,452.9046,0.5222,867.26,0.4762,4.4762,0.4921,10,0,63,31,0.4174,0.6136
record_snow,14,tool,False,111e23baa10baf0fa7f2ad53a914bab2e231fd32a901381f175d6c23e8db6e0c,483294.78,0.0,229270.86,424.5757,0.4796,885.22,0.4677,4.1774,0.871,10,0,62,54,0.486,0.3939
record_snow,15,tool,False,f4fb3d931861e34aaaac08b1aa6ea108b4ad9a970604fb640c52ea8414474b3e,467886.49,0.0,226396.91,419.2535,0.4741,884.36,0.3774,4.8302,0.9811,7,0,53,52,0.4081,0.4848
record_snow,16,tool,False,34b602a5c6420e06e03b2735aaaa1aaa9348a7920dd8e4fef466a93f47ec3f60,480570.32,0.0,213208.54,394.8306,0.4593,859.71,0.4561,4.3509,0.8596,8,0,57,49,0.3676,0.5076
record_snow,17,tool,False,41278dcb50c713f74f818fce43d401129bfaa95944c7a2fcb8d60829ba88df92,475098.06,0.0,222658.33,412.3302,0.4667,883.56,0.4444,4.6667,0.8704,13,0,54,47,0.4206,0.4545
record_snow,18,tool,False,498a421d2b802f3c3db36c3bffc9f59e9685c48a42743cd1453b21fddd35e78e,450148.4,0.0,223418.79,413.7385,0.4704,879.6,0.3621,4.3793,0.8793,9,0,58,51,0.4174,0.4091
record_snow,19,tool,False,f0db04cfabe0075d21c67a792130bdf118b5d3f919ec5fb4b0c986ca9e45d911,490439.95,0.0,255558.43,473.2564,0.5333,887.36,0.4921,4.5714,0.7778,9,0,63,49,0.4766,0.553
record_snow,20,tool,False,66e6872273f22844e5e827e2c0de52dc96789fc30ffe561676fa998660fa8efb,467513.82,0.0,228420.81,423.0015,0.4759,888.8,0.4211,4.5088,0.6667,10,0,57,38,0.4455,0.4242
record_snow,21,tool,False,cc6102450be4bae5de8db38ef71d8c79aaaf866bcdaf7e705888be4d332afadb,478325.95,0.0,237292.46,439.4305,0.5074,866.03,0.4667,4.5667,0.8667,15,0,60,52,0.4517,0.4697
record_snow,22,tool,False,f55e9646a9be2fa409bb127e476cefad2fc44b4d1484b7f3ad2f98eaade2dd4a,481024.71,0.0,226612.22,419.6523,0.4704,892.17,0.3962,4.7925,1.0943,12,0,53,58,0.4393,0.3561
record_snow,23,tool,False,cf4f3953c0d3acc68adc00453f865bd3283e930366a39073a545661b7ac03418,488181.85,0.0,238805.53,442.2325,0.5019,881.2,0.3833,4.5167,0.8,7,0,60,48,0.4642,0.447
record_snow,24,tool,False,4b8355d7314be6268c8e4e86faae6a1e79f337a7536ec7a611bfe8cfbd529eab,475902.27,0.0,224902.21,416.4856,0.4722,881.97,0.4464,4.5536,1.1071,6,0,56,62,0.4393,0.4091
record_snow,25,tool,False,e5b7a01fe3ee60c4de48584103f76e637468f4357bf9a43c584d17ffe75f7735,471979.25,0.0,207323.25,383.9319,0.4444,863.85,0.4182,4.3636,0.8182,10,0,55,45,0.3832,0.3939
record_snow,26,tool,False,a2d5aeccf02b848cad11f54e15d1cd86d4a08cd7f3d02ee95b6b071bd5b520a0,464879.31,0.0,228541.06,423.2242,0.4759,889.26,0.3273,4.6727,0.7818,4,0,55,43,0.4268,0.4773
record_snow,27,tool,False,146c98a6861c002dc5cee8ce403ce8a2a1f97f1cc0af59c90182281e1b5d64e9,477307.17,0.0,214786.09,397.752,0.4481,887.55,0.4717,4.566,0.9811,6,0,53,52,0.4081,0.3561
record_snow,28,tool,False,9d3e93360056a559b2b22c2a3822ea1b33e7e03618b52e7727ffa75ca883dd75,467958.27,0.0,243546.79,451.0126,0.513,879.23,0.3934,4.541,0.7705,15,0,61,47,0.4673,0.5
record_snow,29,tool,False,92e45edcdf13770c4071c4009a25146bfa614968d72893a7d0bbe1a817238aa4,485852.63,0.0,204237.95,378.2184,0.4278,884.15,0.3958,4.8125,1.3333,7,0,48,64,0.3863,0.3485
record_snow,30,tool,False,609977ff8e652bd5802decea34774acf0494938f9f10f7541084c17b9b50ab7a,472441.62,0.0,206624.95,382.6388,0.437,875.53,0.4906,4.4528,1.2453,13,0,53,66,0.3925,0.4015
regime_change,1,comp_median,True,bd1cd57e6e1f2cf12cc3524738ffa67bbfc1c1e5dc0869b96cb7daeb74b17db7,454841.15,0.0,244511.62,452.7993,0.6611,684.91,0.3333,4.4074,1.0,24,0,81,81,0.7383,0.4545
regime_change,2,comp_median,True,e56b0ba569872d91d3d5ad6727a44ac75ab3ca7c7ce371cc2b6c722a761495c3,465962.72,0.0,250647.69,464.1624,0.6778,684.83,0.3373,4.4096,0.9639,21,0,83,80,0.7352,0.5606
regime_change,3,comp_median,True,c7b4f7534a9c0fdf936630716673514bece8480ecfd095e4b3b6a067b3af2fca,458410.3,0.0,252352.48,467.3194,0.687,680.2,0.3133,4.4699,0.7108,14,0,83,59,0.7477,0.4773
regime_change,4,comp_median,True,e3bb97c2d5bf3ece2f5604b63707331f1e2fa0b8ee033c34d1dc2c5b9e43f0d1,470172.86,0.0,253471.9,469.3924,0.6944,675.93,0.314,4.3605,1.0698,15,0,86,92,0.7414,0.5758
regime_change,5,comp_median,True,6486df51d007a03f04bdc32f7b638985b5c070a3d1c7a25f5e6eca7b18ba8c10,451005.76,0.0,241036.76,446.3644,0.6574,678.98,0.3034,3.9888,0.9213,24,0,89,82,0.7227,0.4091
regime_change,6,comp_median,True,205891e8e1dbc3c65919cd1e46f917f3a35dec1122e6d4ff67686064a657e400,477041.01,0.0,253546.26,469.5301,0.6889,681.58,0.3837,4.3256,0.907,19,0,86,78,0.7508,0.5758
regime_change,7,comp_median,True,3e0c616fe484f792142ce6a5089156442b69a3d2a97e56c635ff6ec2f62e7c34,440090.13,0.0,240734.68,445.805,0.6537,681.97,0.2907,4.1047,1.1163,16,0,86,96,0.7072,0.5227
regime_change,8,comp_median,True,132f40175f74642f601396bf48d4236df720bc5b13380838d3d5ef7137c923ae,450668.99,0.0,240733.5,445.8028,0.6556,680.04,0.3333,4.069,0.9655,19,0,87,84,0.704,0.4848
regime_change,9,comp_median,True,aef7c7ef4bef5e9a1cd60a68f4349b684ba99e87eb0b271a9ba53eac5aa25d5d,452228.4,0.0,241255.8,446.77,0.6519,685.39,0.25,4.0,0.8864,23,0,88,78,0.7321,0.4242
regime_change,10,comp_median,True,526347aa3611d55b13c27c7592d684c698591a7be632dd961cb3e79d8f0ff91d,470263.52,0.0,267368.24,495.1264,0.7296,678.6,0.25,4.4773,0.8295,19,0,88,73,0.757,0.5985
regime_change,11,comp_median,True,aa4b373ea166df0156bd113d951665eb8dd18df81e72f9e2e9e2a08ed08b4e01,473479.43,0.0,231807.34,429.2729,0.6259,685.82,0.3256,3.9302,0.8256,16,0,86,71,0.6947,0.3939
regime_change,12,comp_median,True,c55e6172b2622a21dd92c48fe0fda8a97265b197b3be2dc061052ef8a4188c1f,462890.09,0.0,234403.42,434.0804,0.637,681.41,0.321,4.2469,1.1481,21,0,81,93,0.7134,0.4318
regime_change,13,comp_median,True,42eceacd789e8759226252d821c050fc39cdcb972930db76d51066a9ce881beb,457361.19,0.0,258883.57,479.414,0.7056,679.48,0.3372,4.4302,0.9535,24,0,86,82,0.7508,0.5379
regime_change,14,comp_median,True,9063b352461f4b0218fdc7eaddf451c87197acbf776570ab8eb3c3d9c705e1e7,467536.92,0.0,243947.4,451.7545,0.6611,683.33,0.2963,4.4074,0.8272,16,0,81,67,0.7165,0.4924
regime_change,15,comp_median,True,fa1d9696d357350607adaa990be221a7562cca766fb967ce8a8a3f171f0baaec,469595.89,0.0,269959.04,499.9242,0.7333,681.71,0.3656,4.2581,0.7742,28,0,93,72,0.7632,0.6439
regime_change,16,comp_median,True,071e16f394bd8b182a1af10240a37950bc4fdd8fffc4c3a68cb52af4fb73e18b,441947.38,0.0,264074.0,489.0259,0.7185,680.6,0.4091,4.4091,0.625,23,0,88,55,0.7695,0.5303
regime_change,17,comp_median,True,9b2897375042800dc744112e9df77850679cc3b8785ace2b9b0a4d37189d09a0,464433.25,0.0,263829.07,488.5724,0.7148,683.5,0.2842,4.0632,0.7368,16,0,95,70,0.7913,0.5379
regime_change,18,comp_median,True,e9c1cca2d07bacbca0068715e8bd048b75898e010c91e937231318a016e48a18,451967.4,0.0,231525.3,428.7506,0.6296,680.96,0.2738,4.0476,0.881,16,0,84,74,0.6822,0.4318
regime_change,19,comp_median,True,6f87402f9a724d0c6fb83062ed719f8a42c33c68a319fedcc7296ab357270302,471848.46,0.0,245120.18,453.9263,0.6648,682.79,0.2644,4.1264,1.0345,19,0,87,90,0.7321,0.447
regime_change,20,comp_median,True,5483261d9ea260fd03bf6f29e48f015dc058e54777d379c3cba1681fdf8c8747,463208.58,0.0,242442.36,448.9673,0.6519,688.76,0.3333,4.046,0.8161,20,0,87,71,0.7414,0.4015
regime_change,21,comp_median,True,87950b7860caede1700fa96ce8987edda03714e6e30cca92929840b64fbc81c0,483482.3,0.0,266845.01,494.1574,0.7185,687.74,0.3295,4.4091,0.8864,14,0,88,78,0.7788,0.5
regime_change,22,comp_median,True,f3c69a068d8844707b251c91e1645c10ccc565ead7305f6338221b304c629e7c,446819.34,0.0,247586.67,458.4938,0.6704,683.94,0.2987,4.7013,1.1818,18,0,77,91,0.7321,0.4773
regime_change,23,comp_median,True,8fff2d367ac1be5f60ecb4dadc0cf1312d18db53d7da09fee5c9a4c445741d9c,451624.45,0.0,257040.68,476.0013,0.6944,685.44,0.3086,4.6296,0.9506,17,0,81,77,0.8069,0.4394
regime_change,24,comp_median,True,f3c6f7f60eb8de363cfb96cd4b329d702e70e80a407cdcb983903d56f22e52e2,455439.7,0.0,251455.95,465.6592,0.6815,683.3,0.3333,4.7179,1.1667,14,0,78,91,0.7695,0.4167
regime_change,25,comp_median,True,46721d226930a0522e3343adfda3cd4d0d604c39779d94131dc397fb1b2ed0f9,469593.29,0.0,253697.36,469.8099,0.687,683.82,0.25,4.6375,0.85,22,0,80,68,0.7477,0.4621
regime_change,26,comp_median,True,c6981155107c9489292f429d0a6ff2c175640b4429e8a4eb16001f9f9f2313a6,457423.77,0.0,247393.46,458.136,0.6759,677.79,0.2824,4.2941,0.8118,17,0,85,69,0.704,0.4773
regime_change,27,comp_median,True,96061ee6fc0f8efb757d68d89c6096fa383459fa5f4e70ad4a915cb416767b6f,454949.01,0.0,249833.48,462.6546,0.6778,682.61,0.3256,4.2558,0.9651,14,0,86,83,0.7165,0.4924
regime_change,28,comp_median,True,6bad0a381bcc071c277c2ac117a0839c79c99708b9f9e44d8fc864a2ba8e5b7f,469412.23,0.0,261324.49,483.9342,0.7111,680.53,0.3298,4.0851,0.7766,19,0,94,73,0.7601,0.6061
regime_change,29,comp_median,True,76da90f27148db13f14adbac5e31c3898e07415e823c0731465fb5951bd27807,464299.87,0.0,258812.24,479.2819,0.7019,682.88,0.3294,4.4588,1.0941,24,0,85,93,0.7445,0.553
regime_change,30,comp_median,True,b09dd9338c2793ac5ebbcdcae0f7db8a55ab3838ec880a56ff381d07709fe118,446200.22,0.0,242007.25,448.1616,0.6519,687.52,0.3407,3.8681,0.978,27,0,91,89,0.729,0.4394
regime_change,1,engine,True,794c6d463eb7567a2a4ac6209fd13e85e725af808e18d676a9a7132dee32ede2,454841.15,0.0,227975.0,422.1759,0.6056,697.17,0.3333,4.7391,0.913,15,1967,69,63,0.6044,0.4621
regime_change,2,engine,True,d1acc6f2b4fc9a4a425db03c0c79bc50ee7eff845a74365d867a6cc2c252d56d,465962.72,0.0,232850.0,431.2037,0.6037,714.26,0.4167,4.5278,0.9028,20,1989,72,65,0.6137,0.5606
regime_change,3,engine,True,c806966b9ecfe2e2addac9e41c52a0f71bd7e062b96bc0ffb2f5431bf4bb4d37,458410.3,0.0,240205.0,444.8241,0.6241,712.77,0.3973,4.6164,0.8082,11,2103,73,59,0.6417,0.5227
regime_change,4,engine,True,8ce8dd64d3eaa4e2b48f40700eebeabefccec5051f0999c60bfafa0e92587298,470172.86,0.0,231270.0,428.2778,0.6019,711.6,0.3896,4.2208,1.0,19,2010,77,77,0.595,0.5909
regime_change,5,engine,True,e231e7b03ef1accf329aff52d382c434bc99b87b2fe4b1746ec064760fcadcbb,451005.76,0.0,206425.0,382.2685,0.5556,688.08,0.4429,4.2857,0.8714,12,2429,70,61,0.5421,0.4318
regime_change,6,engine,True,58bab4e4c0e1c071d6ef40ae625e138ea17003e7707f5165ecb621a793a50ac9,477041.01,0.0,222845.0,412.6759,0.5907,698.57,0.4189,4.3108,0.9595,16,1668,74,71,0.5421,0.6136
regime_change,7,engine,True,3be6e9ea4c884eb772bdb89b76aa96b367879c55420e6ef3b99643fe68a799ce,440090.13,0.0,212900.0,394.2593,0.563,700.33,0.4444,4.2222,0.9722,15,1633,72,70,0.5358,0.553
regime_change,8,engine,True,56930ae17666b94da4461cd96be19879e8bba90419782ece3c95e49214a2ab49,450668.99,0.0,219670.0,406.7963,0.5889,690.79,0.4583,4.4167,0.9583,13,2376,72,69,0.5701,0.553
regime_change,9,engine,True,1883a588a371ee2beaf022b8a81663a50c278f56c1eecf6a2a825493d362ec6e,452228.4,0.0,234190.0,433.6852,0.5944,729.56,0.2703,4.3378,0.9054,12,2048,74,67,0.6262,0.4167
regime_change,10,engine,True,d509469f05fcfe3bd3affd59bd093532de5fcf552bcd42a8fc2562ff274c6865,470263.52,0.0,241300.0,446.8519,0.6389,699.42,0.3158,4.5395,0.7237,17,2138,76,55,0.6137,0.5985
regime_change,11,engine,True,e61dc78f64e62f7280b42af851730bdb0b47d793131ead2d91ab7542d91ec3cb,473479.43,0.0,212685.0,393.8611,0.5722,688.3,0.4,4.12,0.84,20,2243,75,63,0.5358,0.5303
regime_change,12,engine,True,b8693c893985b852eb72716eec2d6168fdfd00148630c53a79f5166623b10ecf,462890.09,0.0,242985.0,449.9722,0.6185,727.5,0.3974,4.2821,0.6667,21,2099,78,52,0.6511,0.4773
regime_change,13,engine,True,5d4e4c47984e46429f1a08e21c6c838721e8f705a9a89fd351c5613cb1501ce4,457361.19,0.0,233875.0,433.1019,0.6093,710.87,0.3418,4.1646,0.8354,17,1747,79,66,0.5857,0.5303
regime_change,14,engine,True,d608361bb62f4634fc00dfef8d79662bd445d43b30ea2e513c5a979cd404ebaa,467536.92,0.0,246815.0,457.0648,0.6389,715.41,0.3377,4.4805,0.6753,13,1793,77,52,0.6417,0.553
regime_change,15,engine,True,d60d078482fff4d418597853e6c897dc3111033a9745f767fe29732be95f6a5f,469595.89,0.0,235550.0,436.2037,0.6333,688.74,0.3625,4.275,0.85,22,1991,80,68,0.5701,0.6591
regime_change,16,engine,True,3860da0c6ef62d938d9de4c4d25297ce8fad19c0efbaa692f42960c8c2716e5a,441947.38,0.0,221515.0,410.213,0.5907,694.4,0.5139,4.4306,0.7778,10,2167,72,56,0.5483,0.553
regime_change,17,engine,True,8d4516f7229f5e7062415e39f79799a03000da7bbafe5b82d8eaf73f1aa53d85,464433.25,0.0,257810.0,477.4259,0.6611,722.16,0.325,4.4625,0.725,13,1565,80,58,0.6636,0.5833
regime_change,18,engine,True,1c367ed5194fb2cef66e5e38e91cbe31af9e9f8e78d6a1f2de908396f1299fb1,451967.4,0.0,220265.0,407.8981,0.5926,688.33,0.4,4.0,0.9375,20,1631,80,75,0.5701,0.5682
regime_change,19,engine,True,ab88ed37f5faca40f28177dfa7b9e58f2c2745baf9b6261e0ccb4d8cf4e832d4,471848.46,0.0,256290.0,474.6111,0.6519,728.1,0.3875,4.4,0.7875,15,1876,80,63,0.6854,0.5152
regime_change,20,engine,True,62beaed7c3776b2ee838fd2f46cbcf61d5ce816f3f9e492bf17b9ef1c5d18e76,463208.58,0.0,215950.0,399.9074,0.5778,692.15,0.4189,4.2162,1.0135,22,1922,74,75,0.567,0.5
regime_change,21,engine,True,7b0f7e0ef156a41edb377656372de8138cb8f547a8689b42bd2352f00a05aa92,483482.3,0.0,225460.0,417.5185,0.6093,685.29,0.3611,4.5694,0.8056,8,1646,72,58,0.5576,0.5758
regime_change,22,engine,True,1704f0e55072b517f7f8c10216b08cb8656efa3f6891957c0bb033ed6d7a042e,446819.34,0.0,219550.0,406.5741,0.5778,703.69,0.3768,4.5217,1.1304,10,2063,69,78,0.567,0.5
regime_change,23,engine,True,fc985cdf7333199fd0823a7c3bb21ae5de9e385182cd88922e6eea74e3df2416,451624.45,0.0,245735.0,455.0648,0.6315,720.63,0.3896,4.4286,0.6883,21,2106,77,53,0.6604,0.4773
regime_change,24,engine,True,818bacdcf0f21b7306c62fd08f033dde2f3b98be0d555ed826607c593266211b,455439.7,0.0,216470.0,400.8704,0.563,712.07,0.4118,4.4706,1.3676,10,1937,68,93,0.5794,0.4697
regime_change,25,engine,True,9a1cd6e2b3a48e8bdc684137f55ad1629a1aaca4aef6d2a09cb3189d09461752,469593.29,0.0,230780.0,427.3704,0.6037,707.91,0.4324,4.4054,0.7162,10,1960,74,53,0.5981,0.4697
regime_change,26,engine,True,931f9f8033fa275afd264d95dafdd76b4b68797ee6a052e7ff8d78d2faedfe28,457423.77,0.0,219300.0,406.1111,0.5815,698.41,0.3514,4.2432,0.8243,11,2202,74,61,0.5857,0.3788
regime_change,27,engine,True,7474f22535f077eedde80dede24eba4358db5e76bc3d1ffa9e9d9961c7ef2edc,454949.01,0.0,213790.0,395.9074,0.5741,689.65,0.3571,4.4286,1.0429,10,1917,70,73,0.5389,0.4924
regime_change,28,engine,True,1b2dc14f9126e9fc83faffb7e820b49d8a13e748a05ce83356a5122522adc859,469412.23,0.0,236550.0,438.0556,0.6389,685.65,0.4578,4.1566,0.7108,15,1792,83,59,0.5763,0.6591
regime_change,29,engine,True,6118a2330b070ef7778d800ee30eaaf9870bb4f9da59095e4834dd8a98d2c88b,464299.87,0.0,199365.0,369.1944,0.5352,689.84,0.4545,4.3788,1.3182,13,1726,66,87,0.4798,0.553
regime_change,30,engine,True,3766478222e67045dce3aa9215cd741482fc116b06b5a5f9f9d66f182cb40bc2,446200.22,0.0,201705.0,373.5278,0.5426,688.41,0.3889,4.0694,1.1389,15,2028,72,82,0.5296,0.4697
regime_change,1,flat,True,8509612d1c40f69587ec011fc32daab67f833467a40c4f0112c7caa8ad2781fe,454841.15,0.0,251850.0,466.3889,0.563,828.45,0.3443,4.9836,0.8689,14,0,61,53,0.6137,0.3788
regime_change,2,flat,True,f73bd2185a4ac2f5c3c39849520d9f4a72dec9429081bdbc099ac3ce47010210,465962.72,0.0,262350.0,485.8333,0.5889,825.0,0.4265,4.6765,0.9265,14,0,68,63,0.6137,0.4848
regime_change,3,flat,True,18b4e1f12748a9a359ba7ab547f781ca3070f0ca33a0b6e3fecaae7f78e1076b,458410.3,0.0,279050.0,516.7593,0.6296,820.74,0.3714,4.8571,0.8143,10,0,70,57,0.6386,0.5152
regime_change,4,flat,True,2fb3711c20b543d3381270045c1609a73eb2c5ffb0e9234f42b3e3af444cdc93,470172.86,0.0,262400.0,485.9259,0.5907,822.57,0.3803,4.493,1.0,14,0,71,71,0.595,0.553
regime_change,5,flat,True,f5d4f423a80286553644a6a408e509f34da4cf13e923c3dc8de8e4e2af0ff9d4,451005.76,0.0,234500.0,434.2593,0.5315,817.07,0.4,4.4154,0.8769,13,0,65,57,0.5389,0.3561
regime_change,6,flat,True,f377f62b951465e67f926dd3480658a85da6363f2db99c77fab9d1f408be4e28,477041.01,0.0,234000.0,433.3333,0.5278,821.05,0.4154,4.3846,1.0615,10,0,65,69,0.5327,0.4545
regime_change,7,flat,True,f1433bcd5b89998480a88e48cd12bc300b9b9c57dd2a840845fcc2a52a2d004b,440090.13,0.0,238850.0,442.3148,0.5407,817.98,0.3846,4.4923,0.8769,11,0,65,57,0.5389,0.4394
regime_change,8,flat,True,318a3ae2b184a3387d530d1164e9d0143e3f2f3d7080b295f5d5d7bb002c5535,450668.99,0.0,243600.0,451.1111,0.5481,822.97,0.3846,4.5538,0.9385,13,0,65,61,0.567,0.4318
regime_change,9,flat,True,6edd5077be8c779ff993105fa2eb5e8b097d7d4ff5ef8efb22a9cae982c10ad4,452228.4,0.0,248000.0,459.2593,0.5537,829.43,0.2388,4.4627,0.8955,14,0,67,60,0.6075,0.3712
regime_change,10,flat,True,592799ef83d378021cfe19580b6f87b093dea8ac048a6861f5f494de0fc471e6,470263.52,0.0,275250.0,509.7222,0.6241,816.77,0.3288,4.6164,0.6849,15,0,73,50,0.6168,0.5076
regime_change,11,flat,True,9ef9a224b231e8faa4f01028cd2e96ce5711e934a4625fc28d28bd53827afd56,473479.43,0.0,233500.0,432.4074,0.5296,816.43,0.3768,4.1449,0.8116,14,0,69,56,0.5296,0.3864
regime_change,12,flat,True,ff6f8280a15de1bd540d96a679fae0b6d374b9879d258ec36bdc17ca04f62898,462890.09,0.0,267150.0,494.7222,0.5981,827.09,0.4167,4.4861,0.7083,17,0,72,51,0.6417,0.4318
regime_change,13,flat,True,fbf1a76090ca42cfd5a3ab02129670f57b598329941a02bfe53dcd1767b7ad41,457361.19,0.0,254900.0,472.037,0.5759,819.61,0.3194,4.3194,0.8333,13,0,72,60,0.5888,0.4167
regime_change,14,flat,True,679538ad8ea215bc25f0c85758deb9a09e94dce0cdb8ad0e8cc0ca0440381a37,467536.92,0.0,268000.0,496.2963,0.6,827.16,0.2899,4.6957,0.6522,12,0,69,45,0.6417,0.447
regime_change,15,flat,True,68025a1bca52b0393e984c1b28f2dc53d3138ecb3e010410d549db950afa5b4b,469595.89,0.0,270650.0,501.2037,0.6167,812.76,0.3611,4.625,0.9444,15,0,72,68,0.5794,0.5833
regime_change,16,flat,True,e8783a9851e5b10b4ffea16506124a184ca894946ec5e7eb8c59ef80f98d12bc,441947.38,0.0,248800.0,460.7407,0.5667,813.07,0.5079,4.8571,0.8095,9,0,63,51,0.5483,0.447
regime_change,17,flat,True,486d96029c19838ab93b6e4b8fd253f3ea26be558f1f115e54c8ef35fce96c60,464433.25,0.0,274350.0,508.0556,0.6111,831.36,0.2817,4.6479,0.8169,10,0,71,58,0.6698,0.4621
regime_change,18,flat,True,0a5215be70f0bfabb3086b3dc1e66f15f7315d0977064d557dcfac420847ba85,451967.4,0.0,246450.0,456.3889,0.5574,818.77,0.3425,4.1233,0.7671,15,0,73,56,0.5607,0.4394
regime_change,19,flat,True,a55866cef73aea331f89c6db71d6dec297f893996cba0905ea3e80cca1cf6b7c,471848.46,0.0,275700.0,510.5556,0.6148,830.42,0.3649,4.4865,0.7838,13,0,74,58,0.6854,0.3712
regime_change,20,flat,True,9fc24baf95ca70572a9fd19c575ad9638e417e684e4d09b0c2d2c093a0842203,463208.58,0.0,245450.0,454.537,0.5519,823.66,0.3636,4.5152,1.0606,16,0,66,70,0.5826,0.3788
regime_change,21,flat,True,013ce20dbe1872e5428a14f8af7a394afe18277e27d2331b00628570e881eb55,483482.3,0.0,240850.0,446.0185,0.5463,816.44,0.2881,5.0,0.9322,6,0,59,55,0.5483,0.3864
regime_change,22,flat,True,71df62b363878d3e1e715f94d293be704a0959c0a135c13c8c0ca69e27dee6e0,446819.34,0.0,248600.0,460.3704,0.5648,815.08,0.3846,4.6923,1.0462,9,0,65,68,0.5514,0.4621
regime_change,23,flat,True,fbb7612ad233716b88b9b9860accfe4efa5f5eaedef61a314fbd99becf643c38,451624.45,0.0,268850.0,497.8704,0.5981,832.35,0.3824,4.75,0.6029,16,0,68,41,0.6667,0.4091
regime_change,24,flat,True,259fd7fede35cd98875f8a2f0a0cb3995932a1f3adf3be5c45dc4c8eb4b7836b,455439.7,0.0,247000.0,457.4074,0.5556,823.33,0.371,4.8387,1.2097,11,0,62,75,0.5732,0.4545
regime_change,25,flat,True,5dbe1abf5c3105bd128567c44eda6df767d635c81d34f951b5622c3fb1519977,469593.29,0.0,256000.0,474.0741,0.5778,820.51,0.4062,4.875,0.75,14,0,64,48,0.5981,0.3939
regime_change,26,flat,True,3e4306d8c7e13c815760ef98fd216272221a80b680cc2db2fe740b64c923d432,457423.77,0.0,251900.0,466.4815,0.5722,815.21,0.3043,4.4783,0.6957,10,0,69,48,0.5763,0.3636
regime_change,27,flat,True,ae4989b6abb2fe476c85025b6238813a2850de0f1095dee251780eb1351705a5,454949.01,0.0,240650.0,445.6481,0.5463,815.76,0.3385,4.5385,0.9077,9,0,65,59,0.5545,0.3333
regime_change,28,flat,True,9ce6babf3a5bc58505439629cfc1c09959103c3efd14ca7f75cdc4650f6f5962,469412.23,0.0,253200.0,468.8889,0.5704,822.08,0.3768,4.4638,0.8986,14,0,69,62,0.5857,0.4545
regime_change,29,flat,True,796322047a12808fbad30122c1550fc18a85287dc616bed459008a092e045cc8,464299.87,0.0,235300.0,435.7407,0.5407,805.82,0.4531,4.5625,1.0938,11,0,64,70,0.4798,0.5303
regime_change,30,flat,True,4271a90e9ddde8274387bedfcf5fdcee8d1ab79d8783aa7d95d75fa272a5a5a3,446200.22,0.0,239550.0,443.6111,0.5407,820.38,0.3731,4.3582,1.0448,15,0,67,70,0.5514,0.4167
regime_change,1,tool,True,d30fbae9c51f03419c710221959bfe20de71a88cef05be66bba188b48b3d87b4,454841.15,0.0,190263.65,352.3401,0.4,880.85,0.3913,4.6957,0.9783,12,0,46,45,0.3988,0.3485
regime_change,2,tool,True,84a100b23ca2ad3f6192c89f6736dfe33ceed37cb0fc3c8b814f25c00990fcd6,465962.72,0.0,203517.88,376.885,0.4407,855.12,0.6038,4.4906,1.0,8,0,53,53,0.3271,0.5833
regime_change,3,tool,True,ecc5c2a8a4cd4dc8c77783c9277003aa43365e54bc1584df902c9dd4962c4546,458410.3,0.0,216600.64,401.1123,0.4574,876.93,0.4717,4.6604,0.8491,7,0,53,45,0.4081,0.4167
regime_change,4,tool,True,b83bd517756fddb1c2a83872028308332c0b759e0266f956c737698953202c4d,470172.86,0.0,217429.78,402.6477,0.4574,880.28,0.451,4.8431,0.6863,5,0,51,35,0.4112,0.4621
regime_change,5,tool,True,02d4023165f63736c6cc2bafca19240e9d9c4c253583f113fa4feef0d2d11799,451005.76,0.0,187282.59,346.8196,0.4037,859.09,0.4348,4.7391,0.6522,11,0,46,30,0.3738,0.303
regime_change,6,tool,True,ef92e45c244e06b6cc911258fbfe288e6946756a0f3a5076aeb32631439a9965,477041.01,0.0,202958.98,375.85,0.437,860.0,0.5,4.5385,1.0192,3,0,52,53,0.3676,0.4848
regime_change,7,tool,True,4d5f7636e7a6e2dd850fa71ce1ee0a8aa946b1f091bb4283101a1dea3c5804d9,440090.13,0.0,195446.18,361.9374,0.4204,861.0,0.449,4.6327,0.8776,12,0,49,43,0.3645,0.4697
regime_change,8,tool,True,3cc55b0f81edabbf481e8e7b4185aed70356f8d444451032148d6c6403762fc7,450668.99,0.0,180597.09,334.4391,0.3889,859.99,0.4043,4.4681,0.8298,6,0,47,39,0.3551,0.3561
regime_change,9,tool,True,bf091c899287788df333ab1d36336eb79012b0b22b7a13ad8f27d52d29487009,452228.4,0.0,188516.18,349.104,0.4037,864.75,0.434,4.1132,0.7736,9,0,53,41,0.3489,0.3712
regime_change,10,tool,True,d1d41fcc82db42176cd89234d6714f3463dc07cdb09bb4c501ffadbe54937f0f,470263.52,0.0,227808.69,421.8679,0.4815,876.19,0.4,4.7273,0.5273,8,0,55,29,0.3863,0.5303
regime_change,11,tool,True,e5ba5987111cd9bd636094e422114206baae11f7673a9feef70def4e3d466a36,473479.43,0.0,200637.03,371.5501,0.4222,879.99,0.5,4.3846,0.8269,5,0,52,43,0.4237,0.3409
regime_change,12,tool,True,27f761f57456b81025dddb09d7ca9d4bd161bdaf8255f625c5469b3ac0a32d55,462890.09,0.0,208638.33,386.3673,0.4407,876.63,0.4906,4.4906,0.8491,10,0,53,45,0.4237,0.4015
regime_change,13,tool,True,f1e10271cb2216394b770fff1f4dbe8c0f5c9af394d6ab34633c6a752631c615,457361.19,0.0,195404.83,361.8608,0.4148,872.34,0.4906,4.2264,0.6604,8,0,53,35,0.352,0.4091
regime_change,14,tool,True,ae1c8dbfc15b5df47c974a025c6590cfe61938fbe3db7518e35b5b5549376c4f,467536.92,0.0,187216.55,346.6973,0.3981,870.77,0.3182,4.8864,0.7955,3,0,44,35,0.3489,0.3864
regime_change,15,tool,True,53faaa478373230df9b6c78f936dbf1620f08d0db485c65c41756b29be09a571,469595.89,0.0,212570.67,393.6494,0.4426,889.42,0.3818,4.3455,0.7636,9,0,55,42,0.4019,0.4167
regime_change,16,tool,True,bcdc3ab6df44d26a6c5551df8d127711f6405e34bb1656d6f48f7cb3edac77d1,441947.38,0.0,188918.3,349.8487,0.4074,858.72,0.5217,4.7826,0.6739,4,0,46,31,0.3146,0.447
regime_change,17,tool,True,0fbdbf2e9f551a77172d2339ae085e7a6301d8e7fa7f8dfaf35e808bf46ac97f,464433.25,0.0,216617.61,401.1437,0.4519,887.78,0.3585,4.6038,0.7547,10,0,53,40,0.433,0.4242
regime_change,18,tool,True,0cfbae91fc467795b55109f7e2afc89e35cd0be5cc7907c719dbe1d9cde95345,451967.4,0.0,198265.93,367.1591,0.4222,869.59,0.4038,4.3846,0.7692,11,0,52,40,0.3769,0.3409
regime_change,19,tool,True,5f9a74849c8d5a3e349a76114ea84f2ef0e98c65a9f60a5561213032f1106c57,471848.46,0.0,198908.02,368.3482,0.4185,880.12,0.4375,4.7083,0.9167,5,0,48,44,0.4174,0.2955
regime_change,20,tool,True,8e893d4593a09b9ac833782e68026da361e242696575d7ee479e9611b60e3dec,463208.58,0.0,205420.53,380.4084,0.437,870.43,0.4808,4.5385,0.7115,13,0,52,37,0.3894,0.4015
regime_change,21,tool,True,1c0e0527b619ac8566d428a3135ad8e3b48d3d26463d6492194a4d02f7135e16,483482.3,0.0,193051.35,357.5025,0.4185,854.21,0.46,4.52,0.92,7,0,50,46,0.3427,0.4015
regime_change,22,tool,True,85592f426d855c70aa8815ea4344f76f125235375fd73e64eec8cfeff23df587,446819.34,0.0,188832.27,349.6894,0.4037,866.2,0.3958,4.5417,1.0417,5,0,48,50,0.3676,0.3561
regime_change,23,tool,True,4e032ef959ce972aea24495d79e2a7f9729bc6d75025da2d42cb7d789baf6019,451624.45,0.0,224888.31,416.4598,0.4648,895.97,0.46,5.02,0.76,9,0,50,38,0.4486,0.3864
regime_change,24,tool,True,64e43687ba8b40f5165385eb00954d7f8f99e18d81409f034c03574a517eb00a,455439.7,0.0,178270.0,330.1296,0.3722,886.92,0.381,4.7857,1.1905,2,0,42,50,0.3801,0.2197
regime_change,25,tool,True,5a36cb790cc16f8a0b08443bb1fc277b3eaa697ad55fcaa224447e6accfe304a,469593.29,0.0,221032.03,409.3186,0.463,884.13,0.4902,4.902,0.549,8,0,51,28,0.4299,0.3561
regime_change,26,tool,True,5a67b3bd3adf2909d0c9f123dccd5fb579d9139de0ba48f6101dee4b0b584c61,457423.77,0.0,208845.53,386.751,0.4352,888.7,0.3962,4.434,0.5283,8,0,53,28,0.4019,0.3106
regime_change,27,tool,True,703d6483c35e54ddaf6c0cfdf05daf525cee9edcaff22562d3704034b007242d,454949.01,0.0,200437.76,371.181,0.4296,863.96,0.48,4.64,1.04,6,0,50,52,0.3551,0.4318
regime_change,28,tool,True,0869b6e8c87bfb16f97425ef7189d2dc2a0dfb46b55b60b53a43b51522ee1925,469412.23,0.0,190379.14,352.554,0.4111,857.56,0.4694,4.5306,1.0612,11,0,49,52,0.3645,0.4545
regime_change,29,tool,True,dc0b47a032e1696251f0ef8b6d927f13fb686f819da0b50f153ffea3d6378a93,464299.87,0.0,199350.88,369.1683,0.4333,851.93,0.5,4.875,1.0625,7,0,48,51,0.3146,0.5076
regime_change,30,tool,True,ad3cf0312b5a8bcd1b8ce6ebe158184a52f7e02f431ade9e6bfe5215b1292341,446200.22,0.0,197296.38,365.3637,0.4204,869.15,0.4902,4.451,0.902,11,0,51,46,0.3551,0.4242
scrape_outage,1,comp_median,False,2591a4cca167930ed3faa83a0336837b0755b48f071ecc68e333e770b3264d06,470376.31,0.0,273800.0,507.037,0.6148,824.7,0.2338,4.3117,0.9091,17,0,77,70,0.6604,0.3788
scrape_outage,2,comp_median,False,170f056c5ee3a3b9f014b748588b9045f09f8fc712c32a5ef5faa0d1cd25e8c5,470369.23,0.0,260800.0,482.963,0.5889,820.13,0.3971,4.6765,1.0147,13,0,68,69,0.6044,0.4242
scrape_outage,3,comp_median,False,256b24614007bf78f89a48be545a3ddfe1b5d009e6dea244535a3f8352e0ae60,476518.1,0.0,276750.0,512.5,0.6259,818.79,0.3537,4.122,0.7439,14,0,82,61,0.6324,0.4773
scrape_outage,4,comp_median,False,5f90a67786b773e6a0c7a119f059b35c4ba842dae34431e268fb5cd4b07f6680,444459.4,0.0,257250.0,476.3889,0.5759,827.17,0.3662,4.3803,0.9014,13,0,71,64,0.6355,0.3106
scrape_outage,5,comp_median,False,955d50393bed70aaf2f0fd809a566c51517503dfbf13e8e5a5bb408a3501c6bd,468366.31,0.0,263500.0,487.963,0.5907,826.02,0.3056,4.4306,0.7639,11,0,72,55,0.6324,0.4091
scrape_outage,6,comp_median,False,b805f2940c4a85f5377c43ae24bb559f18878f0af0a186863e487b861cc902d4,466772.71,0.0,269150.0,498.4259,0.6056,823.09,0.4507,4.6056,0.9296,16,0,71,66,0.6355,0.4242
scrape_outage,7,comp_median,False,eaebfb9f2c189c9c8b7510fdfaabb38e050674e2982dfc28f4b3f16fc6e465e3,453654.57,0.0,232750.0,431.0185,0.5278,816.67,0.3284,4.2537,1.1194,11,0,67,75,0.5234,0.4167
scrape_outage,8,comp_median,False,b01faa8507cb0ed77935e42faf3321ec2b145b4adc1d856a4747797a3b586d3c,473067.4,0.0,237150.0,439.1667,0.5333,823.44,0.3667,4.8,0.9167,8,0,60,55,0.5701,0.3182
scrape_outage,9,comp_median,False,4987b26fc8abb1db229c929e831d985ca843234349af352b73ad1e63e64e757d,488603.19,0.0,278350.0,515.463,0.6259,823.52,0.2533,4.5067,0.8133,12,0,75,61,0.6449,0.5227
scrape_outage,10,comp_median,False,7ebe6f9d7936194c9a2d7065c7df4438d09a818c9167a09933298fab0c353e3d,489972.4,0.0,290950.0,538.7963,0.6574,819.58,0.3291,4.4937,0.7215,21,0,79,57,0.6604,0.5455
scrape_outage,11,comp_median,False,beb64f81bec957ac6ffeee45b7eda1a363605d7d8ca54d128b254608f60b3e7f,451268.73,0.0,261100.0,483.5185,0.5778,836.86,0.4265,4.5882,0.7206,9,0,68,49,0.6667,0.3636
scrape_outage,12,comp_median,False,41f69079386c885ec22f11ea9eae67e9a98f652f5cac7bf9459f239503690a3a,461475.04,0.0,275650.0,510.463,0.6241,817.95,0.3421,4.4342,0.7763,14,0,76,59,0.6231,0.5
scrape_outage,13,comp_median,False,2cf6c7feb13d04019c3cfcf0897b85b99090bd6ec9ef81894c0541fd7139a9ee,464132.76,0.0,271050.0,501.9444,0.6093,823.86,0.4225,4.6338,0.7746,16,0,71,55,0.6355,0.4697
scrape_outage,14,comp_median,False,52b9c08c17ca2b1c114f3bfea984c5f4ef8aed8966e16a849d8a6e56f12a0203,471799.31,0.154,262400.0,485.9259,0.5889,825.16,0.2703,4.2973,0.9054,10,0,74,67,0.6231,0.4318
scrape_outage,15,comp_median,False,affebd60f09f220a100e5b047273370fe7b9fad9c82db120f6bb13e8df884d2c,490512.68,0.0,252400.0,467.4074,0.5741,814.19,0.3043,4.4928,0.9855,10,0,69,68,0.567,0.4091
scrape_outage,16,comp_median,False,a229839539739fc2496b3998f7b773d816d3277dc25001d0c22817eb095eb3de,477277.7,0.0,248550.0,460.2778,0.5667,812.25,0.2917,4.25,0.6667,7,0,72,48,0.5327,0.5227
scrape_outage,17,comp_median,False,e54f2ed0599278154c02e342fa7c2b712e94ccc42499329eb2f33dc2c9771445,474520.67,0.0,261700.0,484.6296,0.5926,817.81,0.3553,4.2105,0.8026,17,0,76,61,0.5794,0.5455
scrape_outage,18,comp_median,False,ef0a5688e145729ce3f49110bbfeba2e616a57087de2c84f17006c10aefaf92c,470217.12,0.0,255200.0,472.5926,0.5759,820.58,0.3433,4.6418,0.806,14,0,67,54,0.595,0.4015
scrape_outage,19,comp_median,False,36707325aae368bcbad66fa25f827656687b0076f0d4f098c461e1494d688d12,470473.58,0.0,256100.0,474.2593,0.5741,826.13,0.3385,4.7692,1.1846,24,0,65,77,0.6106,0.4242
scrape_outage,20,comp_median,False,8b15529baed91b8a4c7028c8f818737920e09b849b2de21ff72e31f54c83d425,465441.57,0.0,252450.0,467.5,0.5667,825.0,0.3768,4.4348,1.1449,12,0,69,79,0.6199,0.2879
scrape_outage,21,comp_median,False,0c7a27542d27c5497b7087d2472c8131d3b7052b19f53e5707e8331cbe6988f2,456854.44,0.0,251250.0,465.2778,0.563,826.48,0.3676,4.4706,0.8971,17,0,68,61,0.6012,0.4091
scrape_outage,22,comp_median,False,cbe8bbfc1455aec4fec118e8abfd88355dc4f3abdc8ce0c5017e5101fcec23aa,467327.97,0.0,260400.0,482.2222,0.5889,818.87,0.2933,4.24,0.92,14,0,75,69,0.5857,0.5076
scrape_outage,23,comp_median,False,bd2b42a914b4d8748bd6480486391371fde9d05543ee0a912d1693ee0b413c2b,475933.76,0.0,243850.0,451.5741,0.55,821.04,0.2923,4.5692,0.9846,14,0,65,64,0.5732,0.3636
scrape_outage,24,comp_median,False,8d65b2ac8a5fc5f0f9b393f28e35599f2149ed1c8cfda4e04034ec3c3b48f20c,485800.47,0.0,272600.0,504.8148,0.6093,828.57,0.2857,4.7,0.8429,16,0,70,59,0.6636,0.4167
scrape_outage,25,comp_median,False,9235fb004c199b9c5ca278aa018aaebd1a2defdc10d075b821f044c1d5bc6cfb,463937.35,0.0,244550.0,452.8704,0.5519,820.64,0.2373,5.0508,1.1186,11,0,59,66,0.5826,0.3106
scrape_outage,26,comp_median,False,7d3867511604843fe60138acc0a11c122ea9928f32a54dfab451fdbb78a8b623,475497.83,0.0,258700.0,479.0741,0.5815,823.89,0.3676,4.6176,1.0294,13,0,68,70,0.6044,0.4621
scrape_outage,27,comp_median,False,3375175a3dd2e7a5dde47777de61fa411e2436c77010c211ae4ce47499b0edec,462104.01,0.0,264550.0,489.9074,0.6,816.51,0.3088,4.7647,1.0294,10,0,68,70,0.5888,0.5076
scrape_outage,28,comp_median,False,1daec6e949a6604e9cb6a1245568ad41b85726bb71d4c58fb0d24fbebbf28703,453840.48,0.0,256100.0,474.2593,0.5722,828.8,0.2817,4.3521,0.8169,16,0,71,58,0.6386,0.303
scrape_outage,29,comp_median,False,88234f56073e5cf221f10b0b596f5fa12e2e6e1319516648afc49943a96a6ddb,452213.41,0.0,253300.0,469.0741,0.5722,819.74,0.3947,4.0658,0.8158,17,0,76,62,0.5888,0.3939
scrape_outage,30,comp_median,False,acc486d00c807fcc8eb2865fd7c3bea2b5db98b6035465575d54b3d8886ebf42,467192.59,0.0,273700.0,506.8519,0.6111,829.39,0.2778,4.5833,0.9028,13,0,72,65,0.6791,0.3561
scrape_outage,1,engine,False,b868e0ebdd5a96dcf3bbb772eca1a05f142a82cf3d47accfb5960f682d29c122,470376.31,0.0,249960.0,462.8889,0.6444,718.28,0.2469,4.2963,0.9753,19,1666,81,79,0.676,0.4697
scrape_outage,2,engine,False,257d3a599755d983c448cae381cc444b0016ef95039880df8c4b076bb797a27f,470369.23,0.0,232605.0,430.75,0.6167,698.51,0.44,4.44,0.9867,11,2287,75,74,0.6106,0.4848
scrape_outage,3,engine,False,ed3fd79f948907e59cde0165e9820e079faacda0b4c8539056fa9a9a69a38937,476518.1,0.0,243790.0,451.463,0.6463,698.54,0.3837,4.0581,0.814,15,1676,86,70,0.6137,0.5833
scrape_outage,4,engine,False,bbee1c72c4714078bbb033b4d36bc016a4b8a5d453439e951a363f815abde94e,444459.4,0.0,237925.0,440.6019,0.6259,703.92,0.4198,4.1728,0.8395,17,1978,81,68,0.6386,0.4697
scrape_outage,5,engine,False,2f7d234492e9bb3a30cb4f10a8dc3b6fb98a8a1c59a7145096583c2a812e12c8,468366.31,0.0,243235.0,450.4352,0.6481,694.96,0.3291,4.4304,0.7722,18,1898,79,61,0.6231,0.6212
scrape_outage,6,engine,False,995d8d0ecffe11e3df04c06ea9f2fab19971d8b55ae38c97328db86e8f6efab1,466772.71,0.0,235130.0,435.4259,0.6333,687.51,0.4815,4.2222,0.9259,16,2438,81,75,0.6137,0.5455
scrape_outage,7,engine,False,654de101fc619b8d76e52c34498657e69aa88e6fe5c5f95aceb2477e912ceb84,453654.57,0.0,215035.0,398.213,0.5667,702.73,0.2973,4.1351,0.973,20,2342,74,72,0.5389,0.5303
scrape_outage,8,engine,False,b89a15b82bea3f18821a10af655bddb4724f57e373c525ec7bea2f3f8c173710,473067.4,0.0,219265.0,406.0463,0.5833,696.08,0.3973,4.3151,0.8904,11,1701,73,65,0.5701,0.4848
scrape_outage,9,engine,False,8c61941635e76645f8d93476afc33d9cfcc41e904a25a0749acabf4100564983,488603.19,0.0,251395.0,465.5463,0.6519,714.19,0.3095,4.1905,0.7024,15,1794,84,59,0.6511,0.5682
scrape_outage,10,engine,False,aa964990d35b1bd202eaeaab0e84a0cbe51de8a887a4addeb6c2352898c67050,489972.4,0.0,257400.0,476.6667,0.6852,695.68,0.3294,4.3529,0.6235,25,1858,85,53,0.6604,0.6212
scrape_outage,11,engine,False,5daf8202ca159ac847a5c024f9dbe16aec8da9a028a2e3a45002ae1858e026ef,451268.73,0.0,244065.0,451.9722,0.6315,715.73,0.4605,4.4868,0.7237,12,1783,76,55,0.6604,0.4773
scrape_outage,12,engine,False,c095f5e2953523a8ec47d424245c84a46719f56f96728bacf0c63a47497083e9,461475.04,0.0,245295.0,454.25,0.663,685.18,0.3452,4.2619,0.8095,12,1772,84,68,0.6449,0.5758
scrape_outage,13,engine,False,c4bd8a43226c5866dbc9810961041c444cf69c5624c0d8f21114a328c5eeb714,464132.76,0.0,241410.0,447.0556,0.6333,705.88,0.4487,4.3846,0.7821,17,2402,78,61,0.6293,0.5379
scrape_outage,14,engine,False,5c672042f7f9883169fe3922ce56dd7e4cb64ff27bf93cde8423beb0bdc9bfbd,471799.31,0.154,242060.0,448.2593,0.6222,720.42,0.3049,4.0976,0.8902,16,1554,82,73,0.6231,0.5455
scrape_outage,15,engine,False,87e6fdc3bac637639c42b70f2f03f18bd2479891bd7f77611141c4f5943a3759,490512.68,0.0,220625.0,408.5648,0.5926,689.45,0.3421,4.2105,0.8421,13,2029,76,64,0.5639,0.5076
scrape_outage,16,engine,False,0868854fab8278a22a760a1673ebd497bb0c2532441d842f9ed410331c669f06,477277.7,0.0,209705.0,388.3426,0.5667,685.31,0.359,3.9231,0.8718,11,1978,78,68,0.5483,0.5
scrape_outage,17,engine,False,aa4ce4c9e3c6f2d03930ec5db291e4f5c2020aae3f94051b17317e4e724486f2,474520.67,0.0,231565.0,428.8241,0.6204,691.24,0.4444,3.7222,0.9667,26,2061,90,87,0.5981,0.6061
scrape_outage,18,engine,False,5b0d5e746830e007f0e733e8f64257f51df5f6cc0d9c3221498bb8ecf9b6c225,470217.12,0.0,225095.0,416.8426,0.5926,703.42,0.411,4.3836,0.8219,19,2424,73,60,0.5826,0.5303
scrape_outage,19,engine,False,50ec0942d0caafb7504a0fd9ecaeeece964e44438a5c5269391457d41987f6bf,470473.58,0.0,231395.0,428.5093,0.6167,694.88,0.3867,4.44,1.12,24,2138,75,84,0.6044,0.5606
scrape_outage,20,engine,False,95f286bca2efdbab12013cf34e9c71a2ef2a9a93bcb21fa910328590407841c6,465441.57,0.0,229715.0,425.3981,0.6056,702.49,0.4103,4.1923,1.1282,16,2201,78,88,0.6106,0.4697
scrape_outage,21,engine,False,dc3e274df5025f07a3d4d23d917d5918c4d2117cd4025dcdc7bc3b7803e9cbf2,456854.44,0.0,233490.0,432.3889,0.6204,696.99,0.4125,4.1875,1.0125,19,2017,80,81,0.6137,0.5758
scrape_outage,22,engine,False,75c0023ca4b7712b49719327e0f61061f9068682df23d2d7c997d59a10bcbc5a,467327.97,0.0,231480.0,428.6667,0.6222,688.93,0.3614,4.0482,0.8916,16,1782,83,74,0.5857,0.6288
scrape_outage,23,engine,False,660e3e7be03e338854fd569b5f958ca14c4e85c9a7d99e965e1712be63f300d2,475933.76,0.0,227415.0,421.1389,0.613,687.05,0.3974,4.2436,0.8333,20,1737,78,65,0.5732,0.6136
scrape_outage,24,engine,False,6b70702ba1dedd98fab2c969e69c23a034e793467392e820de337239cd73af70,485800.47,0.0,258035.0,477.8426,0.6815,701.18,0.3253,4.4337,0.6506,25,1380,83,54,0.6636,0.6136
scrape_outage,25,engine,False,a923dd2486e199f9bf7107e51eeb277cb992a052c75e2231bf8931eddd1e2483,463937.35,0.0,217025.0,401.8981,0.5685,706.92,0.2615,4.7231,1.1846,13,1967,65,77,0.5732,0.3788
scrape_outage,26,engine,False,7ece3de1cf7fcce64b598afacb2faa3adb041704d5b7035ab86c65f55822b2cc,475497.83,0.0,241655.0,447.5093,0.6278,712.85,0.3924,4.2911,1.0253,16,1883,79,81,0.6417,0.5152
scrape_outage,27,engine,False,b2890c6238bc6fa66a91e4affac089e55a41b52e8d2a39ba2bed53cd6b69119e,462104.01,0.0,238240.0,441.1852,0.6241,706.94,0.2838,4.5541,0.9054,11,1958,74,67,0.595,0.5682
scrape_outage,28,engine,False,bfb613c25bb78d3f7de8b96ab98f60d4fbf0d4c9378be2188882404e311f626a,453840.48,0.0,241060.0,446.4074,0.6259,713.2,0.3659,4.122,0.7561,15,1962,82,62,0.6511,0.4773
scrape_outage,29,engine,False,c605325b4f87177f91cc9b3f602ef59a691bc4de73496f5d227ecbde2bb6c749,452213.41,0.0,231395.0,428.5093,0.6167,694.88,0.3855,4.012,0.8193,18,2130,83,68,0.595,0.553
scrape_outage,30,engine,False,d54364ac018f884dd1fe6aaac45d957d207386f0bc40cc11020ff4b79a729d10,467192.59,0.0,251175.0,465.1389,0.6426,723.85,0.3415,4.2317,0.8902,14,1628,82,73,0.6885,0.4697
scrape_outage,1,flat,False,d76fc3bf81c363452eeae5450055015f982f156c364e22498f1566d9e4a97720,470376.31,0.0,273800.0,507.037,0.6148,824.7,0.2338,4.3117,0.9091,17,0,77,70,0.6604,0.3788
scrape_outage,2,flat,False,d0bd35a299096374c34c48c61c436b1d8edb195abfc96f110a631880a94d94ca,470369.23,0.0,260800.0,482.963,0.5889,820.13,0.3971,4.6765,1.0147,13,0,68,69,0.6044,0.4242
scrape_outage,3,flat,False,1941cbe2d3a9171200de439fb59ba6c5db3be81ec1ea9bbb32ccf7c64d3321bd,476518.1,0.0,276750.0,512.5,0.6259,818.79,0.3537,4.122,0.7439,14,0,82,61,0.6324,0.4773
scrape_outage,4,flat,False,1eaa2f32ce510cb388979f68274411bc52d7df69787c66094a5b825d1cea5cd3,444459.4,0.0,257250.0,476.3889,0.5759,827.17,0.3662,4.3803,0.9014,13,0,71,64,0.6355,0.3106
scrape_outage,5,flat,False,d4708a464d324ec6de3f2a8e7a0c0d6b0d44f0539b641a22bb2e2e5591974df4,468366.31,0.0,263500.0,487.963,0.5907,826.02,0.3056,4.4306,0.7639,11,0,72,55,0.6324,0.4091
scrape_outage,6,flat,False,9d7d7e5e8c63ce1bcebcf394afce5fc7de2a205197f04d7d5d1187ebd10d43ba,466772.71,0.0,269150.0,498.4259,0.6056,823.09,0.4507,4.6056,0.9296,16,0,71,66,0.6355,0.4242
scrape_outage,7,flat,False,782a52d757851bbbfbbe7ca914f6304742f4cf3d675dd2b3cbb38cb65f7f5e06,453654.57,0.0,232750.0,431.0185,0.5278,816.67,0.3284,4.2537,1.1194,11,0,67,75,0.5234,0.4167
scrape_outage,8,flat,False,8bdf420e5c99b6ed5721effe72ebd24f09e0ba791c80cc7be745a803421022d8,473067.4,0.0,237150.0,439.1667,0.5333,823.44,0.3667,4.8,0.9167,8,0,60,55,0.5701,0.3182
scrape_outage,9,flat,False,ddbef818cd1e501621c83ec8658e589d4d2110278f554c6d3866ab44629ae25e,488603.19,0.0,278350.0,515.463,0.6259,823.52,0.2533,4.5067,0.8133,12,0,75,61,0.6449,0.5227
scrape_outage,10,flat,False,e8999e7b6aaf76e2785fb49670a812bb771a17913e7739895a54c8fd6581dd4d,489972.4,0.0,290950.0,538.7963,0.6574,819.58,0.3291,4.4937,0.7215,21,0,79,57,0.6604,0.5455
scrape_outage,11,flat,False,07a90a00f7319a0b1819522a2124b8a3c3c0bd21023ce7169d219cd593520bb3,451268.73,0.0,261100.0,483.5185,0.5778,836.86,0.4265,4.5882,0.7206,9,0,68,49,0.6667,0.3636
scrape_outage,12,flat,False,21a546a55d14c56e2af9979a99f6dbbe55772934fe9b325155e2c36bc1313a7c,461475.04,0.0,275650.0,510.463,0.6241,817.95,0.3421,4.4342,0.7763,14,0,76,59,0.6231,0.5
scrape_outage,13,flat,False,8c0287e8b3b72022c7085afdbf692a12e92d6cb0c8c1a7f96a13f6504549731a,464132.76,0.0,271050.0,501.9444,0.6093,823.86,0.4225,4.6338,0.7746,16,0,71,55,0.6355,0.4697
scrape_outage,14,flat,False,c1391863b36c0200cbfcb3f0b4ffb93b128a287a5fd4d030ab7639b8d0f15146,471799.31,0.154,262400.0,485.9259,0.5889,825.16,0.2703,4.2973,0.9054,10,0,74,67,0.6231,0.4318
scrape_outage,15,flat,False,512e5b3fc60f92d19e27a09f38b5e62812fea520a3d93b82cad2fe0c3d1ba3aa,490512.68,0.0,252400.0,467.4074,0.5741,814.19,0.3043,4.4928,0.9855,10,0,69,68,0.567,0.4091
scrape_outage,16,flat,False,b21606b980bf407c83da14a428ff1b10ced1323ada7a82267f41239a094829bd,477277.7,0.0,248550.0,460.2778,0.5667,812.25,0.2917,4.25,0.6667,7,0,72,48,0.5327,0.5227
scrape_outage,17,flat,False,271a2e6b5149cbc09f881ee140c278b69271154cec15992cbaa83878a08e448a,474520.67,0.0,261700.0,484.6296,0.5926,817.81,0.3553,4.2105,0.8026,17,0,76,61,0.5794,0.5455
scrape_outage,18,flat,False,dd8ddd56e47c36927e90bc4686a084adae226ec8a48e68363d3a917866d2c0ba,470217.12,0.0,255200.0,472.5926,0.5759,820.58,0.3433,4.6418,0.806,14,0,67,54,0.595,0.4015
scrape_outage,19,flat,False,40798dac49bab1448fc9cb956692160081780b972f2a06a858de2f88fd22519f,470473.58,0.0,256100.0,474.2593,0.5741,826.13,0.3385,4.7692,1.1846,24,0,65,77,0.6106,0.4242
scrape_outage,20,flat,False,45b845fbab30ede0fe92c72b0197dcd72e0119842d473be9c2e950518fa78f87,465441.57,0.0,252450.0,467.5,0.5667,825.0,0.3768,4.4348,1.1449,12,0,69,79,0.6199,0.2879
scrape_outage,21,flat,False,c058966c39ac9c283c572a7737f2d6632af83d7ca4e6369e166fd194771c4f56,456854.44,0.0,251250.0,465.2778,0.563,826.48,0.3676,4.4706,0.8971,17,0,68,61,0.6012,0.4091
scrape_outage,22,flat,False,b8e2f9283aa8177d922bea3c7696085f95a886094af3c88de4521cd533ed7f74,467327.97,0.0,260400.0,482.2222,0.5889,818.87,0.2933,4.24,0.92,14,0,75,69,0.5857,0.5076
scrape_outage,23,flat,False,bd7a029264b56092086081cac4fb035eda66d409eb978d73610e817d47ef8f3c,475933.76,0.0,243850.0,451.5741,0.55,821.04,0.2923,4.5692,0.9846,14,0,65,64,0.5732,0.3636
scrape_outage,24,flat,False,bb487bd0b95b6703e28886e5aea2be5d2f3c6bc7fdf9482bc14431af2cf765c1,485800.47,0.0,272600.0,504.8148,0.6093,828.57,0.2857,4.7,0.8429,16,0,70,59,0.6636,0.4167
scrape_outage,25,flat,False,21b4660e26fafaf366a7ce8a5e9cbf59891bb457754dae2f2fd29cfad08fe471,463937.35,0.0,244550.0,452.8704,0.5519,820.64,0.2373,5.0508,1.1186,11,0,59,66,0.5826,0.3106
scrape_outage,26,flat,False,94eeb85be4473ae8f201e8df454f761988e78032bd8e6875cb5ad34cb3f9f72e,475497.83,0.0,258700.0,479.0741,0.5815,823.89,0.3676,4.6176,1.0294,13,0,68,70,0.6044,0.4621
scrape_outage,27,flat,False,d88368591c53210b27e02d6db8217ba4622ea007f5ae2982ac48e1f8c5cda5ad,462104.01,0.0,264550.0,489.9074,0.6,816.51,0.3088,4.7647,1.0294,10,0,68,70,0.5888,0.5076
scrape_outage,28,flat,False,211afc08ac1997ece428e6170b9d7d7d5294e245d68b759ecfa383aedfc4b623,453840.48,0.0,256100.0,474.2593,0.5722,828.8,0.2817,4.3521,0.8169,16,0,71,58,0.6386,0.303
scrape_outage,29,flat,False,590ef235c0468a9ccff7f44e9d1df00a6fd6b3a03511ebb43a09d39295ed7425,452213.41,0.0,253300.0,469.0741,0.5722,819.74,0.3947,4.0658,0.8158,17,0,76,62,0.5888,0.3939
scrape_outage,30,flat,False,498c58a76bbc6834d69d38a9d58fcb1940e94b9e7848c76e8a59ab43f42676ef,467192.59,0.0,273700.0,506.8519,0.6111,829.39,0.2778,4.5833,0.9028,13,0,72,65,0.6791,0.3561
scrape_outage,1,tool,False,4eb7de8ff9c8a84ffb7125d819b842aebe5fed99513e6508a5db9f9b9e7d4272,470376.31,0.0,189447.67,350.829,0.4019,873.03,0.3673,4.4286,1.0,6,0,49,49,0.352,0.3561
scrape_outage,2,tool,False,f5b0e8b48a115c628379b064354c638f3792262d08f8b6878d4529cc34db8981,470369.23,0.0,215492.58,399.0603,0.4593,868.92,0.463,4.5926,0.7963,6,0,54,43,0.3925,0.4167
scrape_outage,3,tool,False,23fcfdbc700161d13bec61c885b9a07d41e8c912ecbcdfeaaa47fc43b8d5351f,476518.1,0.0,187722.72,347.6347,0.4037,861.11,0.4038,4.1923,0.9231,6,0,52,48,0.3364,0.3788
scrape_outage,4,tool,False,de2f5c8eff509b7faeb509f31a5ab2a9ca51d61f5b4a15e6ebddbb08a0484da7,444459.4,0.0,212227.88,393.0146,0.4444,884.28,0.537,4.4444,0.7963,10,0,54,43,0.4174,0.3788
scrape_outage,5,tool,False,de5e7e8cfecd67e209ac7e2b563e56a044f28bd70d0932d45732b8e222fa399e,468366.31,0.0,215220.1,398.5557,0.4611,864.34,0.4545,4.5273,1.0,11,0,55,55,0.3925,0.4773
scrape_outage,6,tool,False,6d9519492fd78047e50899b185d9af979738d5c9ff89741b6a2b182f24f4fd07,466772.71,0.0,189641.48,351.1879,0.4093,858.11,0.5106,4.7021,0.8723,6,0,47,41,0.3676,0.4015
scrape_outage,7,tool,False,83190ef9a0208894326fe7213b63ac098cfa0d6dcd51e555ac2fb72161b463ae,453654.57,0.0,172622.09,319.6705,0.3778,846.19,0.4318,4.6364,1.1818,7,0,44,52,0.3115,0.303
scrape_outage,8,tool,False,15507fc1b2cc612adfd502931428b327865a3e5fc02b8f74247b0f8041797c65,473067.4,0.0,202545.14,375.0836,0.4315,869.29,0.46,4.66,0.82,6,0,50,41,0.3894,0.3182
scrape_outage,9,tool,False,cdbc39e3b0f822ee680122e86e96527954bfd090b4cac0c99b4612025f652292,488603.19,0.0,223772.44,414.3934,0.4667,887.99,0.4464,4.5,0.875,8,0,56,49,0.4081,0.4697
scrape_outage,10,tool,False,e4c60c098e925146b11d2841ebdacdaedf84553c16c3be1b47c6176f8171546b,489972.4,0.0,253619.16,469.6651,0.5352,877.57,0.4531,4.5156,0.4844,9,0,64,31,0.4579,0.5455
scrape_outage,11,tool,False,7b94eafc1b21ea4419fd255870044445dbbafea9f62026f3f6c0ca6047477073,451268.73,0.0,175121.71,324.2995,0.3722,871.25,0.4,4.4667,0.7778,8,0,45,35,0.3396,0.3333
scrape_outage,12,tool,False,1e68bbfce72bd16dae9b9684bfb56e67ae5482e055a2ffb59cf146faa19392e4,461475.04,0.0,209137.24,387.2912,0.4463,867.79,0.4151,4.5472,0.7358,6,0,53,39,0.3801,0.4394
scrape_outage,13,tool,False,f9252d9cd513998f2d7b6a6d7bb9a2a9c79cfb0b2e0a4a572f895b2dbe32c494,464132.76,0.0,184984.07,342.5631,0.4019,852.46,0.4894,4.617,0.9787,5,0,47,46,0.3053,0.4318
scrape_outage,14,tool,False,fd6c03b17ca6db9e0570b8e634f572e8aa39fcde51fbda2b68f84c01c8d18462,471799.31,0.154,195148.16,361.3855,0.413,875.1,0.3396,4.2075,0.9434,10,0,53,50,0.3645,0.3409
scrape_outage,15,tool,False,f5ebcc0879b10ef930b263dc10536bddc490457fdb700414c5f88a3a086988fb,490512.68,0.0,240680.49,445.7046,0.5074,878.4,0.4386,4.807,0.7719,7,0,57,44,0.4704,0.4697
scrape_outage,16,tool,False,4ceca5be37e26c2c1bca18071c18e4a1004907312f3a47704bc38da2c891f1d8,477277.7,0.0,200849.91,371.9443,0.4241,877.07,0.3962,4.3208,1.0566,8,0,53,56,0.3676,0.4167
scrape_outage,17,tool,False,b284bf5324653ee7a208843ac732ffc33a949b9fed04293c4e25dacaba4d1ced,474520.67,0.0,201420.68,373.0013,0.4333,860.77,0.434,4.4151,0.9623,11,0,53,51,0.3396,0.5
scrape_outage,18,tool,False,6aea40811090b8b04e877a1e982876bfd682aeedac9f2a4d524a5388ca1ddcee,470217.12,0.0,189575.28,351.0653,0.4019,873.62,0.3878,4.4286,0.8571,5,0,49,42,0.3707,0.3333
scrape_outage,19,tool,False,bf984f50359de5837d45dd4977416436c2a24f980c1203c92c502129235c4744,470473.58,0.0,175090.47,324.2416,0.3796,854.1,0.4773,4.6591,1.1364,9,0,44,50,0.3302,0.3939
scrape_outage,20,tool,False,13f32a2f7505e90faadd5472490af151cf0efb466c5bf00bfa4f27aabf80d8c4,465441.57,0.0,206715.11,382.8058,0.437,875.91,0.4118,4.6275,0.8824,9,0,51,45,0.4206,0.2727
scrape_outage,21,tool,False,552b67f8d442d48b8edf55562934c00b92e3b5a658f57cb2c6b04987d8c6e173,456854.44,0.0,191742.73,355.0791,0.4019,883.61,0.3469,4.4286,0.8571,5,0,49,42,0.3956,0.3485
scrape_outage,22,tool,False,d3fb7fbe4067c759a8b1f0b30928f170fc50f011659ad4a0c43e49b5e52fa6ae,467327.97,0.0,242591.23,449.243,0.5037,891.88,0.459,4.459,0.8197,11,0,61,50,0.4766,0.4924
scrape_outage,23,tool,False,42e6dc6ea927279258267026749a4af02c611278d52ad6b5fcac3b64bbf1d9e3,475933.76,0.0,212920.65,394.2975,0.4556,865.53,0.3929,4.3929,0.625,10,0,56,35,0.3832,0.447
scrape_outage,24,tool,False,8b78add3df59caf6a7f16bb475e66f8d0f7914eb51e7dca6f7d00bf0e750a3f3,485800.47,0.0,208213.97,385.5814,0.4481,860.39,0.5098,4.7451,1.0392,5,0,51,53,0.4019,0.447
scrape_outage,25,tool,False,fe3c247fcf51e9865eeabc517801d971f0f8596cc86e478b6801d1c6e7f0597c,463937.35,0.0,199268.33,369.0154,0.4204,877.83,0.3696,4.9348,0.8913,10,0,46,41,0.3894,0.2424
scrape_outage,26,tool,False,605369e435b1de1208bbe75332b484ad78df6301cc43f24a88f7127226885e08,475497.83,0.0,193774.49,358.8416,0.413,868.94,0.3958,4.6458,1.1667,8,0,48,56,0.352,0.4697
scrape_outage,27,tool,False,8b61ce2051fd275b5872322dd755cdbe5dafc09966411b695bc73c5343affafa,462104.01,0.0,211976.42,392.5489,0.4537,865.21,0.4231,4.7115,0.8846,8,0,52,46,0.3769,0.4697
scrape_outage,28,tool,False,4be3482d0795f5fc58ddba32188f653082ac3a4495c49b53999c4974a50cb0d4,453840.48,0.0,196408.95,363.7203,0.4204,865.24,0.434,4.283,0.8679,7,0,53,46,0.3894,0.3258
scrape_outage,29,tool,False,0237282908e58e177f58d331393e5484e480eef4536d7c80b9be4e3a2fe49746,452213.41,0.0,197810.95,366.3166,0.4259,860.05,0.5088,4.0351,0.7018,16,0,57,40,0.352,0.3939
scrape_outage,30,tool,False,3a783a1acd5a65a502db598f069c20d46ab7dff5186514bb05a768fbcd17c497,467192.59,0.0,203847.05,377.4945,0.4278,882.45,0.4583,4.8125,1.2917,9,0,48,62,0.4081,0.3485
stale_pms,1,comp_median,False,8d4a83bc10a5f10d1fd47b0eb912da9c5d3b3c7ec7101c69b31b418c8ada60fa,480745.36,0.0,249949.68,462.8698,0.6815,679.21,0.2697,4.1348,0.8539,23,0,89,76,0.7414,0.4924
stale_pms,2,comp_median,False,6720c9d541ddafc2b4f87ccb26f7779979a9cf4a103dbfc6da716fcac48b47e8,462158.95,0.0,262793.68,486.655,0.7204,675.56,0.3763,4.1828,0.9785,24,0,93,91,0.7539,0.5985
stale_pms,3,comp_median,False,18ece478bd358156f898b47b6c058585fdd3a1544d842638e45f4cb7acb4c1df,480578.79,0.0,268335.02,496.9167,0.7296,681.05,0.3922,3.8627,0.6961,26,0,102,71,0.7882,0.5379
stale_pms,4,comp_median,False,375ce9b85534cda4a0800ac7a166ec5649066882f3fb1cd90701f5d946e1bb6b,458837.39,0.0,263967.4,488.8285,0.7148,683.85,0.3263,4.0632,0.7263,19,0,95,69,0.7819,0.5
stale_pms,5,comp_median,False,633b4bd4a6e52b5e011b733fb9d9dc107079519c0aeb317ed1ab58ca59c02154,468879.49,0.0,254218.05,470.7742,0.6907,681.55,0.3404,3.9681,0.8511,25,0,94,80,0.757,0.447
stale_pms,6,comp_median,False,8266bf34c12659180e9899088083e796bd68a47a4d7178c0d9649ad555e2a173,482444.57,0.0,246672.29,456.8005,0.6722,679.54,0.2921,4.0787,0.6292,24,0,89,56,0.7259,0.447
stale_pms,7,comp_median,False,5d95dc96eea5056a9dcff90389f86f3995d66289547bbae1133a683eddd3304c,476326.55,0.0,263486.03,487.9371,0.7167,680.84,0.3448,4.4483,0.8851,15,0,87,77,0.7819,0.5227
stale_pms,8,comp_median,False,444c835bed89809782bb2b5d19e145ee35b159fbd12c2774fc5d6959d0106d5a,469864.09,0.0,258510.41,478.723,0.7019,682.09,0.2809,4.2584,0.9888,21,0,89,88,0.7819,0.4242
stale_pms,9,comp_median,False,e8cba0a9e1974081b9f58580d2d1f91b975372b3b47d4fcc6082768cc06adbf4,472254.75,0.0,263750.95,488.4277,0.713,685.07,0.2889,4.2778,0.7333,19,0,90,66,0.7975,0.4545
stale_pms,10,comp_median,False,0fa84f9b84c694f859e7e8def6b9173e424af03e7872a2cfbec8931cf688b3d6,461351.88,0.0,254824.01,471.8963,0.6907,683.17,0.2614,4.2386,0.7955,26,0,88,70,0.729,0.4848
stale_pms,11,comp_median,False,63c35fd2a405320441b17b17c98d08b6e8fc4e34c9f4a8d16a6a2861c09c114c,480782.23,0.0,255217.6,472.6252,0.6907,684.23,0.3448,4.2874,1.0,20,0,87,87,0.7539,0.5152
stale_pms,12,comp_median,False,febae8919254e604fae4a699eab0420d1fbd78d208d013149f72af1da026d886,463903.73,0.0,243633.96,451.174,0.6574,686.29,0.2976,4.2262,0.7738,17,0,84,65,0.7601,0.4015
stale_pms,13,comp_median,False,26cd00d1decf632f046bb9019f245192709bcd55422fddba5112c41c24477deb,466743.76,0.0,242692.49,449.4305,0.6574,683.64,0.2558,4.1279,0.9651,16,0,86,83,0.7383,0.3712
stale_pms,14,comp_median,False,ed9c20e06d1a3a25c129e3901987f7bffdc5c94ddfcb77ecb4268e602639ba7e,479081.74,0.0,258635.32,478.9543,0.7056,678.83,0.2921,4.2809,0.7753,19,0,89,69,0.7477,0.5682
stale_pms,15,comp_median,False,bdd638ad977167f879f474a0f014bc999a663de19c9cc47ffe7111de9ed53c03,464989.03,0.0,267653.04,495.6538,0.7259,682.79,0.2989,4.5057,0.7816,22,0,87,68,0.7695,0.5152
stale_pms,16,comp_median,False,b24f05116ed2e8c04fae48cdd76dde48cfa9c3c33b8f01632b6099783d82f86b,485200.71,0.0,267326.16,495.0484,0.7259,681.95,0.2184,4.5057,0.8506,24,0,87,74,0.785,0.5606
stale_pms,17,comp_median,False,5a1f899e89e67eb65a22df99c5909190a0ddc9ab345bb2b983b92b46e4673488,476251.91,0.0,263047.54,487.1251,0.7148,681.47,0.2688,4.1505,0.9032,23,0,93,84,0.8006,0.5076
stale_pms,18,comp_median,False,6efdf979b8c7fe5c156fe510e2e78c87e10c64d14baca2d85bee085a00b3fcfb,486339.08,0.0,242522.78,449.1163,0.6593,681.24,0.2791,4.1395,0.9186,18,0,86,79,0.6885,0.4924
stale_pms,19,comp_median,False,6049dc89367ecadb568be6b0b8fab27c933cdfa1272511ff64d9b2430c33cd6d,473349.93,0.0,269755.71,499.5476,0.7333,681.2,0.3505,4.0825,0.8866,29,0,97,86,0.8069,0.5303
stale_pms,20,comp_median,False,8313b83d2bd7f98a03ca56a99b7cec244e4db7be924508797f0bfa1aa4b1f733,460642.27,0.0,232919.0,431.3315,0.6352,679.06,0.275,4.2875,1.0375,15,0,80,83,0.6885,0.4924
stale_pms,21,comp_median,False,019e4b0ca28050d4100d3d0fbcb2038f9b8a27a5f980a57ed36d09c784a22ffa,482246.69,0.0,251977.67,466.6253,0.687,679.19,0.2812,3.8646,0.8854,25,0,96,85,0.7788,0.4015
stale_pms,22,comp_median,False,9ba11a33866c5684ebbd01912bdada6080831541217280cb506ef81abdd10e42,446686.92,0.0,249155.58,461.3992,0.6759,682.62,0.2921,4.1011,1.0674,22,0,89,95,0.7321,0.4697
stale_pms,23,comp_median,False,85d8965a89b0b443f6a6b30d0ae8ffef3b7a37dbef1cafffd5a79162a965f5f4,470964.25,0.0,250831.34,464.5025,0.6833,679.76,0.2892,4.4458,1.0964,23,0,83,91,0.7414,0.4848
stale_pms,24,comp_median,False,d8127cea612230abc649e12eaac6a5580fa26de76263b1d4bac49b0b1577fa45,461204.1,0.0,234341.8,433.9663,0.637,681.23,0.2299,3.954,0.7586,22,0,87,66,0.6947,0.4924
stale_pms,25,comp_median,False,f076395e3f8ba454847d66311d86abf73bcc95e022e1312eae3b0ffb0997114f,460831.4,0.0,264868.81,490.4978,0.7185,682.65,0.3163,3.9592,0.898,25,0,98,88,0.8006,0.5303
stale_pms,26,comp_median,False,601160ab311b9ddf342b5b463a5fb0e0d0ad39d3b9e9c8e1f7c469439773d12f,480911.55,0.0,273202.04,505.9297,0.7407,683.01,0.299,4.1237,0.7526,25,0,97,73,0.7975,0.5833
stale_pms,27,comp_median,False,592532ceaf224c9421779e9449d335e9485791e9f487a1a8bb7882ef3259d36d,485684.76,0.0,253460.62,469.3715,0.6907,679.52,0.369,4.4405,0.869,22,0,84,73,0.7383,0.5076
stale_pms,28,comp_median,False,b2e17111896e56b71e579ad3db22dbf15ad5a0698c409884385370a2594d7e97,467103.06,0.0,262643.24,486.3764,0.7111,683.97,0.3011,4.129,0.9462,25,0,93,88,0.7695,0.5606
stale_pms,29,comp_median,False,459d2b7b52aeef86032d99c193c5b658c394bc4dd7b3d40e39e4c2a3c5d6261c,475805.94,0.0,249277.41,461.6248,0.6741,684.83,0.3452,4.3333,1.0,14,0,84,84,0.7664,0.4545
stale_pms,30,comp_median,False,da80d41bf7404096523624097bd5f6018a78add16cc34e9cabdffbdc8435c1a1,445504.17,0.0,242410.24,448.9079,0.6574,682.85,0.3171,4.3293,0.878,23,0,82,72,0.7321,0.4545
stale_pms,1,engine,False,7447d2a6cadc95c24503e43f03a5141e7d4e483843dcd6c6d31bc98d4865c080,480745.36,0.0,233535.0,432.4722,0.6204,697.12,0.4177,4.2405,0.9114,13,2436,79,72,0.6044,0.553
stale_pms,2,engine,False,95cb51689813f8a4fb85c1c6652d701a857b5e62feae4720388babecdb30778c,462158.95,0.0,209920.0,388.7407,0.5741,677.16,0.4189,4.1892,1.0,13,2618,74,74,0.5171,0.553
stale_pms,3,engine,False,648a8040131712b367f7135d108af6886f78893df0a773a4bae24f4caf4c3960,480578.79,0.0,250855.0,464.5463,0.6519,712.66,0.4167,4.1905,0.75,13,1881,84,63,0.6417,0.5909
stale_pms,4,engine,False,b67b937de18d5c588718fd0cb169ee16664f07cd120da6d428773cf2701f3202,458837.39,0.0,234345.0,433.9722,0.613,707.99,0.4557,4.1899,0.7975,16,2001,79,63,0.6137,0.5
stale_pms,5,engine,False,f822c3ee9f1dd69fafddf9d1c2ba9dc71d1bd69576a84cd547f66ed4db6fc8f2,468879.49,0.0,225630.0,417.8333,0.5963,700.71,0.4444,3.9753,1.0,19,1946,81,81,0.5919,0.5152
stale_pms,6,engine,False,acb80d25220e6bce3d98ca4738e97dbd7d2057b672af516d39c0a9f7386e0689,482444.57,0.0,235550.0,436.2037,0.6148,709.49,0.4138,3.8161,0.5517,20,1618,87,48,0.6231,0.447
stale_pms,7,engine,False,7a37c47b3d637e1776037877799e2354248a69970f2f133eb102dde559be1061,476326.55,0.0,228015.0,422.25,0.6111,690.95,0.3377,4.2857,0.8701,10,1843,77,67,0.595,0.553
stale_pms,8,engine,False,d2c386e167b2c4aeffe737921576a03fa39014f98bc9efee6706e38a11bc0de0,469864.09,0.0,219125.0,405.787,0.5815,697.85,0.3514,4.2432,1.1351,9,2225,74,84,0.5452,0.5076
stale_pms,9,engine,False,a0e7f4e409028e2f5854f7b796a90e01f93c8293fbf7d1526137af823f60540f,472254.75,0.0,243265.0,450.4907,0.6278,717.6,0.3375,4.2375,0.7375,15,2188,80,59,0.648,0.4924
stale_pms,10,engine,False,f6ef84f3ca27d99dc905b540978ed86eb451b9d12fc1aafecd531103e502aee7,461351.88,0.0,226370.0,419.2037,0.5981,700.84,0.3375,4.0375,0.7625,16,2105,80,61,0.5794,0.5076
stale_pms,11,engine,False,11b18315b3948bed930c510b49cd4c23653bf0386872c905b6c5ef5da4a36ea4,480782.23,0.0,225820.0,418.1852,0.5944,703.49,0.44,4.28,0.8667,12,2592,75,65,0.5763,0.5303
stale_pms,12,engine,False,6e0b37dd1c97c08c61073f2f7d73e1da099089a6014dd2440480b3c37703a9cf,463903.73,0.0,247240.0,457.8519,0.637,718.72,0.4079,4.5263,1.0658,19,1722,76,81,0.6854,0.4545
stale_pms,13,engine,False,1231be134c87abe314c3b44a51cad400123e506b360f2dc527ca752ae021144a,466743.76,0.0,233285.0,432.0093,0.6111,706.92,0.3784,4.4595,0.9324,15,2268,74,69,0.6262,0.4621
stale_pms,14,engine,False,da01bf2656b295a1edbb05aeaebf70a2d8a898a176ec12507ccea9ce57edf8b0,479081.74,0.0,234385.0,434.0463,0.613,708.11,0.4054,4.473,0.8378,17,2452,74,62,0.6075,0.5303
stale_pms,15,engine,False,a3435684f22c7dcf7f070c96a49be8674a2db6431edb02744955ae62a8d96dac,464989.03,0.0,237000.0,438.8889,0.637,688.95,0.3375,4.3,0.7625,12,2225,80,61,0.5888,0.5606
stale_pms,16,engine,False,baebf59428841996122f6f02c27becea32690dd72d7830400e5baf690fc88400,485200.71,0.0,238575.0,441.8056,0.6426,687.54,0.3718,4.4487,0.9487,17,1730,78,74,0.6137,0.6136
stale_pms,17,engine,False,4ae1e154a6e2f849e0eb76905c162b9c43b8dd272501d581d778c177df202c60,476251.91,0.0,227825.0,421.8981,0.6037,698.85,0.3239,4.5915,0.9859,10,1438,71,70,0.595,0.5152
stale_pms,18,engine,False,40a6e828dbbe4c3a92a22ea9bf4e51ab911def036768c5fa381c8207e5c40659,486339.08,0.0,219120.0,405.7778,0.6,676.3,0.3333,4.32,0.8933,14,1626,75,67,0.5389,0.5909
stale_pms,19,engine,False,67bf72d482230cc6b87ce9a00d2e731b5642c2ffeaec5c49ddda4709aea067d6,473349.93,0.0,251340.0,465.4444,0.6519,714.03,0.3976,4.241,0.759,21,1973,83,63,0.6636,0.5227
stale_pms,20,engine,False,eaf4ee76fbea98b7fdd525d7ebc6390c02650ce50932fcd270b65dba8c0a645a,460642.27,0.0,230100.0,426.1111,0.6241,682.79,0.4125,4.2125,0.7625,14,2271,80,61,0.5981,0.5758
stale_pms,21,engine,False,b4670e465e07c72f08e72271fb202295763cae97e6f853a92537b9257ca38e84,482246.69,0.0,231390.0,428.5,0.6167,694.86,0.2949,4.2692,0.7308,14,2055,78,57,0.6106,0.5303
stale_pms,22,engine,False,2856bbcf2a0d3f1580988a02a50462e11f38ad1fbd153bd000ad29b5ef5adcae,446686.92,0.0,239110.0,442.7963,0.6278,705.34,0.3947,4.4605,1.1316,23,2223,76,86,0.6386,0.5152
stale_pms,23,engine,False,6e74c23a298466a5b23b2702c33dd3fc50d2c0244eb0dd2c36f7f139dff3887a,470964.25,0.0,248410.0,460.0185,0.6556,701.72,0.3614,4.2651,0.8795,19,2093,83,73,0.6604,0.5758
stale_pms,24,engine,False,d10592ed3789c801ae2c4aaf036896345aaaa9ddb05b29d9189cfcc02dd1afcc,461204.1,0.0,218095.0,403.8796,0.5907,683.68,0.3553,4.1974,0.9211,15,2002,76,70,0.5576,0.553
stale_pms,25,engine,False,ec75d4d5881326939303a22c7f01ccc71f0f4f313f6aacaf4e447832f64e6204,460831.4,0.0,227020.0,420.4074,0.6111,687.94,0.4557,4.1772,0.962,13,2286,79,76,0.5826,0.5379
stale_pms,26,engine,False,c2174b0a6df6ea0bae16d58ec8b271110d39b86155568b8ad948d38df9b03966,480911.55,0.0,257135.0,476.1759,0.6741,706.41,0.3256,4.2326,0.6977,17,1660,86,60,0.6542,0.6742
stale_pms,27,engine,False,f68bb7c41abd8258d5e1075fb7b062dd29d4b29d8b03ce936481cfd4ff9b50b3,485684.76,0.0,230185.0,426.2685,0.6185,689.18,0.4103,4.2821,0.6923,21,2266,78,54,0.5857,0.5455
stale_pms,28,engine,False,2ceecd17c7c58907384bab11e85fbe0f4cccfde44cf17afaa6818cb9c175cb8f,467103.06,0.0,232425.0,430.4167,0.6111,704.32,0.3377,4.2857,0.8961,10,1914,77,69,0.5732,0.5909
stale_pms,29,engine,False,0cf5db8306c1db9a45919a5224df37786df5e9585d465909141673de563e4fe9,475805.94,0.0,251465.0,465.6759,0.6648,700.46,0.4568,4.4321,0.963,21,1902,81,78,0.6729,0.5455
stale_pms,30,engine,False,447c8238ef331c761cea23d855181df9f12ad39818c7bace69440aa7c1433ede,445504.17,0.0,244235.0,452.287,0.6463,699.81,0.3544,4.4177,0.6709,19,1653,79,53,0.6386,0.5606
stale_pms,1,flat,False,3509eb38fafbd421cb9adcdaf0e2712c585d5370d78a287f7e9b98840ee10206,480745.36,0.0,253350.0,469.1667,0.5722,819.9,0.3571,4.4143,0.9286,11,0,70,65,0.5857,0.4167
stale_pms,2,flat,False,7fb504c927b75d46786ba7f5a1979748a9d6e4ac37d553d678ea545140dc4a77,462158.95,0.0,248100.0,459.4444,0.5667,810.78,0.3788,4.6364,1.0758,9,0,66,71,0.5234,0.5455
stale_pms,3,flat,False,c39b75f309551ff192f8541dbb1528fc84c14c8c1e301728e8763c7639eb6a47,480578.79,0.0,267400.0,495.1852,0.6037,820.25,0.3467,4.3467,0.8,14,0,75,60,0.6168,0.4545
stale_pms,4,flat,False,e9fe0e19f75d01f567939341c039fb6c67c66e9f6ab7a2fc3b5654911e5b1888,458837.39,0.0,263200.0,487.4074,0.5926,822.5,0.411,4.3836,0.8493,18,0,73,62,0.6106,0.4697
stale_pms,5,flat,False,a7c9ebf99b978cb36bff8f5fa09b5f7aa005619494b75ff2bc10d6db7820559b,468879.49,0.0,255200.0,472.5926,0.5778,817.95,0.4028,4.3333,1.125,17,0,72,81,0.5857,0.4091
stale_pms,6,flat,False,7e69192227280eea4ecaf6bed7bd772bb8c1d3d9d7ce2a90d4dccf08fcff36c9,482444.57,0.0,260450.0,482.3148,0.587,821.61,0.3974,4.0641,0.641,14,0,78,50,0.6168,0.3712
stale_pms,7,flat,False,4df7bd8df22477c3986a8f662b1963063bced584e73ffafd97cae7603de6fbbb,476326.55,0.0,257750.0,477.3148,0.5815,820.86,0.2754,4.5507,0.8696,10,0,69,60,0.595,0.447
stale_pms,8,flat,False,8427b6424e29c126607f9772c2bed552a464d21d78170031041d0bfdaacc2f3e,469864.09,0.0,240750.0,445.8333,0.5481,813.34,0.3485,4.4848,1.2121,7,0,66,80,0.5389,0.3864
stale_pms,9,flat,False,ef62535d6c6e613eb8cf588bbc56529040d7de3c0a5587c2c12f97168f5df14e,472254.75,0.0,252350.0,467.3148,0.563,830.1,0.2958,4.2817,0.7606,6,0,71,54,0.6386,0.2652
stale_pms,10,flat,False,d900bc54f8c759268cc407388de292b5408b41aee9959517f253efc10181be70,461351.88,0.0,249200.0,461.4815,0.5648,817.05,0.2973,4.1216,0.7568,18,0,74,56,0.5826,0.3182
stale_pms,11,flat,False,7d611b914ed67104bce8f253f064dbbd8c101fc08516c49805b587d6fd47155e,480782.23,0.0,257700.0,477.2222,0.5833,818.1,0.4225,4.4366,0.8028,12,0,71,57,0.5763,0.5076
stale_pms,12,flat,False,e51188c4df81ffbc7b96d6b12a8c97e4b234cd283ff85469111bb8b1acd461c8,463903.73,0.0,264350.0,489.537,0.587,833.91,0.3768,4.5942,1.087,12,0,69,75,0.6667,0.3636
stale_pms,13,flat,False,f84310a40f2213e263212f035a07746a47e1092e942212a7e36fa860dcf7cbe8,466743.76,0.0,254850.0,471.9444,0.5741,822.1,0.3235,4.5588,0.8824,11,0,68,60,0.6075,0.3485
stale_pms,14,flat,False,4d1832ff8e3b37e365aae5fc81648a5b3c3888fb2ca570b19a72b29a266b3a14,479081.74,0.0,272600.0,504.8148,0.6167,818.62,0.3857,4.7571,0.7714,18,0,70,54,0.6137,0.5227
stale_pms,15,flat,False,1a40fffc5429c6abb6fab45ac534a34feffc23d0657320bc0ca522080a1493df,464989.03,0.0,260500.0,482.4074,0.5926,814.06,0.3056,4.4444,0.7778,10,0,72,56,0.5857,0.4167
stale_pms,16,flat,False,dbdec46f2dedb82fbb1645732c5003f897dbaaaf27dac8dcfeec0a81996e8654,485200.71,0.0,272700.0,505.0,0.6167,818.92,0.3521,4.6901,0.9296,15,0,71,66,0.6137,0.5303
stale_pms,17,flat,False,1ab0beb5ea25397ea41fec5b2e0c2948029693f08b7b84d26151dde23682b7b5,476251.91,0.0,241750.0,447.6852,0.5444,822.28,0.254,4.6667,1.0952,11,0,63,69,0.5701,0.3712
stale_pms,18,flat,False,afb16b6d83708c798cd273d4a0bb7eee47022d41b50a9c9d48d73d42177d480c,486339.08,0.0,236450.0,437.8704,0.5389,812.54,0.2656,4.5469,1.0469,10,0,64,67,0.5234,0.4015
stale_pms,19,flat,False,d260330e71251c61a3ef80ad461006e85c39ffe11e7db15efa97b9bc3d726bcf,473349.93,0.0,274250.0,507.8704,0.613,828.55,0.3867,4.4133,0.7867,15,0,75,59,0.6667,0.4242
stale_pms,20,flat,False,f18d8b55efed63b74edbeb98b131c00bb3324e2572524218bb77a432151f6a54,460642.27,0.0,261350.0,483.9815,0.5833,829.68,0.3623,4.5652,0.6957,14,0,69,48,0.6355,0.4242
stale_pms,21,flat,False,06e9f5e0752ff06f575f727853538e612ef5316804dbab60b766860be5833946,482246.69,0.0,257800.0,477.4074,0.5815,821.02,0.2703,4.2432,0.6757,13,0,74,50,0.6044,0.3939
stale_pms,22,flat,False,1b3eaccbdae39afc63450b4b87a1e151cb526eaf6baf67873efb756ddfb063f2,446686.92,0.0,273250.0,506.0185,0.6148,823.04,0.3836,4.5479,1.1507,20,0,73,84,0.6386,0.4697
stale_pms,23,flat,False,81cfb386a6168bd11f7a75069f25ff6055d24a6ead16f2e1a02e7aaa0e5bd532,470964.25,0.0,280200.0,518.8889,0.6296,824.12,0.3421,4.4737,0.9211,17,0,76,70,0.6604,0.4697
stale_pms,24,flat,False,355fc64d414435addca6fa589c1318b85bbe74fd7f85270c1b55bbfd1af76594,461204.1,0.0,243250.0,450.463,0.5519,816.28,0.2899,4.3188,0.8406,9,0,69,58,0.5514,0.4015
stale_pms,25,flat,False,0d4fc423048e36c4203987eb9549694d3c57db3f910acd882edcb4f22535fe39,460831.4,0.0,253100.0,468.7037,0.5722,819.09,0.4507,4.3521,0.831,5,0,71,59,0.5763,0.4545
stale_pms,26,flat,False,7d63a74a30a5a63f5b75a5b83318d12a69caaec4fdc577d757c3cae6f5d65906,480911.55,0.0,284900.0,527.5926,0.6426,821.04,0.25,4.5658,0.6711,17,0,76,51,0.6449,0.5758
stale_pms,27,flat,False,6165388e36a6b9aa66f439aebf92be85b26813736b144f3936002c35882cec23,485684.76,0.0,258500.0,478.7037,0.5852,818.04,0.3857,4.5143,0.7571,15,0,70,53,0.5919,0.4242
stale_pms,28,flat,False,0784a03d6a7e62be3a21ac559ad63d4f0aab6054db017ec778bf21bf644234c6,467103.06,0.0,261800.0,484.8148,0.5926,818.12,0.3243,4.3243,0.8784,10,0,74,65,0.5857,0.5152
stale_pms,29,flat,False,3d957cc8bc6a7456de260afb3e2bf1bc8dbc9c79ca9fb31d1c70bb7a3f90e020,475805.94,0.0,270950.0,501.7593,0.6074,826.07,0.3971,4.8235,1.0147,13,0,68,69,0.6449,0.4545
stale_pms,30,flat,False,e6d0753cef0e5a8d52b80446f15f2de3a95a737c14968aa555d0af088c487bc4,445504.17,0.0,275450.0,510.0926,0.6185,824.7,0.338,4.7042,0.6901,14,0,71,49,0.6386,0.5379
stale_pms,1,tool,False,96138636d5e11df7b115a274f8f590fff51559fee766ec37df8d1eb56a20cec6,480745.36,0.0,206727.6,382.8289,0.4407,868.6,0.3818,4.3273,0.9636,6,0,55,53,0.405,0.2879
stale_pms,2,tool,False,f3c066295d81be6e1f469be0499c0e49c71e7b1940d60b6834e1b4200057ef5f,462158.95,0.0,202270.63,374.5752,0.437,857.08,0.4444,4.3704,0.7593,9,0,54,41,0.3801,0.3788
stale_pms,3,tool,False,eeb466a59ad3e57e870039011bbeb8378b01e2a4db5a15aa3cb68b4e7235b90a,480578.79,0.0,221140.24,409.519,0.4648,881.04,0.4259,4.6481,0.9815,7,0,54,53,0.4174,0.4167
stale_pms,4,tool,False,6346499614a08d438ae27c59fdd169a7bbaacbe41afa7103d480120022b34610,458837.39,0.0,208452.02,386.0223,0.4444,868.55,0.4074,4.4444,0.7778,6,0,54,42,0.3645,0.4167
stale_pms,5,tool,False,7786c6b0c37d02d02dd55a71e9d801b7cdc1b2c699478632fdc77f7fcc987260,468879.49,0.0,207030.85,383.3905,0.437,877.25,0.4286,4.2143,0.9464,14,0,56,53,0.4206,0.3333
stale_pms,6,tool,False,c73335eb9dbda242c8e7d54d7061100ebed48c30d7437acb9d4842a24204b0c1,482444.57,0.0,185500.03,343.5186,0.3963,866.82,0.3962,4.0377,0.8491,13,0,53,45,0.3676,0.2879
stale_pms,7,tool,False,ff3b7fc9ae226467c636604aa2de92be1173cca12f6f822bc84cb01fe40f4508,476326.55,0.0,191318.79,354.2941,0.4074,869.63,0.3,4.4,0.98,7,0,50,49,0.3333,0.4318
stale_pms,8,tool,False,94b872b53fec5f7a93ae5a2fbb7191ddda508e10d5f573efa480358e23543df9,469864.09,0.0,178019.92,329.6665,0.387,851.77,0.3333,4.098,1.0588,6,0,51,54,0.2866,0.4015
stale_pms,9,tool,False,41e6207b5af46a48eafa64254da5f28d03519a0bd9209258e3a296d48e21470e,472254.75,0.0,208943.56,386.9325,0.4407,877.91,0.3529,4.6667,0.7647,7,0,51,39,0.4548,0.2576
stale_pms,10,tool,False,416984b7dac6e3394ebb2d1c4b896495caf13f690f6ffe9a69368ece1b91af70,461351.88,0.0,209462.87,387.8942,0.4426,876.41,0.3962,4.5094,0.6415,8,0,53,34,0.4299,0.2955
stale_pms,11,tool,False,b2b69b3ac06485f043889f29c359669ec397f2bc55789682048f752909d192a2,480782.23,0.0,211033.51,390.8028,0.45,868.45,0.4074,4.5,0.7963,7,0,54,43,0.3707,0.5
stale_pms,12,tool,False,e1bc7ea15d7a7404ff77b3ef469191b8bd4fd2c8364e02d97833fdc6dfa91116,463903.73,0.0,236328.4,437.6452,0.4944,885.13,0.5965,4.6842,1.0175,12,0,57,58,0.5171,0.3182
stale_pms,13,tool,False,528068aec4b1e173881d000308f0b879edd7fe59c684d3510cd6d434eec6a176,466743.76,0.0,237636.41,440.0674,0.4981,883.41,0.386,4.7193,0.8246,4,0,57,47,0.4829,0.3485
stale_pms,14,tool,False,91bf3416507df6f9ab4ab7a1cf888998c4c70d6cf89b6dd5b2a49aa9ae3e6923,479081.74,0.0,231158.32,428.071,0.4907,872.3,0.5091,4.8182,0.7818,10,0,55,43,0.4455,0.4318
stale_pms,15,tool,False,a12606a7e63d03053fd88e69bd04997e0689f525af7783bdd02346f641d27335,464989.03,0.0,201585.36,373.3062,0.4389,850.57,0.3725,4.6471,0.6667,6,0,51,34,0.352,0.4091
stale_pms,16,tool,False,0890a952b09d1b7a6b3aacb0b0f42004ca5f1cf6015d33b419ea64df4d83dc55,485200.71,0.0,213968.11,396.2372,0.4611,859.31,0.4074,4.6111,1.0741,7,0,54,58,0.3925,0.4697
stale_pms,17,tool,False,af3131fd6dc525f20925d4df03520428f3987be361fb7db372d9aab8f100fc10,476251.91,0.0,209486.17,387.9374,0.4519,858.55,0.3846,4.6923,1.0962,9,0,52,57,0.3863,0.4167
stale_pms,18,tool,False,db88a6e32a9c2bc08f02eb7b70232e47226328541c45a79ef95c60c7fb959c8a,486339.08,0.0,208465.0,386.0463,0.4426,872.24,0.3878,4.8776,1.1429,7,0,49,56,0.3645,0.4621
stale_pms,19,tool,False,7004619d3c4fe374a9c574f12d5401a208861aab8a0870ae6f4ad6870dd6f1cc,473349.93,0.0,215546.0,399.1593,0.4667,855.34,0.4464,4.5,0.7857,10,0,56,44,0.4361,0.3409
stale_pms,20,tool,False,fa98c4339e5edec31ec2d36868fb098f592e9f351d9a508610c6b3d67ec31cca,460642.27,0.0,182748.58,338.4233,0.3963,853.97,0.4,4.7556,0.8889,7,0,45,40,0.3302,0.3864
stale_pms,21,tool,False,3034d62961ddcc5d4d6c8a16bf9e66eae6813575e2d78f4af859a5c9dd8d900c,482246.69,0.0,204793.4,379.247,0.4333,875.19,0.4364,4.2545,0.8182,7,0,55,45,0.3863,0.3712
stale_pms,22,tool,False,b113a308f44848982be6c745f04a2db671998776383ee1bab566e3fdb5b4f727,446686.92,0.0,214363.03,396.9686,0.4519,878.54,0.4386,4.2807,0.7895,13,0,57,45,0.4143,0.4167
stale_pms,23,tool,False,2489b282847f3c47ed66bfd33ed41b1db0380e254ff9178d4997a2d033da8a6d,470964.25,0.0,229151.58,424.3548,0.4741,895.12,0.3889,4.7407,0.7778,9,0,54,42,0.433,0.4545
stale_pms,24,tool,False,7036723ea5aad46e6db36f8d59e4a2cdf8844e0823627303b08ba9c279510f8d,461204.1,0.0,193020.28,357.445,0.4019,889.49,0.4118,4.2549,1.1373,11,0,51,58,0.3832,0.3182
stale_pms,25,tool,False,f56eb92fb1f99aadeca07719db616829c1abcb76ff5e0684a607626d57033631,460831.4,0.0,203681.34,377.1877,0.4333,870.43,0.4423,4.5,0.9423,8,0,52,49,0.3956,0.3939
stale_pms,26,tool,False,c0efd3598f9dc6af315d44566fe01c01043b13790ad722e557c2b84fceab5093,480911.55,0.0,216235.8,400.4367,0.4593,871.92,0.4038,4.7692,0.6923,7,0,52,36,0.3801,0.4773
stale_pms,27,tool,False,6117dc9314840a7df70db789d262d7757607f5741859071f8a33c52666037c33,485684.76,0.0,229051.62,424.1697,0.4833,877.59,0.4909,4.7455,0.7455,12,0,55,41,0.4424,0.4318
stale_pms,28,tool,False,7d5db24ace8c72fdfed5a2aad059e44d3c7097c41aae91fb8efa130a354cdef0,467103.06,0.0,229498.43,424.9971,0.4852,875.95,0.4655,4.5172,0.8448,13,0,58,49,0.4642,0.4318
stale_pms,29,tool,False,b1bc932905a9a309433e79f004f4775b37db792f875bbb69fad63fe010edcdf1,475805.94,0.0,206033.84,381.5441,0.437,873.02,0.4468,5.0213,1.0851,9,0,47,51,0.3956,0.4167
stale_pms,30,tool,False,20f6d58531674989020d4abe8d5204721ae6593ac0b7ce902ed2841d9a5f2480,445504.17,0.0,200157.32,370.6617,0.4278,866.48,0.4,4.62,0.68,7,0,50,34,0.3707,0.4318
supply_surge,1,comp_median,False,3bdad405f9c8b08cc215a94c62a6650765b585f1104435d677a54d4b6e4d68a1,463633.27,0.0,242627.39,449.31,0.663,677.73,0.3146,4.0225,0.7528,18,0,89,67,0.7601,0.3561
supply_surge,2,comp_median,False,f84eaf2713d5df5d0cd0d568a713258aae250e1fd41befc84c8e762c744cbf58,459573.57,0.0,250613.87,464.0998,0.6852,677.33,0.3409,4.2045,1.0114,21,0,88,89,0.7414,0.4848
supply_surge,3,comp_median,False,fa88945d489f8e0a30d5b9107c5c9d75c30f67cdb3ad8a8bae620c79e37a7e19,480763.56,0.0,258700.36,479.0747,0.7037,680.79,0.3152,4.1304,0.9348,17,0,92,86,0.8131,0.4697
supply_surge,4,comp_median,False,57a19ba2693a932f97f585e31a2b091234569a89fc84270f97566dfc27917807,471522.17,0.0,253353.4,469.173,0.6963,673.81,0.3263,3.9579,1.1053,29,0,95,105,0.7477,0.5682
supply_surge,5,comp_median,False,5549279825dadfae88cad210f17ec2c7d4c011648b7abd1f9a90842c71303ce9,477552.67,0.0,268097.01,496.4759,0.7315,678.73,0.3125,4.1146,0.9688,19,0,96,93,0.785,0.5379
supply_surge,6,comp_median,False,2ce4601644c79e087df093cc61dd030032d5fc5e24496f2ac11886bbceca6d3d,467057.68,0.0,247728.5,458.7565,0.6796,675.01,0.375,3.8229,1.1042,28,0,96,106,0.7227,0.5
supply_surge,7,comp_median,False,ec4aed30333ba164c7069e3413c5117f199d7b97fa7e4901040ede0c45924195,474890.69,0.0,268056.17,496.4003,0.7352,675.2,0.3226,4.2688,0.6774,27,0,93,63,0.785,0.5303
supply_surge,8,comp_median,False,90fa50d9d1be067310b8c2dd9595030500ef963480f7b769232a72b9297acca2,455662.21,0.0,252632.52,467.838,0.6907,677.3,0.3563,4.2874,0.8736,14,0,87,76,0.7227,0.553
supply_surge,9,comp_median,False,f329101666c1627ae848bae7dc2ea21254b1fd3cc1ce6c4a547d0cff012637bc,467115.28,0.0,243957.17,451.7725,0.6667,677.66,0.3333,4.1379,1.1264,16,0,87,98,0.7477,0.3939
supply_surge,10,comp_median,False,c4a90ce721aeb94e02c3ce7f968536647e7e0cb29f1c9ade086ad9ee53ec1d48,477428.79,0.0,257401.76,476.6699,0.7037,677.37,0.3295,4.3182,1.0341,26,0,88,91,0.7819,0.4621
supply_surge,11,comp_median,False,4c03b2ab76302d49ca234537c538d014d157c061ee20fa075980b894a468b54b,469435.61,0.0,263523.24,488.006,0.7204,677.44,0.2903,4.1828,0.8602,25,0,93,80,0.785,0.5606
supply_surge,12,comp_median,False,03bfdced4dffdbcf474c93470945b6be0d6f5c2d06bb2f1243684d4bba3dc774,471552.97,0.0,248291.93,459.7999,0.6833,672.88,0.3372,4.2907,1.1395,16,0,86,98,0.7352,0.4773
supply_surge,13,comp_median,False,a2449a3731e59d7e53324942ce6978c2f080aa5af85b70b30739f4604b1bc4ab,481496.89,0.0,241661.04,447.5204,0.6574,680.74,0.2644,4.0805,0.8506,20,0,87,74,0.7601,0.3712
supply_surge,14,comp_median,False,11a9d988d2904191334e82a01abe1ebcc33041bb1d9c169805f65e8adca3d991,447482.64,0.0,230775.8,427.3626,0.6315,676.76,0.381,4.0595,0.9881,23,0,84,83,0.7383,0.3258
supply_surge,15,comp_median,False,7aedac731369a251f8ed8f39844f8c309f5303d9d5dcf2d9129e87352b052e2f,472254.76,0.0,249984.89,462.935,0.6852,675.63,0.3111,4.1111,0.6889,19,0,90,62,0.7477,0.4545
supply_surge,16,comp_median,False,22e825cd9043dea28549db697bf51cfe78749e49165f6cf6b92db5c0ddb367e4,468579.91,0.0,257504.94,476.861,0.7056,675.87,0.3371,4.2809,0.9213,24,0,89,82,0.7819,0.4697
supply_surge,17,comp_median,False,48e291f9b7bd3606ce7352876b581f9c886aa0c575ade35564f2fea1f29f787f,471268.53,0.0,253197.74,468.8847,0.6944,675.19,0.2941,4.4118,1.0235,17,0,85,87,0.7508,0.5
supply_surge,18,comp_median,False,2e346689a5a2cce80e21ec8237292a29080e7caa40b9996c8acb9eef7936bf55,459032.35,0.0,237827.76,440.4218,0.6463,681.45,0.3214,4.1548,0.9167,23,0,84,77,0.7352,0.3788
supply_surge,19,comp_median,False,26ccc0e2e387f246cd6af9fa1470e995b57f28f729bc382ae002f0b63bb96356,454518.53,0.0,270179.36,500.3322,0.7389,677.14,0.2921,4.4831,0.8427,23,0,89,75,0.8069,0.5379
supply_surge,20,comp_median,False,8cc4ab45ac9ad31b6744d34670ad96e0d9c2aeb45186c14c139ee7b80ab19968,464983.63,0.0,246613.23,456.6912,0.6741,677.51,0.2967,4.0,1.0989,21,0,91,100,0.7352,0.447
supply_surge,21,comp_median,False,1189a2abd534c0d4e0f55abe6620168895849d0dd09ed4a911f6c2998a6f40b9,475448.98,0.0,242890.85,449.7979,0.663,678.47,0.2471,4.2118,1.0941,20,0,85,93,0.7477,0.4015
supply_surge,22,comp_median,False,d83bf45de6c7ae2e0cf0a9386d764921299a9ea07d8f25ecceb650922fe6c00f,467761.85,0.0,241793.78,447.7663,0.663,675.4,0.3214,4.2619,1.0833,19,0,84,91,0.7259,0.4318
supply_surge,23,comp_median,False,2770a768b65a16ed365a20dc7ae422d1e4030e675a24342427082459f83fbf15,457430.31,0.0,254709.81,471.6848,0.6963,677.42,0.2955,4.2727,0.7727,22,0,88,68,0.7695,0.5
supply_surge,24,comp_median,False,b7acca3512e20f58f65c9cad59870862668e029011dca96a754f5469f7365e15,461310.26,0.0,265084.22,490.8967,0.7222,679.7,0.3118,4.1935,0.6237,30,0,93,58,0.7913,0.5303
supply_surge,25,comp_median,False,511b5dfecd5fff7137b198d07d02658497e0154dd84019218312210bb944ff35,456213.98,0.0,241122.19,446.5226,0.6593,677.31,0.3214,4.2381,0.9643,16,0,84,81,0.729,0.4167
supply_surge,26,comp_median,False,8ece7430a76fda7e72bcf60bdb8510f3f01f915c14ec416b0d4dcfe82ebe63fb,483937.38,0.0,259042.31,479.708,0.7037,681.69,0.2889,4.2222,0.8111,28,0,90,73,0.8006,0.5
supply_surge,27,comp_median,False,37921dd72175f88c6eeb51785eeb9ea7a6a70bd3dfe52d4dd43bfa780a1af701,468741.84,0.0,259908.42,481.3119,0.7074,680.39,0.3368,4.0211,0.7158,18,0,95,68,0.8193,0.4242
supply_surge,28,comp_median,False,8a1f2d43a94b32dc36c72cb06bd2fc79753502639354233c532a5af431e4e964,470813.11,0.0,271632.9,503.0239,0.7407,679.08,0.3218,4.5977,0.931,15,0,87,81,0.8069,0.5758
supply_surge,29,comp_median,False,2b202a2b1835634894347adf0fe7165e7026be85a4db396c13cbf6d235eaf4ae,473290.93,0.0,257767.99,477.3481,0.7056,676.56,0.2976,4.5357,0.7738,19,0,84,65,0.7539,0.5303
supply_surge,30,comp_median,False,36c9c37b16724da2f33032cc0b59ee98eed92bfc0e99550863f4a3e4c002c9df,480490.88,0.0,271288.21,502.3856,0.7389,679.92,0.3077,4.3846,0.8132,25,0,91,74,0.8193,0.5152
supply_surge,1,engine,False,4dbe8767eddf17d8317479ff3ad64ebff35285f5574de356483acbc74467b256,463633.27,0.0,231995.0,429.6204,0.6037,711.64,0.4359,4.1795,0.6795,13,1932,78,53,0.6386,0.3939
supply_surge,2,engine,False,581e111006ca22ef236a0d9a42043982ecb607bf674d6130de94e107741c6fbf,459573.57,0.0,234325.0,433.9352,0.6315,687.17,0.4337,4.1084,0.7952,21,1974,83,66,0.6012,0.5758
supply_surge,3,engine,False,5589c428fd6d41f66071b1c8d19d0b68cf45844ae0abd2f1ecfd551bc5cb396d,480763.56,0.0,229195.0,424.4352,0.5944,714.0,0.4054,4.3378,1.1216,9,2201,74,83,0.6075,0.5076
supply_surge,4,engine,False,ca33f7d069fdc5d3afdc68544ea0d8bceaa363c024352d2e01ecd8f428833b52,471522.17,0.0,253515.0,469.4722,0.663,708.14,0.439,4.3659,0.9634,19,1990,82,79,0.6791,0.5606
supply_surge,5,engine,False,53d0d3bf25a6f27c695ba0b76b4543d137f92a02894595849c7d185b405e0056,477552.67,0.0,260995.0,483.3241,0.6833,707.3,0.3882,4.3412,0.8353,19,1673,85,71,0.6822,0.5758
supply_surge,6,engine,False,df639b7c4bf31aef11de0376662743869cbbb381dea063d0c100ee088d95f706,467057.68,0.0,235150.0,435.463,0.6352,685.57,0.4762,4.0833,1.0119,21,2308,84,85,0.5981,0.6061
supply_surge,7,engine,False,9d670c0bd308b1a797b72de2749ec51590d60cf5873e2865994e98a9d0c1c4f6,474890.69,0.0,244730.0,453.2037,0.6481,699.23,0.4337,4.2169,0.7711,18,2124,83,64,0.6262,0.5985
supply_surge,8,engine,False,44ebb040b0649fddf6aedec3dc76f70830ffbf12ea1b537f9711bb82086d1076,455662.21,0.0,228190.0,422.5741,0.6185,683.2,0.473,4.5135,0.973,16,2426,74,72,0.5794,0.5909
supply_surge,9,engine,False,c2dbed234493b1122ce007603fa88cb893b6c57cf51e102811b79e5dab2176b3,467115.28,0.0,220420.0,408.1852,0.5889,693.14,0.3378,4.2973,1.0405,8,2056,74,77,0.5732,0.5
supply_surge,10,engine,False,5b9abcbaba13fce188b887fe63581bebcb1bbe4b259e6aae6c0632ba977d28d9,477428.79,0.0,233105.0,431.6759,0.6148,702.12,0.4177,4.2025,1.0633,13,2071,79,84,0.5981,0.5682
supply_surge,11,engine,False,aa9308bdcfdb5a237214a186820db298899aa7e908b467fe8dd4c135793f2980,469435.61,0.0,241560.0,447.3333,0.6463,692.15,0.3875,4.3625,0.7375,13,1930,80,59,0.6137,0.6288
supply_surge,12,engine,False,e455095205468fe99640e84e262c36058a529d503a17e210701cd4b27bc22fd9,471552.97,0.0,233810.0,432.9815,0.6222,695.86,0.3649,4.5405,0.8378,8,2041,74,62,0.5981,0.5303
supply_surge,13,engine,False,83b404c8ed160e8f4edce6ce5be11b02f689f83b2147f2b7eb2c626a19b35b3c,481496.89,0.0,236970.0,438.8333,0.6074,722.47,0.4074,4.0494,0.7654,12,2233,81,62,0.6511,0.4167
supply_surge,14,engine,False,7ef7e8f110de5141a4cb40e660877f588ff2060d9cb932883db1317be2555862,447482.64,0.0,212715.0,393.9167,0.5648,697.43,0.4267,4.0667,0.9467,16,2443,75,71,0.567,0.4394
supply_surge,15,engine,False,b81e4a2fcd6b5856721a6be5b634dcbdf5fce37d8dc66935d33fed048695b49c,472254.76,0.0,230580.0,427.0,0.6093,700.85,0.3704,4.0617,0.5926,20,1678,81,48,0.5919,0.4924
supply_surge,16,engine,False,5981e9d6415c649ca3f3287e186ee86bfdab3d0dd8fa6dfa76b9534facc7e353,468579.91,0.0,233590.0,432.5741,0.6167,701.47,0.36,4.44,0.8267,15,2156,75,62,0.6168,0.5152
supply_surge,17,engine,False,a96688b92c6ac2dc031008f2417e05839bcc98f157e1fbf9e091d8043270383b,471268.53,0.0,229720.0,425.4074,0.5833,729.27,0.3571,4.5,1.1286,12,2115,70,79,0.6168,0.4773
supply_surge,18,engine,False,6c31f591b3bf46a241df56df8ecce2962ef3c1d7ebeb15d2595ff5fcfe27c3a9,459032.35,0.0,242080.0,448.2963,0.6333,707.84,0.3421,4.5,0.8289,21,1927,76,63,0.6511,0.447
supply_surge,19,engine,False,5814bfeb356022c27a9de0b3d0241638b7ba96f9a7ee0abe3eaaabe52f38a329,454518.53,0.0,210805.0,390.3796,0.5889,662.91,0.4267,4.24,1.0,12,1951,75,75,0.5171,0.5833
supply_surge,20,engine,False,94eb56f8a4419a395c48b9921c538db3ab6394f906be3fadecd52c10a0ebb2f0,464983.63,0.0,202480.0,374.963,0.5574,672.69,0.3286,4.3,1.0571,11,1758,70,74,0.5109,0.5227
supply_surge,21,engine,False,193d37ef527d434236ae15f406b63bd3438a58eb1d18193d29ff663a8e9c068a,475448.98,0.0,242170.0,448.463,0.6222,720.74,0.32,4.48,0.7333,14,1741,75,55,0.6449,0.447
supply_surge,22,engine,False,626354d63cdc8ead5f9e2ba7674c47ffbaba26e8abb0c74ae8ae5d48f39784be,467761.85,0.0,228110.0,422.4259,0.6167,685.02,0.3462,4.2692,0.9744,12,2097,78,76,0.5919,0.5455
supply_surge,23,engine,False,77215dc7c072076341b9e7b3cde7d5f1e5ea1b4885574ba39795a0b8c68ff6a9,457430.31,0.0,246115.0,455.7685,0.6333,719.63,0.3671,4.3291,0.6835,17,2108,79,54,0.648,0.5303
supply_surge,24,engine,False,82dc435c4f0b80f2fa02281db23dc520047979491f1fbf36f5ac60d36eadc794,461310.26,0.0,237860.0,440.4815,0.6315,697.54,0.4146,4.1585,0.7927,25,2162,82,65,0.6386,0.5076
supply_surge,25,engine,False,c4d25158ea0e7b7f08af08716817d76854f629c2c306cfe62ac1b4a705d765a9,456213.98,0.0,246170.0,455.8704,0.6333,719.8,0.4342,4.5,0.9737,26,2012,76,74,0.6667,0.4773
supply_surge,26,engine,False,c8639cba9d4f4e0430dbb603d3980df30de74dfdd056547342deb0a6f179dc3f,483937.38,0.0,246835.0,457.1019,0.6389,715.46,0.3718,4.4231,0.7949,16,1863,78,62,0.6417,0.5076
supply_surge,27,engine,False,fb5d52ae29c725a6506958d3ee266b3955f077f6b8c819f185eb91537d5f501b,468741.84,0.0,250465.0,463.8241,0.6407,723.89,0.3529,4.0706,0.6235,22,1454,85,53,0.6916,0.4621
supply_surge,28,engine,False,0e997f4cae5581b68b81d727d0d16f03e91cb030e2c6e46e6af511f40577a4af,470813.11,0.0,229300.0,424.6296,0.6185,686.53,0.3239,4.7042,1.1127,12,1519,71,79,0.5826,0.6212
supply_surge,29,engine,False,1302539e31a56532047d3ad9d2a7fe787dff474eda622294bf959f1d0744bc0b,473290.93,0.0,236245.0,437.4907,0.6074,720.26,0.4459,4.4324,1.0135,10,2416,74,75,0.6231,0.5152
supply_surge,30,engine,False,078cfc44af5a4f837527bddfee8d6832404b877a21a24f82838b03576c840fbd,480490.88,0.0,236325.0,437.6389,0.6241,701.26,0.3649,4.5541,1.0135,12,2156,74,75,0.6106,0.5455
supply_surge,1,flat,False,d64d0613a7df1e0e02c322aa300c363b0190aea5b62a4fc70173e3061f43c328,463633.27,0.0,264950.0,490.6481,0.5944,825.39,0.4085,4.5211,0.662,12,0,71,47,0.6417,0.3636
supply_surge,2,flat,False,3f65d606b04094f57841c62541fc64e8069817339d3dbca5e8bcd20dea54ee44,459573.57,0.0,249650.0,462.3148,0.5611,823.93,0.3803,4.2676,0.9155,18,0,71,65,0.5981,0.3561
supply_surge,3,flat,False,fe8bba22979a35819b9489fc5426de7b026c584da149e80dc127c73c42049484,480763.56,0.0,249250.0,461.5741,0.5593,825.33,0.4179,4.5075,1.0597,9,0,67,71,0.595,0.3939
supply_surge,4,flat,False,34017fd349505f0d92ebdb84a0242638b8451d291e466ca3a47e669ac2de9dd3,471522.17,0.0,275350.0,509.9074,0.6148,829.37,0.3944,4.6761,0.9859,14,0,71,70,0.6698,0.4394
supply_surge,5,flat,False,fa8f06bd6f473587abf040d484cb6b907eb81dc41ad0f2c8561feacb845e5bba,477552.67,0.0,292650.0,541.9444,0.6593,822.05,0.3462,4.5641,0.7692,16,0,78,60,0.6822,0.4924
supply_surge,6,flat,False,5f4fde47e443cc7703085bc8f0f7d925b90d5fd642d60e88319ffb77bd39fdd4,467057.68,0.0,255900.0,473.8889,0.5759,822.83,0.4225,4.3803,1.1268,16,0,71,80,0.595,0.4545
supply_surge,7,flat,False,685915fabe7106ff85711fb8a78ed83500db5e45d937d131dd3fb35fb47a8fe9,474890.69,0.0,270800.0,501.4815,0.613,818.13,0.3919,4.473,0.7432,13,0,74,55,0.6199,0.447
supply_surge,8,flat,False,c2c9f3257da82550bfa170509ae7c6b0b56c1117d7c3ca1f6556d8dd6c9e7d71,455662.21,0.0,249550.0,462.1296,0.5648,818.2,0.4615,4.6923,0.9385,14,0,65,61,0.5607,0.4773
supply_surge,9,flat,False,5b5d4eee9af495d2769964bbb4cc54e467a434cb6e8987b24d8d6abf5f80205d,467115.28,0.0,255500.0,473.1481,0.5796,816.29,0.3429,4.4714,1.1143,9,0,70,78,0.5701,0.4773
supply_surge,10,flat,False,85c8f26203ca89d6ca21f0368dc05d762e5883766b8f1477fdc16c9a02b0677d,477428.79,0.0,262650.0,486.3889,0.5926,820.78,0.3478,4.6377,1.029,17,0,69,71,0.6137,0.4091
supply_surge,11,flat,False,010fd7045a516b28f2658c4cbc45e840dbf27ddaa8efd107c2e93d9eb6e6156c,469435.61,0.0,262800.0,486.6667,0.5926,821.25,0.3143,4.5714,0.7857,11,0,70,55,0.6106,0.4394
supply_surge,12,flat,False,ed06738ec24752280e448ddd329f06e5ffd9e1219606e3b0e0fee993ea2fd9c3,471552.97,0.0,261650.0,484.537,0.5944,815.11,0.3636,4.8636,0.9545,7,0,66,63,0.5794,0.4924
supply_surge,13,flat,False,3ed30e6e4d94c7719fcdbdc4a3a98b1dd8631edfea1caea36e370680deebbd25,481496.89,0.0,246400.0,456.2963,0.5481,832.43,0.3134,4.4179,0.806,8,0,67,54,0.6293,0.2652
supply_surge,14,flat,False,7288c0cc828c3d6aefa75b4bf1b52748925e987c56be3530313616a204f87de2,447482.64,0.0,227550.0,421.3889,0.5093,827.45,0.4,4.5833,1.0333,9,0,60,62,0.567,0.25
supply_surge,15,flat,False,633f7f654bc7587223640b444b233ee16edf594dbb991215965fdfaee0c560d0,472254.76,0.0,252950.0,468.4259,0.5722,818.61,0.3243,4.1757,0.6486,19,0,74,48,0.5857,0.3864
supply_surge,16,flat,False,74a8970fc196b6884df0c6f2eb405ad7214246c5d7889cd2db182ea0b104ee95,468579.91,0.0,260550.0,482.5,0.5852,824.53,0.3529,4.6471,0.8235,10,0,68,56,0.6262,0.3712
supply_surge,17,flat,False,7880317149a865f110b7bd89b0decf0b4d8f1937234123d201217adafe13aa65,471268.53,0.0,266850.0,494.1667,0.6019,821.08,0.3623,4.7101,1.0,15,0,69,69,0.6168,0.4621
supply_surge,18,flat,False,d1523e0a4cfb4369e5f11ea5391f03df8b2af54ffe59ed2bfc6624b8148956f7,459032.35,0.0,257550.0,476.9444,0.5759,828.14,0.25,4.8594,0.875,12,0,64,56,0.6417,0.2955
supply_surge,19,flat,False,4b790389fb8246c844dc02db4360243c7c30472b98150e1c49d391cee70275b3,454518.53,0.0,240000.0,444.4444,0.5481,810.81,0.403,4.4179,0.9552,14,0,67,64,0.5171,0.4621
supply_surge,20,flat,False,d5d6f15431500ebbbb7377a4a517437693117f5d0879a9e81768b4eae6f167e3,464983.63,0.0,231700.0,429.0741,0.5278,812.98,0.3175,4.5238,1.2222,7,0,63,77,0.514,0.3939
supply_surge,21,flat,False,de7bbe8ac9deeb8ada54b4f67225724710672dea68b8e0d4de36057f077a94aa,475448.98,0.0,263700.0,488.3333,0.5907,826.65,0.2899,4.6232,0.7826,13,0,69,54,0.6386,0.3864
supply_surge,22,flat,False,31f6dbdc4efc5efcd368d3ab7cd24c4d136758c4cb273aac51e75499690357ba,467761.85,0.0,244650.0,453.0556,0.5519,820.97,0.2879,4.5152,1.0606,9,0,66,70,0.5763,0.3561
supply_surge,23,flat,False,a4e1008655a3a8eab840ef1c490f3be70ec1e1938c010fd24f9d0fb65f7f0c08,457430.31,0.0,273900.0,507.2222,0.6148,825.0,0.3288,4.5479,0.6986,16,0,73,51,0.648,0.4621
supply_surge,24,flat,False,319e5802af416f44c683a2fbe13c3cae0b1ae3c38dd824df66cd485d101a5773,461310.26,0.0,276150.0,511.3889,0.6241,819.44,0.3896,4.3766,0.8052,27,0,77,62,0.6231,0.5379
supply_surge,25,flat,False,33ef77abc30ae932567fda64eb21318e133a438b8d5a6f4152573ff4b3cc850f,456213.98,0.0,260250.0,481.9444,0.5815,828.82,0.4203,4.5507,0.8986,19,0,69,62,0.6449,0.3333
supply_surge,26,flat,False,b6040961c292999d22a5ead1743867a8aeaf5eb29f4960f31ccf6f183be052fe,483937.38,0.0,271100.0,502.037,0.6074,826.52,0.3571,4.6857,0.9429,11,0,70,66,0.648,0.447
supply_surge,27,flat,False,a1179a7b551f6b683cc464254a406c9357088d661302050f84aef8d1ec430468,468741.84,0.0,277700.0,514.2593,0.6185,831.44,0.3636,4.3377,0.6234,15,0,77,48,0.6916,0.3864
supply_surge,28,flat,False,c3ace9dc731d5b1bb15c5c2c5cbae9f48b9627a227f9f3d56454e28db2beda42,470813.11,0.0,264000.0,488.8889,0.5981,817.34,0.2836,4.8209,0.9701,11,0,67,65,0.5826,0.553
supply_surge,29,flat,False,7c64f05e53dedcbd3cc479e7f1496a25deb194b6fc0f452a0c85bbf4f3c37bcd,473290.93,0.0,268850.0,497.8704,0.6074,819.66,0.4571,4.6857,0.9286,13,0,70,65,0.6075,0.5227
supply_surge,30,flat,False,11537c2e65f8a231d7f8c78fc3da7e0adcd4c1160a68c507406acbe2bfc70c63,480490.88,0.0,256650.0,475.2778,0.5778,822.6,0.3676,4.5882,0.9706,12,0,68,66,0.6012,0.4242
supply_surge,1,tool,False,520dd074d7778e6e24c87a1c8f878bb8f6a97e41d528953aaa7116f9273c2e5d,463633.27,0.0,210040.15,388.9632,0.45,864.36,0.4444,4.5,0.5741,10,0,54,31,0.4206,0.303
supply_surge,2,tool,False,f83444a93de5f024cee53b11e0d062231bc9ffb4a6c0454c834fe8891e095e85,459573.57,0.0,187989.81,348.1293,0.4037,862.34,0.4727,3.9636,0.9636,6,0,55,53,0.405,0.2955
supply_surge,3,tool,False,96d480f02e08a366802705d638b5937d945433c2d71e71e5b391928b7f972c0f,480763.56,0.0,205255.23,380.1023,0.4389,866.06,0.4906,4.4717,1.0377,7,0,53,55,0.4268,0.3409
supply_surge,4,tool,False,f9066a5af1429b2cb6fa6bc17cab1cb28ef433b9cc2caad25fce51716d253673,471522.17,0.0,218463.01,404.5611,0.4611,877.36,0.5192,4.7885,0.8462,7,0,52,44,0.4081,0.4015
supply_surge,5,tool,False,c15b675ffa9aa17330ce3db7f2d5256e962295498cf8b7d38f24cb9b5c0c3ff3,477552.67,0.0,233272.25,431.9856,0.4944,873.68,0.4386,4.6842,0.6316,11,0,57,36,0.4517,0.4621
supply_surge,6,tool,False,7ea5610bf23b0896d4f9cba312ceab42b14abb0680b8ab896fd9ddc013fd843b,467057.68,0.0,230566.56,426.9751,0.4815,886.79,0.5636,4.7273,1.0,12,0,55,55,0.4361,0.4091
supply_surge,7,tool,False,bc39ad4e18a2dcb60f36006cd9fae36a0b5bbf915f076e99f8cf74f4c82c856a,474890.69,0.0,189380.59,350.7048,0.413,849.24,0.5192,4.2885,0.8269,11,0,52,43,0.3645,0.3409
supply_surge,8,tool,False,b39751bdccb62a628a06bfa213537cbf628fc66e692692b1ccb36a87f1bfc013,455662.21,0.0,198968.05,368.4594,0.4185,880.39,0.4694,4.6122,0.898,7,0,49,44,0.3769,0.4545
supply_surge,9,tool,False,02452e0cfea0fb21bd4780a07e748be8f77fd0f8f91939aa1906377e00b02bec,467115.28,0.0,204878.18,379.404,0.437,868.13,0.4231,4.5385,0.8846,8,0,52,46,0.3738,0.4167
supply_surge,10,tool,False,34ca795ce0b50978e709687706e7adf44915dd9df74b4284afea6690fd21f3f1,477428.79,0.0,202525.26,375.0468,0.4315,869.21,0.44,4.66,1.0,8,0,50,50,0.3769,0.4242
supply_surge,11,tool,False,48504e631c367036bf48ed270464bcfb83ec442ef57e3d4ab788aa305e4dfb68,469435.61,0.0,197723.93,366.1554,0.4222,867.21,0.3958,4.75,0.875,7,0,48,42,0.3801,0.3485
supply_surge,12,tool,False,5a2c210e6199619b9b1f7178bbedd96a2a6ae73d7aec707267ffabd1c91d1153,471552.97,0.0,208114.86,385.3979,0.4463,863.55,0.4792,5.0208,0.8958,6,0,48,43,0.3707,0.447
supply_surge,13,tool,False,a7a88797f901556b1a4c31e9090429821782d59a5c3574e41ffc865f96e390e3,481496.89,0.0,216451.86,400.8368,0.45,890.75,0.3922,4.7647,0.8431,7,0,51,43,0.4548,0.2424
supply_surge,14,tool,False,e7c74899159f10875f020dd5cef7b7aa1e8bd1c8cbb9db6334b3f186a39a3f2e,447482.64,0.0,212916.11,394.2891,0.4463,883.47,0.4364,4.3818,0.9818,8,0,55,54,0.4611,0.2424
supply_surge,15,tool,False,eb39bf1a29007f7c98627fbf29896c18dd79d03053d55c0ad963f3485488165b,472254.76,0.0,209517.77,387.9959,0.4426,876.64,0.3571,4.2679,0.5893,8,0,56,33,0.3832,0.4167
supply_surge,16,tool,False,e038e455c1e7d4b3467a426938015157990d4b7e85067466807613c8c9af75fb,468579.91,0.0,178727.19,330.9763,0.3852,859.27,0.4348,4.5217,1.0435,7,0,46,48,0.3302,0.3485
supply_surge,17,tool,False,b878d232c38c5cab8eff927da6812be170eb93342c340327d94a795f67127545,471268.53,0.0,201617.84,373.3664,0.4296,869.04,0.4,4.64,0.98,10,0,50,49,0.4019,0.3939
supply_surge,18,tool,False,d6f26ef91aba7b46bcb4928d367b800ed0bb048bba47f6499475ccc72d1c14c4,459032.35,0.0,219253.91,406.0258,0.463,877.02,0.4821,4.4643,0.7679,7,0,56,43,0.433,0.3333
supply_surge,19,tool,False,9365f1816695b645ae82da845e7f062a1fff62b654bd964775adac137606873c,454518.53,0.0,193288.19,357.9411,0.4185,855.26,0.5294,4.4314,1.0392,7,0,51,53,0.3302,0.4318
supply_surge,20,tool,False,0ba4dabf89ce72734c812465890f96e1e44826acaf3ea4959fad9f8006ef987e,464983.63,0.0,200071.02,370.5019,0.4352,851.37,0.4107,4.1964,1.1071,11,0,56,62,0.3458,0.4091
supply_surge,21,tool,False,dabfdf348a74f37a5c6e66d63beba7f4c720b2755990c162c54e53cb55fd9824,475448.98,0.0,200554.71,371.3976,0.4204,883.5,0.5098,4.451,0.9216,6,0,51,47,0.3583,0.4091
supply_surge,22,tool,False,4e75d2d2291a7a93e27847a0f7dc80a4c8bf592dcc3b31218078c6cbbf463ba4,467761.85,0.0,201928.55,373.9418,0.4352,859.27,0.4038,4.5192,0.9423,12,0,52,49,0.4019,0.3561
supply_surge,23,tool,False,ecb2d0edbe904c048d95a74cde9a5faae06dd48164656f85341e4207254f8160,457430.31,0.0,195185.39,361.4544,0.4185,863.65,0.4038,4.3462,0.6731,10,0,52,35,0.3676,0.3485
supply_surge,24,tool,False,67bd06607fbe1437dc791d5c78e70bd3a590761153112e3eef3f28c2ffa539cf,461310.26,0.0,196999.46,364.8138,0.4296,849.14,0.4821,4.1429,0.875,12,0,56,49,0.3551,0.4318
supply_surge,25,tool,False,def7c2a75851b69400ed2926c5cfe945b8fcaeeab3c247c478a53b689c684a94,456213.98,0.0,225327.76,417.2736,0.4685,890.62,0.4528,4.7736,0.717,14,0,53,38,0.4704,0.303
supply_surge,26,tool,False,958905a2a2707052133aeb27636c13d2ced2ae8b559a1e5c9821516e91051a7d,483937.38,0.0,220679.29,408.6654,0.4593,889.84,0.4727,4.5091,1.0182,9,0,55,56,0.4393,0.447
supply_surge,27,tool,False,37c4c2b9bbb190f46f2afd6f1a9442a0c8ff12c67ffa676463a9a042ff144850,468741.84,0.0,209438.18,387.8485,0.4426,876.31,0.4912,4.193,0.8596,8,0,57,49,0.433,0.3636
supply_surge,28,tool,False,2ce8011d738d42803d6131bd2aac95ba57103562e7f8d1b391f63b1938ef8603,470813.11,0.0,231497.52,428.6991,0.4796,893.81,0.4074,4.7963,0.9074,10,0,54,49,0.4174,0.4773
supply_surge,29,tool,False,eba64ca655484030f2016794d435b0604c0d80761cfba89094f7c67ecfe4247d,473290.93,0.0,217065.08,401.9724,0.4593,875.26,0.463,4.5926,1.0185,5,0,54,55,0.4019,0.4167
supply_surge,30,tool,False,0b3d3589fedf726103c06d4e7d4a7e33443065738487b38846d2b7e6b0817e0a,480490.88,0.0,215946.57,399.9011,0.4537,881.41,0.4423,4.7115,0.8846,16,0,52,46,0.4112,0.4167
